"","siteID","n","routeID","easting","northing"
"1","101_01",26,101,507455,3562118
"2","101_02",18,101,507765,3563197
"3","101_03",26,101,508686,3563197
"4","101_04",27,101,508465,3564469
"5","101_05",22,101,509149,3564153
"6","101_06",17,101,509733,3565237
"7","101_07",15,101,509102,3566562
"8","101_08",21,101,510744,3566147
"9","101_09",17,101,510123,3567779
"10","101_10",22,101,511119,3567754
"11","101_11",15,101,511325,3568072
"12","101_12",21,101,511686,3569191
"13","102_01",24,102,508468,3566481
"14","102_02",21,102,508204,3567234
"15","102_03",22,102,509715,3567276
"16","102_04",25,102,509505,3568568
"17","102_05",28,102,511065,3568389
"18","102_06",35,102,510663,3569700
"19","102_07",26,102,510288,3569872
"20","102_08",22,102,510511,3571188
"21","102_09",25,102,510705,3572574
"22","102_10",23,102,511557,3572802
"23","102_11",22,102,512084,3572892
"24","103_01",26,103,512199,3570673
"25","103_02",23,103,512734,3570779
"26","103_03",23,103,513809,3570239
"27","103_04",27,103,514608,3570262
"28","103_05",21,103,515989,3570276
"29","103_06",24,103,516611,3570213
"30","103_07",24,103,511226,3571291
"31","103_08",26,103,517366,3572924
"32","103_09",19,103,516553,3572993
"33","103_10",24,103,516963,3573260
"34","103_11",23,103,516850,3574119
"35","103_12",32,103,516329,3575610
"36","104_01",19,104,507650,3563241
"37","104_02",21,104,507727,3564495
"38","104_03",22,104,507381,3565621
"39","104_04",14,104,507967,3565803
"40","104_05",17,104,507094,3566833
"41","104_06",18,104,507327,3567382
"42","104_07",17,104,507082,3568105
"43","104_08",16,104,508648,3568445
"44","104_09",14,104,508209,3569807
"45","104_10",26,104,509244,3570810
"46","104_11",24,104,509885,3570432
"47","105_01",31,105,506601,3564099
"48","105_02",19,105,506628,3565812
"49","105_03",18,105,506111,3566305
"50","105_04",18,105,506007,3567292
"51","105_05",13,105,506176,3568962
"52","105_06",18,105,506343,3569895
"53","105_07",20,105,507851,3569441
"54","105_08",18,105,507833,3570092
"55","105_09",21,105,508463,3569969
"56","105_10",23,105,509207,3571877
"57","105_11",28,105,509430,3571323
"58","105_12",13,105,509853,3572595
"59","105_13",19,105,509912,3573294
"60","106_01",17,106,506704,3562633
"61","106_02",21,106,505772,3563189
"62","106_03",22,106,506321,3563574
"63","106_04",27,106,505164,3564705
"64","106_05",24,106,505841,3565613
"65","106_06",28,106,505972,3566295
"66","106_07",25,106,505692,3567176
"67","106_08",23,106,505955,3568060
"68","106_09",20,106,505306,3569493
"69","106_10",24,106,505607,3570413
"70","106_11",19,106,506202,3570703
"71","106_12",29,106,505886,3571625
"72","107_01",20,107,504878,3565034
"73","107_02",21,107,504000,3566755
"74","107_03",23,107,504589,3567918
"75","107_04",19,107,504428,3568242
"76","107_05",27,107,504751,3569881
"77","107_06",21,107,504128,3570690
"78","107_07",32,107,504821,3571276
"79","107_08",36,107,506704,3571772
"80","107_09",25,107,507513,3571895
"81","107_10",42,107,504132,3572290
"82","107_11",14,107,505184,3572185
"83","107_12",27,107,506178,3572739
"84","108_01",31,108,507093,3572064
"85","108_02",40,108,508518,3572682
"86","108_03",24,108,505536,3573412
"87","108_04",22,108,506155,3573506
"88","108_05",27,108,507394,3573088
"89","108_06",25,108,508993,3573907
"90","108_07",29,108,508505,3574602
"91","108_08",29,108,508128,3575608
"92","108_09",31,108,509303,3575421
"93","108_10",25,108,509449,3576718
"94","108_11",31,108,509918,3577156
"95","108_12",35,108,510166,3577478
"96","109_01",15,109,503695,3571118
"97","109_02",11,109,503569,3572351
"98","109_03",19,109,503287,3573637
"99","109_04",17,109,504688,3573166
"100","109_05",13,109,504919,3574515
"101","109_06",14,109,505283,3574016
"102","109_07",14,109,506099,3574333
"103","109_08",14,109,507709,3574258
"104","109_09",18,109,507275,3575780
"105","109_10",17,109,507220,3576773
"106","109_11",22,109,508518,3576832
"107","109_12",16,109,508620,3577564
"108","110_01",33,110,502823,3572132
"109","110_02",31,110,502249,3573576
"110","110_03",36,110,502121,3574454
"111","110_04",27,110,503627,3574326
"112","110_05",16,110,503890,3575390
"113","110_05a",21,110,503555,3575313
"114","110_06",25,110,504314,3575034
"115","110_07",29,110,505577,3575721
"116","110_08",24,110,506785,3575779
"117","110_09",25,110,506255,3576273
"118","110_10",26,110,506845,3577431
"119","110_11",27,110,507447,3577559
"120","110_12",27,110,506856,3577764
"121","111_01",18,111,501089,3573523
"122","111_02",19,111,501630,3574547
"123","111_03",21,111,501744,3575088
"124","111_04",13,111,502326,3575727
"125","111_05",19,111,502963,3576981
"126","111_06",17,111,503399,3576713
"127","111_07",20,111,504885,3576981
"128","111_08",19,111,501592,3577990
"129","111_09",21,111,502124,3577321
"130","111_10",19,111,503149,3577498
"131","111_11",23,111,504489,3577418
"132","111_12",17,111,501685,3578732
"133","112_01",21,112,499102,3578747
"134","112_02",28,112,502027,3578632
"135","112_03",24,112,503466,3578327
"136","112_04",29,112,498179,3579118
"137","112_05",32,112,499680,3579611
"138","112_06",20,112,502411,3579981
"139","112_07",19,112,499618,3580845
"140","112_08",28,112,500175,3580208
"141","112_09",24,112,501392,3580543
"142","112_10",25,112,502030,3580007
"143","112_11",30,112,501297,3581181
"144","112_12",25,112,502433,3581217
"145","113_01",28,113,499761,3573453
"146","113_02",28,113,499646,3574045
"147","113_03",25,113,499245,3575423
"148","113_03a",17,113,499911,3575207
"149","113_04",24,113,500553,3575169
"150","113_05",30,113,500842,3576973
"151","113_06",23,113,501948,3576073
"152","113_07",26,113,500627,3577639
"153","113_08",27,113,500812,3578715
"154","113_09",26,113,500651,3579865
"155","113_10",18,113,501204,3579845
"156","113_10a",15,113,501873,3579498
"157","114_01",44,114,498220,3570937
"158","114_02",28,114,499218,3570967
"159","114_03",33,114,496913,3571943
"160","114_04",45,114,497338,3571559
"161","114_05",24,114,498287,3571460
"162","114_06",17,114,499511,3571497
"163","114_07",21,114,500794,3571040
"164","114_08",19,114,501269,3571121
"165","114_09",21,114,502731,3570992
"166","114_10",29,114,495987,3572548
"167","114_11",38,114,496323,3572671
"168","114_12",25,114,495185,3573021
"169","115_01",24,115,498123,3572659
"170","115_02",17,115,499988,3572027
"171","115_03",18,115,500232,3572847
"172","115_04",19,115,501217,3572253
"173","115_05",15,115,498962,3573297
"174","115_06",23,115,500960,3573138
"175","115_07",18,115,498794,3574162
"176","115_08",24,115,500904,3574237
"177","115_09",25,115,498115,3575216
"178","115_10",20,115,498493,3576690
"179","115_11",24,115,499362,3576715
"180","115_12",28,115,499995,3577311
"181","116_01",32,116,491247,3575786
"182","116_02",29,116,491788,3576802
"183","116_03",27,116,491776,3577072
"184","116_04",45,116,492512,3577137
"185","116_05",32,116,493983,3577288
"186","116_05a",3,116,493734,3577248
"187","116_06",24,116,494852,3577679
"188","116_07",22,116,495917,3577458
"189","116_08",30,116,496918,3577095
"190","116_09",32,116,497611,3577477
"191","116_10",37,116,498537,3577425
"192","116_11",24,116,497223,3578357
"193","116_11a",8,116,497556,3578446
"194","116_12",24,116,498674,3578241
"195","117_01",20,117,497073,3572902
"196","117_02",31,117,496495,3573444
"197","117_03",21,117,497661,3573864
"198","117_04",32,117,495974,3574638
"199","117_05",19,117,497943,3574505
"200","117_06",24,117,496108,3575343
"201","117_07",21,117,496898,3575240
"202","117_08",19,117,497302,3576139
"203","117_09",23,117,495191,3576019
"204","117_10",18,117,495801,3576737
"205","117_11",21,117,496393,3576834
"206","117_12",24,117,497580,3576211
"207","118_01",24,118,489759,3575567
"208","118_02",25,118,490743,3575450
"209","118_03",24,118,487225,3576673
"210","118_04",29,118,488214,3576203
"211","118_04a",4,118,488151,3576111
"212","118_05",28,118,489756,3576265
"213","118_06",28,118,490636,3576135
"214","118_07",29,118,487135,3577913
"215","118_08",25,118,488786,3577571
"216","118_08a",12,118,488810,3577207
"217","118_09",26,118,490049,3577015
"218","118_10",26,118,490394,3577135
"219","119_01",18,119,491669,3573065
"220","119_02",30,119,492346,3573732
"221","119_03",27,119,491743,3574523
"222","119_04",25,119,492455,3574123
"223","119_05",30,119,493360,3574818
"224","119_06",23,119,494113,3574002
"225","119_07",32,119,495172,3574386
"226","119_08",15,119,492105,3575049
"227","119_09",29,119,493141,3575468
"228","119_10",33,119,493949,3575832
"229","119_11",24,119,492085,3576860
"230","119_12",37,119,493695,3576375
"231","120_01",22,120,490910,3572512
"232","120_02",17,120,491698,3572644
"233","120_03",22,120,492359,3572001
"234","120_04",17,120,493161,3572467
"235","120_05",20,120,490736,3573680
"236","120_06",24,120,493439,3573279
"237","120_07",18,120,488695,3574858
"238","120_08",21,120,489788,3574257
"239","120_09",13,120,490033,3574797
"240","120_10",22,120,488906,3575164
"241","121_01",25,121,488615,3572434
"242","121_02",20,121,489680,3571807
"243","121_03",25,121,490269,3572303
"244","121_04",24,121,491692,3571654
"245","121_05",28,121,492249,3571974
"246","121_07",26,121,489333,3572433
"247","121_09",26,121,489634,3573862
"248","122_01",13,122,490122,3569035
"249","122_01a",20,122,490200,3568866
"250","122_02",23,122,492298,3569021
"251","122_02a",17,122,491505,3568544
"252","122_03",18,122,489042,3569985
"253","122_03a",17,122,488721,3569567
"254","122_04",20,122,489513,3569382
"255","122_05",24,122,490166,3569638
"256","122_06",21,122,491083,3569816
"257","122_06a",14,122,491593,3569785
"258","122_07",19,122,489454,3571511
"259","122_07a",18,122,488832,3570738
"260","122_07b",14,122,488653,3571137
"261","122_08",18,122,489540,3570574
"262","122_08a",21,122,489030,3570680
"263","122_09",21,122,490899,3570389
"264","122_12",17,122,492268,3571384
"265","123_01",24,123,492868,3569894
"266","123_03",22,123,492472,3570675
"267","123_04",26,123,494043,3571059
"268","123_05",31,123,494359,3570174
"269","123_06",26,123,493853,3571594
"270","123_07",23,123,494923,3571915
"271","123_08",27,123,494536,3572435
"272","123_09",26,123,494727,3573251
"273","124_01",19,124,492793,3568648
"274","124_02",26,124,493081,3568463
"275","124_03",25,124,494046,3568221
"276","124_04",21,124,493490,3569331
"277","124_05",23,124,494492,3569743
"278","124_06",20,124,495899,3569872
"279","124_07",24,124,495787,3570847
"280","124_08",36,124,496260,3570865
"281","124_09",33,124,497373,3570752
"282","124_10",24,124,495611,3571200
"283","125_01",32,125,493547,3563206
"284","125_01a",10,125,495371,3563787
"285","125_02",33,125,495687,3564152
"286","125_02a",12,125,495730,3564327
"287","125_03",18,125,497061,3564744
"288","125_03a",26,125,496998,3564771
"289","125_04",13,125,496109,3565766
"290","125_04a",14,125,495716,3565727
"291","125_04b",21,125,496105,3565827
"292","125_05",26,125,496536,3565502
"293","125_06",29,125,492365,3567313
"294","125_07",24,125,494080,3565986
"295","125_07a",13,125,494382,3566070
"296","125_08",23,125,495741,3566345
"297","125_09",27,125,492570,3567733
"298","125_10",23,125,493456,3567334
"299","125_10a",16,125,493243,3567024
"300","125_11",28,125,494540,3567511
"301","125_11a",8,125,494754,3567316
"302","126_01a",11,126,493088,3563288
"303","126_02",25,126,494070,3563500
"304","126_02a",8,126,494274,3563696
"305","126_03",25,126,491998,3565052
"306","126_04",27,126,493187,3564435
"307","126_04a",8,126,493034,3564930
"308","126_05",28,126,493924,3564842
"309","126_05a",10,126,494565,3564301
"310","126_06",25,126,491860,3565490
"311","126_07",25,126,493158,3565883
"312","126_07a",13,126,493158,3565400
"313","126_08",18,126,494321,3565886
"314","126_08a",8,126,494470,3565988
"315","126_09",20,126,493758,3567267
"316","127_02",35,127,494755,3562171
"317","127_03",19,127,493258,3560916
"318","127_04a",14,127,495956,3561831
"319","127_07",22,127,492177,3562274
"320","127_08",27,127,493606,3562707
"321","127_09",22,127,494013,3562508
"322","128_01",25,128,495804,3562827
"323","128_02",26,128,496684,3562118
"324","128_03",32,128,497956,3562049
"325","128_04",26,128,498376,3562814
"326","128_05",28,128,499015,3562041
"327","128_06",22,128,500078,3562269
"328","128_07",27,128,501260,3562310
"329","128_08",17,128,502679,3562797
"330","128_09",29,128,496933,3563660
"331","128_10",28,128,497425,3563453
"332","129_01",28,129,497519,3567554
"333","129_02",18,129,498135,3567103
"334","129_03",28,129,497592,3568677
"335","129_04",28,129,498992,3568119
"336","129_05",20,129,499677,3568066
"337","129_06",27,129,499952,3568711
"338","129_07",33,129,499642,3569196
"339","129_08",21,129,500938,3569076
"340","129_09",23,129,500262,3571022
"341","129_10",25,129,501717,3570767
"342","129_11",22,129,502638,3570923
"343","129_12",20,129,503875,3570237
"344","130_01",25,130,497901,3565829
"345","130_02",25,130,496796,3566842
"346","130_03",28,130,497546,3566564
"347","130_04",21,130,498108,3565920
"348","130_05",26,130,495907,3567329
"349","130_06",20,130,496141,3566994
"350","130_06a",11,130,496072,3566980
"351","130_07",24,130,495108,3568198
"352","130_08",26,130,496807,3568736
"353","130_08a",11,130,496688,3568694
"354","130_09",28,130,496606,3569838
"355","130_10",28,130,497856,3569580
"356","130_11",15,130,498462,3569369
"357","131_01",27,131,497095,3564697
"358","131_02",36,131,498100,3564558
"359","131_03",33,131,498830,3565779
"360","131_04",30,131,499910,3565356
"361","131_05",29,131,499491,3566188
"362","131_06",29,131,499274,3567424
"363","131_07",34,131,500857,3567005
"364","131_08",25,131,501816,3567394
"365","131_09",20,131,501775,3568371
"366","131_10",24,131,501275,3569780
"367","131_11",18,131,502381,3569441
"368","131_12",20,131,503495,3569641
"369","131_13",13,131,503503,3569602
"370","132_01",29,132,498425,3563776
"371","132_02",20,132,499114,3563858
"372","132_03",19,132,500051,3563598
"373","132_04",25,132,499832,3564631
"374","132_05",21,132,500464,3564079
"375","132_06",25,132,500966,3565394
"376","132_07",25,132,500930,3566588
"377","132_08",22,132,501335,3566330
"378","132_09",15,132,502927,3566097
"379","132_10",19,132,502235,3567423
"380","132_11",14,132,502147,3568073
"381","132_12",25,132,503187,3568709
"382","133_01",13,133,502048,3560035
"383","133_02",12,133,502925,3560028
"384","133_03",19,133,502967,3560712
"385","133_04",14,133,502700,3561801
"386","133_05",13,133,503563,3561264
"387","133_06",13,133,503123,3562219
"388","133_07",20,133,501753,3563772
"389","133_08",13,133,502385,3563482
"390","133_08a",7,133,502250,3563209
"391","133_09",13,133,503122,3563106
"392","133_10",26,133,501390,3564401
"393","133_11",17,133,502315,3564491
"394","133_12",23,133,501637,3565379
"395","134_01",17,134,504408,3558210
"396","134_02",15,134,504237,3559722
"397","134_03",12,134,504127,3561267
"398","134_04",21,134,504520,3561995
"399","134_05",14,134,504204,3562326
"400","134_06",16,134,504233,3563945
"401","134_07",17,134,503398,3564758
"402","134_08",21,134,504505,3564668
"403","134_09",13,134,502523,3565609
"404","134_10",19,134,503435,3565395
"405","134_11",20,134,503234,3567842
"406","134_12",19,134,503058,3567202
"407","135_01",29,135,494680,3558305
"408","135_02",25,135,495091,3557951
"409","135_03",34,135,495876,3558476
"410","135_04",26,135,493314,3558510
"411","135_05",33,135,494433,3559616
"412","135_06",26,135,495642,3559515
"413","135_07a",18,135,496415,3559255
"414","135_08",21,135,493657,3559688
"415","135_09a",26,135,493284,3560907
"416","135_09b",14,135,492603,3560840
"417","135_10",21,135,495326,3560324
"418","136_01",22,136,499049,3558482
"419","136_02",19,136,498202,3559066
"420","136_03",22,136,498461,3560008
"421","136_04",19,136,499167,3559022
"422","136_05a",8,136,497687,3560008
"423","136_06",22,136,498518,3560864
"424","136_07",28,136,499492,3560507
"425","136_08",24,136,500055,3560461
"426","136_09",21,136,498799,3561746
"427","136_10",21,136,499639,3561400
"428","136_11",19,136,501042,3561762
"429","136_12",24,136,501183,3561965
"430","137_01",28,137,495045,3556061
"431","137_02",33,137,496500,3556019
"432","137_03",28,137,495684,3556258
"433","137_04",27,137,496488,3556371
"434","137_05",24,137,497697,3556735
"435","137_06",28,137,494288,3557483
"436","137_07",26,137,495284,3557679
"437","137_08",23,137,496841,3557410
"438","137_09",42,137,497764,3557710
"439","137_10",29,137,498508,3557708
"440","137_11",28,137,497679,3558630
"441","137_12",31,137,498495,3558661
"442","138_01",29,138,496741,3554364
"443","138_02",29,138,497337,3554413
"444","138_03",18,138,497552,3555991
"445","138_04",27,138,498060,3555675
"446","138_05",23,138,498612,3556812
"447","138_06",10,138,499925,3556734
"448","138_07",17,138,499582,3557783
"449","138_08",17,138,500305,3557949
"450","138_09",23,138,500936,3558114
"451","138_10",27,138,500782,3559674
"452","138_11",27,138,501435,3559887
"453","138_12",14,138,502884,3559624
"454","139_01",28,139,498394,3554413
"455","139_02",26,139,499282,3554054
"456","139_03",28,139,499713,3555266
"457","139_04",22,139,500127,3555726
"458","139_05",19,139,501651,3555404
"459","139_06",28,139,500150,3556864
"460","139_07",21,139,501879,3556003
"461","139_08",25,139,501139,3557157
"462","139_09",16,139,501636,3558219
"463","139_10",18,139,502202,3558982
"464","139_11",20,139,503930,3558976
"465","139_12",14,139,503130,3559422
"466","140_01",29,140,500430,3554739
"467","140_02",19,140,501319,3554399
"468","140_03",20,140,502698,3554680
"469","140_04",12,140,502653,3555385
"470","140_05",14,140,502906,3556260
"471","140_06",13,140,502679,3557901
"472","140_07",15,140,503198,3557785
"473","140_08",20,140,504746,3557735
"474","140_09",12,140,505871,3557705
"475","140_10",18,140,505599,3558220
"476","140_11",13,140,505375,3559035
"477","140_12",16,140,505224,3560914
"478","141_01",18,141,503687,3555271
"479","141_02",14,141,503548,3556401
"480","141_03",15,141,504205,3556819
"481","141_04",15,141,505065,3556076
"482","141_05",21,141,506250,3556244
"483","141_06",26,141,506409,3557067
"484","141_07",25,141,506190,3558210
"485","141_08",21,141,506577,3559349
"486","141_09",25,141,506767,3560154
"487","141_10",25,141,505629,3561363
"488","141_11",20,141,506044,3561680
"489","141_12",18,141,505343,3562311
"490","142_01",21,142,503628,3554905
"491","142_02",10,142,504106,3554214
"492","142_03",13,142,504535,3555343
"493","142_04",13,142,505442,3555334
"494","142_05",14,142,506117,3555743
"495","142_06",17,142,507910,3555345
"496","142_07",14,142,507804,3556724
"497","142_08",15,142,507657,3557553
"498","142_09",10,142,507780,3558696
"499","142_10",13,142,507003,3559492
"500","142_11",16,142,507734,3560849
"501","142_12",12,142,507677,3561508
"502","143_01",23,143,505765,3554685
"503","143_02",23,143,506588,3554501
"504","143_03",14,143,507732,3554506
"505","143_04",13,143,508531,3554522
"506","143_05",15,143,509314,3554392
"507","143_06",20,143,510682,3553981
"508","143_07",24,143,511781,3554911
"509","143_08",20,143,512169,3554482
"510","143_09",21,143,508389,3555702
"511","143_10",18,143,510175,3555783
"512","143_11",29,143,511805,3555502
"513","143_12",14,143,511791,3556291
"514","144_01",30,144,509317,3555684
"515","144_02",26,144,509073,3556162
"516","144_03",24,144,509301,3556319
"517","144_04",24,144,510845,3556938
"518","144_05",36,144,508226,3557803
"519","144_06",30,144,508924,3557386
"520","144_07",29,144,510180,3557515
"521","144_08",19,144,508784,3558846
"522","144_09",19,144,509446,3558532
"523","144_10",21,144,508136,3559079
"524","144_11",17,144,509231,3559191
"525","144_12",15,144,508151,3560546
"526","145_01",14,145,513405,3554279
"527","145_02",11,145,514724,3554442
"528","145_03",4,145,516140,3554649
"529","145_04",6,145,516596,3554085
"530","145_05",12,145,517581,3553891
"531","145_06",9,145,512879,3555914
"532","145_07",9,145,513401,3555549
"533","145_08",9,145,514683,3555211
"534","145_09",4,145,515546,3555319
"535","145_10",8,145,513387,3556440
"536","145_11",7,145,514855,3556376
"537","145_12",12,145,513402,3557010
"538","146_01",35,146,509409,3574177
"539","146_02",27,146,510728,3573908
"540","146_03",30,146,513355,3574261
"541","146_04",30,146,514718,3574716
"542","146_05",34,146,511047,3575102
"543","146_06",37,146,513414,3575237
"544","146_07",33,146,514524,3575297
"545","146_08",34,146,510486,3577023
"546","146_09",36,146,511237,3576625
"547","146_10",37,146,512493,3576255
"548","146_11",27,146,513260,3576637
"549","146_12",36,146,513123,3577018
"550","147_01",17,147,514190,3572439
"551","147_01a",6,147,514059,3572397
"552","147_02",19,147,514736,3572409
"553","147_03",19,147,510544,3573197
"554","147_04",18,147,511159,3573970
"555","147_05",25,147,512393,3573319
"556","147_06",22,147,513126,3573951
"557","147_07",21,147,514307,3573844
"558","147_08",19,147,511742,3574521
"559","147_09",21,147,512979,3574160
"560","147_10",22,147,511186,3574940
"561","147_10a",5,147,511129,3574732
"562","147_11",25,147,512879,3575246
"563","148_01",7,148,512618,3571048
"564","148_01a",23,148,512718,3571000
"565","148_02",25,148,513656,3571353
"566","148_03",22,148,514346,3571439
"567","148_04a",26,148,515351,3571198
"568","148_05",20,148,515310,3572607
"569","148_06",6,148,515088,3573449
"570","148_06a",21,148,515099,3573396
"571","148_07",27,148,515437,3574644
"572","148_08",23,148,515995,3575593
"573","148_09",31,148,514820,3576221
"574","148_10",24,148,516202,3576066
"575","149_01",20,149,516986,3568358
"576","149_02",27,149,517970,3568420
"577","149_02a",28,149,517924,3568467
"578","149_03",40,149,518925,3568236
"579","149_04",25,149,520238,3568850
"580","149_05",18,149,519336,3569822
"581","149_05a",17,149,519181,3569788
"582","149_06",22,149,519609,3570634
"583","149_07",32,149,519889,3571600
"584","149_07a",9,149,519584,3571223
"585","149_08",21,149,519722,3572373
"586","149_09",22,149,518612,3573973
"587","149_09a",22,149,518458,3573814
"588","149_10",24,149,519411,3573250
"589","149_11",26,149,519702,3574213
"590","149_12",15,149,519785,3574572
"591","149_12a",22,149,520134,3574501
"592","150_01",22,150,509593,3563820
"593","150_02",25,150,510442,3563628
"594","150_03",23,150,510469,3564102
"595","150_04",20,150,511650,3564004
"596","150_05",17,150,510131,3565156
"597","150_06",13,150,511844,3565845
"598","150_07",19,150,512164,3565908
"599","150_08",18,150,511629,3566810
"600","150_09",23,150,512520,3566779
"601","150_10",19,150,512372,3567780
"602","150_11",29,150,513131,3568090
"603","150_12",33,150,512223,3569454
"604","151_01",34,151,515611,3569943
"605","151_02",41,151,516993,3569438
"606","151_03",33,151,517594,3569326
"607","151_04",31,151,518008,3569405
"608","151_05",37,151,517798,3570698
"609","151_06",25,151,518516,3570269
"610","151_07",28,151,517697,3571395
"611","151_08",47,151,518331,3571849
"612","151_09",30,151,517343,3572702
"613","151_09a",25,151,517357,3572644
"614","151_10",37,151,518210,3572325
"615","151_11",35,151,517112,3573878
"616","151_12",34,151,517593,3574034
"617","152_01",23,152,512009,3563836
"618","152_02",17,152,512739,3564997
"619","152_03",26,152,513742,3564483
"620","152_04",22,152,513339,3565733
"621","152_05",31,152,513911,3566073
"622","152_06",20,152,514522,3566041
"623","152_07",26,152,515392,3566608
"624","152_08",22,152,513655,3567999
"625","152_09",21,152,514695,3567377
"626","152_10",32,152,513132,3568105
"627","153_01",20,153,517945,3563320
"628","153_02",29,153,517653,3564580
"629","153_03",26,153,515969,3565867
"630","153_04",27,153,516278,3565177
"631","153_04a",4,153,516437,3565166
"632","153_05",24,153,517305,3565410
"633","153_06",21,153,516629,3566628
"634","153_07",28,153,515663,3567394
"635","153_08",22,153,516249,3567830
"636","153_09",30,153,514105,3568621
"637","153_10",27,153,515520,3568001
"638","153_11",40,153,513186,3569413
"639","153_12",33,153,514269,3569302
"640","154_01",18,154,511312,3562468
"641","154_02",20,154,512631,3562289
"642","154_03",22,154,514014,3562525
"643","154_04",17,154,511976,3563483
"644","154_05",20,154,513026,3563275
"645","154_06",20,154,514035,3563871
"646","154_07",18,154,515645,3563091
"647","154_08",23,154,516087,3563672
"648","154_09",19,154,514597,3564712
"649","154_10",18,154,515864,3564202
"650","154_11",23,154,516471,3564329
"651","154_12",23,154,514178,3565802
"652","155_01",17,155,513789,3561386
"653","155_02",18,155,514773,3561095
"654","155_03",28,155,517393,3561630
"655","155_04",19,155,518088,3561583
"656","155_05",16,155,519205,3561419
"657","155_06",21,155,520120,3561677
"658","155_07",23,155,521797,3561458
"659","155_08",25,155,522565,3561118
"660","155_09",15,155,514335,3562156
"661","155_10",20,155,515151,3562654
"662","155_11",21,155,516614,3562113
"663","155_12",18,155,517322,3562021
"664","156_01",21,156,521755,3568753
"665","156_02",23,156,520710,3569860
"666","156_03",20,156,521410,3569501
"667","156_04",22,156,520352,3570320
"668","156_05",30,156,520111,3571315
"669","156_06",28,156,521066,3571625
"670","156_07",24,156,520388,3572862
"671","156_08",20,156,521122,3572636
"672","156_09",25,156,520656,3573187
"673","156_10",22,156,521513,3573724
"674","156_11",23,156,521896,3574116
"675","156_12",18,156,522155,3574217
"676","157_01",23,157,518452,3562025
"677","157_02",20,157,518320,3563430
"678","157_03",16,157,518168,3564142
"679","157_04",21,157,518887,3564943
"680","157_05",11,157,517794,3566525
"681","157_05a",11,157,517778,3566545
"682","157_06",19,157,518990,3566255
"683","157_07",20,157,520603,3566775
"684","157_08",22,157,517389,3567477
"685","157_09",18,157,518802,3567318
"686","157_10",29,157,519883,3567481
"687","157_11",30,157,520430,3567494
"688","157_12",24,157,520569,3568528
"689","158_01",41,158,522389,3567599
"690","158_02",48,158,522009,3568246
"691","158_03",36,158,522166,3569077
"692","158_04",36,158,521252,3570866
"693","158_05",34,158,522509,3570278
"694","158_06",38,158,522412,3571239
"695","158_07",32,158,522755,3572662
"696","158_08",32,158,522455,3573179
"697","158_09",23,158,523547,3573687
"698","158_09a",18,158,523254,3573661
"699","158_10",35,158,523882,3573976
"700","158_11",36,158,524570,3574717
"701","158_12",23,158,526260,3574768
"702","158_12a",21,158,524964,3574163
"703","159_01",27,159,522658,3566426
"704","159_02",26,159,523486,3566475
"705","159_03",31,159,523897,3567796
"706","159_04",18,159,523779,3568456
"707","159_05",28,159,523387,3569583
"708","159_06",29,159,523579,3570441
"709","159_07",22,159,523130,3571220
"710","159_08",29,159,523662,3572655
"711","159_09",28,159,524194,3572114
"712","159_10",26,159,524375,3573490
"713","159_11",26,159,525284,3573548
"714","160_01",15,160,522526,3564718
"715","160_01a",33,160,522563,3564784
"716","160_02",36,160,521882,3565745
"717","160_03",36,160,522203,3565763
"718","160_04",15,160,523287,3564954
"719","160_04a",29,160,523470,3564964
"720","160_05",33,160,524542,3565023
"721","160_06",42,160,521752,3566407
"722","160_07",18,160,524672,3566531
"723","160_07a",30,160,524697,3566503
"724","160_08",50,160,525115,3567088
"725","160_09",61,160,526110,3566983
"726","160_10",20,160,527307,3566568
"727","160_10a",35,160,527355,3566306
"728","160_11",24,160,521294,3567658
"729","160_11a",30,160,521339,3567663
"730","161_01",45,161,524918,3567731
"731","161_02",41,161,525475,3567513
"732","161_03",34,161,524775,3568498
"733","161_04",38,161,525314,3568123
"734","161_05",21,161,524280,3569165
"735","161_05a",22,161,524374,3569360
"736","161_06",36,161,524647,3570420
"737","161_07",45,161,524270,3571556
"738","161_08",35,161,525756,3571388
"739","161_09",22,161,525329,3572652
"740","161_10",33,161,526295,3572725
"741","162_01",31,162,526643,3567854
"742","162_02",29,162,527828,3567901
"743","162_03",29,162,526137,3568256
"744","162_04",29,162,527477,3568395
"745","162_05",28,162,525550,3569659
"746","162_06",30,162,526266,3569921
"747","162_07",26,162,527874,3569698
"748","162_08",30,162,525780,3570110
"749","162_08a",11,162,525800,3570296
"750","162_09",25,162,526480,3570940
"751","162_10",25,162,526289,3571454
"752","163_01",34,163,523041,3559695
"753","163_02",26,163,523733,3560096
"754","163_03",32,163,523926,3561537
"755","163_04",29,163,520064,3562841
"756","163_05",26,163,520790,3562780
"757","163_06",27,163,521656,3562640
"758","163_07",28,163,522104,3562683
"759","163_08",30,163,523159,3562166
"760","163_09",30,163,519192,3563744
"761","163_10",32,163,519664,3564689
"762","163_11",24,163,519646,3565717
"763","163_12",26,163,519029,3566160
"764","164_01",21,164,520553,3563826
"765","164_02",28,164,521609,3563745
"766","164_03",30,164,522058,3563828
"767","164_04",27,164,523348,3563938
"768","164_05",23,164,520299,3564129
"769","164_06",18,164,521061,3564219
"770","164_07",22,164,523958,3564334
"771","164_08",27,164,524051,3564746
"772","164_09",22,164,525726,3564577
"773","164_10",27,164,520784,3565583
"774","164_11",26,164,525751,3565364
"775","165_01",24,165,525063,3555904
"776","165_02",25,165,524979,3556849
"777","165_03",32,165,524712,3558108
"778","165_04",20,165,526015,3558493
"779","165_05",25,165,524715,3558921
"780","165_06",18,165,525071,3558161
"781","165_07",27,165,524631,3559946
"782","165_08",26,165,524309,3560213
"783","165_09",20,165,525078,3560557
"784","165_10",20,165,524222,3561423
"785","165_11",24,165,525457,3561666
"786","165_12",26,165,524521,3562354
"787","165_13",21,165,524240,3563544
"788","166_01",22,166,515187,3558535
"789","166_02",34,166,517117,3558644
"790","166_03",26,166,515965,3559896
"791","166_04",24,166,516267,3559439
"792","166_05",31,166,518123,3559031
"793","166_06",23,166,515403,3559940
"794","166_07",23,166,516259,3560069
"795","166_08",27,166,517601,3560489
"796","166_09",22,166,518747,3560074
"797","166_09a",18,166,518562,3560656
"798","166_10",20,166,515360,3561701
"799","166_11",21,166,516494,3561646
"800","167_01",21,167,521614,3557500
"801","167_02",26,167,522116,3557774
"802","167_03",25,167,521814,3558531
"803","167_04",23,167,522227,3558985
"804","167_05",24,167,523074,3559195
"805","167_05a",7,167,523267,3558093
"806","167_06",26,167,521586,3559641
"807","167_07",27,167,522441,3559561
"808","167_08",21,167,519371,3560784
"809","167_09",16,167,520200,3560834
"810","167_10",25,167,521542,3560399
"811","167_11",25,167,523010,3559392
"812","167_11a",6,167,522572,3559597
"813","168_01",17,168,521419,3555657
"814","168_02",16,168,522674,3553679
"815","168_03",20,168,523680,3555008
"816","168_04",26,168,521660,3555259
"817","168_05",26,168,522261,3555270
"818","168_06",29,168,523631,3555774
"819","168_07",22,168,521727,3556872
"820","168_08",28,168,522518,3556893
"821","168_09",30,168,523355,3556887
"822","168_10",28,168,523080,3557570
"823","169_01",24,169,519857,3554941
"824","169_02",16,169,520832,3554287
"825","169_03",22,169,520717,3555242
"826","169_04",19,169,520287,3556166
"827","169_05",29,169,520687,3557806
"828","169_06",28,169,518209,3558846
"829","169_07",24,169,519008,3558654
"830","169_08",22,169,521019,3558763
"831","169_09",20,169,518883,3559299
"832","169_10",20,169,519917,3559296
"833","169_11",23,169,520516,3559297
"834","170_01",23,170,505873,3576156
"835","170_02",21,170,505374,3577543
"836","170_03",25,170,503993,3578496
"837","170_04",22,170,504513,3578636
"838","170_05",24,170,506306,3578748
"839","170_06",27,170,503141,3579408
"840","170_07",22,170,504057,3579631
"841","170_08",23,170,505277,3579073
"842","170_09",25,170,503129,3580106
"843","170_10",22,170,503317,3581348
"844","170_11",29,170,503659,3582616
"845","170_12",29,170,504347,3582747
"846","171_01",29,171,491211,3557343
"847","171_02",23,171,492851,3556840
"848","171_03",31,171,493435,3556807
"849","171_04",21,171,491285,3558673
"850","171_05",25,171,492360,3558690
"851","171_06",26,171,493188,3558756
"852","171_07",20,171,491806,3559077
"853","171_08",23,171,492434,3559065
"854","171_09",20,171,491900,3560578
"855","171_10",21,171,492423,3560042
"856","171_11",22,171,491606,3561460
"857","171_12",31,171,492368,3561742
"858","172_01",31,172,504150,3583346
"859","172_04",33,172,504800,3584990
"860","172_05",26,172,505214,3584693
"861","172_06",26,172,505606,3584532
"862","172_07",30,172,505731,3585668
"863","172_08",31,172,505893,3585429
"864","172_09",30,172,506527,3586548
"865","173_01",29,173,498177,3581525
"866","173_02",28,173,499692,3581806
"867","173_03",21,173,500750,3581780
"868","173_03a",11,173,499851,3581130
"869","173_04",33,173,500163,3582864
"870","173_05",28,173,501597,3582621
"871","173_06",30,173,502200,3582666
"872","173_07",28,173,501246,3583284
"873","173_08",31,173,502358,3583918
"874","173_09",23,173,503136,3583154
"875","173_10",39,173,502598,3584219
"876","173_11",34,173,503054,3584697
"877","174_01",36,174,500604,3583229
"878","174_02",30,174,500561,3584699
"879","174_03",21,174,501740,3584708
"880","174_04",18,174,500461,3585811
"881","174_05",17,174,501618,3585445
"882","174_05a",13,174,501535,3585476
"883","174_06",24,174,502234,3585857
"884","174_07",31,174,502810,3585087
"885","174_08",35,174,504039,3585244
"886","174_09",28,174,503343,3586372
"887","174_10",28,174,504659,3586244
"888","174_11",27,174,505283,3586722
"889","174_11a",9,174,505319,3586456
"890","174_12",26,174,504781,3587334
"891","175_01",33,175,491728,3578684
"892","175_02",26,175,492472,3578642
"893","175_03",24,175,493641,3578257
"894","175_04",18,175,494764,3578555
"895","175_05",17,175,495542,3578727
"896","175_06",16,175,496193,3578722
"897","175_07",20,175,496151,3579732
"898","175_08",21,175,497777,3579410
"899","175_09",23,175,497194,3580706
"900","175_10",29,175,498309,3580656
"901","175_11",28,175,497192,3581494
"902","175_12",20,175,497992,3582449
"903","176_01",22,176,487439,3578713
"904","176_02",20,176,488435,3578517
"905","176_02a",17,176,488660,3578438
"906","176_03",21,176,489529,3578156
"907","176_04",26,176,490129,3578173
"908","176_05",25,176,488391,3579266
"909","176_06",23,176,489229,3579416
"910","176_07",37,176,490455,3579683
"911","176_08",39,176,491484,3579305
"912","176_09",15,176,488233,3580533
"913","176_10",26,176,489349,3580135
"914","176_11",18,176,491623,3580450
"915","176_12",26,176,492139,3580703
"916","177_01",26,177,492748,3579429
"917","177_02",22,177,493296,3579777
"918","177_03",19,177,494782,3579730
"919","177_04",23,177,495443,3579170
"920","177_05",11,177,493257,3580250
"921","177_05a",25,177,493218,3580781
"922","177_06",23,177,494603,3580431
"923","177_07",24,177,495682,3580748
"924","177_08",24,177,496431,3580641
"925","177_08a",18,177,496308,3580600
"926","177_09",15,177,491304,3581197
"927","177_09a",22,177,491386,3581632
"928","177_10",25,177,492598,3581865
"929","177_11",18,177,493625,3581616
"930","177_12",15,177,494106,3581127
"931","177_12a",19,177,494363,3581045
"932","178_01",16,178,490805,3580650
"933","178_02",30,178,489356,3581322
"934","178_03",19,178,490397,3581589
"935","178_04",21,178,495241,3581488
"936","178_05",17,178,496177,3581441
"937","178_06",18,178,490725,3582839
"938","178_07",20,178,491508,3582438
"939","178_08",24,178,492533,3582363
"940","178_09",18,178,493854,3582353
"941","178_10",22,178,494080,3582621
"942","178_11",28,178,495038,3581971
"943","178_12",15,178,496236,3582445
"944","179_01",27,179,486361,3578171
"945","179_02",22,179,486493,3579770
"946","179_03",17,179,487383,3579433
"947","179_04",22,179,486309,3580403
"948","179_05",23,179,487563,3580450
"949","179_06",22,179,486798,3581494
"950","179_07",17,179,487095,3581487
"951","179_07a",17,179,487129,3581516
"952","179_08",20,179,488862,3581535
"953","179_09",19,179,486587,3582207
"954","179_10",21,179,487552,3582300
"955","179_11",13,179,488361,3582429
"956","179_12",29,179,489232,3582088
"957","180_01",25,180,498606,3582957
"958","180_01a",18,180,498477,3582834
"959","180_02",33,180,499854,3581918
"960","180_03",29,180,493257,3582939
"961","180_04",26,180,494896,3583789
"962","180_05",31,180,495831,3583116
"963","180_06",27,180,496911,3583746
"964","180_07",29,180,497591,3583591
"965","180_08",18,180,498665,3583396
"966","180_08a",27,180,498461,3583450
"967","180_09",30,180,499329,3583176
"968","180_10",32,180,497513,3584753
"969","180_11",28,180,498498,3584039
"970","180_12",37,180,499657,3584373
"971","181_01",19,181,502346,3586794
"972","181_01a",24,181,502544,3586772
"973","181_02",21,181,501681,3587344
"974","181_02a",22,181,501584,3587504
"975","181_03",32,181,502221,3587860
"976","181_04",29,181,503791,3587423
"977","181_05",29,181,501552,3588206
"978","181_06",31,181,502498,3588215
"979","181_07",23,181,501576,3589312
"980","181_08",26,181,502275,3589489
"981","181_09",33,181,501794,3590577
"982","181_10",40,181,502189,3590837
"983","181_11",31,181,501207,3591096
"984","182_01",31,182,498294,3586675
"985","182_02",35,182,499390,3586467
"986","182_03",31,182,500796,3586579
"987","182_04",35,182,501387,3586079
"988","182_05",31,182,499814,3587114
"989","182_06",31,182,500677,3587354
"990","182_07",32,182,500135,3587540
"991","182_08",37,182,500431,3589199
"992","182_09",29,182,500214,3590273
"993","182_10",35,182,500037,3591207
"994","182_11",43,182,501966,3590712
"995","183_01",18,183,492839,3583593
"996","183_02",22,183,492898,3585426
"997","183_03",23,183,493246,3584273
"998","183_04",24,183,494621,3584251
"999","183_05",22,183,495483,3584671
"1000","183_06",24,183,496252,3584459
"1001","183_07",31,183,495402,3585872
"1002","183_08",20,183,496408,3585287
"1003","183_09",22,183,497455,3585062
"1004","183_10",25,183,498777,3585560
"1005","183_11",24,183,499356,3585286
"1006","184_01",29,184,490031,3557225
"1007","184_02",27,184,490323,3557686
"1008","184_03a",16,184,489055,3558321
"1009","184_04",31,184,490805,3558678
"1010","184_05",30,184,489040,3559835
"1011","184_06",30,184,490874,3559798
"1012","184_07",23,184,489453,3561123
"1013","184_08",23,184,490285,3560897
"1014","184_09",24,184,489869,3561364
"1015","184_10",22,184,490258,3561854
"1016","184_10a",6,184,490402,3561736
"1017","184_11a",15,184,490053,3562316
"1018","184_12",29,184,491723,3562505
"1019","185_01",26,185,496853,3560629
"1020","185_02",19,185,497675,3560815
"1021","185_03",30,185,496057,3561438
"1022","185_04",24,185,496822,3561476
"1023","185_05",24,185,497729,3561405
"1024","501_01",31,501,511349,3569545
"1025","501_02",32,501,511590,3569714
"1026","501_03",30,501,511336,3569763
"1027","501_04",40,501,511235,3569960
"1028","501_05",39,501,511353,3570169
"1029","501_06",39,501,511652,3570220
"1030","501_07",41,501,511084,3569629
"1031","501_08",43,501,510932,3570093
"1032","501_09",38,501,510555,3570014
"1033","501_10",26,501,510597,3569828
"1034","501_11",31,501,510859,3569845
"1035","501_12",24,501,510820,3569531
"1036","501_13",20,501,511116,3569993
"1037","501_14",21,501,510699,3570437
"1038","501_15",15,501,510933,3570341
"1039","501_16",19,501,511265,3570270
"1040","501_17",20,501,511517,3570281
"1041","501_18",18,501,510214,3570437
"1042","501_19",15,501,511328,3569999
"1043","502_01",85,502,499397,3560414
"1044","502_02",45,502,498971,3560717
"1045","502_03",60,502,499185,3560871
"1046","502_04",60,502,498676,3560717
"1047","502_05",59,502,498616,3560434
"1048","503_01",46,503,511774,3569207
"1049","503_02",49,503,511794,3569465
"1050","503_03",58,503,511976,3569372
"1051","503_04",61,503,512181,3569308
"1052","503_05",59,503,512468,3569359
"1053","503_06",52,503,512048,3569125
"1054","504_01",38,504,484381,3567585
"1055","504_02",41,504,484134,3567546
"1056","504_03",43,504,484073,3567478
"1057","504_04",47,504,484065,3567437
"1058","504_05",42,504,484142,3567298
"1059","504_06",37,504,484060,3567242
"1060","504_07",49,504,483978,3567347
"1061","504_08",49,504,484166,3567339
"1062","504_09",46,504,484258,3567358
"1063","504_10",46,504,484280,3567353
"1064","505_01",72,505,498065,3571374
"1065","505_02",83,505,497965,3571038
"1066","505_03",86,505,497628,3571133
"1067","505_04",76,505,497410,3571358
"1068","505_05",93,505,497597,3571402
"1069","505_06",92,505,497850,3571275
"1070","506_01",53,506,500434,3561979
"1071","506_02",55,506,500578,3561754
"1072","506_03",56,506,500427,3561509
"1073","506_04",54,506,500338,3561233
"1074","507_01",58,507,507604,3564318
"1075","507_02",58,507,507129,3564419
"1076","507_03",39,507,506688,3564435
"1077","508_01",88,508,525369,3571630
"1078","508_02",77,508,525074,3571662
"1079","508_03",72,508,524822,3571628
"1080","508_04",56,508,525054,3571838
"1081","508_05",28,508,525321,3571797
"1082","508_05a",54,508,525285,3571836
"1083","508_06",33,508,525519,3571700
"1084","508_06a",56,508,525587,3571794
"1085","508_07",36,508,524615,3571844
"1086","508_07a",67,508,524620,3571844
"1087","509_01",64,509,506684,3560741
"1088","509_02",55,509,506368,3560903
"1089","509_03",36,509,506083,3560780
"1090","509_04",37,509,505915,3560554
"1091","509_05",56,509,506157,3560397
"1092","509_06",64,509,506296,3560635
"1093","509_07",65,509,506489,3560423
"1094","509_TA",68,509,506498,3560743
"1095","509_TB",73,509,506850,3560912
"1096","509_TC",61,509,506625,3560972
"1097","509_TD",72,509,506225,3560814
"1098","510_01",42,510,494904,3581145
"1099","510_02",40,510,495513,3581259
"1100","510_03",31,510,495053,3581320
"1101","510_04",30,510,495257,3581462
"1102","510_05",35,510,495299,3581508
"1103","510_06",71,510,495012,3581862
"1104","510_07",41,510,495137,3582112
"1105","510_08",35,510,494604,3581170
"1106","510_TA",41,510,494957,3581862
"1107","510_TB",46,510,495098,3581080
"1108","510_TC",42,510,495422,3581280
"1109","510_TD",34,510,495262,3581554
"1110","510_TE",38,510,494836,3581284
"1111","511_01",29,511,495542,3581000
"1112","511_02",24,511,495239,3580929
"1113","511_TA",32,511,495359,3580975
"1114","511_TB",31,511,495427,3580871
"1115","512_01",95,512,519030,3568149
"1116","512_02",75,512,520604,3567350
"1117","512_03",69,512,520264,3567271
"1118","512_04",64,512,520174,3567430
"1119","512_05",105,512,519769,3567931
"1120","512_06",19,512,519029,3568150
"1121","512_T1",79,512,521075,3567611
"1122","512_T2",72,512,521450,3566905
"1123","512_T3",76,512,521025,3566861
"1124","512_T4",81,512,520487,3567122
"1125","512_T5",80,512,519955,3567696
"1126","512_T6",93,512,519193,3568182
"1127","512_T7",87,512,518370,3568128
"1128","513_01",84,513,533851,3542593
"1129","513_02",9,513,534058,3542384
"1130","513_03",10,513,534336,3542280
"1131","513_04",11,513,534635,3542224
"1132","513_05",10,513,534900,3542098
"1133","513_06",10,513,535173,3541974
"1134","513_07",8,513,535464,3541924
"1135","513_08",10,513,535757,3541931
"1136","513_09",9,513,536055,3542025
"1137","513_10",10,513,536290,3541835
"1138","516_01",45,516,517347,3559509
"1139","516_02",48,516,517353,3559637
"1140","516_03a",12,516,517253,3559766
"1141","516_04",43,516,517333,3559827
"1142","516_05",39,516,517265,3559973
"1143","516_06",41,516,517435,3559929
"1144","517_01",42,517,501638,3578057
"1145","517_02",48,517,501721,3578311
"1146","517_03",24,517,501838,3578263
"1147","517_03a",40,517,501838,3577975
"1148","517_04",47,517,501939,3577975
"1149","517_05",46,517,501849,3578038
"1150","517_06",46,517,501714,3577912
"1151","518_01",52,518,497198,3572048
"1152","518_02",48,518,497129,3572159
"1153","518_03",43,518,497007,3572382
"1154","518_04",54,518,496753,3572444
"1155","518_05",50,518,496609,3572604
"1156","518_06",53,518,496430,3572891
"1157","518_07",48,518,496876,3571770
"1158","518_08",42,518,497011,3571862
"1159","518_09",57,518,496869,3572183
"1160","519_01",30,519,520776,3564139
"1161","519_02",26,519,520942,3564137
"1162","519_03",25,519,521013,3564042
"1163","519_04",26,519,520896,3564000
"1164","519_05",26,519,520711,3564075
"1165","519_06",28,519,520658,3564281
"1166","519_07",26,519,520629,3564563
"1167","519_08",28,519,520577,3564294
"1168","519_09",25,519,520472,3564247
"1169","520_01",27,520,508518,3567933
"1170","520_02",33,520,508573,3567982
"1171","520_03",32,520,508656,3567945
"1172","520_04",29,520,508668,3568026
"1173","520_05",15,520,508676,3568002
"1174","521_01a",22,521,483387,3571991
"1175","521_02",42,521,484167,3572544
"1176","521_03a",27,521,484370,3568710
"1177","521_04",42,521,480553,3571561
"1178","521_05",39,521,481264,3571329
"1179","521_06",44,521,484401,3575802
"1180","521_07",32,521,487614,3576184
"1181","521_08",36,521,478961,3570432
"1182","521_09",38,521,480056,3569553
"1183","522_01",46,522,525320,3561482
"1184","522_02",42,522,524966,3562450
"1185","522_02a",30,522,525749,3559722
"1186","522_03",60,522,525824,3563005
"1187","522_03a",31,522,526205,3559433
"1188","522_04",50,522,526203,3562512
"1189","522_05",53,522,527733,3562258
"1190","522_05a",26,522,526160,3562214
"1191","522_06",52,522,527476,3560836
"1192","522_06a",27,522,527514,3561016
"1193","522_07",46,522,526902,3560657
"1194","522_08",50,522,525626,3559347
"1195","522_09a",31,522,527577,3562767
"1196","522_11a",29,522,525440,3563033
"1197","523_01",64,523,536919,3557442
"1198","523_02",73,523,536859,3557237
"1199","523_03",80,523,536031,3554786
"1200","523_04",80,523,535737,3554751
"1201","523_05",49,523,529565,3555675
"1202","523_06",46,523,529557,3555269
"1203","523_07",76,523,529521,3553692
"1204","524_01",61,524,526247,3567122
"1205","524_02",56,524,526037,3567162
"1206","524_03",58,524,525830,3567180
"1207","524_04",51,524,525482,3567122
"1208","524_05",54,524,525180,3567159
"1209","524_06",54,524,524727,3567287
"1210","524_07",56,524,524327,3567585
"1211","524_08",54,524,523737,3567588
"1212","525_12",48,525,527008,3563713
"1213","525_13",47,525,526619,3564736
"1214","525_15",45,525,527457,3563985
"1215","525_16",41,525,527592,3564598
"1216","525_17",60,525,528374,3564747
"1217","525_18",47,525,529472,3564747
"1218","525_19",45,525,527816,3565173
"1219","525_20",51,525,527661,3565427
"1220","525_21",46,525,528814,3565732
"1221","525_22",39,525,529100,3565820
"1222","525_23",45,525,529717,3565267
"1223","525_24",45,525,529112,3566379
"1224","525_25",39,525,529889,3566063
"1225","525_26",47,525,530401,3566229
"1226","526_01",60,526,509386,3592737
"1227","526_02",67,526,509320,3592409
"1228","526_03",76,526,509323,3591988
"1229","526_04",76,526,509118,3591512
"1230","526_05",86,526,509040,3591363
"1231","526_06",67,526,509157,3592443
"1232","526_07",57,526,509150,3592888
"1233","527_01",51,527,506341,3571161
"1234","527_02",43,527,506352,3571329
"1235","527_03",50,527,506269,3571329
"1236","527_04",43,527,506360,3571476
"1237","527_05",40,527,506431,3571355
"1238","527_06",45,527,506473,3571193
"1239","528_01",48,528,509316,3569305
"1240","528_02",44,528,509514,3569453
"1241","528_03",51,528,509431,3569580
"1242","529_01",32,529,494471,3567364
"1243","529_02",26,529,494419,3567200
"1244","529_03",27,529,494258,3567034
"1245","529_04",25,529,494239,3567172
"1246","530_01",27,530,494884,3562881
"1247","530_02",26,530,493007,3563045
"1248","530_03",26,530,493977,3564639
"1249","530_04",24,530,490579,3565104
"1250","530_05",26,530,488088,3563061
"1251","530_06",24,530,490053,3562316
"1252","530_07",22,530,497540,3558483
"1253","531_01",26,531,504607,3566141
"1254","531_02",20,531,504643,3566220
"1255","531_03",19,531,504340,3566289
"1256","531_04",15,531,504194,3566305
"1257","531_05",22,531,504096,3566298
"1258","531_06",21,531,504115,3566185
"1259","531_07",16,531,504288,3565823
"1260","531_08",18,531,504366,3566103
"1261","531_09",6,531,504297,3566533
"1262","532_01",10,532,504381,3564604
"1263","532_02",11,532,503895,3563128
"1264","532_03",6,532,503898,3563205
"1265","533_01",5,533,504381,3564604
"1266","533_02",5,533,503895,3563128
"1267","533_03",9,533,503898,3563205
"1268","534_01",30,534,512294,3607705
"1269","534_02",23,534,512544,3608668
"1270","534_03",29,534,511881,3611138
"1271","534_04",42,534,510651,3613703
"1272","534_05",33,534,511493,3614954
"1273","534_06",41,534,511201,3617242
"1274","534_07",23,534,511201,3617242
"1275","534_08",24,534,505579,3619139
"1276","534_09",23,534,507309,3617448
"1277","535_01",37,535,502815,3582255
"1278","535_02",28,535,503022,3581917
"1279","536_01",37,536,508687,3587685
"1280","536_02",40,536,508980,3587893
"1281","536_03",39,536,508574,3587305
"1282","536_04",47,536,508586,3587076
"1283","536_05",38,536,507821,3587733
"1284","536_05a",8,536,508263,3587225
"1285","536_06",46,536,507486,3587511
"1286","536_07",38,536,506887,3588091
"1287","537_01",44,537,507213,3564159
"1288","537_02",32,537,507088,3563612
"1289","537_03",38,537,507290,3563594
"1290","537_04",43,537,507206,3563653
"1291","537_05",43,537,507324,3563669
"1292","537_06",33,537,507475,3563720
"1293","537_07",75,537,508293,3563547
"1294","537_08",23,537,508098,3564979
"1295","537_09",14,537,507176,3564160
"1296","537_10",16,537,507816,3564100
"1297","538_01",33,538,501292,3563477
"1298","538_02",29,538,501538,3563797
"1299","538_03",23,538,501717,3563672
"1300","538_04",25,538,501786,3563936
"1301","539_01",69,539,517717,3559672
"1302","539_02",65,539,517876,3559402
"1303","540_01",25,540,501357,3586317
"1304","540_02",34,540,501363,3585927
"1305","540_03",21,540,501272,3586027
"1306","540_04",29,540,501323,3586217
"1307","540_05",31,540,501364,3586596
"1308","540_06",28,540,501421,3586684
"1309","540_07",34,540,501488,3586641
"1310","540_08",36,540,501494,3586522
"1311","540_09",32,540,501833,3586365
"1312","540_10",33,540,501724,3586249
"1313","540_11",31,540,501669,3586103
"1314","541_01",27,541,505402,3578658
"1315","541_02",19,541,505836,3577933
"1316","541_03",24,541,505439,3579026
"1317","541_04",18,541,505683,3579370
"1318","541_05",20,541,505521,3579350
"1319","541_06",22,541,505214,3579384
"1320","541_07",31,541,504995,3579485
"1321","541_08",21,541,505143,3579692
"1322","541_09",27,541,504824,3579121
"1323","542_01",21,542,506849,3577368
"1324","542_01a",16,542,506820,3577327
"1325","542_02",30,542,506941,3576784
"1326","542_03",28,542,506848,3577823
"1327","542_04",25,542,507287,3577466
"1328","542_04a",21,542,507330,3577490
"1329","542_05",30,542,506727,3577158
"1330","543_01",33,543,500046,3564255
"1331","543_02",32,543,500162,3563645
"1332","543_03",36,543,500531,3563574
"1333","543_04",23,543,500387,3564209
"1334","544_01",36,544,505564,3586300
"1335","544_02",43,544,505472,3586993
"1336","544_03",44,544,505281,3587438
"1337","544_04",30,544,505741,3586558
"1338","545_01",22,545,500035,3564302
"1339","545_02",16,545,499947,3564489
"1340","547_01",33,547,497788,3566332
"1341","547_02",26,547,497766,3566067
"1342","547_03",34,547,497411,3565735
"1343","547_04",32,547,497445,3566106
"1344","547_05",35,547,497514,3565945
"1345","548_01",80,548,483389,3558520
"1346","548_02",67,548,483107,3558780
"1347","548_03",65,548,482848,3558775
"1348","549_01",46,549,518296,3554467
"1349","549_02",43,549,516411,3555799
"1350","549_03",43,549,517106,3555700
"1351","549_04",55,549,517101,3556275
"1352","549_07",56,549,517126,3556852
"1353","549_08",46,549,512096,3559635
"1354","549_10",29,549,510887,3561619
"1355","549_11",46,549,512063,3561431
"1356","550_01",18,550,500936,3562077
"1357","550_02",21,550,500973,3561930
"1358","550_03",21,550,500966,3561766
"1359","551_01",24,551,501346,3566272
"1360","551_02",20,551,501380,3565941
"1361","551_03",22,551,501458,3565765
"1362","551_04",20,551,501633,3565498
"1363","551_05",26,551,501670,3564922
"1364","552_01",26,552,518389,3561474
"1365","552_02",23,552,518508.2,3561381.1
"1366","552_03",30,552,518570.3,3561452.1
"1367","552_04",24,552,518414,3561377.6
"1368","552_05",31,552,518648.9,3561264.9
"1369","553_01",37,553,520596.1,3567391.9
"1370","553_02",27,553,520578.1,3567018.3
"1371","553_03",25,553,520483.3,3567285.2
"1372","553_04",30,553,520260.8,3567366.8
"1373","91_01",11,91,483387,3571991
"1374","91_02",10,91,483617,3572710
"1375","91_03",6,91,484370,3568710
"1376","91_04",7,91,480553,3571561
"1377","91_05",12,91,481264,3571329
"1378","91_06",10,91,485612,3579287
"1379","91_07",8,91,484872,3579209
"1380","91_08",8,91,478264,3570189
"1381","91_09",10,91,477874,3570826
"1382","92_01",12,92,526004,3558474
"1383","92_02",9,92,527717,3562406
"1384","92_03",9,92,527420,3561730
"1385","92_04",7,92,528895,3563098
"1386","921_12",27,921,526937,3563906
"1387","921_13",27,921,527392,3563304
"1388","921_14",28,921,527350,3563604
"1389","921_15",24,921,527319,3563985
"1390","921_16",26,921,527592,3564771
"1391","921_17",29,921,528327,3564921
"1392","921_18",26,921,529249,3564747
"1393","921_19",27,921,527515,3565088
"1394","921_20",25,921,527661,3565637
"1395","921_21",21,921,528814,3565918
"1396","921_22",17,921,529100,3566044
"1397","921_23",25,921,529661,3565267
"1398","921_24",16,921,529089,3566306
"1399","921_25",19,921,529831,3566291
"1400","921_26",18,921,530332,3566428
"1401","922_02",17,922,525749,3559722
"1402","922_03",14,922,526205,3559433
"1403","922_04",10,922,526921,3560621
"1404","922_05",9,922,526160,3562214
"1405","922_06",9,922,527514,3561016
"1406","922_07",13,922,525775,3563061
"1407","922_08",14,922,526206,3562506
"1408","922_09",12,922,527800,3562733
"1409","922_10",12,922,527733,3562254
"1410","922_11",14,922,525440,3563033
"1411","93_01",15,93,518296,3554467
"1412","93_02",25,93,516411,3555799
"1413","93_03",22,93,517106,3555700
"1414","93_13",20,93,513192,3557833
"1415","93_14",26,93,513865,3557379
"1416","93_17",22,93,517126,3556852
"1417","93_22",16,93,512060,3558884
"1418","93_28",24,93,512054,3559506
"1419","93_34",16,93,512273,3560203
"1420","93_35",14,93,513201,3560829
"1421","93_39",10,93,510887,3561619
"1422","93_40a",12,93,511402,3561574
"1423","93_43",15,93,510986,3562137
"1424","94_05a",9,94,517052,3575258
"1425","941_02",39,941,517649,3575591
"1426","941_07",39,941,518336,3576547
"1427","941_08",43,941,519726,3577416
"1428","941_09",40,941,520292,3578207
"1429","942_03",12,942,518056,3575665
"1430","942_03a",31,942,518084,3575592
"1431","942_05",35,942,516730,3577010
"1432","942_06",33,942,517133,3576614
"1433","943_01",26,943,518733,3574972
"1434","943_04",32,943,519892,3575540
"1435","96_01",12,96,505156,3587582
"1436","96_01a",18,96,505038,3587701
"1437","96_02",17,96,503847,3588476
"1438","96_03",20,96,504444,3588754
"1439","96_04",17,96,505235,3588910
"1440","96_05",17,96,503690,3589622
"1441","96_06",21,96,504418,3589524
"1442","96_07",17,96,505540,3589430
"1443","96_08",26,96,503157,3590866
"1444","96_09",6,96,504069,3591164
"1445","96_09a",11,96,504064,3590262
"1446","96_09b",14,96,504086,3590243
"1447","96_10",22,96,504441,3591408
