"UID","neighborhood","treeEquity","speciesRich","richPerSqKm","areaSqKm"
1,"22nd and Craycroft",63.732581895,33,115.95919563657,0.284582863988
2,"A Mountain",55.2679593531,0,0,2.28466061221
3,"Acacia Park",92.9665217369,3,10.8137932705433,0.277423465101
4,"Adelanto",74.004066591,173,1525.47913661753,0.113406991841
5,"Adobe Manor",0,3,72.3742906799007,0.0414511834495
6,"Aerospace Parkway",0,12,0.699380933866859,17.1580313659
7,"Agro Farms",90.7661576585,129,1139.34881927423,0.113222568732
8,"Airpark 10 Annexation District",0,9,Inf,0
9,"Airport Commerce Center",0,13,26.7874561570138,0.485301774226
10,"Aldea Linda",94.8074082247,3,14.6123222179556,0.205306176202
11,"Alvernon and 29th",56.6531533661,23,184.85010855876,0.124425136557
12,"Alvernon and Drexel",0,87,2531.14884887548,0.0343717438975
13,"Alvernon Heights",68.2387774035,0,0,0.202161322645
14,"Amphi",77.2547971463,36,13.8816844784484,2.59334521368
15,"Anklam Peaks",0,12,70.3407940086121,0.170598017397
16,"Antigua Village",100,15,703.513849044761,0.0213215418863
17,"Arcadia Rose",93.8446406689,0,0,0.160739004909
18,"Arcadia Square",0,110,1280.60460854456,0.0858969265502
19,"Armory Park",100,0,0,0.803246493214
20,"Arroyo Chico",76.6999195697,1,0.509873891917727,1.96126927825
21,"Arroyo Ridge",89.9585871001,18,27.404683432839,0.656822037157
22,"Automall",0,52,68.7934083162271,0.755886374476
23,"Aviation ROW",0,23,72.4650583565344,0.317394348692
24,"Avondale",87.1729454244,0,0,0.650819171918
25,"Bach Property",0,65,1601.48817644061,0.0405872493823
26,"Balboa Heights",80.7801615155,97,207.711835575988,0.466993128875
27,"Bandes Addition",0,7,4.4857647395513,1.56049200224
28,"Barrio Anita",65.2035669389,33,98.7509139053548,0.334174122496
29,"Barrio Blue Moon",82.155462486,11,33.0700780171433,0.332626974581
30,"Barrio Centro",68.0144002869,24,40.5849343882972,0.591352440548
31,"Barrio Hollywood",79.3800403151,12,9.56628858659662,1.25440497549
32,"Barrio Kroeger Lane",65.683972315,0,0,0.221149792642
33,"Barrio Nopal",69.2057177796,1,0.397894796332127,2.51322713747
34,"Barrio San Antonio",75.8589483263,34,72.5660733314299,0.468538511719
35,"Barrio Santa Cruz",61.6995471667,6,14.7564896945277,0.406600765101
36,"Barrio Santa Rosa",70.3964394061,5,8.3034084935639,0.602162353433
37,"Barrio Viejo",85.7982143917,10,19.5971606779362,0.510278002224
38,"Bear Canyon",93.2466569665,0,0,4.13274964473
39,"Bear Creek",0,2,6.03263638770592,0.331530009678
40,"Beautiful Acres",0,49,277.576005257139,0.176528226763
41,"Best Mailing List",0,15,926.37357631985,0.0161921716934
42,"Blenman-Elm",99.6082404206,0,0,1.87907242503
43,"Bonanza",83.6995849429,0,0,2.60037687405
44,"Bosque Perdido",0,42,479.767915815524,0.0875423274785
45,"Bravo Park Lane",70.6439151743,5,3.25988965089948,1.53379424933
46,"Brichta",80.730484933,51,109.099717340251,0.467462256029
47,"Broadkel",92.2950597585,36,212.193949995667,0.169656109426
48,"Broadmoor-Broadway",100,1,1.534915491305,0.65150166616
49,"Broadway and Rosemont",0,4,29.9569373427122,0.133524998041
50,"Broadway East",82.9616938023,21,16.1286519677398,1.30203069928
51,"Broadway Estates",0,41,480.558722139897,0.0853173568829
52,"Broadway Pantano Center",0,48,194.617485078976,0.246637654271
53,"Broadway Pantano East",83.6445562986,76,29.5100326072895,2.57539532441
54,"Broadway Proper",78.5846264503,29,113.990833519274,0.254406421154
55,"Broadway/Northeast",74.8417005745,85,62.3763632375733,1.36269566849
56,"Bronx Park",56.1077633802,19,27.4163789128886,0.693016392149
57,"Business Park of the Desert",0,16,16.5505208804667,0.966736945354
58,"Cabrini",98.3723374772,3,4.70367202758283,0.63779957072
59,"Campana de Plata",71.4232504595,30,57.6752554360459,0.520153743112
60,"Campbell-Grant",93.8101000611,34,52.0819815593841,0.65281694325
61,"Campus Farm",88.7608629571,55,19.0108256512954,2.89308844386
62,"Carriage Park",85.5117550731,0,0,2.5983313135
63,"Carson Corner",81.5559152819,31,11.9340295544521,2.59761381171
64,"Casa De Carlos",89.1756080457,68,223.105701372693,0.304788266645
65,"Casa Loma",100,5,32.7560332860339,0.152643635337
66,"Casa Real",85.1442725112,1,4.92610743941875,0.203000038529
67,"Casitas De Palo Santo",73.1661748354,169,529.037987306594,0.31944776
68,"Casitas Del Sol",68.3352925634,18,19.4130731104544,0.927210230837
69,"Casitas Del Sol 1",0,59,230.929349447467,0.255489395961
70,"Catalina Heights",82.8003006657,39,76.8079990856017,0.507759614419
71,"Catalina Highway",0,4,70.555733599788,0.0566927703238
72,"Catalina Vista",100,101,166.965796372794,0.604914312956
73,"Catalina Vista/Blenman-Elm",0,10,117.922920097054,0.0848011564823
74,"Centre Park",74.4864798042,2,20.1570124984087,0.0992210527308
75,"Century Park",0,96,28.4252048950449,3.37728436275
76,"Chantlalli Estates",0,0,0,0.182107567253
77,"Cherry Avenue",78.1250724372,1,0.309353018010232,3.23255291457
78,"Clarke Park",0,31,128.887402753957,0.240520014661
79,"Cloverleaf Addition",87.9279073772,0,0,0.163551996622
80,"Colinas De Oro",67.8922591689,7,44.0546435450907,0.158893579353
81,"College Terrace",80.6196906537,54,836.184143399725,0.0645790767814
82,"Colonia Allegre",93.8414219079,116,387.918596413646,0.299031809953
83,"Colonia Del Rio",88.3353057293,103,357.294536176154,0.288277568144
84,"Colonia Del Valle",79.7646484396,16,11.0536141836717,1.44749036235
85,"Colonia Solana",100,3,4.59429026674652,0.652984427587
86,"Colonia Verde",100,59,230.903893034266,0.255517562847
87,"Colonia Verde Plaza",0,37,498.45644623661,0.0742291533781
88,"Columbus Park",0,116,67.9947200268731,1.7060148193
89,"Columbus Village",60.6592239099,36,110.845602295081,0.324776078208
90,"Copper Vista",66.5764376063,67,107.226002914751,0.62484843395
91,"Corbett",75.3569049664,21,7.94924699103753,2.64175965644
92,"Coronado Heights",73.588372966,2,4.41311409404408,0.4531947186
93,"Cottonwood Manor",91.0090533612,0,0,0.105638592374
94,"Country Glenn",98.3922388535,16,28.5787366288426,0.559856798703
95,"Coyote Corridor",62.9028105847,0,0,2.59693145779
96,"Coyote Corridor East",78.621474833,32,17.9163248460133,1.78608058712
97,"Cragin",85.643480607,7,10.780872601024,0.649298091078
98,"Creekside",89.651808214,74,85.3963505742997,0.866547569098
99,"Crossroads Festival",0,0,0,0.123996365557
100,"Cushing Business Center",0,89,766.760157601444,0.116072802059
101,"Davis-Monthan",53.0813870544,94,2.18833137304596,42.955103216
102,"Del Lago",0,72,41.3767057263836,1.7401095311
103,"Desert Aire/Loma Linda",85.072511338,58,122.049206725513,0.47521816451
104,"Desert Anchors",0,16,502.927860562117,0.0318137077992
105,"Desert Links",0,262,2188.022251891,0.11974284072
106,"Desert Palms Park",86.8602666582,258,1066.03418657621,0.242018504893
107,"Desert Vista",55.318413029,19,19.9422074794917,0.952753100154
108,"Desert Willow Ranch",0,2,2.91059599906474,0.687144488841
109,"Dietz",80.7387104133,2,0.527624475506137,3.79057472283
110,"Dodge Flower",99.2257902974,23,37.7038930561009,0.610016582791
111,"Doolen-Fruitvale",91.2625551515,3,4.6446475127889,0.645904773557
112,"Dorado Country Club Estates",92.5919778782,40,45.750067984535,0.874315640657
113,"Dos Hombres",95.8806607691,3,24.7479761789857,0.121222033604
114,"Double Acres",0,43,357.326473060824,0.12033813121
115,"Dove - Wilmot Addition",87.6100995456,16,48.0835214194931,0.332754330957
116,"Downtown",66.8626651005,0,0,0.877396253459
117,"Drexel Park",76.8770052605,0,0,0.610439086025
118,"Duffy",80.3499977653,144,221.830493372517,0.649144298472
119,"Dunbar Spring",84.3980843159,23,36.8037790081421,0.624935825066
120,"Eastern Hills",82.3143175773,21,32.2780467784589,0.65059698761
121,"Eastland Heights",0,33,126.437649715081,0.260998208005
122,"Eastlawn",90.1037821479,23,69.5460234692147,0.33071624879
123,"Eastside",83.8534004423,15,5.80323931015982,2.58476330172
124,"Eastwind",100,2,15.8607602599125,0.126097360229
125,"El Con Mall",0,24,74.4717161985194,0.322270000278
126,"El Conquistador",94.6864354316,24,158.859161582565,0.151077216831
127,"El Cortez",82.2027699078,53,299.292603495215,0.177084229216
128,"El Dorado Medical Offices",0,21,322.854994541469,0.0650446805998
129,"El Dorado Office Condominium",0,18,428.479405688913,0.0420090201793
130,"El Dorado Place",0,0,0,0.101316827338
131,"El Dorado Square",0,0,0,0.0310771371799
132,"El Encanto",100,66,134.082079341879,0.492235803054
133,"El Gheko",83.5202670531,9,8.15364407888203,1.10380094016
134,"El Montevideo",100,21,62.3800822488645,0.336645917141
135,"El Presidio",86.1254909567,188,383.236131503414,0.490559173694
136,"El Principal",0,36,815.39976178522,0.0441501232735
137,"El Rio Acres",64.2366990545,0,0,2.43692456459
138,"El Rio Plaza",0,35,419.59225753653,0.0834143132323
139,"El Sahuaro",0,17,156.253035931861,0.108797886061
140,"Elvira",67.604117847,21,14.1505680710024,1.48403936115
141,"Empire Vista",60.1487304603,45,68.1964934391786,0.659857974078
142,"Enchanted Hills",80.3923098651,17,27.5036587671699,0.618099582456
143,"Estes Park",78.1141820045,50,51.096255520405,0.978545286553
144,"Evergreen",0,31,31.8799478057601,0.972398078845
145,"Fairgrounds",51.6981647699,0,0,1.81616834132
146,"Fairhaven",66.2947086609,39,107.108983283945,0.364115117185
147,"Fairview",0,18,77.3835896177041,0.232607457071
148,"Far Horizons",89.9191937356,35,84.022889792375,0.416553156961
149,"Feldman`s",93.5721193999,66,74.4692645097226,0.886271677779
150,"Flowing Wells",58.7804495321,10,0.909850054502175,10.9908220047
151,"Foothills Heights",89.6609249386,0,0,0.190108211617
152,"Fort Lowell Estates",92.1466756598,12,41.8278381415166,0.286890275309
153,"Frontier West Estates",88.9238698889,7,37.7599735865852,0.185381485608
154,"Garden District",91.3440597759,40,15.5302577168509,2.57561727109
155,"Gilbert",0,14,40.2572813704967,0.347763175341
156,"Glenn-Lowell Addition",94.2276078549,52,2376.352315274,0.0218822771631
157,"Glenn Heights",95.9564478001,20,82.2037225972383,0.24329798418
158,"Golden Hills",0,2,46.044780884327,0.0434359760561
159,"Goldschmidts",0,100,5099.85501360202,0.0196084005787
160,"Grabe Industrial",0,25,1.47081485766007,16.9973806491
161,"Grant and Craycroft Shopping Center",75.1533560636,42,356.757913409715,0.117726891041
162,"Grant Road Commerical Block",0,1,14.2224302726351,0.0703114714455
163,"Grant Road Industrial",0,1,1.27713724755434,0.783001202036
164,"Greasewood Park",62.0817312538,21,21.909497204018,0.958488449299
165,"Green Acres",92.9866892062,26,65.9251606480105,0.39438660057
166,"Groves Lincoln Park",72.0834953593,6,1.17091729109574,5.12418771644
167,"Haciendas Del Oeste",68.6887716791,0,0,0.532917863194
168,"Halcyon Acres",87.4582743221,77,59.5505978308437,1.29301808554
169,"Harlan Heights",82.6097567574,30,36.0072181863744,0.833166279181
170,"Harold Bell Wright Estates",91.7772906131,37,59.3435946471744,0.623487677482
171,"Harrison Estates",85.7492857781,157,483.070479413175,0.325004335166
172,"Haven Ridge",97.9828474919,14,27.6153081796761,0.506965191513
173,"Hedrick Acres",89.0854639223,95,73.1042596376601,1.29951387882
174,"Hermosa Hills",77.7642294602,0,0,0.324507421475
175,"Heromsa Highlands",82.6620904134,10,10.2536101038952,0.975266262192
176,"Hiawatha Hills and Teresa Terrace",0,43,187.705615169119,0.229082118621
177,"Hidden Hills",95.9152638386,52,53.7589640969312,0.96728054332
178,"Hidden Hills 1",83.8891077541,44,75.8884752362025,0.579798182307
179,"Highland Trails",78.4742268852,71,55.3581772834687,1.28255667878
180,"Highland Vista Cinco Via",89.940896549,26,39.9471199233031,0.650860438748
181,"Holiday Isle",81.1700378952,84,145.781809955755,0.576203574544
182,"Hollows Condo",100,2,21.2449067687209,0.0941402107231
183,"Houghton-Old Spanish Crossing",0,5,15.9717425267896,0.313052880211
184,"Houghton and Tanque Verde",0,0,0,0.663765833866
185,"Houghton East",85.1392627894,14,1.82631314987902,7.66571713122
186,"Houghton South",75.119501805,0,0,8.58687901121
187,"Indian Hills North",0,0,0,0.1634068714
188,"International Business Center",67.9657535607,27,27.7869528048684,0.971679053461
189,"Interstate Commerce Center",41.4398180523,32,109.975139914003,0.290974851453
190,"Interstate Commerce Park",0,21,3.15696399161749,6.65196057217
191,"Iron Horse",92.7424800918,21,77.1760349453268,0.272105194506
192,"Ironwood",73.0016960663,98,353.340842814973,0.277352595922
193,"Ironwood Ridge",80.3329599169,7,49.1099414122103,0.14253733152
194,"Irvington",66.9059123262,33,292.391321087807,0.11286244707
195,"Irvington & I-19 Commerce",0,92,242.418545149587,0.379508918937
196,"Jefferson Park",99.8287562372,93,82.6908855738249,1.12467050455
197,"Joaquin Murrieta",0,190,1167.26589823231,0.162773537964
198,"JT RP Annexation District",0,18,Inf,0
199,"Julia Keen",78.9673499906,4,1.72259569387927,2.32207709227
200,"Julian Wash Archaeological",0,27,170.816794187428,0.158064083385
201,"Keeling",84.0399501902,3,1.80741228248388,1.65983158855
202,"Kendall Square",91.6283227085,44,112.421958850796,0.391382612879
203,"Kingswood",84.628456248,140,433.763201793515,0.322756747048
204,"Kino Gateway",52.807096906,20,5.96842991371279,3.35096504259
205,"Kleindale",95.4775107312,75,155.539107659136,0.482193842621
206,"Kolb Executive Park",0,6,103.22004115051,0.0581282465413
207,"La Granada",0,88,3949.60250978513,0.0222807231315
208,"La Madera",95.3549065174,5,7.75654209748178,0.64461714217
209,"La Paloma Academy",0,63,373.577864058391,0.168639542278
210,"La Playa Caliente",0,23,269.480960256166,0.0853492579889
211,"Ladera Brisas",81.9793767764,127,1514.79479425135,0.0838397388755
212,"Lakeside Park",80.873667969,51,21.4005513877511,2.38311616724
213,"Las Colinas",94.4739355898,60,1262.7810788903,0.0475141740742
214,"Las Nubes",61.9282379836,4,14.7121385142723,0.271884335246
215,"Las Solinas",100,46,404.46388149364,0.113730797989
216,"Las Vistas",65.1641809212,3,1.0783807523035,2.78194876308
217,"Limberlost",85.6391115158,8,6.15776691952563,1.29917226562
218,"Lincoln Green",0,27,558.543187952771,0.0483400399152
219,"Linden Park",86.0958078345,63,211.91923585192,0.297283065158
220,"Linden Terrace",81.0871924386,0,0,0.149305727956
221,"Littletown",73.6848846791,11,6.03192312619064,1.82363066801
222,"Loma Verde",82.8642835159,18,64.478145906575,0.279164354789
223,"Longview Estates",78.3706690268,9,13.6410482562547,0.659773342263
224,"Loretta Heights",90.6116449784,39,429.979471884387,0.0907020045145
225,"Los Ranchitos",50.7068656146,7,3.08919192236762,2.26596474933
226,"Los Reales",0,56,11.034170263983,5.07514372719
227,"Marjack",100,23,141.379175116071,0.162683082435
228,"Maryland Hills",0,50,178.939592654284,0.279423906461
229,"McCall Addition",81.0456126401,91,550.876221098802,0.165191374241
230,"McCormick",93.1560724515,24,47.9948781679266,0.500053358111
231,"McIntyre-Richey",85.4909419874,109,1747.14429889631,0.0623875200628
232,"Mehl",0,10,20.7053776110273,0.482966318599
233,"Menlo Park",54.1625847275,104,17.8943043552592,5.81190517023
234,"Mesquite Ranch",69.8383829581,23,7.11474445152876,3.23272327723
235,"Michiana",0,29,17.0127371739681,1.70460518513
236,"Midvale Park",55.8401935061,19,1.93445562883384,9.82188462573
237,"Milagro",0,110,528.207154697315,0.208251628214
238,"Miles",73.7772918448,42,90.1159965097693,0.466065977481
239,"Millville",52.6803775088,23,18.8293519882979,1.22149716115
240,"Minarik Estates",100,29,136.877083251543,0.211868921452
241,"Miracle Manor",79.7826324369,29,30.3960420125474,0.954071585637
242,"Miraflores Estates",96.6331672265,17,82.1337730481175,0.206979411381
243,"Miramonte",95.3541522494,5,3.82882225788168,1.30588459407
244,"Miramonte at the River",83.7494575539,40,87.0060609747351,0.459738086656
245,"Mission and 36th",0,3,15.3940143365622,0.194880941021
246,"Mission Circle",51.274359557,2,23.2609347520116,0.0859810674559
247,"Mission Creek",78.5428755411,23,135.098941846034,0.170245596936
248,"Mission De Oro",70.7617479387,107,196.483232390034,0.544575731468
249,"Mitman",82.2399069932,6,9.03476353788378,0.664101498046
250,"Montage Vista",0,49,76.1617646801691,0.64336744567
251,"Monte Catalina Estates",93.9808623156,29,93.7341356705621,0.309385687429
252,"Montrose Addition",94.8408436789,118,691.06785615262,0.17075023668
253,"Morris K Udall",72.7714467787,65,90.6047360410649,0.717401792005
254,"Mortimore",79.8030313286,60,129.247917088089,0.464224115574
255,"Mountain First Avenue",87.782146286,78,116.336999008149,0.670465979568
256,"Mountain Vail",0,32,401.881040297023,0.0796255528162
257,"Mountain View",81.515674143,14,21.191126537569,0.660653881481
258,"Myers",75.5305499932,70,30.509957079671,2.29433295554
259,"National City Northwest",70.5195972933,2,2.8483731496074,0.702155193492
260,"National City Southwest",72.3834288074,37,55.1277059974031,0.671168867461
261,"Naylor",59.5575181369,91,141.025083139949,0.645275279928
262,"NEC Speedway & Kolb",0,29,263.044789990918,0.110247384109
263,"North Dodge",93.5396854607,47,70.9926198886949,0.662040646953
264,"North University",81.9892271036,7,7.29779621573066,0.959193678896
265,"Northeast Center",86.2084526574,18,390.391845903407,0.0461075204026
266,"Northmall Centre",76.6677113964,42,89.8655433862607,0.467364892231
267,"Oak Flower",93.0392364067,25,30.7658814839337,0.812588451693
268,"Old Farm",76.4307854771,21,94.3417888230683,0.222594888882
269,"Old Fort Lowell",99.4556318322,66,24.981013477167,2.64200650067
270,"Old Pueblo Heights",74.5988014243,17,94.273669087096,0.180326067338
271,"Old Spanish Trail",79.2918828284,1,0.385282663531977,2.59549700688
272,"Palo Verde",96.3099297575,29,11.3070539360974,2.56477064352
273,"Palo Verde Park",78.528312966,25,9.66870252256826,2.58566234111
274,"Palo Verde Plaza",0,16,375.385132470214,0.0426228921074
275,"Panorama Estates",0,0,0,0.193266470657
276,"Pantano's Edge",79.4971316867,31,146.422671369572,0.211715847758
277,"Pantano Overlook",69.7821655848,12,28.9528729951595,0.414466640392
278,"Pantano Park",76.3784862886,72,299.176450212892,0.240660653433
279,"Pantano Parkview",75.4750032854,25,77.7417219507736,0.32157764676
280,"Pantano Ranch",94.2824732128,18,58.3782668397257,0.308333922441
281,"Pantano Vista",90.2190719791,40,121.702629769976,0.328669972667
282,"Park Place Mall",0,74,132.720456258973,0.557562881306
283,"Parkway Terrace",73.571418723,62,459.017783522272,0.135071019524
284,"Paseo De Las Iglesias",0,48,38.9867892337527,1.23118627985
285,"Paseo Estrella",85.2567571675,0,0,0.0625572079895
286,"Perrine Addition",0,73,856.144691131234,0.0852659611818
287,"Peter Howell",98.1541566525,5,3.84716324161423,1.29965891385
288,"Pie Allen",69.9492337914,6,12.6164906789363,0.475568060302
289,"Pima Medical Campus",82.6283318273,11,133.215490545306,0.0825729797261
290,"Pima Ridge",0,1,8.27366863868122,0.120865367429
291,"Pima Verde East",84.4760004949,11,66.5448782377514,0.165301978023
292,"Pima Verde West",88.3072369897,1,8.06422358507925,0.124004498319
293,"Pima West",0,47,40.8290287251067,1.15114176035
294,"Pio Decimo",86.1690689926,0,0,1.35664782581
295,"Plaza Del Sol",90.9271489996,12,30.5368561546789,0.392967761292
296,"Poets Square",89.2535432215,6,9.05550817669658,0.66258015375
297,"Prince Village",100,65,409.740933295709,0.158636823217
298,"Pueblo Gardens",57.3998139095,33,15.2517009422306,2.16369309397
299,"Pullman",73.7499206611,196,699.113656876969,0.280354986735
300,"Rainbow Vista Estates",94.0241557863,0,0,0.141457567449
301,"Rainbow Vista Estates Annex",80.5722531689,67,770.508690785693,0.0869555409319
302,"Rancho Bueno",72.9532700467,2,1.51911901160093,1.31655254442
303,"Rancho Cancion",79.299635339,30,15.8583886789542,1.89174326644
304,"Rancho De Colinas",100,18,144.619088995452,0.124464896889
305,"Rancho Esperero",94.2617850804,35,131.568856624232,0.266020401013
306,"Rancho Mirage",0,49,451.083042143175,0.108627448656
307,"Rancho Perdido Estates",0,1,7.99934856428238,0.125010179512
308,"Rancho Valencia",68.3013415384,31,22.5104617159335,1.37713745685
309,"Reddington Hills",72.4493175558,3,3.86430709363473,0.77633581579
310,"Reid - Randolph",0,11,5.67832421234602,1.93719125373
311,"Richland Heights East",93.0352776269,20,30.3173227767795,0.659688856673
312,"Richland Heights West",84.7454113327,2,3.03949810786239,0.658003370631
313,"Rieckers",0,8,50.0005980352778,0.15999808631
314,"Rillito",80.1756963167,4,5.11519040407389,0.781984576139
315,"Rillito Bend",89.9716453001,29,16.6558138726467,1.74113376997
316,"Rillito Park",70.2799952221,81,164.666943662754,0.491902006549
317,"Rillito Park 1",63.7155342636,4,10.5706896817292,0.378404826973
318,"Rillito Riverside",0,29,201.153305481002,0.144168647543
319,"Rincon - University",0,21,121.160121375548,0.173324355915
320,"Rincon Aviador",78.972491512,2,19.9202168296192,0.100400513564
321,"Rincon Country",78.0102572454,74,98.3905709248671,0.752104589946
322,"Rincon Heights",91.2738630638,0,0,0.835666477176
323,"Rincon Knolls",58.4185365886,0,0,0.702064009251
324,"Rio Rancho",79.2214451332,22,77.5475731816628,0.283696821156
325,"Rio Verde Village",0,15,40.2970805449169,0.372235402594
326,"Rita Ranch",62.0098541856,6,0.150937694768207,39.7515015001
327,"River Forest",100,12,280.369769891802,0.0428006200691
328,"River Terrace Annexation",0,13,Inf,0
329,"River View Estates",86.1088677934,85,302.264540770059,0.281210623593
330,"River Walk",73.3392438482,84,436.992787867528,0.192222852029
331,"Riverfront Plaza",0,31,324.891387177185,0.0954165029407
332,"Roberts",78.9171904926,1,0.912254359324658,1.0961854989
333,"Roger Park",76.6736557475,2,6.26833410110845,0.319064039622
334,"Rolling Hills",80.6158764886,3,1.46178271362995,2.05228860078
335,"Rose",66.065912597,28,22.2724690338005,1.25715743313
336,"Rose Hill",91.4187248892,1,2.9034236980546,0.344420967794
337,"Rosemont East",95.4839830547,89,568.361164311367,0.156590572313
338,"Rosemont Regency",0,209,5594.68444942753,0.0373568879334
339,"Rosemont West",81.6817780905,16,15.5736242365552,1.02737806929
340,"Ruston Hills",74.9685367375,17,46.0229166470002,0.36938119612
341,"Saddlewood Ranch",82.1662776172,35,31.4789407870567,1.11185443744
342,"Saguaro Canyon",83.4398891623,13,40.1023864020746,0.324170234401
343,"Saguaro Hill",88.8809389443,54,330.056103606688,0.163608548395
344,"Saguaro Miraflores",86.1100543414,63,89.4556137949596,0.704259881827
345,"Saguaro Trails",0,42,47.0477864861229,0.89270937353
346,"Saguaro Verde",96.1634209341,5,22.4150499531651,0.223064414777
347,"Saguaro Vista Shopping Center",0,31,539.987450136273,0.0574087416146
348,"Saint Phillips Plaza",0,77,2096.17347825841,0.0367336009155
349,"Sam Hughes",100,0,0,2.62125220696
350,"Samos",84.647338058,20,29.251112319264,0.683734682692
351,"San Carlos",98.3796495965,4,17.1360647685986,0.23342582174
352,"San Clemente",100,66,132.567234634764,0.497860577554
353,"San Clemente Park View",85.3423217226,48,251.821959403573,0.190610859012
354,"San Gabriel",90.4179300227,0,0,0.638484123749
355,"San Ignacio Yaqui",50.2535703149,12,19.7416352177896,0.60785238242
356,"San Rafael",0,5,30.0927739364966,0.166152844884
357,"Santa Cruz Southwest",66.4019185087,106,48.4411773455215,2.18822096837
358,"Santa Maria",0,36,329.035778515783,0.109410594077
359,"Santa Rita Park",63.5210637253,13,12.5330594619026,1.03725670811
360,"Santiago Hills",86.5239396706,14,19.5931542621241,0.714535281696
361,"Seneca Terrace",91.4344879808,32,140.953329647844,0.227025499007
362,"Sewell",82.5927650229,8,7.95133242094629,1.00612068223
363,"Sierra Estates",0,1,13.6244776480521,0.0733973093011
364,"Silver Creek",57.4938638914,1,1.27139972699295,0.786534697758
365,"Silver Hills Estates",0,121,642.98354931794,0.188185218935
366,"Silver Spur",0,35,201.024752801874,0.174107912146
367,"Silverbell Golf Course",59.4333076154,31,22.6087431183454,1.37115096747
368,"Silverbell Terrace",78.0292658207,21,163.177092280623,0.128694534916
369,"Silvercroft",68.0515920634,10,39.0123107935259,0.256329343138
370,"Sombras Del Cerro",0,33,427.861234652221,0.0771278099705
371,"Sonoran Place",0,3,26.7282082752257,0.112240969133
372,"South Harrison",78.513430601,2,0.456414354773511,4.38198312363
373,"South Park",52.4592349276,50,11.7401409176829,4.25889266156
374,"Southeast Fringe",0,100,125.481635112437,0.796929366679
375,"Southland Park",66.3282797935,142,206.139814407507,0.688852856534
376,"Southlands",0,6,0.0882869959737705,67.9601784365
377,"Southlands West",0,0,0,42.7091137163
378,"Speedtano",82.9389077227,0,0,0.11345123242
379,"Speedway and Silverbell",0,45,134.44749065873,0.334703160167
380,"St. Cyrils",93.2655459195,11,9.73587617241567,1.12984181446
381,"St. Joseph's Hospital",0,13,31.8065667974549,0.408720629384
382,"St. Mary's Medical Park",0,27,162.788375873449,0.165859508427
383,"Starr Pass",74.4177587127,58,7.23336063131169,8.01840291896
384,"Starr Pass and Greasewood",59.5856627373,1,0.416327814564914,2.40195337668
385,"Stella Mann",77.1348774696,37,23.1627723065817,1.59739082655
386,"Sugar Hill",72.4085582497,27,33.0730101403034,0.816375645442
387,"Summer Annexation District",0,19,Inf,0
388,"Sunnyside",71.2265693428,14,1.93361617660598,7.24032006423
389,"Sunset Shadows",89.7929723424,16,87.6862120187429,0.182468824136
390,"Sunset Villa",51.4058683424,224,244.640892494623,0.915627791069
391,"Swan Way Park",86.5632923857,13,20.0032359939289,0.649894847211
392,"Sycamore Park",80.7147975656,12,13.0955167182801,0.916344139613
393,"Tanglewood Terrace",0,6,41.2923265493609,0.145305447801
394,"Tanque Verde and Grant",0,47,391.631281654429,0.120010842345
395,"Tanque Verde and Grant (North)",0,13,243.822041910523,0.0533175749745
396,"Tanque Verde and Indian Ruins",0,55,452.792617483147,0.121468411534
397,"Tanque Verde and Pima",0,48,411.211699342923,0.116728196393
398,"Tanque Verde and Sabino Canyon",0,9,154.86505107081,0.0581151133698
399,"Tanque Verde and Sabino Creeks",0,28,51.5371712107105,0.543297184192
400,"Tanque Verde Bend",89.2442988714,33,37.3618653073134,0.883253545522
401,"Tanque Verde Country Estates",100,206,273.705625342135,0.752633416805
402,"Tanque Verde Creek",99.035395135,62,131.075092843045,0.473011299517
403,"Tanque Verde Place",0,24,401.31395200297,0.059803552506
404,"Tanque Verde Professional Plaza",0,31,552.5071033941,0.0561078759161
405,"Tanque Verde Trails",0,162,924.167702581785,0.175292860319
406,"Terra Del Sol",74.9536416526,43,16.6628559125953,2.58059003964
407,"The Crossing",0,84,130.704292254168,0.642672084836
408,"The Enclave",89.3380403553,21,177.301590437646,0.118442253948
409,"The Monaco",0,53,1314.75959930226,0.0403115520344
410,"The Triangle",0,21,539.599836138644,0.0389177286455
411,"Thomas Jay Park",0,4,1.71439898073958,2.33317917529
412,"Thunderbird Heights/Wilmot Desert Esta",86.4807187177,11,16.6806794180248,0.659445561199
413,"Tierra Vista",75.0278087213,6,19.5807120206449,0.306423994882
414,"Toumey Park",82.8618497574,21,29.622268293169,0.708926129227
415,"Tres Pueblos",55.1487936198,12,14.1448997181347,0.848362324168
416,"Tucson Airport Authority",0,64,8.03008344640698,7.9700292565
417,"Tucson Mall",56.5132640905,45,88.1312852859437,0.510601880524
418,"Tucson Medical Center",87.2342530234,37,48.4903358672338,0.763038641376
419,"Tucson Medical Park",0,80,328.851630689574,0.243270802192
420,"Tucson Park West #1",100,21,53.9879874570085,0.388975418221
421,"Udall Park",98.2820748519,16,65.2479854066047,0.245218299083
422,"University of Arizona",97.2005393934,24,21.8646724410178,1.09766108158
423,"University Villa",0,38,229.061753473587,0.165894128652
424,"Vactor Ranch",0,1,7.88740764904449,0.126784368768
425,"Valencia-Kolb",0,4,4.76863598081513,0.838814289053
426,"Valencia and Old Vail",0,42,18.4124660565287,2.28106326828
427,"Valencia Crossing",0,15,14.56733303358,1.02970117903
428,"Valencia Reserve",64.3504198152,0,0,0.677878043662
429,"Valle Trinidad",0,102,903.275091737891,0.112922409721
430,"Veteran's Hospital",48.5348761593,71,52.9090475750635,1.3419254977
431,"Villa Caprice Condominiums",100,215,1800.17995119923,0.119432504432
432,"Villa Serena",97.6453513542,37,346.100127818093,0.106905479155
433,"Villas at Hacienda Del Sol",77.2654204492,16,93.1596966932913,0.1717480903
434,"Vista Del Monte",98.3394225931,32,40.9520619962966,0.781401434753
435,"Vista Del Norte",82.1637310029,200,766.653593319939,0.260874013691
436,"Vista Del Pueblo",60.2634003986,22,89.4474892652815,0.24595436027
437,"Vista Del Rio",88.3873505853,1,4.57313318502904,0.21866846198
438,"Vista Del Rio 1",0,0,0,0.0606470868608
439,"Vista Del Rio 2",100,54,126.233453200377,0.42777883858
440,"Vista Del Sahuaro",77.8468032071,0,0,0.645736535685
441,"Vista Montana",73.8662808393,1,1.26436561363056,0.790910468633
442,"Wakefield",72.9420396159,30,18.33893072557,1.6358641869
443,"Warwick Village",84.0036292436,77,337.412876052602,0.228207058666
444,"West Branch Santa Cruz",81.930075487,57,130.886129821818,0.435493050926
445,"West Lamar",69.1975906848,46,118.656781307173,0.38767274397
446,"West University",97.4831233842,41,31.7615668231716,1.29086830723
447,"Western Hills",0,74,2225.16543572764,0.0332559542818
448,"Western Hills II",68.73325164,96,205.542640584448,0.467056371987
449,"Western States",58.6515965473,4,51.9207948170601,0.0770404230924
450,"Westridge Estates",93.0611200741,3,18.4484591867383,0.162615206486
451,"Westside Development",67.2844653561,14,2.22267819728428,6.29870757589
452,"Westwood Estates",86.7730255317,7,44.7039781089608,0.156585617122
453,"Whitmore",88.0552675444,66,707.400501295432,0.0932993401604
454,"Williams Center",82.2263822496,1,2.04888668419611,0.488069939501
455,"Wilmot",54.812742339,10,1.9975865904194,5.00604081343
456,"Wilmot and Old Vail",0,5,0.899513640878044,5.55855939563
457,"Wilmot Farms",52.4106250371,0,0,1.56963997566
458,"Wilmot Vista",74.7333837391,9,18.6110724206698,0.483583094868
459,"Wilshire Heights",96.7966738516,53,202.506612594226,0.261719848656
460,"Wilshire Terrace",0,9,126.28003577667,0.0712701730297
461,"Windsor Park",90.2999780995,18,48.4896696881671,0.371213087566
462,"Winterhaven",100,127,382.814264485047,0.3317535729
463,"Winterhaven Annex",98.6641015046,12,37.4549375996223,0.320384995118
464,"Woodland Hills",0,5,24.9437810417857,0.200450765328
465,"Woodland Villas",0,27,253.37893977347,0.106559763902
466,"Wrightstown Square",100,7,34.4835837866897,0.202995142364
