"decimalLatitude","decimalLongitude","individualCount","family","species","year","month","day","datasetKey","gbifID"
32.277264,-110.94222,1,"Passeridae","Passer domesticus",2021,5,11,"4fa7b334-ce0d-4e88-aaae-2e0c138d049e","3595359261"
32.277264,-110.94222,1,"Trochilidae","Calypte costae",2021,5,11,"4fa7b334-ce0d-4e88-aaae-2e0c138d049e","3597372210"
32.277264,-110.94222,1,"Remizidae","Auriparus flaviceps",2021,5,11,"4fa7b334-ce0d-4e88-aaae-2e0c138d049e","3608443747"
32.277264,-110.94222,1,"Fringillidae","Haemorhous mexicanus",2021,5,11,"4fa7b334-ce0d-4e88-aaae-2e0c138d049e","3595978072"
32.277016,-110.94307,1,"Trochilidae","Calypte costae",2021,11,12,"4fa7b334-ce0d-4e88-aaae-2e0c138d049e","3641815947"
32.277016,-110.94307,1,"Trochilidae","Cynanthus latirostris",2021,11,12,"4fa7b334-ce0d-4e88-aaae-2e0c138d049e","3637171544"
32.277016,-110.94307,1,"Trochilidae","Calypte anna",2021,11,12,"4fa7b334-ce0d-4e88-aaae-2e0c138d049e","3614683610"
32.277016,-110.94307,1,"Remizidae","Auriparus flaviceps",2021,11,12,"4fa7b334-ce0d-4e88-aaae-2e0c138d049e","3632906748"
32.276413,-110.94287,1,"Trochilidae","Calypte costae",2021,12,13,"4fa7b334-ce0d-4e88-aaae-2e0c138d049e","3665528463"
32.276413,-110.94287,1,"Trochilidae","Calypte costae",2021,12,13,"4fa7b334-ce0d-4e88-aaae-2e0c138d049e","3581757551"
32.27882,-110.94299,2,"Icteridae","Quiscalus mexicanus",2019,3,23,"4fa7b334-ce0d-4e88-aaae-2e0c138d049e","2751365971"
32.27882,-110.94299,1,"Accipitridae","Accipiter cooperii",2019,3,23,"4fa7b334-ce0d-4e88-aaae-2e0c138d049e","2730331820"
32.27882,-110.94299,1,"Vireonidae","Vireo bellii",2019,3,23,"4fa7b334-ce0d-4e88-aaae-2e0c138d049e","2748844887"
32.27882,-110.94299,3,"Remizidae","Auriparus flaviceps",2019,3,23,"4fa7b334-ce0d-4e88-aaae-2e0c138d049e","2730623713"
32.27882,-110.94299,3,"Sturnidae","Sturnus vulgaris",2019,3,23,"4fa7b334-ce0d-4e88-aaae-2e0c138d049e","2729752789"
32.27882,-110.94299,1,"Ptilogonatidae","Phainopepla nitens",2019,3,23,"4fa7b334-ce0d-4e88-aaae-2e0c138d049e","2732199710"
32.27882,-110.94299,3,"Tyrannidae","Pyrocephalus rubinus",2019,3,23,"4fa7b334-ce0d-4e88-aaae-2e0c138d049e","2747714761"
32.27882,-110.94299,1,"Falconidae","Falco sparverius",2019,3,23,"4fa7b334-ce0d-4e88-aaae-2e0c138d049e","2730510807"
32.27882,-110.94299,1,"Trochilidae","Archilochus alexandri",2019,3,23,"4fa7b334-ce0d-4e88-aaae-2e0c138d049e","2750428731"
32.276608,-110.94164,8,"Columbidae","Columba livia",2018,7,20,"4fa7b334-ce0d-4e88-aaae-2e0c138d049e","2173497760"
32.276608,-110.94164,1,"Falconidae","Falco peregrinus",2018,7,20,"4fa7b334-ce0d-4e88-aaae-2e0c138d049e","2184831255"
32.276012,-110.94349,1,"Remizidae","Auriparus flaviceps",2018,10,9,"4fa7b334-ce0d-4e88-aaae-2e0c138d049e","2192974596"
32.276012,-110.94349,1,"Trochilidae","Cynanthus latirostris",2018,10,9,"4fa7b334-ce0d-4e88-aaae-2e0c138d049e","2192973774"
