"decimalLatitude","decimalLongitude","individualCount","family","species","year","month","day","datasetKey","gbifID"
32.24884,-110.88791,1,"Regulidae","Regulus calendula",2021,1,30,"4fa7b334-ce0d-4e88-aaae-2e0c138d049e","3599694158"
32.24884,-110.88791,1,"Tyrannidae","Pyrocephalus rubinus",2021,1,30,"4fa7b334-ce0d-4e88-aaae-2e0c138d049e","3596348795"
32.24884,-110.88791,1,"Mimidae","Toxostoma curvirostre",2021,1,30,"4fa7b334-ce0d-4e88-aaae-2e0c138d049e","3589830643"
32.24884,-110.88791,4,"Fringillidae","Spinus psaltria",2021,1,30,"4fa7b334-ce0d-4e88-aaae-2e0c138d049e","3588788573"
32.24884,-110.88791,2,"Columbidae","Zenaida macroura",2021,1,30,"4fa7b334-ce0d-4e88-aaae-2e0c138d049e","3588294407"
32.24884,-110.88791,1,"Picidae","Dryobates scalaris",2021,1,30,"4fa7b334-ce0d-4e88-aaae-2e0c138d049e","3588616221"
32.24884,-110.88791,4,"Passeridae","Passer domesticus",2021,1,30,"4fa7b334-ce0d-4e88-aaae-2e0c138d049e","3587193806"
32.24884,-110.88791,1,"Falconidae","Falco sparverius",2021,1,30,"4fa7b334-ce0d-4e88-aaae-2e0c138d049e","3587473387"
32.24884,-110.88791,2,"Fringillidae","Haemorhous mexicanus",2021,1,30,"4fa7b334-ce0d-4e88-aaae-2e0c138d049e","3587307475"
32.24884,-110.88791,2,"Emberizidae","Melozone aberti",2021,1,30,"4fa7b334-ce0d-4e88-aaae-2e0c138d049e","3587775294"
32.24884,-110.88791,2,"Picidae","Melanerpes uropygialis",2021,1,30,"4fa7b334-ce0d-4e88-aaae-2e0c138d049e","3587448774"
32.24884,-110.88791,9,"Columbidae","Columba livia",2021,1,30,"4fa7b334-ce0d-4e88-aaae-2e0c138d049e","3588879774"
32.24884,-110.88791,5,"Remizidae","Auriparus flaviceps",2021,1,30,"4fa7b334-ce0d-4e88-aaae-2e0c138d049e","3590292874"
32.24884,-110.88791,1,"Trochilidae","Calypte anna",2021,1,30,"4fa7b334-ce0d-4e88-aaae-2e0c138d049e","3589439690"
32.24884,-110.88791,2,"Mimidae","Mimus polyglottos",2021,1,30,"4fa7b334-ce0d-4e88-aaae-2e0c138d049e","3588405614"
32.248196,-110.884445,1,"Columbidae","Streptopelia decaocto",2021,7,16,"4fa7b334-ce0d-4e88-aaae-2e0c138d049e","3542064339"
32.248196,-110.884445,1,"Picidae","Melanerpes uropygialis",2021,7,16,"4fa7b334-ce0d-4e88-aaae-2e0c138d049e","3532210407"
32.248196,-110.884445,1,"Cardinalidae","Cardinalis cardinalis",2021,7,16,"4fa7b334-ce0d-4e88-aaae-2e0c138d049e","3538064380"
32.248196,-110.884445,2,"Fringillidae","Spinus psaltria",2021,7,16,"4fa7b334-ce0d-4e88-aaae-2e0c138d049e","3537904197"
32.248196,-110.884445,8,"Columbidae","Zenaida asiatica",2021,7,16,"4fa7b334-ce0d-4e88-aaae-2e0c138d049e","3632304746"
32.248196,-110.884445,4,"Columbidae","Zenaida asiatica",2021,7,18,"4fa7b334-ce0d-4e88-aaae-2e0c138d049e","3562164674"
32.248196,-110.884445,2,"Columbidae","Zenaida macroura",2021,7,18,"4fa7b334-ce0d-4e88-aaae-2e0c138d049e","3563079191"
32.248196,-110.884445,1,"Columbidae","Streptopelia decaocto",2021,7,18,"4fa7b334-ce0d-4e88-aaae-2e0c138d049e","3560012573"
32.248196,-110.884445,2,"Fringillidae","Haemorhous mexicanus",2021,7,18,"4fa7b334-ce0d-4e88-aaae-2e0c138d049e","3572088205"
32.248196,-110.884445,1,"Vireonidae","Vireo bellii",2021,7,18,"4fa7b334-ce0d-4e88-aaae-2e0c138d049e","3571786011"
32.248196,-110.884445,32,"Fringillidae","Haemorhous mexicanus",2021,7,27,"4fa7b334-ce0d-4e88-aaae-2e0c138d049e","3689492460"
32.248196,-110.884445,1,"Fringillidae","Spinus psaltria",2021,7,27,"4fa7b334-ce0d-4e88-aaae-2e0c138d049e","3663640160"
32.248196,-110.884445,15,"Passeridae","Passer domesticus",2021,7,27,"4fa7b334-ce0d-4e88-aaae-2e0c138d049e","3660492460"
32.248196,-110.884445,1,"Picidae","Melanerpes uropygialis",2021,7,27,"4fa7b334-ce0d-4e88-aaae-2e0c138d049e","3663275782"
32.248196,-110.884445,4,"Columbidae","Zenaida macroura",2021,7,27,"4fa7b334-ce0d-4e88-aaae-2e0c138d049e","3657735603"
32.248196,-110.884445,12,"Columbidae","Zenaida asiatica",2021,7,27,"4fa7b334-ce0d-4e88-aaae-2e0c138d049e","3657549688"
32.248196,-110.884445,2,"Columbidae","Streptopelia decaocto",2021,7,27,"4fa7b334-ce0d-4e88-aaae-2e0c138d049e","3655640448"
32.248196,-110.884445,5,"Columbidae","Columba livia",2021,7,27,"4fa7b334-ce0d-4e88-aaae-2e0c138d049e","3652884209"
32.250374,-110.88456,4,"Passeridae","Passer domesticus",2019,11,10,"4fa7b334-ce0d-4e88-aaae-2e0c138d049e","2707680988"
32.250374,-110.88456,2,"Parulidae","Setophaga coronata",2019,11,10,"4fa7b334-ce0d-4e88-aaae-2e0c138d049e","2704458902"
32.250374,-110.88456,1,"Corvidae","Corvus corax",2019,11,10,"4fa7b334-ce0d-4e88-aaae-2e0c138d049e","2718597046"
32.250107,-110.884995,1,"Trochilidae","Cynanthus latirostris",2018,2,23,"4fa7b334-ce0d-4e88-aaae-2e0c138d049e","2130435225"
32.250107,-110.884995,1,"Polioptilidae","Polioptila melanura",2018,2,23,"4fa7b334-ce0d-4e88-aaae-2e0c138d049e","2141589884"
32.250107,-110.884995,1,"Trochilidae","Cynanthus latirostris",2018,2,23,"4fa7b334-ce0d-4e88-aaae-2e0c138d049e","2133531621"
32.250107,-110.884995,1,"Polioptilidae","Polioptila melanura",2018,2,23,"4fa7b334-ce0d-4e88-aaae-2e0c138d049e","2133521468"
32.25016,-110.88455,1,"Trochilidae","Cynanthus latirostris",2017,7,23,"4fa7b334-ce0d-4e88-aaae-2e0c138d049e","2090481546"
32.25016,-110.88455,5,"Passeridae","Passer domesticus",2017,7,23,"4fa7b334-ce0d-4e88-aaae-2e0c138d049e","2084412831"
32.25016,-110.88455,5,"Columbidae","Zenaida asiatica",2017,7,23,"4fa7b334-ce0d-4e88-aaae-2e0c138d049e","2090485236"
32.25016,-110.88455,1,"Remizidae","Auriparus flaviceps",2017,7,23,"4fa7b334-ce0d-4e88-aaae-2e0c138d049e","2090493406"
32.25016,-110.88455,5,"Fringillidae","Spinus psaltria",2017,7,23,"4fa7b334-ce0d-4e88-aaae-2e0c138d049e","2090481534"
32.25016,-110.88455,3,"Fringillidae","Haemorhous mexicanus",2017,7,23,"4fa7b334-ce0d-4e88-aaae-2e0c138d049e","2084890174"
32.25016,-110.88455,1,"Falconidae","Falco sparverius",2017,7,23,"4fa7b334-ce0d-4e88-aaae-2e0c138d049e","2084420457"
32.25016,-110.88455,2,"Columbidae","Columba livia",2017,7,23,"4fa7b334-ce0d-4e88-aaae-2e0c138d049e","2084890187"
32.25016,-110.88455,1,"Columbidae","Zenaida macroura",2017,7,23,"4fa7b334-ce0d-4e88-aaae-2e0c138d049e","2084412694"
