"decimalLatitude","decimalLongitude","individualCount","family","species","year","month","day","datasetKey","datasetName","gbifID"
32.08736,-110.84068,2,"Mimidae","Toxostoma curvirostre",2021,1,6,"4fa7b334-ce0d-4e88-aaae-2e0c138d049e",NA,"3661627361"
32.08736,-110.84068,16,"Columbidae","Zenaida macroura",2021,1,6,"4fa7b334-ce0d-4e88-aaae-2e0c138d049e",NA,"3644391180"
32.08736,-110.84068,1,"Trochilidae","Cynanthus latirostris",2021,1,6,"4fa7b334-ce0d-4e88-aaae-2e0c138d049e",NA,"3646075165"
32.08736,-110.84068,2,"Cardinalidae","Cardinalis cardinalis",2021,1,6,"4fa7b334-ce0d-4e88-aaae-2e0c138d049e",NA,"3635315189"
32.08736,-110.84068,2,"Trochilidae","Calypte anna",2021,1,6,"4fa7b334-ce0d-4e88-aaae-2e0c138d049e",NA,"3632324340"
32.08736,-110.84068,1,"Picidae","Dryobates scalaris",2021,1,6,"4fa7b334-ce0d-4e88-aaae-2e0c138d049e",NA,"3635259601"
32.08736,-110.84068,2,"Mimidae","Mimus polyglottos",2021,1,6,"4fa7b334-ce0d-4e88-aaae-2e0c138d049e",NA,"3631107900"
32.08736,-110.84068,3,"Remizidae","Auriparus flaviceps",2021,1,6,"4fa7b334-ce0d-4e88-aaae-2e0c138d049e",NA,"3621004231"
32.08736,-110.84068,16,"Emberizidae","Zonotrichia leucophrys",2021,1,6,"4fa7b334-ce0d-4e88-aaae-2e0c138d049e",NA,"3614450633"
32.08736,-110.84068,3,"Fringillidae","Spinus psaltria",2021,1,6,"4fa7b334-ce0d-4e88-aaae-2e0c138d049e",NA,"3614055083"
32.08736,-110.84068,1,"Tyrannidae","Sayornis saya",2021,1,6,"4fa7b334-ce0d-4e88-aaae-2e0c138d049e",NA,"3646523523"
32.08736,-110.84068,2,"Emberizidae","Spizella breweri",2021,1,6,"4fa7b334-ce0d-4e88-aaae-2e0c138d049e",NA,"3652957336"
32.08736,-110.84068,2,"Columbidae","Streptopelia decaocto",2021,1,6,"4fa7b334-ce0d-4e88-aaae-2e0c138d049e",NA,"3659535176"
32.08736,-110.84068,24,"Columbidae","Columba livia",2021,1,6,"4fa7b334-ce0d-4e88-aaae-2e0c138d049e",NA,"3646641143"
32.08736,-110.84068,12,"Fringillidae","Haemorhous mexicanus",2021,1,6,"4fa7b334-ce0d-4e88-aaae-2e0c138d049e",NA,"3645672208"
32.08736,-110.84068,1,"Troglodytidae","Campylorhynchus brunneicapillus",2021,1,6,"4fa7b334-ce0d-4e88-aaae-2e0c138d049e",NA,"3642914365"
32.08736,-110.84068,2,"Emberizidae","Melozone aberti",2021,1,6,"4fa7b334-ce0d-4e88-aaae-2e0c138d049e",NA,"3507523976"
32.08736,-110.84068,4,"Fringillidae","Haemorhous mexicanus",2021,1,19,"4fa7b334-ce0d-4e88-aaae-2e0c138d049e",NA,"3506401609"
32.08736,-110.84068,1,"Trochilidae","Calypte anna",2021,1,19,"4fa7b334-ce0d-4e88-aaae-2e0c138d049e",NA,"3589832035"
32.08736,-110.84068,22,"Columbidae","Columba livia",2021,1,19,"4fa7b334-ce0d-4e88-aaae-2e0c138d049e",NA,"3591201815"
32.08736,-110.84068,2,"Mimidae","Mimus polyglottos",2021,1,19,"4fa7b334-ce0d-4e88-aaae-2e0c138d049e",NA,"3594354387"
32.08736,-110.84068,1,"Cardinalidae","Cardinalis cardinalis",2021,1,19,"4fa7b334-ce0d-4e88-aaae-2e0c138d049e",NA,"3591898566"
32.08736,-110.84068,2,"Mimidae","Toxostoma curvirostre",2021,1,19,"4fa7b334-ce0d-4e88-aaae-2e0c138d049e",NA,"3593277541"
32.08736,-110.84068,3,"Emberizidae","Zonotrichia leucophrys",2021,1,19,"4fa7b334-ce0d-4e88-aaae-2e0c138d049e",NA,"3589800376"
32.08736,-110.84068,7,"Columbidae","Zenaida macroura",2021,1,19,"4fa7b334-ce0d-4e88-aaae-2e0c138d049e",NA,"3588321939"
32.08736,-110.84068,1,"Tyrannidae","Pyrocephalus rubinus",2021,1,20,"4fa7b334-ce0d-4e88-aaae-2e0c138d049e",NA,"3605192793"
32.08736,-110.84068,4,"Trochilidae","Calypte anna",2021,1,20,"4fa7b334-ce0d-4e88-aaae-2e0c138d049e",NA,"3617467624"
32.08736,-110.84068,5,"Tyrannidae","Sayornis saya",2021,1,20,"4fa7b334-ce0d-4e88-aaae-2e0c138d049e",NA,"3590913081"
32.08736,-110.84068,6,"Emberizidae","Zonotrichia leucophrys",2021,1,20,"4fa7b334-ce0d-4e88-aaae-2e0c138d049e",NA,"3591636501"
32.08736,-110.84068,1,"Emberizidae","Spizella breweri",2021,1,20,"4fa7b334-ce0d-4e88-aaae-2e0c138d049e",NA,"3596202496"
32.08736,-110.84068,6,"Fringillidae","Haemorhous mexicanus",2021,1,20,"4fa7b334-ce0d-4e88-aaae-2e0c138d049e",NA,"3599003348"
32.08736,-110.84068,1,"Picidae","Melanerpes uropygialis",2021,1,20,"4fa7b334-ce0d-4e88-aaae-2e0c138d049e",NA,"3602717960"
32.08736,-110.84068,6,"Remizidae","Auriparus flaviceps",2021,1,20,"4fa7b334-ce0d-4e88-aaae-2e0c138d049e",NA,"3602283578"
32.08736,-110.84068,16,"Columbidae","Columba livia",2021,1,20,"4fa7b334-ce0d-4e88-aaae-2e0c138d049e",NA,"3628946339"
32.08736,-110.84068,1,"Cardinalidae","Cardinalis cardinalis",2021,2,24,"4fa7b334-ce0d-4e88-aaae-2e0c138d049e",NA,"3640319803"
32.08736,-110.84068,1,"Tyrannidae","Pyrocephalus rubinus",2021,2,24,"4fa7b334-ce0d-4e88-aaae-2e0c138d049e",NA,"3629459520"
32.08736,-110.84068,3,"Trochilidae","Calypte anna",2021,2,24,"4fa7b334-ce0d-4e88-aaae-2e0c138d049e",NA,"3624146836"
32.08736,-110.84068,6,"Remizidae","Auriparus flaviceps",2021,2,24,"4fa7b334-ce0d-4e88-aaae-2e0c138d049e",NA,"3624872582"
32.08736,-110.84068,24,"Columbidae","Columba livia",2021,2,24,"4fa7b334-ce0d-4e88-aaae-2e0c138d049e",NA,"3614351574"
32.08736,-110.84068,5,"Fringillidae","Haemorhous mexicanus",2021,2,24,"4fa7b334-ce0d-4e88-aaae-2e0c138d049e",NA,"3593689145"
32.08736,-110.84068,1,"Icteridae","Quiscalus mexicanus",2021,2,24,"4fa7b334-ce0d-4e88-aaae-2e0c138d049e",NA,"3591063658"
32.08736,-110.84068,1,"Mimidae","Mimus polyglottos",2021,2,24,"4fa7b334-ce0d-4e88-aaae-2e0c138d049e",NA,"3592104093"
32.08736,-110.84068,12,"Emberizidae","Zonotrichia leucophrys",2021,2,24,"4fa7b334-ce0d-4e88-aaae-2e0c138d049e",NA,"3598440643"
32.08736,-110.84068,2,"Mimidae","Toxostoma curvirostre",2021,2,24,"4fa7b334-ce0d-4e88-aaae-2e0c138d049e",NA,"3590195777"
32.08736,-110.84068,1,"Columbidae","Streptopelia decaocto",2021,2,24,"4fa7b334-ce0d-4e88-aaae-2e0c138d049e",NA,"3588729442"
32.08736,-110.84068,2,"Emberizidae","Melozone aberti",2021,2,24,"4fa7b334-ce0d-4e88-aaae-2e0c138d049e",NA,"3588152761"
32.08736,-110.84068,1,"Troglodytidae","Campylorhynchus brunneicapillus",2021,2,24,"4fa7b334-ce0d-4e88-aaae-2e0c138d049e",NA,"3589776501"
32.08736,-110.84068,1,"Trochilidae","Cynanthus latirostris",2021,2,24,"4fa7b334-ce0d-4e88-aaae-2e0c138d049e",NA,"3589231464"
32.08736,-110.84068,10,"Columbidae","Zenaida macroura",2021,2,24,"4fa7b334-ce0d-4e88-aaae-2e0c138d049e",NA,"3590995456"
32.08736,-110.84068,1,"Sturnidae","Sturnus vulgaris",2021,2,24,"4fa7b334-ce0d-4e88-aaae-2e0c138d049e",NA,"3596901715"
32.085514,-110.833496,1,"Accipitridae","Accipiter cooperii",2021,2,24,"4fa7b334-ce0d-4e88-aaae-2e0c138d049e",NA,"3635137408"
32.085514,-110.833496,14,"Columbidae","Columba livia",2021,2,24,"4fa7b334-ce0d-4e88-aaae-2e0c138d049e",NA,"3638716353"
32.085514,-110.833496,1,"Tyrannidae","Sayornis saya",2021,2,24,"4fa7b334-ce0d-4e88-aaae-2e0c138d049e",NA,"3634940604"
32.085514,-110.833496,2,"Corvidae","Corvus corax",2021,2,24,"4fa7b334-ce0d-4e88-aaae-2e0c138d049e",NA,"3673879067"
32.08736,-110.84068,1,"Mimidae","Mimus polyglottos",2021,3,10,"4fa7b334-ce0d-4e88-aaae-2e0c138d049e",NA,"3535081978"
32.08736,-110.84068,2,"Fringillidae","Spinus psaltria",2021,3,10,"4fa7b334-ce0d-4e88-aaae-2e0c138d049e",NA,"3530925540"
32.08736,-110.84068,4,"Accipitridae","Buteo jamaicensis",2021,3,10,"4fa7b334-ce0d-4e88-aaae-2e0c138d049e",NA,"3536607664"
32.08736,-110.84068,3,"Passeridae","Passer domesticus",2021,3,10,"4fa7b334-ce0d-4e88-aaae-2e0c138d049e",NA,"3526932328"
32.08736,-110.84068,1,"Columbidae","Columba livia",2021,3,10,"4fa7b334-ce0d-4e88-aaae-2e0c138d049e",NA,"3524107354"
32.08736,-110.84068,1,"Cathartidae","Cathartes aura",2021,3,10,"4fa7b334-ce0d-4e88-aaae-2e0c138d049e",NA,"3520441857"
32.08736,-110.84068,6,"Remizidae","Auriparus flaviceps",2021,3,10,"4fa7b334-ce0d-4e88-aaae-2e0c138d049e",NA,"3517037180"
32.08736,-110.84068,2,"Trochilidae","Calypte anna",2021,3,10,"4fa7b334-ce0d-4e88-aaae-2e0c138d049e",NA,"3512915551"
32.08736,-110.84068,1,"Trochilidae","Cynanthus latirostris",2021,3,10,"4fa7b334-ce0d-4e88-aaae-2e0c138d049e",NA,"3512511606"
32.08736,-110.84068,5,"Corvidae","Corvus corax",2021,3,10,"4fa7b334-ce0d-4e88-aaae-2e0c138d049e",NA,"3510880330"
32.08736,-110.84068,1,"Cardinalidae","Cardinalis cardinalis",2021,3,10,"4fa7b334-ce0d-4e88-aaae-2e0c138d049e",NA,"3539739200"
32.08736,-110.84068,6,"Icteridae","Euphagus cyanocephalus",2021,3,10,"4fa7b334-ce0d-4e88-aaae-2e0c138d049e",NA,"3532983939"
32.08736,-110.84068,4,"Tyrannidae","Pyrocephalus rubinus",2021,3,10,"4fa7b334-ce0d-4e88-aaae-2e0c138d049e",NA,"3532687486"
32.08736,-110.84068,2,"Mimidae","Toxostoma curvirostre",2021,3,10,"4fa7b334-ce0d-4e88-aaae-2e0c138d049e",NA,"3535092661"
32.08736,-110.84068,1,"Emberizidae","Melozone aberti",2021,3,10,"4fa7b334-ce0d-4e88-aaae-2e0c138d049e",NA,"3522831405"
32.08736,-110.84068,2,"Accipitridae","Buteogallus anthracinus",2021,3,10,"4fa7b334-ce0d-4e88-aaae-2e0c138d049e",NA,"3526413391"
32.08736,-110.84068,6,"Fringillidae","Haemorhous mexicanus",2021,3,10,"4fa7b334-ce0d-4e88-aaae-2e0c138d049e",NA,"3519202797"
32.08736,-110.84068,3,"Columbidae","Columbina passerina",2021,3,10,"4fa7b334-ce0d-4e88-aaae-2e0c138d049e",NA,"3517707145"
32.08736,-110.84068,6,"Emberizidae","Zonotrichia leucophrys",2021,3,10,"4fa7b334-ce0d-4e88-aaae-2e0c138d049e",NA,"3513486600"
32.08736,-110.84068,2,"Parulidae","Setophaga coronata",2021,3,10,"4fa7b334-ce0d-4e88-aaae-2e0c138d049e",NA,"3510492625"
32.08736,-110.84068,3,"Emberizidae","Peucaea carpalis",2021,3,23,"4fa7b334-ce0d-4e88-aaae-2e0c138d049e",NA,"3595839043"
32.08736,-110.84068,2,"Sturnidae","Sturnus vulgaris",2021,3,23,"4fa7b334-ce0d-4e88-aaae-2e0c138d049e",NA,"3592750314"
32.08736,-110.84068,2,"Tyrannidae","Sayornis saya",2021,3,23,"4fa7b334-ce0d-4e88-aaae-2e0c138d049e",NA,"3591860578"
32.08736,-110.84068,8,"Remizidae","Auriparus flaviceps",2021,3,23,"4fa7b334-ce0d-4e88-aaae-2e0c138d049e",NA,"3590576793"
32.08736,-110.84068,5,"Columbidae","Zenaida macroura",2021,3,23,"4fa7b334-ce0d-4e88-aaae-2e0c138d049e",NA,"3589445978"
32.08736,-110.84068,12,"Passeridae","Passer domesticus",2021,3,23,"4fa7b334-ce0d-4e88-aaae-2e0c138d049e",NA,"3589699728"
32.08736,-110.84068,2,"Emberizidae","Zonotrichia leucophrys",2021,3,23,"4fa7b334-ce0d-4e88-aaae-2e0c138d049e",NA,"3590244471"
32.08736,-110.84068,20,"Icteridae","Euphagus cyanocephalus",2021,3,23,"4fa7b334-ce0d-4e88-aaae-2e0c138d049e",NA,"3588961084"
32.08736,-110.84068,2,"Trochilidae","Calypte anna",2021,3,23,"4fa7b334-ce0d-4e88-aaae-2e0c138d049e",NA,"3603515586"
32.08736,-110.84068,1,"Trochilidae","Cynanthus latirostris",2021,3,23,"4fa7b334-ce0d-4e88-aaae-2e0c138d049e",NA,"3597709061"
32.08736,-110.84068,1,"Mimidae","Mimus polyglottos",2021,3,23,"4fa7b334-ce0d-4e88-aaae-2e0c138d049e",NA,"3599387129"
32.08736,-110.84068,2,"Accipitridae","Accipiter cooperii",2021,3,23,"4fa7b334-ce0d-4e88-aaae-2e0c138d049e",NA,"3595811417"
32.08736,-110.84068,1,"Troglodytidae","Campylorhynchus brunneicapillus",2021,3,23,"4fa7b334-ce0d-4e88-aaae-2e0c138d049e",NA,"3592673667"
32.08736,-110.84068,16,"Fringillidae","Haemorhous mexicanus",2021,3,23,"4fa7b334-ce0d-4e88-aaae-2e0c138d049e",NA,"3594010797"
32.08736,-110.84068,1,"Mimidae","Toxostoma curvirostre",2021,3,23,"4fa7b334-ce0d-4e88-aaae-2e0c138d049e",NA,"3601999874"
32.08736,-110.84068,4,"Columbidae","Columba livia",2021,3,23,"4fa7b334-ce0d-4e88-aaae-2e0c138d049e",NA,"3591944254"
32.08736,-110.84068,2,"Tyrannidae","Pyrocephalus rubinus",2021,3,23,"4fa7b334-ce0d-4e88-aaae-2e0c138d049e",NA,"3590036641"
32.08736,-110.84068,2,"Parulidae","Setophaga coronata",2021,3,23,"4fa7b334-ce0d-4e88-aaae-2e0c138d049e",NA,"3589308254"
32.08736,-110.84068,2,"Cardinalidae","Cardinalis cardinalis",2021,3,23,"4fa7b334-ce0d-4e88-aaae-2e0c138d049e",NA,"3614992541"
32.08736,-110.84068,2,"Icteridae","Quiscalus mexicanus",2021,3,23,"4fa7b334-ce0d-4e88-aaae-2e0c138d049e",NA,"3605984510"
32.08736,-110.84068,2,"Corvidae","Corvus corax",2021,3,23,"4fa7b334-ce0d-4e88-aaae-2e0c138d049e",NA,"3513445221"
32.08736,-110.84068,3,"Remizidae","Auriparus flaviceps",2021,3,23,"4fa7b334-ce0d-4e88-aaae-2e0c138d049e",NA,"3515554760"
32.08736,-110.84068,3,"Fringillidae","Haemorhous mexicanus",2021,3,23,"4fa7b334-ce0d-4e88-aaae-2e0c138d049e",NA,"3514597344"
32.08736,-110.84068,4,"Trochilidae","Calypte anna",2021,3,23,"4fa7b334-ce0d-4e88-aaae-2e0c138d049e",NA,"3516066660"
32.08736,-110.84068,1,"Cuculidae","Geococcyx californianus",2021,3,23,"4fa7b334-ce0d-4e88-aaae-2e0c138d049e",NA,"3514519151"
32.08736,-110.84068,1,"Trochilidae","Cynanthus latirostris",2021,3,23,"4fa7b334-ce0d-4e88-aaae-2e0c138d049e",NA,"3523793970"
32.08736,-110.84068,1,"Mimidae","Mimus polyglottos",2021,3,23,"4fa7b334-ce0d-4e88-aaae-2e0c138d049e",NA,"3527288058"
32.08736,-110.84068,1,"Fringillidae","Spinus psaltria",2021,3,23,"4fa7b334-ce0d-4e88-aaae-2e0c138d049e",NA,"3534611819"
32.08736,-110.84068,1,"Emberizidae","Melozone aberti",2021,3,23,"4fa7b334-ce0d-4e88-aaae-2e0c138d049e",NA,"3511175830"
32.08736,-110.84068,1,"Parulidae","Leiothlypis luciae",2021,3,23,"4fa7b334-ce0d-4e88-aaae-2e0c138d049e",NA,"3510653570"
32.08736,-110.84068,1,"Tyrannidae","Sayornis saya",2021,3,23,"4fa7b334-ce0d-4e88-aaae-2e0c138d049e",NA,"3510572350"
32.08736,-110.84068,1,"Falconidae","Falco sparverius",2021,3,23,"4fa7b334-ce0d-4e88-aaae-2e0c138d049e",NA,"3510920170"
32.08736,-110.84068,2,"Odontophoridae","Callipepla gambelii",2021,3,23,"4fa7b334-ce0d-4e88-aaae-2e0c138d049e",NA,"3511563755"
32.08736,-110.84068,1,"Picidae","Melanerpes uropygialis",2021,3,23,"4fa7b334-ce0d-4e88-aaae-2e0c138d049e",NA,"3515217165"
32.08736,-110.84068,2,"Emberizidae","Zonotrichia leucophrys",2021,3,23,"4fa7b334-ce0d-4e88-aaae-2e0c138d049e",NA,"3515313627"
32.08736,-110.84068,1,"Icteridae","Euphagus cyanocephalus",2021,3,23,"4fa7b334-ce0d-4e88-aaae-2e0c138d049e",NA,"3516672011"
32.08736,-110.84068,5,"Passeridae","Passer domesticus",2021,3,23,"4fa7b334-ce0d-4e88-aaae-2e0c138d049e",NA,"3522220773"
32.08736,-110.84068,3,"Mimidae","Toxostoma curvirostre",2021,3,23,"4fa7b334-ce0d-4e88-aaae-2e0c138d049e",NA,"3529052864"
32.08736,-110.84068,2,"Emberizidae","Amphispiza bilineata",2021,3,23,"4fa7b334-ce0d-4e88-aaae-2e0c138d049e",NA,"3510321854"
32.08736,-110.84068,1,"Phalacrocoracidae","Phalacrocorax brasilianus",2021,3,23,"4fa7b334-ce0d-4e88-aaae-2e0c138d049e",NA,"3512102625"
32.08736,-110.84068,1,"Emberizidae","Peucaea carpalis",2021,3,23,"4fa7b334-ce0d-4e88-aaae-2e0c138d049e",NA,"3509920341"
32.08736,-110.84068,2,"Accipitridae","Accipiter cooperii",2021,3,23,"4fa7b334-ce0d-4e88-aaae-2e0c138d049e",NA,"3511174189"
32.08736,-110.84068,1,"Icteridae","Quiscalus mexicanus",2021,3,23,"4fa7b334-ce0d-4e88-aaae-2e0c138d049e",NA,"3511831848"
32.08736,-110.84068,1,"Cardinalidae","Cardinalis cardinalis",2021,3,23,"4fa7b334-ce0d-4e88-aaae-2e0c138d049e",NA,"3513208508"
32.08736,-110.84068,3,"Troglodytidae","Campylorhynchus brunneicapillus",2021,3,23,"4fa7b334-ce0d-4e88-aaae-2e0c138d049e",NA,"3513863937"
32.08736,-110.84068,1,"Parulidae","Setophaga coronata",2021,3,23,"4fa7b334-ce0d-4e88-aaae-2e0c138d049e",NA,"3516305344"
32.08736,-110.84068,4,"Columbidae","Columba livia",2021,3,23,"4fa7b334-ce0d-4e88-aaae-2e0c138d049e",NA,"3520205909"
32.08736,-110.84068,1,"Columbidae","Zenaida macroura",2021,3,23,"4fa7b334-ce0d-4e88-aaae-2e0c138d049e",NA,"3526654785"
32.08736,-110.84068,2,"Anatidae","Anas platyrhynchos",2021,3,23,"4fa7b334-ce0d-4e88-aaae-2e0c138d049e",NA,"3512658746"
32.08736,-110.84068,10,"Anatidae","Anas platyrhynchos",2021,4,1,"4fa7b334-ce0d-4e88-aaae-2e0c138d049e",NA,"3637774578"
32.08736,-110.84068,1,"Trochilidae","Cynanthus latirostris",2021,4,1,"4fa7b334-ce0d-4e88-aaae-2e0c138d049e",NA,"3641751414"
32.08736,-110.84068,5,"Remizidae","Auriparus flaviceps",2021,4,1,"4fa7b334-ce0d-4e88-aaae-2e0c138d049e",NA,"3638611889"
32.08736,-110.84068,1,"Cuculidae","Geococcyx californianus",2021,4,1,"4fa7b334-ce0d-4e88-aaae-2e0c138d049e",NA,"3652189179"
32.08736,-110.84068,1,"Tyrannidae","Sayornis saya",2021,4,1,"4fa7b334-ce0d-4e88-aaae-2e0c138d049e",NA,"3653385596"
32.08736,-110.84068,2,"Fringillidae","Haemorhous mexicanus",2021,4,1,"4fa7b334-ce0d-4e88-aaae-2e0c138d049e",NA,"3656166577"
32.08736,-110.84068,2,"Emberizidae","Zonotrichia leucophrys",2021,4,1,"4fa7b334-ce0d-4e88-aaae-2e0c138d049e",NA,"3651503070"
32.08736,-110.84068,3,"Passeridae","Passer domesticus",2021,4,1,"4fa7b334-ce0d-4e88-aaae-2e0c138d049e",NA,"3656773826"
32.08736,-110.84068,1,"Rallidae","Fulica americana",2021,4,1,"4fa7b334-ce0d-4e88-aaae-2e0c138d049e",NA,"3662469375"
32.08736,-110.84068,4,"Icteridae","Euphagus cyanocephalus",2021,4,1,"4fa7b334-ce0d-4e88-aaae-2e0c138d049e",NA,"3650848111"
32.08736,-110.84068,1,"Mimidae","Mimus polyglottos",2021,4,1,"4fa7b334-ce0d-4e88-aaae-2e0c138d049e",NA,"3650456814"
32.08736,-110.84068,4,"Tyrannidae","Pyrocephalus rubinus",2021,4,1,"4fa7b334-ce0d-4e88-aaae-2e0c138d049e",NA,"3648136484"
32.08736,-110.84068,1,"Corvidae","Corvus corax",2021,4,1,"4fa7b334-ce0d-4e88-aaae-2e0c138d049e",NA,"3644462197"
32.08736,-110.84068,2,"Odontophoridae","Callipepla gambelii",2021,4,1,"4fa7b334-ce0d-4e88-aaae-2e0c138d049e",NA,"3653292262"
32.08736,-110.84068,5,"Columbidae","Columba livia",2021,4,25,"4fa7b334-ce0d-4e88-aaae-2e0c138d049e",NA,"3517075029"
32.08736,-110.84068,2,"Columbidae","Zenaida macroura",2021,4,25,"4fa7b334-ce0d-4e88-aaae-2e0c138d049e",NA,"3517067383"
32.08736,-110.84068,2,"Icteridae","Molothrus ater",2021,4,25,"4fa7b334-ce0d-4e88-aaae-2e0c138d049e",NA,"3521944466"
32.08736,-110.84068,4,"Emberizidae","Spizella passerina",2021,4,25,"4fa7b334-ce0d-4e88-aaae-2e0c138d049e",NA,"3523915144"
32.08736,-110.84068,1,"Tyrannidae","Tyrannus vociferans",2021,4,25,"4fa7b334-ce0d-4e88-aaae-2e0c138d049e",NA,"3532138569"
32.08736,-110.84068,1,"Fringillidae","Spinus psaltria",2021,4,25,"4fa7b334-ce0d-4e88-aaae-2e0c138d049e",NA,"3530350191"
32.08736,-110.84068,1,"Picidae","Dryobates scalaris",2021,4,25,"4fa7b334-ce0d-4e88-aaae-2e0c138d049e",NA,"3540515961"
32.08736,-110.84068,7,"Passeridae","Passer domesticus",2021,4,25,"4fa7b334-ce0d-4e88-aaae-2e0c138d049e",NA,"3536295682"
32.08736,-110.84068,1,"Parulidae","Setophaga petechia",2021,4,25,"4fa7b334-ce0d-4e88-aaae-2e0c138d049e",NA,"3546894492"
32.08736,-110.84068,1,"Fringillidae","Haemorhous mexicanus",2021,4,25,"4fa7b334-ce0d-4e88-aaae-2e0c138d049e",NA,"3515541337"
32.08736,-110.84068,3,"Emberizidae","Spizella breweri",2021,4,25,"4fa7b334-ce0d-4e88-aaae-2e0c138d049e",NA,"3512412264"
32.08736,-110.84068,5,"Tyrannidae","Pyrocephalus rubinus",2021,4,25,"4fa7b334-ce0d-4e88-aaae-2e0c138d049e",NA,"3513358265"
32.08736,-110.84068,1,"Cardinalidae","Cardinalis cardinalis",2021,4,25,"4fa7b334-ce0d-4e88-aaae-2e0c138d049e",NA,"3520369681"
32.08736,-110.84068,4,"Remizidae","Auriparus flaviceps",2021,4,25,"4fa7b334-ce0d-4e88-aaae-2e0c138d049e",NA,"3522695850"
32.08736,-110.84068,2,"Tyrannidae","Sayornis saya",2021,4,25,"4fa7b334-ce0d-4e88-aaae-2e0c138d049e",NA,"3525818354"
32.08736,-110.84068,1,"Vireonidae","Vireo bellii",2021,4,25,"4fa7b334-ce0d-4e88-aaae-2e0c138d049e",NA,"3527802562"
32.08736,-110.84068,2,"Parulidae","Leiothlypis luciae",2021,4,25,"4fa7b334-ce0d-4e88-aaae-2e0c138d049e",NA,"3529203022"
32.08736,-110.84068,1,"Trochilidae","Archilochus alexandri",2021,4,25,"4fa7b334-ce0d-4e88-aaae-2e0c138d049e",NA,"3529422741"
32.08736,-110.84068,2,"Columbidae","Zenaida asiatica",2021,4,25,"4fa7b334-ce0d-4e88-aaae-2e0c138d049e",NA,"3542045178"
32.08736,-110.84068,27,"Columbidae","Columba livia",2021,6,7,"4fa7b334-ce0d-4e88-aaae-2e0c138d049e",NA,"3522491039"
32.08736,-110.84068,8,"Fringillidae","Haemorhous mexicanus",2021,6,7,"4fa7b334-ce0d-4e88-aaae-2e0c138d049e",NA,"3528129974"
32.08736,-110.84068,1,"Picidae","Melanerpes uropygialis",2021,6,7,"4fa7b334-ce0d-4e88-aaae-2e0c138d049e",NA,"3532924793"
32.08736,-110.84068,1,"Emberizidae","Melozone aberti",2021,6,7,"4fa7b334-ce0d-4e88-aaae-2e0c138d049e",NA,"3533394539"
32.08736,-110.84068,2,"Columbidae","Zenaida asiatica",2021,6,7,"4fa7b334-ce0d-4e88-aaae-2e0c138d049e",NA,"3536929606"
32.08736,-110.84068,3,"Cardinalidae","Cardinalis sinuatus",2021,6,7,"4fa7b334-ce0d-4e88-aaae-2e0c138d049e",NA,"3539043334"
32.08736,-110.84068,1,"Icteridae","Molothrus ater",2021,6,7,"4fa7b334-ce0d-4e88-aaae-2e0c138d049e",NA,"3530318585"
32.08736,-110.84068,2,"Trochilidae","Archilochus alexandri",2021,6,7,"4fa7b334-ce0d-4e88-aaae-2e0c138d049e",NA,"3622957931"
32.08736,-110.84068,6,"Odontophoridae","Callipepla gambelii",2021,6,7,"4fa7b334-ce0d-4e88-aaae-2e0c138d049e",NA,"3625570787"
32.08736,-110.84068,2,"Troglodytidae","Campylorhynchus brunneicapillus",2021,6,7,"4fa7b334-ce0d-4e88-aaae-2e0c138d049e",NA,"3625473186"
32.08736,-110.84068,2,"Corvidae","Corvus corax",2021,6,7,"4fa7b334-ce0d-4e88-aaae-2e0c138d049e",NA,"3622487324"
32.08736,-110.84068,6,"Mimidae","Toxostoma curvirostre",2021,6,7,"4fa7b334-ce0d-4e88-aaae-2e0c138d049e",NA,"3550624141"
32.08736,-110.84068,3,"Tyrannidae","Myiarchus cinerascens",2021,6,7,"4fa7b334-ce0d-4e88-aaae-2e0c138d049e",NA,"3594943956"
32.08736,-110.84068,3,"Emberizidae","Peucaea carpalis",2021,6,7,"4fa7b334-ce0d-4e88-aaae-2e0c138d049e",NA,"3534320799"
32.08736,-110.84068,1,"Picidae","Dryobates scalaris",2021,6,7,"4fa7b334-ce0d-4e88-aaae-2e0c138d049e",NA,"3529408076"
32.08736,-110.84068,1,"Emberizidae","Peucaea carpalis",2021,7,6,"4fa7b334-ce0d-4e88-aaae-2e0c138d049e",NA,"3527208248"
32.08736,-110.84068,3,"Tyrannidae","Pyrocephalus rubinus",2021,7,6,"4fa7b334-ce0d-4e88-aaae-2e0c138d049e",NA,"3534819321"
32.08736,-110.84068,1,"Cardinalidae","Cardinalis cardinalis",2021,7,6,"4fa7b334-ce0d-4e88-aaae-2e0c138d049e",NA,"3540704851"
32.08736,-110.84068,37,"Columbidae","Columba livia",2021,7,6,"4fa7b334-ce0d-4e88-aaae-2e0c138d049e",NA,"3539893818"
32.08736,-110.84068,6,"Passeridae","Passer domesticus",2021,7,6,"4fa7b334-ce0d-4e88-aaae-2e0c138d049e",NA,"3534458965"
32.08736,-110.84068,4,"Mimidae","Toxostoma curvirostre",2021,7,6,"4fa7b334-ce0d-4e88-aaae-2e0c138d049e",NA,"3535955321"
32.08736,-110.84068,1,"Parulidae","Leiothlypis luciae",2021,7,6,"4fa7b334-ce0d-4e88-aaae-2e0c138d049e",NA,"3525642197"
32.08736,-110.84068,2,"Remizidae","Auriparus flaviceps",2021,7,6,"4fa7b334-ce0d-4e88-aaae-2e0c138d049e",NA,"3527445272"
32.08736,-110.84068,4,"Cardinalidae","Cardinalis sinuatus",2021,7,6,"4fa7b334-ce0d-4e88-aaae-2e0c138d049e",NA,"3527283026"
32.08736,-110.84068,5,"Columbidae","Zenaida macroura",2021,7,6,"4fa7b334-ce0d-4e88-aaae-2e0c138d049e",NA,"3532917353"
32.08736,-110.84068,3,"Columbidae","Zenaida asiatica",2021,7,6,"4fa7b334-ce0d-4e88-aaae-2e0c138d049e",NA,"3527208274"
32.08736,-110.84068,2,"Tyrannidae","Myiarchus tyrannulus",2021,7,6,"4fa7b334-ce0d-4e88-aaae-2e0c138d049e",NA,"3534819351"
32.08736,-110.84068,2,"Emberizidae","Peucaea carpalis",2021,8,7,"4fa7b334-ce0d-4e88-aaae-2e0c138d049e",NA,"3652615388"
32.08736,-110.84068,2,"Tyrannidae","Pyrocephalus rubinus",2021,8,7,"4fa7b334-ce0d-4e88-aaae-2e0c138d049e",NA,"3643524760"
32.08736,-110.84068,2,"Odontophoridae","Callipepla gambelii",2021,8,7,"4fa7b334-ce0d-4e88-aaae-2e0c138d049e",NA,"3652297247"
32.08736,-110.84068,3,"Columbidae","Zenaida macroura",2021,8,7,"4fa7b334-ce0d-4e88-aaae-2e0c138d049e",NA,"3633610981"
32.08736,-110.84068,1,"Cardinalidae","Passerina amoena",2021,8,7,"4fa7b334-ce0d-4e88-aaae-2e0c138d049e",NA,"3631298076"
32.08736,-110.84068,2,"Icteridae","Icterus cucullatus",2021,8,7,"4fa7b334-ce0d-4e88-aaae-2e0c138d049e",NA,"3633035147"
32.08736,-110.84068,4,"Fringillidae","Spinus psaltria",2021,8,7,"4fa7b334-ce0d-4e88-aaae-2e0c138d049e",NA,"3632969728"
32.08736,-110.84068,3,"Tyrannidae","Tyrannus verticalis",2021,8,7,"4fa7b334-ce0d-4e88-aaae-2e0c138d049e",NA,"3654626107"
32.08736,-110.84068,1,"Vireonidae","Vireo bellii",2021,8,7,"4fa7b334-ce0d-4e88-aaae-2e0c138d049e",NA,"3639608269"
32.08736,-110.84068,6,"Cardinalidae","Cardinalis cardinalis",2021,8,7,"4fa7b334-ce0d-4e88-aaae-2e0c138d049e",NA,"3638455081"
32.08736,-110.84068,1,"Remizidae","Auriparus flaviceps",2021,8,7,"4fa7b334-ce0d-4e88-aaae-2e0c138d049e",NA,"3655687528"
32.08736,-110.84068,2,"Mimidae","Toxostoma curvirostre",2021,8,7,"4fa7b334-ce0d-4e88-aaae-2e0c138d049e",NA,"3652600362"
32.08736,-110.84068,4,"Emberizidae","Amphispiza bilineata",2021,8,7,"4fa7b334-ce0d-4e88-aaae-2e0c138d049e",NA,"3656482886"
32.08736,-110.84068,1,"Cardinalidae","Cardinalis sinuatus",2021,8,7,"4fa7b334-ce0d-4e88-aaae-2e0c138d049e",NA,"3567647494"
32.08736,-110.84068,1,"Troglodytidae","Campylorhynchus brunneicapillus",2021,8,7,"4fa7b334-ce0d-4e88-aaae-2e0c138d049e",NA,"3574607970"
32.08736,-110.84068,27,"Columbidae","Columba livia",2021,8,7,"4fa7b334-ce0d-4e88-aaae-2e0c138d049e",NA,"3673916293"
32.084587,-110.82481,3,"Caprimulgidae","Chordeiles acutipennis",2021,8,16,"4fa7b334-ce0d-4e88-aaae-2e0c138d049e",NA,"3572846220"
32.08736,-110.84068,4,"Icteridae","Icterus cucullatus",2021,8,17,"4fa7b334-ce0d-4e88-aaae-2e0c138d049e",NA,"3642705265"
32.08736,-110.84068,1,"Emberizidae","Peucaea carpalis",2021,8,17,"4fa7b334-ce0d-4e88-aaae-2e0c138d049e",NA,"3636149597"
32.08736,-110.84068,2,"Troglodytidae","Campylorhynchus brunneicapillus",2021,8,17,"4fa7b334-ce0d-4e88-aaae-2e0c138d049e",NA,"3658507595"
32.08736,-110.84068,1,"Sturnidae","Sturnus vulgaris",2021,8,17,"4fa7b334-ce0d-4e88-aaae-2e0c138d049e",NA,"3650330069"
32.08736,-110.84068,20,"Passeridae","Passer domesticus",2021,8,17,"4fa7b334-ce0d-4e88-aaae-2e0c138d049e",NA,"3639291067"
32.08736,-110.84068,3,"Columbidae","Zenaida asiatica",2021,8,17,"4fa7b334-ce0d-4e88-aaae-2e0c138d049e",NA,"3648507989"
32.08736,-110.84068,2,"Picidae","Melanerpes uropygialis",2021,8,17,"4fa7b334-ce0d-4e88-aaae-2e0c138d049e",NA,"3640151171"
32.08736,-110.84068,7,"Columbidae","Zenaida macroura",2021,8,17,"4fa7b334-ce0d-4e88-aaae-2e0c138d049e",NA,"3648359448"
32.08736,-110.84068,1,"Fringillidae","Haemorhous mexicanus",2021,8,17,"4fa7b334-ce0d-4e88-aaae-2e0c138d049e",NA,"3637520051"
32.084587,-110.82481,5,"Passeridae","Passer domesticus",2021,8,21,"4fa7b334-ce0d-4e88-aaae-2e0c138d049e",NA,"3676467946"
32.084587,-110.82481,12,"Fringillidae","Haemorhous mexicanus",2021,8,21,"4fa7b334-ce0d-4e88-aaae-2e0c138d049e",NA,"3680345779"
32.084587,-110.82481,1,"Accipitridae","Accipiter cooperii",2021,8,21,"4fa7b334-ce0d-4e88-aaae-2e0c138d049e",NA,"3675973149"
32.08736,-110.84068,1,"Strigidae","Bubo virginianus",2021,11,5,"4fa7b334-ce0d-4e88-aaae-2e0c138d049e",NA,"3549536904"
32.08736,-110.84068,2,"Mimidae","Mimus polyglottos",2021,11,5,"4fa7b334-ce0d-4e88-aaae-2e0c138d049e",NA,"3689642242"
32.08736,-110.84068,1,"Accipitridae","Accipiter cooperii",2021,11,5,"4fa7b334-ce0d-4e88-aaae-2e0c138d049e",NA,"3692894244"
32.08736,-110.84068,1,"Tyrannidae","Sayornis saya",2021,11,5,"4fa7b334-ce0d-4e88-aaae-2e0c138d049e",NA,"3693599241"
32.08736,-110.84068,2,"Fringillidae","Haemorhous mexicanus",2021,11,5,"4fa7b334-ce0d-4e88-aaae-2e0c138d049e",NA,"3694433047"
32.08736,-110.84068,1,"Parulidae","Setophaga coronata",2021,11,5,"4fa7b334-ce0d-4e88-aaae-2e0c138d049e",NA,"3694671168"
32.08736,-110.84068,12,"Emberizidae","Zonotrichia leucophrys",2021,11,5,"4fa7b334-ce0d-4e88-aaae-2e0c138d049e",NA,"3692951921"
32.08736,-110.84068,1,"Emberizidae","Passerculus sandwichensis",2021,11,5,"4fa7b334-ce0d-4e88-aaae-2e0c138d049e",NA,"3693655622"
32.08736,-110.84068,18,"Columbidae","Columba livia",2021,11,5,"4fa7b334-ce0d-4e88-aaae-2e0c138d049e",NA,"3693065127"
32.08736,-110.84068,1,"Remizidae","Auriparus flaviceps",2021,11,5,"4fa7b334-ce0d-4e88-aaae-2e0c138d049e",NA,"3693714370"
32.08736,-110.84068,1,"Accipitridae","Circus cyaneus",2021,11,5,"4fa7b334-ce0d-4e88-aaae-2e0c138d049e",NA,"3559288142"
32.08736,-110.84068,2,"Picidae","Melanerpes uropygialis",2021,11,5,"4fa7b334-ce0d-4e88-aaae-2e0c138d049e",NA,"3562296336"
32.08736,-110.84068,3,"Columbidae","Zenaida macroura",2021,11,5,"4fa7b334-ce0d-4e88-aaae-2e0c138d049e",NA,"3569650453"
32.08736,-110.84068,1,"Emberizidae","Pipilo chlorurus",2021,11,5,"4fa7b334-ce0d-4e88-aaae-2e0c138d049e",NA,"3567084530"
32.08736,-110.84068,4,"Parulidae","Setophaga coronata",2021,11,17,"4fa7b334-ce0d-4e88-aaae-2e0c138d049e",NA,"3641676043"
32.08736,-110.84068,1,"Emberizidae","Melozone aberti",2021,11,17,"4fa7b334-ce0d-4e88-aaae-2e0c138d049e",NA,"3654716773"
32.08736,-110.84068,1,"Tyrannidae","Tyrannus vociferans",2021,11,17,"4fa7b334-ce0d-4e88-aaae-2e0c138d049e",NA,"3653509089"
32.08736,-110.84068,1,"Accipitridae","Buteo jamaicensis",2021,11,17,"4fa7b334-ce0d-4e88-aaae-2e0c138d049e",NA,"3646219039"
32.08736,-110.84068,1,"Turdidae","Turdus migratorius",2021,11,17,"4fa7b334-ce0d-4e88-aaae-2e0c138d049e",NA,"3644981429"
32.08736,-110.84068,6,"Columbidae","Zenaida macroura",2021,11,17,"4fa7b334-ce0d-4e88-aaae-2e0c138d049e",NA,"3647529682"
32.08736,-110.84068,6,"Sturnidae","Sturnus vulgaris",2021,11,17,"4fa7b334-ce0d-4e88-aaae-2e0c138d049e",NA,"3636196413"
32.08736,-110.84068,2,"Picidae","Melanerpes uropygialis",2021,11,17,"4fa7b334-ce0d-4e88-aaae-2e0c138d049e",NA,"3642880046"
32.08736,-110.84068,10,"Passeridae","Passer domesticus",2021,11,17,"4fa7b334-ce0d-4e88-aaae-2e0c138d049e",NA,"3644370179"
32.08736,-110.84068,24,"Icteridae","Euphagus cyanocephalus",2021,11,17,"4fa7b334-ce0d-4e88-aaae-2e0c138d049e",NA,"3642474663"
32.08736,-110.84068,60,"Columbidae","Columba livia",2021,11,17,"4fa7b334-ce0d-4e88-aaae-2e0c138d049e",NA,"3645391305"
32.08736,-110.84068,2,"Trochilidae","Calypte anna",2021,11,17,"4fa7b334-ce0d-4e88-aaae-2e0c138d049e",NA,"3659420316"
32.08736,-110.84068,30,"Emberizidae","Zonotrichia leucophrys",2021,11,17,"4fa7b334-ce0d-4e88-aaae-2e0c138d049e",NA,"3657114576"
32.08736,-110.84068,3,"Tyrannidae","Pyrocephalus rubinus",2021,11,17,"4fa7b334-ce0d-4e88-aaae-2e0c138d049e",NA,"3655028701"
32.08736,-110.84068,8,"Remizidae","Auriparus flaviceps",2021,11,17,"4fa7b334-ce0d-4e88-aaae-2e0c138d049e",NA,"3649023656"
32.08736,-110.84068,4,"Fringillidae","Spinus lawrencei",2021,11,17,"4fa7b334-ce0d-4e88-aaae-2e0c138d049e",NA,"3648480961"
32.08736,-110.84068,1,"Mimidae","Toxostoma curvirostre",2021,11,17,"4fa7b334-ce0d-4e88-aaae-2e0c138d049e",NA,"3643559533"
32.08736,-110.84068,1,"Accipitridae","Buteo jamaicensis",2021,12,5,"4fa7b334-ce0d-4e88-aaae-2e0c138d049e",NA,"3562906324"
32.08736,-110.84068,1,"Tyrannidae","Tyrannus vociferans",2021,12,5,"4fa7b334-ce0d-4e88-aaae-2e0c138d049e",NA,"3554460149"
32.08736,-110.84068,1,"Trochilidae","Cynanthus latirostris",2021,12,5,"4fa7b334-ce0d-4e88-aaae-2e0c138d049e",NA,"3544511250"
32.08736,-110.84068,3,"Parulidae","Setophaga coronata",2021,12,5,"4fa7b334-ce0d-4e88-aaae-2e0c138d049e",NA,"3554775760"
32.08736,-110.84068,3,"Fringillidae","Haemorhous mexicanus",2021,12,5,"4fa7b334-ce0d-4e88-aaae-2e0c138d049e",NA,"3547541915"
32.08736,-110.84068,4,"Passeridae","Passer domesticus",2021,12,5,"4fa7b334-ce0d-4e88-aaae-2e0c138d049e",NA,"3630430012"
32.08736,-110.84068,1,"Ptilogonatidae","Phainopepla nitens",2021,12,5,"4fa7b334-ce0d-4e88-aaae-2e0c138d049e",NA,"3622826682"
32.08736,-110.84068,4,"Tyrannidae","Pyrocephalus rubinus",2021,12,5,"4fa7b334-ce0d-4e88-aaae-2e0c138d049e",NA,"3623563909"
32.08736,-110.84068,1,"Emberizidae","Melospiza lincolnii",2021,12,5,"4fa7b334-ce0d-4e88-aaae-2e0c138d049e",NA,"3618821066"
32.08736,-110.84068,1,"Trochilidae","Calypte anna",2021,12,5,"4fa7b334-ce0d-4e88-aaae-2e0c138d049e",NA,"3611242668"
32.08736,-110.84068,8,"Remizidae","Auriparus flaviceps",2021,12,5,"4fa7b334-ce0d-4e88-aaae-2e0c138d049e",NA,"3611291434"
32.08736,-110.84068,36,"Columbidae","Columba livia",2021,12,5,"4fa7b334-ce0d-4e88-aaae-2e0c138d049e",NA,"3610886396"
32.08736,-110.84068,12,"Icteridae","Euphagus cyanocephalus",2021,12,5,"4fa7b334-ce0d-4e88-aaae-2e0c138d049e",NA,"3606801331"
32.08736,-110.84068,1,"Tyrannidae","Sayornis saya",2021,12,5,"4fa7b334-ce0d-4e88-aaae-2e0c138d049e",NA,"3607452724"
32.08736,-110.84068,18,"Emberizidae","Zonotrichia leucophrys",2021,12,5,"4fa7b334-ce0d-4e88-aaae-2e0c138d049e",NA,"3633562031"
32.08736,-110.84068,1,"Emberizidae","Melozone aberti",2020,9,11,"4fa7b334-ce0d-4e88-aaae-2e0c138d049e",NA,"3175708622"
32.08736,-110.84068,4,"Fringillidae","Haemorhous mexicanus",2020,9,11,"4fa7b334-ce0d-4e88-aaae-2e0c138d049e",NA,"3187908661"
32.08736,-110.84068,1,"Picidae","Melanerpes uropygialis",2020,9,11,"4fa7b334-ce0d-4e88-aaae-2e0c138d049e",NA,"3195481537"
32.08736,-110.84068,4,"Columbidae","Zenaida macroura",2020,9,11,"4fa7b334-ce0d-4e88-aaae-2e0c138d049e",NA,"3200645552"
32.08736,-110.84068,30,"Columbidae","Columba livia",2020,9,11,"4fa7b334-ce0d-4e88-aaae-2e0c138d049e",NA,"3200517537"
32.08736,-110.84068,3,"Sturnidae","Sturnus vulgaris",2020,9,11,"4fa7b334-ce0d-4e88-aaae-2e0c138d049e",NA,"3192847836"
32.08736,-110.84068,2,"Cuculidae","Geococcyx californianus",2020,9,11,"4fa7b334-ce0d-4e88-aaae-2e0c138d049e",NA,"3183340826"
32.08736,-110.84068,2,"Tyrannidae","Tyrannus vociferans",2020,9,11,"4fa7b334-ce0d-4e88-aaae-2e0c138d049e",NA,"3179164687"
32.08736,-110.84068,3,"Tyrannidae","Pyrocephalus rubinus",2020,9,11,"4fa7b334-ce0d-4e88-aaae-2e0c138d049e",NA,"3193695688"
32.08736,-110.84068,4,"Cardinalidae","Cardinalis cardinalis",2020,9,11,"4fa7b334-ce0d-4e88-aaae-2e0c138d049e",NA,"3187966750"
32.08736,-110.84068,18,"Odontophoridae","Callipepla gambelii",2020,9,11,"4fa7b334-ce0d-4e88-aaae-2e0c138d049e",NA,"3189170654"
32.08736,-110.84068,5,"Remizidae","Auriparus flaviceps",2020,9,11,"4fa7b334-ce0d-4e88-aaae-2e0c138d049e",NA,"3190693548"
32.08736,-110.84068,1,"Trochilidae","Cynanthus latirostris",2020,9,11,"4fa7b334-ce0d-4e88-aaae-2e0c138d049e",NA,"3192493549"
32.08736,-110.84068,5,"Hirundinidae","Hirundo rustica",2020,9,11,"4fa7b334-ce0d-4e88-aaae-2e0c138d049e",NA,"3199411564"
32.08736,-110.84068,4,"Troglodytidae","Campylorhynchus brunneicapillus",2020,9,11,"4fa7b334-ce0d-4e88-aaae-2e0c138d049e",NA,"3192587714"
32.08736,-110.84068,1,"Parulidae","Cardellina pusilla",2020,9,11,"4fa7b334-ce0d-4e88-aaae-2e0c138d049e",NA,"3177938787"
32.08736,-110.84068,5,"Passeridae","Passer domesticus",2020,9,11,"4fa7b334-ce0d-4e88-aaae-2e0c138d049e",NA,"3182736753"
32.08736,-110.84068,4,"Mimidae","Toxostoma curvirostre",2020,9,11,"4fa7b334-ce0d-4e88-aaae-2e0c138d049e",NA,"3182164618"
32.08736,-110.84068,1,"Falconidae","Falco sparverius",2020,9,11,"4fa7b334-ce0d-4e88-aaae-2e0c138d049e",NA,"3179880634"
32.08736,-110.84068,4,"Trochilidae","Calypte anna",2020,9,11,"4fa7b334-ce0d-4e88-aaae-2e0c138d049e",NA,"3185206512"
32.08736,-110.84068,1,"Tyrannidae","Sayornis saya",2020,9,11,"4fa7b334-ce0d-4e88-aaae-2e0c138d049e",NA,"3262251481"
32.08736,-110.84068,4,"Remizidae","Auriparus flaviceps",2020,9,13,"4fa7b334-ce0d-4e88-aaae-2e0c138d049e",NA,"3181862121"
32.08736,-110.84068,3,"Vireonidae","Vireo bellii",2020,9,13,"4fa7b334-ce0d-4e88-aaae-2e0c138d049e",NA,"3178996220"
32.08736,-110.84068,2,"Trochilidae","Calypte anna",2020,9,13,"4fa7b334-ce0d-4e88-aaae-2e0c138d049e",NA,"3183918092"
32.08736,-110.84068,2,"Cardinalidae","Cardinalis cardinalis",2020,9,13,"4fa7b334-ce0d-4e88-aaae-2e0c138d049e",NA,"3204633927"
32.08736,-110.84068,1,"Accipitridae","Accipiter cooperii",2020,9,13,"4fa7b334-ce0d-4e88-aaae-2e0c138d049e",NA,"3200298950"
32.08736,-110.84068,1,"Picidae","Melanerpes uropygialis",2020,9,13,"4fa7b334-ce0d-4e88-aaae-2e0c138d049e",NA,"3179105979"
32.08736,-110.84068,2,"Troglodytidae","Campylorhynchus brunneicapillus",2020,9,13,"4fa7b334-ce0d-4e88-aaae-2e0c138d049e",NA,"3202547981"
32.08736,-110.84068,1,"Tyrannidae","Sayornis saya",2020,9,13,"4fa7b334-ce0d-4e88-aaae-2e0c138d049e",NA,"3203739114"
32.08736,-110.84068,4,"Polioptilidae","Polioptila melanura",2020,9,13,"4fa7b334-ce0d-4e88-aaae-2e0c138d049e",NA,"3190443930"
32.08736,-110.84068,1,"Falconidae","Falco sparverius",2020,9,13,"4fa7b334-ce0d-4e88-aaae-2e0c138d049e",NA,"3187186051"
32.08736,-110.84068,3,"Mimidae","Toxostoma curvirostre",2020,9,13,"4fa7b334-ce0d-4e88-aaae-2e0c138d049e",NA,"3198044028"
32.085514,-110.833496,1,"Picidae","Melanerpes uropygialis",2020,9,22,"4fa7b334-ce0d-4e88-aaae-2e0c138d049e",NA,"3283174148"
32.085514,-110.833496,2,"Remizidae","Auriparus flaviceps",2020,9,22,"4fa7b334-ce0d-4e88-aaae-2e0c138d049e",NA,"3292326049"
32.085514,-110.833496,1,"Tyrannidae","Sayornis saya",2020,9,22,"4fa7b334-ce0d-4e88-aaae-2e0c138d049e",NA,"3273453080"
32.08736,-110.84068,4,"Odontophoridae","Callipepla gambelii",2020,9,22,"4fa7b334-ce0d-4e88-aaae-2e0c138d049e",NA,"3199470993"
32.08736,-110.84068,1,"Mimidae","Toxostoma curvirostre",2020,9,22,"4fa7b334-ce0d-4e88-aaae-2e0c138d049e",NA,"3207371089"
32.08736,-110.84068,1,"Columbidae","Zenaida macroura",2020,9,22,"4fa7b334-ce0d-4e88-aaae-2e0c138d049e",NA,"3192064015"
32.08736,-110.84068,1,"Cuculidae","Geococcyx californianus",2020,9,22,"4fa7b334-ce0d-4e88-aaae-2e0c138d049e",NA,"3201353899"
32.08736,-110.84068,1,"Polioptilidae","Polioptila melanura",2020,9,22,"4fa7b334-ce0d-4e88-aaae-2e0c138d049e",NA,"3201498022"
32.08736,-110.84068,2,"Cathartidae","Cathartes aura",2020,9,22,"4fa7b334-ce0d-4e88-aaae-2e0c138d049e",NA,"3178994212"
32.08736,-110.84068,1,"Cardinalidae","Piranga ludoviciana",2020,9,22,"4fa7b334-ce0d-4e88-aaae-2e0c138d049e",NA,"3192466017"
32.08736,-110.84068,1,"Cardinalidae","Pheucticus melanocephalus",2020,9,22,"4fa7b334-ce0d-4e88-aaae-2e0c138d049e",NA,"3185980210"
32.08736,-110.84068,1,"Corvidae","Corvus corax",2020,9,22,"4fa7b334-ce0d-4e88-aaae-2e0c138d049e",NA,"3202558081"
32.08736,-110.84068,2,"Remizidae","Auriparus flaviceps",2020,9,22,"4fa7b334-ce0d-4e88-aaae-2e0c138d049e",NA,"3181329097"
32.08736,-110.84068,2,"Tyrannidae","Pyrocephalus rubinus",2020,9,27,"4fa7b334-ce0d-4e88-aaae-2e0c138d049e",NA,"3288690167"
32.08736,-110.84068,5,"Columbidae","Columba livia",2020,9,27,"4fa7b334-ce0d-4e88-aaae-2e0c138d049e",NA,"3294895461"
32.08736,-110.84068,2,"Picidae","Melanerpes uropygialis",2020,9,27,"4fa7b334-ce0d-4e88-aaae-2e0c138d049e",NA,"3296913139"
32.08736,-110.84068,2,"Cardinalidae","Cardinalis cardinalis",2020,9,27,"4fa7b334-ce0d-4e88-aaae-2e0c138d049e",NA,"3298106462"
32.08736,-110.84068,1,"Odontophoridae","Callipepla gambelii",2020,9,27,"4fa7b334-ce0d-4e88-aaae-2e0c138d049e",NA,"3300804339"
32.08736,-110.84068,6,"Sturnidae","Sturnus vulgaris",2020,9,27,"4fa7b334-ce0d-4e88-aaae-2e0c138d049e",NA,"3187054405"
32.08736,-110.84068,4,"Fringillidae","Haemorhous mexicanus",2020,9,27,"4fa7b334-ce0d-4e88-aaae-2e0c138d049e",NA,"3199589189"
32.08736,-110.84068,5,"Columbidae","Zenaida macroura",2020,9,27,"4fa7b334-ce0d-4e88-aaae-2e0c138d049e",NA,"3183786280"
32.08736,-110.84068,5,"Fringillidae","Spinus psaltria",2020,9,27,"4fa7b334-ce0d-4e88-aaae-2e0c138d049e",NA,"3182918502"
32.08736,-110.84068,5,"Remizidae","Auriparus flaviceps",2020,9,27,"4fa7b334-ce0d-4e88-aaae-2e0c138d049e",NA,"3184067562"
32.08736,-110.84068,4,"Mimidae","Toxostoma curvirostre",2020,9,27,"4fa7b334-ce0d-4e88-aaae-2e0c138d049e",NA,"3186337759"
32.08736,-110.84068,5,"Icteridae","Euphagus cyanocephalus",2020,9,27,"4fa7b334-ce0d-4e88-aaae-2e0c138d049e",NA,"3200946544"
32.08736,-110.84068,1,"Tyrannidae","Tyrannus verticalis",2020,9,27,"4fa7b334-ce0d-4e88-aaae-2e0c138d049e",NA,"3192791086"
32.08736,-110.84068,1,"Polioptilidae","Polioptila melanura",2020,9,27,"4fa7b334-ce0d-4e88-aaae-2e0c138d049e",NA,"3202328079"
32.08736,-110.84068,3,"Hirundinidae","Hirundo rustica",2020,9,27,"4fa7b334-ce0d-4e88-aaae-2e0c138d049e",NA,"3196702134"
32.08736,-110.84068,2,"Trochilidae","Calypte anna",2020,9,27,"4fa7b334-ce0d-4e88-aaae-2e0c138d049e",NA,"3183441272"
32.08736,-110.84068,1,"Cardinalidae","Cardinalis sinuatus",2020,9,27,"4fa7b334-ce0d-4e88-aaae-2e0c138d049e",NA,"3191407163"
32.08736,-110.84068,2,"Tyrannidae","Sayornis saya",2020,9,27,"4fa7b334-ce0d-4e88-aaae-2e0c138d049e",NA,"3191298240"
32.08736,-110.84068,1,"Parulidae","Cardellina pusilla",2020,9,27,"4fa7b334-ce0d-4e88-aaae-2e0c138d049e",NA,"3197942258"
32.08736,-110.84068,5,"Troglodytidae","Campylorhynchus brunneicapillus",2020,9,27,"4fa7b334-ce0d-4e88-aaae-2e0c138d049e",NA,"3185916224"
32.08736,-110.84068,3,"Emberizidae","Melozone fusca",2020,10,23,"4fa7b334-ce0d-4e88-aaae-2e0c138d049e",NA,"3263414415"
32.08736,-110.84068,1,"Trochilidae","Calypte anna",2020,10,23,"4fa7b334-ce0d-4e88-aaae-2e0c138d049e",NA,"3262492373"
32.08736,-110.84068,8,"Mimidae","Mimus polyglottos",2020,10,23,"4fa7b334-ce0d-4e88-aaae-2e0c138d049e",NA,"3270953337"
32.08736,-110.84068,4,"Remizidae","Auriparus flaviceps",2020,10,23,"4fa7b334-ce0d-4e88-aaae-2e0c138d049e",NA,"3266422179"
32.08736,-110.84068,1,"Columbidae","Zenaida macroura",2020,10,23,"4fa7b334-ce0d-4e88-aaae-2e0c138d049e",NA,"3189678230"
32.08736,-110.84068,1,"Cardinalidae","Cardinalis cardinalis",2020,10,23,"4fa7b334-ce0d-4e88-aaae-2e0c138d049e",NA,"3191614293"
32.08736,-110.84068,1,"Fringillidae","Haemorhous mexicanus",2020,10,23,"4fa7b334-ce0d-4e88-aaae-2e0c138d049e",NA,"3193954637"
32.08736,-110.84068,1,"Cuculidae","Geococcyx californianus",2020,10,23,"4fa7b334-ce0d-4e88-aaae-2e0c138d049e",NA,"3190129491"
32.08736,-110.84068,1,"Parulidae","Setophaga nigrescens",2020,10,11,"4fa7b334-ce0d-4e88-aaae-2e0c138d049e",NA,"3186804447"
32.08736,-110.84068,1,"Mimidae","Mimus polyglottos",2020,10,11,"4fa7b334-ce0d-4e88-aaae-2e0c138d049e",NA,"3200344595"
32.08736,-110.84068,7,"Parulidae","Setophaga coronata",2020,10,11,"4fa7b334-ce0d-4e88-aaae-2e0c138d049e",NA,"3207562364"
32.08736,-110.84068,2,"Tyrannidae","Sayornis saya",2020,10,11,"4fa7b334-ce0d-4e88-aaae-2e0c138d049e",NA,"3183934445"
32.08736,-110.84068,10,"Columbidae","Columba livia",2020,10,11,"4fa7b334-ce0d-4e88-aaae-2e0c138d049e",NA,"3291074515"
32.08736,-110.84068,1,"Tyrannidae","Pyrocephalus rubinus",2020,10,11,"4fa7b334-ce0d-4e88-aaae-2e0c138d049e",NA,"3264177967"
32.08736,-110.84068,2,"Troglodytidae","Campylorhynchus brunneicapillus",2020,10,11,"4fa7b334-ce0d-4e88-aaae-2e0c138d049e",NA,"3258542960"
32.08736,-110.84068,10,"Fringillidae","Haemorhous mexicanus",2020,10,11,"4fa7b334-ce0d-4e88-aaae-2e0c138d049e",NA,"3255293929"
32.08736,-110.84068,1,"Cardinalidae","Cardinalis sinuatus",2020,10,11,"4fa7b334-ce0d-4e88-aaae-2e0c138d049e",NA,"3250116970"
32.08736,-110.84068,1,"Tyrannidae","Tyrannus vociferans",2020,10,11,"4fa7b334-ce0d-4e88-aaae-2e0c138d049e",NA,"3255404273"
32.08736,-110.84068,2,"Picidae","Melanerpes uropygialis",2020,10,11,"4fa7b334-ce0d-4e88-aaae-2e0c138d049e",NA,"3256606107"
32.08736,-110.84068,1,"Troglodytidae","Salpinctes obsoletus",2020,10,11,"4fa7b334-ce0d-4e88-aaae-2e0c138d049e",NA,"3251335197"
32.08736,-110.84068,4,"Remizidae","Auriparus flaviceps",2020,10,11,"4fa7b334-ce0d-4e88-aaae-2e0c138d049e",NA,"3249477204"
32.08736,-110.84068,4,"Columbidae","Zenaida macroura",2020,10,11,"4fa7b334-ce0d-4e88-aaae-2e0c138d049e",NA,"3298855604"
32.08736,-110.84068,1,"Cardinalidae","Cardinalis cardinalis",2020,10,11,"4fa7b334-ce0d-4e88-aaae-2e0c138d049e",NA,"3274240947"
32.08736,-110.84068,2,"Hirundinidae","Hirundo rustica",2020,10,11,"4fa7b334-ce0d-4e88-aaae-2e0c138d049e",NA,"3258804068"
32.08736,-110.84068,2,"Polioptilidae","Polioptila melanura",2020,10,11,"4fa7b334-ce0d-4e88-aaae-2e0c138d049e",NA,"3254040235"
32.08736,-110.84068,2,"Mimidae","Toxostoma curvirostre",2020,10,11,"4fa7b334-ce0d-4e88-aaae-2e0c138d049e",NA,"3260467182"
32.08736,-110.84068,8,"Sturnidae","Sturnus vulgaris",2020,10,11,"4fa7b334-ce0d-4e88-aaae-2e0c138d049e",NA,"3266549308"
32.08736,-110.84068,4,"Emberizidae","Zonotrichia leucophrys",2020,10,11,"4fa7b334-ce0d-4e88-aaae-2e0c138d049e",NA,"3258562200"
32.08736,-110.84068,7,"Fringillidae","Spinus psaltria",2020,10,11,"4fa7b334-ce0d-4e88-aaae-2e0c138d049e",NA,"3259261242"
32.08736,-110.84068,1,"Accipitridae","Accipiter cooperii",2020,10,11,"4fa7b334-ce0d-4e88-aaae-2e0c138d049e",NA,"3260774367"
32.08736,-110.84068,30,"Icteridae","Euphagus cyanocephalus",2020,10,11,"4fa7b334-ce0d-4e88-aaae-2e0c138d049e",NA,"3254252502"
32.08736,-110.84068,2,"Tyrannidae","Pyrocephalus rubinus",2020,11,17,"4fa7b334-ce0d-4e88-aaae-2e0c138d049e",NA,"3279954043"
32.08736,-110.84068,1,"Columbidae","Streptopelia decaocto",2020,11,17,"4fa7b334-ce0d-4e88-aaae-2e0c138d049e",NA,"3290099996"
32.08736,-110.84068,2,"Emberizidae","Melozone aberti",2020,11,17,"4fa7b334-ce0d-4e88-aaae-2e0c138d049e",NA,"3290229986"
32.08736,-110.84068,16,"Columbidae","Columba livia",2020,11,17,"4fa7b334-ce0d-4e88-aaae-2e0c138d049e",NA,"3267433889"
32.08736,-110.84068,2,"Mimidae","Toxostoma curvirostre",2020,11,17,"4fa7b334-ce0d-4e88-aaae-2e0c138d049e",NA,"3265339039"
32.08736,-110.84068,1,"Picidae","Melanerpes uropygialis",2020,11,17,"4fa7b334-ce0d-4e88-aaae-2e0c138d049e",NA,"3282719855"
32.08736,-110.84068,10,"Columbidae","Zenaida macroura",2020,11,17,"4fa7b334-ce0d-4e88-aaae-2e0c138d049e",NA,"3264770196"
32.08736,-110.84068,1,"Cardinalidae","Cardinalis cardinalis",2020,11,17,"4fa7b334-ce0d-4e88-aaae-2e0c138d049e",NA,"3290184048"
32.08736,-110.84068,2,"Fringillidae","Spinus psaltria",2020,11,17,"4fa7b334-ce0d-4e88-aaae-2e0c138d049e",NA,"3290032150"
32.08736,-110.84068,8,"Fringillidae","Haemorhous mexicanus",2020,11,17,"4fa7b334-ce0d-4e88-aaae-2e0c138d049e",NA,"3284769260"
32.08736,-110.84068,3,"Trochilidae","Calypte anna",2020,11,17,"4fa7b334-ce0d-4e88-aaae-2e0c138d049e",NA,"3288602106"
32.08736,-110.84068,6,"Remizidae","Auriparus flaviceps",2020,11,17,"4fa7b334-ce0d-4e88-aaae-2e0c138d049e",NA,"3281661080"
32.08736,-110.84068,3,"Mimidae","Mimus polyglottos",2020,11,17,"4fa7b334-ce0d-4e88-aaae-2e0c138d049e",NA,"3288586008"
32.08736,-110.84068,12,"Emberizidae","Zonotrichia leucophrys",2020,11,17,"4fa7b334-ce0d-4e88-aaae-2e0c138d049e",NA,"3293052237"
32.08736,-110.84068,1,"Troglodytidae","Campylorhynchus brunneicapillus",2020,11,20,"4fa7b334-ce0d-4e88-aaae-2e0c138d049e",NA,"3211589595"
32.08736,-110.84068,4,"Passeridae","Passer domesticus",2020,11,20,"4fa7b334-ce0d-4e88-aaae-2e0c138d049e",NA,"3212541513"
32.08736,-110.84068,2,"Icteridae","Molothrus ater",2020,11,20,"4fa7b334-ce0d-4e88-aaae-2e0c138d049e",NA,"3197495532"
32.08736,-110.84068,2,"Polioptilidae","Polioptila melanura",2020,11,20,"4fa7b334-ce0d-4e88-aaae-2e0c138d049e",NA,"3202118392"
32.08736,-110.84068,7,"Remizidae","Auriparus flaviceps",2020,11,20,"4fa7b334-ce0d-4e88-aaae-2e0c138d049e",NA,"3207357382"
32.08736,-110.84068,2,"Cardinalidae","Cardinalis sinuatus",2020,11,20,"4fa7b334-ce0d-4e88-aaae-2e0c138d049e",NA,"3193719249"
32.08736,-110.84068,4,"Trochilidae","Calypte anna",2020,11,20,"4fa7b334-ce0d-4e88-aaae-2e0c138d049e",NA,"3199190483"
32.08736,-110.84068,2,"Mimidae","Toxostoma curvirostre",2020,11,20,"4fa7b334-ce0d-4e88-aaae-2e0c138d049e",NA,"3202335512"
32.08736,-110.84068,1,"Ptilogonatidae","Phainopepla nitens",2020,11,20,"4fa7b334-ce0d-4e88-aaae-2e0c138d049e",NA,"3196597507"
32.08736,-110.84068,3,"Tyrannidae","Sayornis saya",2020,11,20,"4fa7b334-ce0d-4e88-aaae-2e0c138d049e",NA,"3207750752"
32.08736,-110.84068,10,"Icteridae","Euphagus cyanocephalus",2020,11,20,"4fa7b334-ce0d-4e88-aaae-2e0c138d049e",NA,"3283376339"
32.08736,-110.84068,6,"Fringillidae","Haemorhous mexicanus",2020,11,20,"4fa7b334-ce0d-4e88-aaae-2e0c138d049e",NA,"3282132236"
32.08736,-110.84068,2,"Mimidae","Mimus polyglottos",2020,11,20,"4fa7b334-ce0d-4e88-aaae-2e0c138d049e",NA,"3276304299"
32.08736,-110.84068,1,"Cardinalidae","Cardinalis cardinalis",2020,11,20,"4fa7b334-ce0d-4e88-aaae-2e0c138d049e",NA,"3287747309"
32.08736,-110.84068,1,"Emberizidae","Spizella breweri",2020,11,20,"4fa7b334-ce0d-4e88-aaae-2e0c138d049e",NA,"3293075397"
32.08736,-110.84068,6,"Columbidae","Zenaida macroura",2020,11,20,"4fa7b334-ce0d-4e88-aaae-2e0c138d049e",NA,"3294480221"
32.08736,-110.84068,4,"Fringillidae","Spinus psaltria",2020,11,20,"4fa7b334-ce0d-4e88-aaae-2e0c138d049e",NA,"3292290276"
32.08736,-110.84068,24,"Columbidae","Columba livia",2020,11,20,"4fa7b334-ce0d-4e88-aaae-2e0c138d049e",NA,"3289092439"
32.08736,-110.84068,10,"Emberizidae","Zonotrichia leucophrys",2020,11,20,"4fa7b334-ce0d-4e88-aaae-2e0c138d049e",NA,"3286871339"
32.08736,-110.84068,1,"Cuculidae","Geococcyx californianus",2020,11,20,"4fa7b334-ce0d-4e88-aaae-2e0c138d049e",NA,"3295995478"
32.08736,-110.84068,4,"Odontophoridae","Callipepla gambelii",2020,11,24,"4fa7b334-ce0d-4e88-aaae-2e0c138d049e",NA,"3284723939"
32.08736,-110.84068,5,"Fringillidae","Haemorhous mexicanus",2020,11,24,"4fa7b334-ce0d-4e88-aaae-2e0c138d049e",NA,"3284670027"
32.08736,-110.84068,12,"Anatidae","Anas americana",2020,11,24,"4fa7b334-ce0d-4e88-aaae-2e0c138d049e",NA,"3291736098"
32.08736,-110.84068,8,"Remizidae","Auriparus flaviceps",2020,11,24,"4fa7b334-ce0d-4e88-aaae-2e0c138d049e",NA,"3296276123"
32.08736,-110.84068,4,"Emberizidae","Amphispiza bilineata",2020,11,24,"4fa7b334-ce0d-4e88-aaae-2e0c138d049e",NA,"3298675127"
32.08736,-110.84068,2,"Trochilidae","Calypte anna",2020,11,24,"4fa7b334-ce0d-4e88-aaae-2e0c138d049e",NA,"3291689880"
32.08736,-110.84068,6,"Mimidae","Toxostoma curvirostre",2020,11,24,"4fa7b334-ce0d-4e88-aaae-2e0c138d049e",NA,"3293408126"
32.08736,-110.84068,1,"Tyrannidae","Sayornis saya",2020,11,24,"4fa7b334-ce0d-4e88-aaae-2e0c138d049e",NA,"3295346078"
32.08736,-110.84068,12,"Fringillidae","Spinus psaltria",2020,11,24,"4fa7b334-ce0d-4e88-aaae-2e0c138d049e",NA,"3289231157"
32.08736,-110.84068,48,"Columbidae","Columba livia",2020,11,24,"4fa7b334-ce0d-4e88-aaae-2e0c138d049e",NA,"3296326219"
32.08736,-110.84068,12,"Emberizidae","Zonotrichia leucophrys",2020,11,24,"4fa7b334-ce0d-4e88-aaae-2e0c138d049e",NA,"3291486062"
32.08736,-110.84068,3,"Troglodytidae","Campylorhynchus brunneicapillus",2020,11,24,"4fa7b334-ce0d-4e88-aaae-2e0c138d049e",NA,"3293329155"
32.08736,-110.84068,2,"Tyrannidae","Pyrocephalus rubinus",2020,11,24,"4fa7b334-ce0d-4e88-aaae-2e0c138d049e",NA,"3298847092"
32.08736,-110.84068,1,"Accipitridae","Accipiter cooperii",2020,11,24,"4fa7b334-ce0d-4e88-aaae-2e0c138d049e",NA,"3295024884"
32.08736,-110.84068,6,"Polioptilidae","Polioptila melanura",2020,11,24,"4fa7b334-ce0d-4e88-aaae-2e0c138d049e",NA,"3293622887"
32.08736,-110.84068,12,"Columbidae","Zenaida macroura",2020,11,24,"4fa7b334-ce0d-4e88-aaae-2e0c138d049e",NA,"3298802956"
32.08736,-110.84068,2,"Emberizidae","Peucaea carpalis",2020,11,24,"4fa7b334-ce0d-4e88-aaae-2e0c138d049e",NA,"3210650263"
32.08736,-110.84068,2,"Corvidae","Corvus corax",2020,11,25,"4fa7b334-ce0d-4e88-aaae-2e0c138d049e",NA,"3213073651"
32.08736,-110.84068,20,"Columbidae","Columba livia",2020,11,25,"4fa7b334-ce0d-4e88-aaae-2e0c138d049e",NA,"3195403480"
32.08736,-110.84068,2,"Columbidae","Zenaida macroura",2020,11,25,"4fa7b334-ce0d-4e88-aaae-2e0c138d049e",NA,"3206201626"
32.08736,-110.84068,1,"Accipitridae","Buteo jamaicensis",2020,11,25,"4fa7b334-ce0d-4e88-aaae-2e0c138d049e",NA,"3215110373"
32.08736,-110.84068,1,"Cardinalidae","Cardinalis sinuatus",2020,12,12,"4fa7b334-ce0d-4e88-aaae-2e0c138d049e",NA,"3296089052"
32.08736,-110.84068,1,"Tyrannidae","Sayornis nigricans",2020,12,12,"4fa7b334-ce0d-4e88-aaae-2e0c138d049e",NA,"3291967209"
32.08736,-110.84068,1,"Polioptilidae","Polioptila melanura",2020,12,12,"4fa7b334-ce0d-4e88-aaae-2e0c138d049e",NA,"3296620159"
32.08736,-110.84068,1,"Emberizidae","Amphispiza bilineata",2020,12,12,"4fa7b334-ce0d-4e88-aaae-2e0c138d049e",NA,"3297888213"
32.08736,-110.84068,1,"Tyrannidae","Sayornis saya",2020,12,12,"4fa7b334-ce0d-4e88-aaae-2e0c138d049e",NA,"3297266060"
32.08736,-110.84068,1,"Remizidae","Auriparus flaviceps",2020,12,12,"4fa7b334-ce0d-4e88-aaae-2e0c138d049e",NA,"3294881009"
32.08736,-110.84068,1,"Icteridae","Quiscalus mexicanus",2020,12,12,"4fa7b334-ce0d-4e88-aaae-2e0c138d049e",NA,"3293431051"
32.08736,-110.84068,1,"Tyrannidae","Pyrocephalus rubinus",2020,12,12,"4fa7b334-ce0d-4e88-aaae-2e0c138d049e",NA,"3296747637"
32.08736,-110.84068,1,"Troglodytidae","Campylorhynchus brunneicapillus",2020,12,12,"4fa7b334-ce0d-4e88-aaae-2e0c138d049e",NA,"3296001013"
32.08736,-110.84068,1,"Icteridae","Agelaius phoeniceus",2020,12,12,"4fa7b334-ce0d-4e88-aaae-2e0c138d049e",NA,"3299641435"
32.08736,-110.84068,1,"Mimidae","Toxostoma curvirostre",2020,12,12,"4fa7b334-ce0d-4e88-aaae-2e0c138d049e",NA,"3281321935"
32.08736,-110.84068,1,"Turdidae","Sialia mexicana",2020,12,12,"4fa7b334-ce0d-4e88-aaae-2e0c138d049e",NA,"3281856756"
32.08736,-110.84068,1,"Ptilogonatidae","Phainopepla nitens",2020,12,12,"4fa7b334-ce0d-4e88-aaae-2e0c138d049e",NA,"3209803638"
32.08736,-110.84068,1,"Odontophoridae","Callipepla gambelii",2020,12,12,"4fa7b334-ce0d-4e88-aaae-2e0c138d049e",NA,"3283131633"
32.08736,-110.84068,1,"Picidae","Dryobates scalaris",2020,12,12,"4fa7b334-ce0d-4e88-aaae-2e0c138d049e",NA,"3268655720"
32.08736,-110.84068,1,"Fringillidae","Spinus psaltria",2020,12,12,"4fa7b334-ce0d-4e88-aaae-2e0c138d049e",NA,"3297100203"
32.08736,-110.84068,1,"Cardinalidae","Cardinalis cardinalis",2020,12,12,"4fa7b334-ce0d-4e88-aaae-2e0c138d049e",NA,"3280288636"
32.08736,-110.84068,1,"Emberizidae","Zonotrichia leucophrys",2020,12,12,"4fa7b334-ce0d-4e88-aaae-2e0c138d049e",NA,"3203698892"
32.08736,-110.84068,1,"Picidae","Melanerpes uropygialis",2020,12,12,"4fa7b334-ce0d-4e88-aaae-2e0c138d049e",NA,"3215496213"
32.08736,-110.84068,1,"Emberizidae","Melozone aberti",2020,12,12,"4fa7b334-ce0d-4e88-aaae-2e0c138d049e",NA,"3293145061"
32.08736,-110.84068,1,"Mimidae","Mimus polyglottos",2020,12,12,"4fa7b334-ce0d-4e88-aaae-2e0c138d049e",NA,"3292992107"
32.08736,-110.84068,1,"Cuculidae","Geococcyx californianus",2020,12,12,"4fa7b334-ce0d-4e88-aaae-2e0c138d049e",NA,"3295083939"
32.084587,-110.82481,1,"Cardinalidae","Cardinalis sinuatus",2019,8,11,"4fa7b334-ce0d-4e88-aaae-2e0c138d049e",NA,"2770496355"
32.084587,-110.82481,2,"Trochilidae","Calypte anna",2019,8,11,"4fa7b334-ce0d-4e88-aaae-2e0c138d049e",NA,"2776239347"
32.084587,-110.82481,2,"Trochilidae","Calypte costae",2019,8,11,"4fa7b334-ce0d-4e88-aaae-2e0c138d049e",NA,"2763228340"
32.084587,-110.82481,10,"Columbidae","Zenaida asiatica",2019,8,11,"4fa7b334-ce0d-4e88-aaae-2e0c138d049e",NA,"2784067185"
32.084587,-110.82481,12,"Passeridae","Passer domesticus",2019,8,11,"4fa7b334-ce0d-4e88-aaae-2e0c138d049e",NA,"2762839327"
32.084587,-110.82481,1,"Trochilidae","Archilochus alexandri",2019,8,11,"4fa7b334-ce0d-4e88-aaae-2e0c138d049e",NA,"2769817377"
32.084587,-110.82481,1,"Emberizidae","Peucaea carpalis",2019,8,11,"4fa7b334-ce0d-4e88-aaae-2e0c138d049e",NA,"2747742167"
32.084587,-110.82481,3,"Columbidae","Columba livia",2019,8,11,"4fa7b334-ce0d-4e88-aaae-2e0c138d049e",NA,"2705427053"
32.084587,-110.82481,2,"Fringillidae","Haemorhous mexicanus",2019,8,11,"4fa7b334-ce0d-4e88-aaae-2e0c138d049e",NA,"2691783401"
32.084587,-110.82481,2,"Cardinalidae","Cardinalis cardinalis",2019,8,11,"4fa7b334-ce0d-4e88-aaae-2e0c138d049e",NA,"2702577329"
32.084587,-110.82481,6,"Columbidae","Zenaida macroura",2019,8,11,"4fa7b334-ce0d-4e88-aaae-2e0c138d049e",NA,"2690306418"
32.084587,-110.82481,2,"Emberizidae","Amphispiza bilineata",2019,8,11,"4fa7b334-ce0d-4e88-aaae-2e0c138d049e",NA,"2712023382"
32.085559,-110.826514,NA,"Tyrannidae","Pyrocephalus rubinus",2021,5,17,"50c9509d-22c7-4a22-a47d-8c48425ef4a7","iNaturalist research-grade observations","3118417351"
32.085733,-110.826474,NA,"Tyrannidae","Pyrocephalus rubinus",2021,5,17,"50c9509d-22c7-4a22-a47d-8c48425ef4a7","iNaturalist research-grade observations","3118474332"
