"decimalLatitude","decimalLongitude","individualCount","family","species","year","month","day","datasetKey","gbifID"
32.23968,-110.86118,1,"Mimidae","Mimus polyglottos",2021,3,20,"4fa7b334-ce0d-4e88-aaae-2e0c138d049e","3541540827"
32.243202,-110.859535,4,"Corvidae","Corvus corax",2020,10,12,"4fa7b334-ce0d-4e88-aaae-2e0c138d049e","3252104212"
32.243202,-110.859535,1,"Columbidae","Zenaida macroura",2020,10,12,"4fa7b334-ce0d-4e88-aaae-2e0c138d049e","3279670365"
32.243202,-110.859535,2,"Fringillidae","Spinus psaltria",2020,10,12,"4fa7b334-ce0d-4e88-aaae-2e0c138d049e","3270052193"
32.236286,-110.858215,3,"Passeridae","Passer domesticus",2019,3,3,"4fa7b334-ce0d-4e88-aaae-2e0c138d049e","2673766098"
