"decimalLatitude","decimalLongitude","individualCount","family","species","year","month","day","datasetKey","datasetName","gbifID"
32.163376,-110.99255,4,"Icteridae","Quiscalus mexicanus",2017,5,25,"4fa7b334-ce0d-4e88-aaae-2e0c138d049e",NA,"3646088980"
32.163376,-110.99255,1,"Falconidae","Falco sparverius",2017,5,25,"4fa7b334-ce0d-4e88-aaae-2e0c138d049e",NA,"3655316087"
32.163376,-110.99255,1,"Strigidae","Athene cunicularia",2017,5,25,"4fa7b334-ce0d-4e88-aaae-2e0c138d049e",NA,"3648185562"
32.163376,-110.99255,2,"Columbidae","Zenaida macroura",2017,5,25,"4fa7b334-ce0d-4e88-aaae-2e0c138d049e",NA,"3652167318"
32.163376,-110.99255,5,"Hirundinidae","Petrochelidon pyrrhonota",2017,5,25,"4fa7b334-ce0d-4e88-aaae-2e0c138d049e",NA,"3660694222"
32.164632,-110.993053,NA,"Accipitridae","Accipiter cooperii",2019,12,28,"50c9509d-22c7-4a22-a47d-8c48425ef4a7","iNaturalist research-grade observations","2557733144"
