"decimalLatitude","decimalLongitude","individualCount","family","species","year","month","day","datasetKey","datasetName","gbifID"
32.257847,-110.815926,1,"Fringillidae","Spinus psaltria",2021,4,17,"4fa7b334-ce0d-4e88-aaae-2e0c138d049e",NA,"3613513413"
32.257847,-110.815926,1,"Odontophoridae","Callipepla gambelii",2021,4,17,"4fa7b334-ce0d-4e88-aaae-2e0c138d049e",NA,"3641262152"
32.257847,-110.815926,1,"Parulidae","Setophaga coronata",2021,4,17,"4fa7b334-ce0d-4e88-aaae-2e0c138d049e",NA,"3594185096"
32.257847,-110.815926,1,"Emberizidae","Zonotrichia leucophrys",2021,4,17,"4fa7b334-ce0d-4e88-aaae-2e0c138d049e",NA,"3603955607"
32.257847,-110.815926,2,"Passeridae","Passer domesticus",2021,4,17,"4fa7b334-ce0d-4e88-aaae-2e0c138d049e",NA,"3598882899"
32.257847,-110.815926,1,"Trochilidae","Calypte anna",2021,4,17,"4fa7b334-ce0d-4e88-aaae-2e0c138d049e",NA,"3605888963"
32.257847,-110.815926,3,"Parulidae","Leiothlypis luciae",2021,4,17,"4fa7b334-ce0d-4e88-aaae-2e0c138d049e",NA,"3601064739"
32.257847,-110.815926,2,"Ptilogonatidae","Phainopepla nitens",2021,4,17,"4fa7b334-ce0d-4e88-aaae-2e0c138d049e",NA,"3607420510"
32.257847,-110.815926,3,"Sturnidae","Sturnus vulgaris",2021,4,17,"4fa7b334-ce0d-4e88-aaae-2e0c138d049e",NA,"3611817901"
32.257847,-110.815926,2,"Columbidae","Streptopelia decaocto",2021,4,17,"4fa7b334-ce0d-4e88-aaae-2e0c138d049e",NA,"3626649536"
32.257847,-110.815926,2,"Tyrannidae","Pyrocephalus rubinus",2021,4,17,"4fa7b334-ce0d-4e88-aaae-2e0c138d049e",NA,"3619733694"
32.257847,-110.815926,1,"Mimidae","Mimus polyglottos",2021,4,17,"4fa7b334-ce0d-4e88-aaae-2e0c138d049e",NA,"3623862356"
32.257847,-110.815926,3,"Columbidae","Zenaida macroura",2021,4,17,"4fa7b334-ce0d-4e88-aaae-2e0c138d049e",NA,"3599971885"
32.257847,-110.815926,1,"Picidae","Melanerpes uropygialis",2021,4,17,"4fa7b334-ce0d-4e88-aaae-2e0c138d049e",NA,"3606270720"
32.257847,-110.815926,1,"Accipitridae","Buteo jamaicensis",2021,4,17,"4fa7b334-ce0d-4e88-aaae-2e0c138d049e",NA,"3601850535"
32.257847,-110.815926,2,"Columbidae","Zenaida asiatica",2021,4,17,"4fa7b334-ce0d-4e88-aaae-2e0c138d049e",NA,"3605253926"
32.257847,-110.815926,12,"Fringillidae","Haemorhous mexicanus",2021,4,17,"4fa7b334-ce0d-4e88-aaae-2e0c138d049e",NA,"3606325896"
32.254593,-110.809006,2,"Accipitridae","Parabuteo unicinctus",2021,5,21,"4fa7b334-ce0d-4e88-aaae-2e0c138d049e",NA,"3679496720"
32.254593,-110.809006,2,"Accipitridae","Parabuteo unicinctus",2021,5,21,"4fa7b334-ce0d-4e88-aaae-2e0c138d049e",NA,"3687341649"
32.252327,-110.809235,1,"Ptilogonatidae","Phainopepla nitens",2021,5,13,"4fa7b334-ce0d-4e88-aaae-2e0c138d049e",NA,"3526635118"
32.252327,-110.809235,2,"Columbidae","Zenaida macroura",2021,5,13,"4fa7b334-ce0d-4e88-aaae-2e0c138d049e",NA,"3538651470"
32.252327,-110.809235,3,"Fringillidae","Spinus psaltria",2021,5,13,"4fa7b334-ce0d-4e88-aaae-2e0c138d049e",NA,"3537936295"
32.252327,-110.809235,1,"Picidae","Melanerpes uropygialis",2021,5,13,"4fa7b334-ce0d-4e88-aaae-2e0c138d049e",NA,"3539134052"
32.252327,-110.809235,3,"Columbidae","Zenaida asiatica",2021,5,13,"4fa7b334-ce0d-4e88-aaae-2e0c138d049e",NA,"3542691796"
32.252327,-110.809235,2,"Tyrannidae","Pyrocephalus rubinus",2021,5,13,"4fa7b334-ce0d-4e88-aaae-2e0c138d049e",NA,"3542408873"
32.255363,-110.81479,1,"Mimidae","Toxostoma curvirostre",2021,10,14,"4fa7b334-ce0d-4e88-aaae-2e0c138d049e",NA,"3549941543"
32.255363,-110.81479,2,"Picidae","Sphyrapicus nuchalis",2021,10,14,"4fa7b334-ce0d-4e88-aaae-2e0c138d049e",NA,"3686851230"
32.255363,-110.81479,1,"Picidae","Melanerpes uropygialis",2021,10,14,"4fa7b334-ce0d-4e88-aaae-2e0c138d049e",NA,"3688525207"
32.255363,-110.81479,5,"Emberizidae","Chondestes grammacus",2021,10,14,"4fa7b334-ce0d-4e88-aaae-2e0c138d049e",NA,"3692322197"
32.255363,-110.81479,2,"Picidae","Dryobates scalaris",2021,10,14,"4fa7b334-ce0d-4e88-aaae-2e0c138d049e",NA,"3693149449"
32.257847,-110.815926,1,"Vireonidae","Vireo bellii",2020,4,23,"4fa7b334-ce0d-4e88-aaae-2e0c138d049e",NA,"3146330828"
32.257847,-110.815926,2,"Fringillidae","Haemorhous mexicanus",2020,4,23,"4fa7b334-ce0d-4e88-aaae-2e0c138d049e",NA,"3146365807"
32.257847,-110.815926,2,"Tyrannidae","Pyrocephalus rubinus",2020,4,23,"4fa7b334-ce0d-4e88-aaae-2e0c138d049e",NA,"3148205803"
32.257847,-110.815926,1,"Passeridae","Passer domesticus",2020,4,23,"4fa7b334-ce0d-4e88-aaae-2e0c138d049e",NA,"3152223732"
32.252327,-110.809235,1,"Mimidae","Mimus polyglottos",2020,5,11,"4fa7b334-ce0d-4e88-aaae-2e0c138d049e",NA,"3152972048"
32.252327,-110.809235,4,"Tyrannidae","Pyrocephalus rubinus",2020,5,11,"4fa7b334-ce0d-4e88-aaae-2e0c138d049e",NA,"3164203022"
32.252327,-110.809235,3,"Columbidae","Zenaida macroura",2020,5,11,"4fa7b334-ce0d-4e88-aaae-2e0c138d049e",NA,"3160686979"
32.252327,-110.809235,3,"Picidae","Melanerpes uropygialis",2020,5,11,"4fa7b334-ce0d-4e88-aaae-2e0c138d049e",NA,"3156172005"
32.252327,-110.809235,5,"Columbidae","Zenaida asiatica",2020,5,11,"4fa7b334-ce0d-4e88-aaae-2e0c138d049e",NA,"3171626027"
32.252327,-110.809235,1,"Columbidae","Streptopelia decaocto",2020,5,11,"4fa7b334-ce0d-4e88-aaae-2e0c138d049e",NA,"3166761969"
32.252327,-110.809235,4,"Fringillidae","Haemorhous mexicanus",2020,5,11,"4fa7b334-ce0d-4e88-aaae-2e0c138d049e",NA,"3154544154"
32.252327,-110.809235,1,"Fringillidae","Spinus psaltria",2020,5,11,"4fa7b334-ce0d-4e88-aaae-2e0c138d049e",NA,"3158925852"
32.255722,-110.81554,2,"Accipitridae","Buteo jamaicensis",2019,3,13,"4fa7b334-ce0d-4e88-aaae-2e0c138d049e",NA,"2673566595"
32.255722,-110.81554,2,"Icteridae","Quiscalus mexicanus",2019,3,13,"4fa7b334-ce0d-4e88-aaae-2e0c138d049e",NA,"2667617594"
32.255722,-110.81554,5,"Sturnidae","Sturnus vulgaris",2019,3,13,"4fa7b334-ce0d-4e88-aaae-2e0c138d049e",NA,"2658753569"
32.255722,-110.81554,6,"Columbidae","Zenaida macroura",2019,3,13,"4fa7b334-ce0d-4e88-aaae-2e0c138d049e",NA,"2661132563"
32.255722,-110.81554,6,"Tyrannidae","Pyrocephalus rubinus",2019,3,13,"4fa7b334-ce0d-4e88-aaae-2e0c138d049e",NA,"2669267736"
32.255722,-110.81554,1,"Accipitridae","Accipiter cooperii",2019,3,13,"4fa7b334-ce0d-4e88-aaae-2e0c138d049e",NA,"2667670635"
32.255722,-110.81554,2,"Columbidae","Streptopelia decaocto",2019,3,13,"4fa7b334-ce0d-4e88-aaae-2e0c138d049e",NA,"2663476715"
32.255722,-110.81554,14,"Fringillidae","Spinus psaltria",2019,3,13,"4fa7b334-ce0d-4e88-aaae-2e0c138d049e",NA,"2659717559"
32.255722,-110.81554,2,"Corvidae","Corvus corax",2019,3,13,"4fa7b334-ce0d-4e88-aaae-2e0c138d049e",NA,"2677598628"
32.255722,-110.81554,2,"Trochilidae","Calypte anna",2019,3,13,"4fa7b334-ce0d-4e88-aaae-2e0c138d049e",NA,"2738948485"
32.255722,-110.81554,1,"Parulidae","Leiothlypis celata",2019,3,13,"4fa7b334-ce0d-4e88-aaae-2e0c138d049e",NA,"2743937580"
32.255722,-110.81554,1,"Picidae","Melanerpes lewis",2019,3,13,"4fa7b334-ce0d-4e88-aaae-2e0c138d049e",NA,"2743594472"
32.255722,-110.81554,1,"Picidae","Colaptes auratus",2019,3,13,"4fa7b334-ce0d-4e88-aaae-2e0c138d049e",NA,"2740029614"
32.255722,-110.81554,5,"Picidae","Melanerpes uropygialis",2019,3,13,"4fa7b334-ce0d-4e88-aaae-2e0c138d049e",NA,"2738073564"
32.255722,-110.81554,3,"Fringillidae","Haemorhous mexicanus",2019,3,13,"4fa7b334-ce0d-4e88-aaae-2e0c138d049e",NA,"2733641431"
32.255722,-110.81554,3,"Ptilogonatidae","Phainopepla nitens",2019,3,13,"4fa7b334-ce0d-4e88-aaae-2e0c138d049e",NA,"2732470482"
32.255722,-110.81554,1,"Regulidae","Regulus calendula",2019,3,13,"4fa7b334-ce0d-4e88-aaae-2e0c138d049e",NA,"2729052435"
32.255722,-110.81554,1,"Parulidae","Setophaga coronata",2019,3,13,"4fa7b334-ce0d-4e88-aaae-2e0c138d049e",NA,"2749952388"
32.255722,-110.81554,4,"Picidae","Melanerpes uropygialis",2019,3,16,"4fa7b334-ce0d-4e88-aaae-2e0c138d049e",NA,"2672516780"
32.255722,-110.81554,4,"Hirundinidae","Stelgidopteryx serripennis",2019,3,16,"4fa7b334-ce0d-4e88-aaae-2e0c138d049e",NA,"2662222777"
32.255722,-110.81554,4,"Remizidae","Auriparus flaviceps",2019,3,16,"4fa7b334-ce0d-4e88-aaae-2e0c138d049e",NA,"2669641672"
32.255722,-110.81554,6,"Columbidae","Zenaida macroura",2019,3,16,"4fa7b334-ce0d-4e88-aaae-2e0c138d049e",NA,"2662182610"
32.255722,-110.81554,2,"Columbidae","Streptopelia decaocto",2019,3,16,"4fa7b334-ce0d-4e88-aaae-2e0c138d049e",NA,"2668579671"
32.255722,-110.81554,2,"Ptilogonatidae","Phainopepla nitens",2019,3,16,"4fa7b334-ce0d-4e88-aaae-2e0c138d049e",NA,"2659673710"
32.255722,-110.81554,2,"Emberizidae","Zonotrichia leucophrys",2019,3,16,"4fa7b334-ce0d-4e88-aaae-2e0c138d049e",NA,"2672133744"
32.255722,-110.81554,5,"Tyrannidae","Pyrocephalus rubinus",2019,3,16,"4fa7b334-ce0d-4e88-aaae-2e0c138d049e",NA,"2661903684"
32.255722,-110.81554,1,"Accipitridae","Buteo jamaicensis",2019,3,16,"4fa7b334-ce0d-4e88-aaae-2e0c138d049e",NA,"2676825713"
32.255722,-110.81554,5,"Fringillidae","Haemorhous mexicanus",2019,3,16,"4fa7b334-ce0d-4e88-aaae-2e0c138d049e",NA,"2678206594"
32.255722,-110.81554,1,"Picidae","Melanerpes lewis",2019,3,16,"4fa7b334-ce0d-4e88-aaae-2e0c138d049e",NA,"2661490757"
32.255722,-110.81554,6,"Fringillidae","Spinus psaltria",2019,3,16,"4fa7b334-ce0d-4e88-aaae-2e0c138d049e",NA,"2659825799"
32.255722,-110.81554,2,"Icteridae","Euphagus cyanocephalus",2019,3,16,"4fa7b334-ce0d-4e88-aaae-2e0c138d049e",NA,"2660358783"
32.255722,-110.81554,2,"Passeridae","Passer domesticus",2019,3,16,"4fa7b334-ce0d-4e88-aaae-2e0c138d049e",NA,"2674145784"
32.255722,-110.81554,3,"Cathartidae","Cathartes aura",2019,3,16,"4fa7b334-ce0d-4e88-aaae-2e0c138d049e",NA,"2668076777"
32.255722,-110.81554,7,"Sturnidae","Sturnus vulgaris",2019,3,16,"4fa7b334-ce0d-4e88-aaae-2e0c138d049e",NA,"2659148750"
32.258095,-110.814865,1,"Ardeidae","Ardea herodias",2019,3,27,"4fa7b334-ce0d-4e88-aaae-2e0c138d049e",NA,"2672270995"
32.258095,-110.814865,1,"Ardeidae","Ardea herodias",2019,3,27,"4fa7b334-ce0d-4e88-aaae-2e0c138d049e",NA,"2743005102"
32.254852,-110.81436,2,"Falconidae","Falco sparverius",2019,4,30,"4fa7b334-ce0d-4e88-aaae-2e0c138d049e",NA,"2748466305"
32.254852,-110.81436,1,"Icteridae","Quiscalus mexicanus",2019,4,30,"4fa7b334-ce0d-4e88-aaae-2e0c138d049e",NA,"2745780176"
32.254852,-110.81436,1,"Tyrannidae","Tyrannus verticalis",2019,4,30,"4fa7b334-ce0d-4e88-aaae-2e0c138d049e",NA,"2768061137"
32.254852,-110.81436,1,"Columbidae","Streptopelia decaocto",2019,4,30,"4fa7b334-ce0d-4e88-aaae-2e0c138d049e",NA,"2748301159"
32.254852,-110.81436,1,"Vireonidae","Vireo bellii",2019,4,30,"4fa7b334-ce0d-4e88-aaae-2e0c138d049e",NA,"2733992122"
32.254852,-110.81436,6,"Tyrannidae","Pyrocephalus rubinus",2019,4,30,"4fa7b334-ce0d-4e88-aaae-2e0c138d049e",NA,"2765864206"
32.254852,-110.81436,2,"Hirundinidae","Tachycineta bicolor",2019,4,30,"4fa7b334-ce0d-4e88-aaae-2e0c138d049e",NA,"2765076344"
32.254852,-110.81436,2,"Accipitridae","Buteo jamaicensis",2019,4,30,"4fa7b334-ce0d-4e88-aaae-2e0c138d049e",NA,"2743546322"
32.254852,-110.81436,4,"Columbidae","Zenaida asiatica",2019,4,30,"4fa7b334-ce0d-4e88-aaae-2e0c138d049e",NA,"2746466292"
32.254852,-110.81436,2,"Picidae","Melanerpes uropygialis",2019,4,30,"4fa7b334-ce0d-4e88-aaae-2e0c138d049e",NA,"2735870341"
32.254852,-110.81436,2,"Tyrannidae","Tyrannus vociferans",2019,4,30,"4fa7b334-ce0d-4e88-aaae-2e0c138d049e",NA,"2747147346"
32.254852,-110.81436,20,"Sturnidae","Sturnus vulgaris",2019,4,30,"4fa7b334-ce0d-4e88-aaae-2e0c138d049e",NA,"2745235425"
32.254852,-110.81436,2,"Ptilogonatidae","Phainopepla nitens",2019,4,30,"4fa7b334-ce0d-4e88-aaae-2e0c138d049e",NA,"2731448440"
32.252327,-110.809235,2,"Fringillidae","Haemorhous mexicanus",2019,5,5,"4fa7b334-ce0d-4e88-aaae-2e0c138d049e",NA,"2676494124"
32.252327,-110.809235,2,"Columbidae","Zenaida macroura",2019,5,5,"4fa7b334-ce0d-4e88-aaae-2e0c138d049e",NA,"2693891878"
32.252327,-110.809235,1,"Tyrannidae","Pyrocephalus rubinus",2019,5,5,"4fa7b334-ce0d-4e88-aaae-2e0c138d049e",NA,"2696203007"
32.252327,-110.809235,2,"Sturnidae","Sturnus vulgaris",2019,5,5,"4fa7b334-ce0d-4e88-aaae-2e0c138d049e",NA,"2689697981"
32.252327,-110.809235,3,"Columbidae","Zenaida asiatica",2019,5,5,"4fa7b334-ce0d-4e88-aaae-2e0c138d049e",NA,"2678960029"
32.252327,-110.809235,2,"Ptilogonatidae","Phainopepla nitens",2019,5,5,"4fa7b334-ce0d-4e88-aaae-2e0c138d049e",NA,"2679105930"
32.252327,-110.809235,1,"Icteridae","Quiscalus mexicanus",2019,5,5,"4fa7b334-ce0d-4e88-aaae-2e0c138d049e",NA,"2692565767"
32.252327,-110.809235,2,"Picidae","Melanerpes uropygialis",2019,5,5,"4fa7b334-ce0d-4e88-aaae-2e0c138d049e",NA,"2687832922"
32.25769,-110.8087,2,"Corvidae","Corvus corax",2018,1,10,"4fa7b334-ce0d-4e88-aaae-2e0c138d049e",NA,"2104561043"
32.257477,-110.815605,1,"Columbidae","Streptopelia decaocto",2018,11,23,"4fa7b334-ce0d-4e88-aaae-2e0c138d049e",NA,"2222580214"
32.257477,-110.815605,5,"Corvidae","Corvus corax",2018,11,23,"4fa7b334-ce0d-4e88-aaae-2e0c138d049e",NA,"2208214721"
32.257477,-110.815605,1,"Picidae","Melanerpes uropygialis",2018,11,23,"4fa7b334-ce0d-4e88-aaae-2e0c138d049e",NA,"2219908996"
32.257477,-110.815605,3,"Emberizidae","Zonotrichia leucophrys",2018,11,23,"4fa7b334-ce0d-4e88-aaae-2e0c138d049e",NA,"2230157361"
32.257477,-110.815605,6,"Tyrannidae","Pyrocephalus rubinus",2018,11,23,"4fa7b334-ce0d-4e88-aaae-2e0c138d049e",NA,"2219911049"
32.257477,-110.815605,3,"Accipitridae","Accipiter cooperii",2018,11,23,"4fa7b334-ce0d-4e88-aaae-2e0c138d049e",NA,"2219915344"
32.257477,-110.815605,3,"Fringillidae","Haemorhous mexicanus",2018,11,23,"4fa7b334-ce0d-4e88-aaae-2e0c138d049e",NA,"2222592941"
32.257477,-110.815605,1,"Trochilidae","Calypte anna",2018,11,23,"4fa7b334-ce0d-4e88-aaae-2e0c138d049e",NA,"2219905501"
32.257477,-110.815605,1,"Picidae","Dryobates scalaris",2018,11,23,"4fa7b334-ce0d-4e88-aaae-2e0c138d049e",NA,"2208230016"
32.257477,-110.815605,4,"Parulidae","Setophaga coronata",2018,11,23,"4fa7b334-ce0d-4e88-aaae-2e0c138d049e",NA,"2230157909"
32.257477,-110.815605,1,"Falconidae","Falco sparverius",2018,11,23,"4fa7b334-ce0d-4e88-aaae-2e0c138d049e",NA,"2222573381"
32.257477,-110.815605,1,"Columbidae","Zenaida macroura",2018,11,23,"4fa7b334-ce0d-4e88-aaae-2e0c138d049e",NA,"2219902101"
32.257477,-110.815605,1,"Columbidae","Streptopelia decaocto",2018,11,23,"4fa7b334-ce0d-4e88-aaae-2e0c138d049e",NA,"2230156637"
32.257477,-110.815605,5,"Corvidae","Corvus corax",2018,11,23,"4fa7b334-ce0d-4e88-aaae-2e0c138d049e",NA,"2219909521"
32.257477,-110.815605,1,"Picidae","Melanerpes uropygialis",2018,11,23,"4fa7b334-ce0d-4e88-aaae-2e0c138d049e",NA,"2230156670"
32.257477,-110.815605,3,"Emberizidae","Zonotrichia leucophrys",2018,11,23,"4fa7b334-ce0d-4e88-aaae-2e0c138d049e",NA,"2219900330"
32.257477,-110.815605,6,"Tyrannidae","Pyrocephalus rubinus",2018,11,23,"4fa7b334-ce0d-4e88-aaae-2e0c138d049e",NA,"2219896212"
32.257477,-110.815605,3,"Accipitridae","Accipiter cooperii",2018,11,23,"4fa7b334-ce0d-4e88-aaae-2e0c138d049e",NA,"2230156287"
32.257477,-110.815605,3,"Fringillidae","Haemorhous mexicanus",2018,11,23,"4fa7b334-ce0d-4e88-aaae-2e0c138d049e",NA,"2208267773"
32.257477,-110.815605,1,"Trochilidae","Calypte anna",2018,11,23,"4fa7b334-ce0d-4e88-aaae-2e0c138d049e",NA,"2219915194"
32.257477,-110.815605,1,"Picidae","Dryobates scalaris",2018,11,23,"4fa7b334-ce0d-4e88-aaae-2e0c138d049e",NA,"2208223062"
32.257477,-110.815605,4,"Parulidae","Setophaga coronata",2018,11,23,"4fa7b334-ce0d-4e88-aaae-2e0c138d049e",NA,"2222575353"
32.257477,-110.815605,1,"Falconidae","Falco sparverius",2018,11,23,"4fa7b334-ce0d-4e88-aaae-2e0c138d049e",NA,"2230156220"
32.257477,-110.815605,1,"Columbidae","Zenaida macroura",2018,11,23,"4fa7b334-ce0d-4e88-aaae-2e0c138d049e",NA,"2230157009"
32.253204,-110.810555,4,"Picidae","Melanerpes uropygialis",2018,12,28,"4fa7b334-ce0d-4e88-aaae-2e0c138d049e",NA,"3514650516"
32.253204,-110.810555,27,"Columbidae","Zenaida macroura",2018,12,28,"4fa7b334-ce0d-4e88-aaae-2e0c138d049e",NA,"3511647803"
32.253204,-110.810555,2,"Picidae","Colaptes auratus",2018,12,28,"4fa7b334-ce0d-4e88-aaae-2e0c138d049e",NA,"3512363195"
32.253204,-110.810555,19,"Sturnidae","Sturnus vulgaris",2018,12,28,"4fa7b334-ce0d-4e88-aaae-2e0c138d049e",NA,"3518690028"
32.253204,-110.810555,1,"Picidae","Melanerpes lewis",2018,12,28,"4fa7b334-ce0d-4e88-aaae-2e0c138d049e",NA,"3521096696"
32.253204,-110.810555,8,"Columbidae","Streptopelia decaocto",2018,12,28,"4fa7b334-ce0d-4e88-aaae-2e0c138d049e",NA,"3524010796"
32.253204,-110.810555,26,"Bombycillidae","Bombycilla cedrorum",2018,12,28,"4fa7b334-ce0d-4e88-aaae-2e0c138d049e",NA,"3526100726"
32.253204,-110.810555,4,"Icteridae","Euphagus cyanocephalus",2018,12,28,"4fa7b334-ce0d-4e88-aaae-2e0c138d049e",NA,"3527257999"
32.253204,-110.810555,8,"Icteridae","Quiscalus mexicanus",2018,12,28,"4fa7b334-ce0d-4e88-aaae-2e0c138d049e",NA,"3527527739"
32.253204,-110.810555,1,"Accipitridae","Buteo jamaicensis",2018,12,28,"4fa7b334-ce0d-4e88-aaae-2e0c138d049e",NA,"3514329357"
32.253204,-110.810555,6,"Corvidae","Corvus corax",2018,12,28,"4fa7b334-ce0d-4e88-aaae-2e0c138d049e",NA,"3512753429"
32.253204,-110.810555,1,"Polioptilidae","Polioptila caerulea",2018,12,28,"4fa7b334-ce0d-4e88-aaae-2e0c138d049e",NA,"3513230378"
32.253204,-110.810555,4,"Parulidae","Setophaga coronata",2018,12,28,"4fa7b334-ce0d-4e88-aaae-2e0c138d049e",NA,"3514346732"
32.253204,-110.810555,1,"Columbidae","Columba livia",2018,12,28,"4fa7b334-ce0d-4e88-aaae-2e0c138d049e",NA,"3513612992"
32.253204,-110.810555,2,"Emberizidae","Zonotrichia leucophrys",2018,12,28,"4fa7b334-ce0d-4e88-aaae-2e0c138d049e",NA,"3516077813"
32.253204,-110.810555,4,"Passeridae","Passer domesticus",2018,12,28,"4fa7b334-ce0d-4e88-aaae-2e0c138d049e",NA,"3520460354"
32.253204,-110.810555,3,"Tyrannidae","Pyrocephalus rubinus",2018,12,28,"4fa7b334-ce0d-4e88-aaae-2e0c138d049e",NA,"3522227586"
32.253204,-110.810555,2,"Picidae","Dryobates scalaris",2018,12,28,"4fa7b334-ce0d-4e88-aaae-2e0c138d049e",NA,"3528024471"
32.253204,-110.810555,1,"Regulidae","Regulus calendula",2018,12,28,"4fa7b334-ce0d-4e88-aaae-2e0c138d049e",NA,"3527596069"
32.253204,-110.810555,1,"Accipitridae","Accipiter cooperii",2018,12,28,"4fa7b334-ce0d-4e88-aaae-2e0c138d049e",NA,"3516775957"
32.253204,-110.810555,4,"Ptilogonatidae","Phainopepla nitens",2018,12,28,"4fa7b334-ce0d-4e88-aaae-2e0c138d049e",NA,"3514818532"
32.253204,-110.810555,1,"Tyrannidae","Sayornis saya",2018,12,28,"4fa7b334-ce0d-4e88-aaae-2e0c138d049e",NA,"3514682433"
32.25625,-110.81626,1,"Accipitridae","Buteo jamaicensis",2018,12,3,"4fa7b334-ce0d-4e88-aaae-2e0c138d049e",NA,"2223701122"
32.25625,-110.81626,4,"Ptilogonatidae","Phainopepla nitens",2018,12,3,"4fa7b334-ce0d-4e88-aaae-2e0c138d049e",NA,"2221127899"
32.25625,-110.81626,1,"Troglodytidae","Thryomanes bewickii",2018,12,3,"4fa7b334-ce0d-4e88-aaae-2e0c138d049e",NA,"2221135091"
32.25625,-110.81626,1,"Picidae","Melanerpes lewis",2018,12,3,"4fa7b334-ce0d-4e88-aaae-2e0c138d049e",NA,"2230919420"
32.25625,-110.81626,4,"Picidae","Melanerpes uropygialis",2018,12,3,"4fa7b334-ce0d-4e88-aaae-2e0c138d049e",NA,"2209666522"
32.25625,-110.81626,1,"Picidae","Dryobates scalaris",2018,12,3,"4fa7b334-ce0d-4e88-aaae-2e0c138d049e",NA,"2223697604"
32.25625,-110.81626,35,"Corvidae","Corvus corax",2018,12,3,"4fa7b334-ce0d-4e88-aaae-2e0c138d049e",NA,"2221135397"
32.25625,-110.81626,1,"Picidae","Colaptes auratus",2018,12,3,"4fa7b334-ce0d-4e88-aaae-2e0c138d049e",NA,"2230917730"
32.25625,-110.81626,3,"Emberizidae","Chondestes grammacus",2018,12,3,"4fa7b334-ce0d-4e88-aaae-2e0c138d049e",NA,"2209655642"
32.25625,-110.81626,60,"Icteridae","Euphagus cyanocephalus",2018,12,3,"4fa7b334-ce0d-4e88-aaae-2e0c138d049e",NA,"2223697641"
32.25625,-110.81626,30,"Fringillidae","Haemorhous mexicanus",2018,12,3,"4fa7b334-ce0d-4e88-aaae-2e0c138d049e",NA,"2209667412"
32.25625,-110.81626,20,"Columbidae","Streptopelia decaocto",2018,12,3,"4fa7b334-ce0d-4e88-aaae-2e0c138d049e",NA,"2230917334"
32.25625,-110.81626,8,"Emberizidae","Zonotrichia leucophrys",2018,12,3,"4fa7b334-ce0d-4e88-aaae-2e0c138d049e",NA,"2230919957"
32.25625,-110.81626,4,"Accipitridae","Parabuteo unicinctus",2018,12,3,"4fa7b334-ce0d-4e88-aaae-2e0c138d049e",NA,"2221123747"
32.25625,-110.81626,55,"Sturnidae","Sturnus vulgaris",2018,12,3,"4fa7b334-ce0d-4e88-aaae-2e0c138d049e",NA,"2209661363"
32.25625,-110.81626,30,"Columbidae","Zenaida macroura",2018,12,3,"4fa7b334-ce0d-4e88-aaae-2e0c138d049e",NA,"2221120669"
32.25625,-110.81626,2,"Tyrannidae","Pyrocephalus rubinus",2018,12,3,"4fa7b334-ce0d-4e88-aaae-2e0c138d049e",NA,"2230914023"
32.25625,-110.81626,1,"Emberizidae","Peucaea carpalis",2018,12,3,"4fa7b334-ce0d-4e88-aaae-2e0c138d049e",NA,"2209651156"
32.25625,-110.81626,1,"Regulidae","Regulus calendula",2018,12,3,"4fa7b334-ce0d-4e88-aaae-2e0c138d049e",NA,"2230919486"
32.25625,-110.81626,1,"Remizidae","Auriparus flaviceps",2018,12,3,"4fa7b334-ce0d-4e88-aaae-2e0c138d049e",NA,"2230920410"
32.25625,-110.81626,1,"Emberizidae","Melozone aberti",2018,12,3,"4fa7b334-ce0d-4e88-aaae-2e0c138d049e",NA,"2223698581"
32.25625,-110.81626,4,"Passeridae","Passer domesticus",2018,12,3,"4fa7b334-ce0d-4e88-aaae-2e0c138d049e",NA,"2230915734"
32.25625,-110.81626,50,"Icteridae","Quiscalus mexicanus",2018,12,3,"4fa7b334-ce0d-4e88-aaae-2e0c138d049e",NA,"2230920100"
32.25625,-110.81626,10,"Icteridae","Agelaius phoeniceus",2018,12,3,"4fa7b334-ce0d-4e88-aaae-2e0c138d049e",NA,"2221119267"
32.25625,-110.81626,6,"Parulidae","Setophaga coronata",2018,12,3,"4fa7b334-ce0d-4e88-aaae-2e0c138d049e",NA,"2230914099"
32.253204,-110.810555,4,"Picidae","Melanerpes uropygialis",2018,12,28,"4fa7b334-ce0d-4e88-aaae-2e0c138d049e",NA,"2228569446"
32.253204,-110.810555,27,"Columbidae","Zenaida macroura",2018,12,28,"4fa7b334-ce0d-4e88-aaae-2e0c138d049e",NA,"2228567402"
32.253204,-110.810555,2,"Picidae","Colaptes auratus",2018,12,28,"4fa7b334-ce0d-4e88-aaae-2e0c138d049e",NA,"2232958062"
32.253204,-110.810555,19,"Sturnidae","Sturnus vulgaris",2018,12,28,"4fa7b334-ce0d-4e88-aaae-2e0c138d049e",NA,"2225960667"
32.253204,-110.810555,1,"Picidae","Melanerpes lewis",2018,12,28,"4fa7b334-ce0d-4e88-aaae-2e0c138d049e",NA,"2228574877"
32.253204,-110.810555,8,"Columbidae","Streptopelia decaocto",2018,12,28,"4fa7b334-ce0d-4e88-aaae-2e0c138d049e",NA,"2232957963"
32.253204,-110.810555,26,"Bombycillidae","Bombycilla cedrorum",2018,12,28,"4fa7b334-ce0d-4e88-aaae-2e0c138d049e",NA,"2216110117"
32.253204,-110.810555,4,"Icteridae","Euphagus cyanocephalus",2018,12,28,"4fa7b334-ce0d-4e88-aaae-2e0c138d049e",NA,"2232957942"
32.253204,-110.810555,8,"Icteridae","Quiscalus mexicanus",2018,12,28,"4fa7b334-ce0d-4e88-aaae-2e0c138d049e",NA,"2228563187"
32.253204,-110.810555,1,"Accipitridae","Buteo jamaicensis",2018,12,28,"4fa7b334-ce0d-4e88-aaae-2e0c138d049e",NA,"2228577144"
32.253204,-110.810555,6,"Corvidae","Corvus corax",2018,12,28,"4fa7b334-ce0d-4e88-aaae-2e0c138d049e",NA,"2228584296"
32.253204,-110.810555,1,"Polioptilidae","Polioptila caerulea",2018,12,28,"4fa7b334-ce0d-4e88-aaae-2e0c138d049e",NA,"2225951875"
32.253204,-110.810555,4,"Parulidae","Setophaga coronata",2018,12,28,"4fa7b334-ce0d-4e88-aaae-2e0c138d049e",NA,"2216126341"
32.253204,-110.810555,1,"Columbidae","Columba livia",2018,12,28,"4fa7b334-ce0d-4e88-aaae-2e0c138d049e",NA,"2216120739"
32.253204,-110.810555,2,"Emberizidae","Zonotrichia leucophrys",2018,12,28,"4fa7b334-ce0d-4e88-aaae-2e0c138d049e",NA,"2225963421"
32.253204,-110.810555,4,"Passeridae","Passer domesticus",2018,12,28,"4fa7b334-ce0d-4e88-aaae-2e0c138d049e",NA,"2232958054"
32.253204,-110.810555,3,"Tyrannidae","Pyrocephalus rubinus",2018,12,28,"4fa7b334-ce0d-4e88-aaae-2e0c138d049e",NA,"2232957958"
32.253204,-110.810555,2,"Picidae","Dryobates scalaris",2018,12,28,"4fa7b334-ce0d-4e88-aaae-2e0c138d049e",NA,"2225961254"
32.253204,-110.810555,1,"Regulidae","Regulus calendula",2018,12,28,"4fa7b334-ce0d-4e88-aaae-2e0c138d049e",NA,"2228578806"
32.253204,-110.810555,1,"Accipitridae","Accipiter cooperii",2018,12,28,"4fa7b334-ce0d-4e88-aaae-2e0c138d049e",NA,"2232958061"
32.253204,-110.810555,4,"Ptilogonatidae","Phainopepla nitens",2018,12,28,"4fa7b334-ce0d-4e88-aaae-2e0c138d049e",NA,"2216101746"
32.253204,-110.810555,1,"Tyrannidae","Sayornis saya",2018,12,28,"4fa7b334-ce0d-4e88-aaae-2e0c138d049e",NA,"2228579215"
32.25267,-110.810356,1,"Parulidae","Setophaga coronata",2017,1,2,"4fa7b334-ce0d-4e88-aaae-2e0c138d049e",NA,"2032919594"
32.25267,-110.810356,6,"Tyrannidae","Pyrocephalus rubinus",2017,1,2,"4fa7b334-ce0d-4e88-aaae-2e0c138d049e",NA,"2029585624"
32.25267,-110.810356,3,"Columbidae","Streptopelia decaocto",2017,1,2,"4fa7b334-ce0d-4e88-aaae-2e0c138d049e",NA,"2035905494"
32.25267,-110.810356,5,"Emberizidae","Chondestes grammacus",2017,1,2,"4fa7b334-ce0d-4e88-aaae-2e0c138d049e",NA,"2035894240"
32.25267,-110.810356,7,"Fringillidae","Haemorhous mexicanus",2017,1,2,"4fa7b334-ce0d-4e88-aaae-2e0c138d049e",NA,"2035895719"
32.25267,-110.810356,30,"Icteridae","Quiscalus mexicanus",2017,1,2,"4fa7b334-ce0d-4e88-aaae-2e0c138d049e",NA,"2032917164"
32.25267,-110.810356,1,"Regulidae","Regulus calendula",2017,1,2,"4fa7b334-ce0d-4e88-aaae-2e0c138d049e",NA,"2035901507"
32.25267,-110.810356,20,"Columbidae","Zenaida macroura",2017,1,2,"4fa7b334-ce0d-4e88-aaae-2e0c138d049e",NA,"2029581396"
32.25267,-110.810356,50,"Sturnidae","Sturnus vulgaris",2017,1,2,"4fa7b334-ce0d-4e88-aaae-2e0c138d049e",NA,"2035898128"
32.25267,-110.810356,1,"Picidae","Dryobates scalaris",2017,1,2,"4fa7b334-ce0d-4e88-aaae-2e0c138d049e",NA,"2029582852"
32.25267,-110.810356,2,"Corvidae","Corvus corax",2017,1,2,"4fa7b334-ce0d-4e88-aaae-2e0c138d049e",NA,"2029581397"
32.25267,-110.810356,1,"Accipitridae","Buteo jamaicensis",2017,1,2,"4fa7b334-ce0d-4e88-aaae-2e0c138d049e",NA,"2032936167"
32.25267,-110.810356,4,"Picidae","Melanerpes uropygialis",2017,1,2,"4fa7b334-ce0d-4e88-aaae-2e0c138d049e",NA,"2031787791"
32.25267,-110.810356,2,"Icteridae","Agelaius phoeniceus",2017,1,2,"4fa7b334-ce0d-4e88-aaae-2e0c138d049e",NA,"2035897765"
32.25267,-110.810356,7,"Passeridae","Passer domesticus",2017,1,2,"4fa7b334-ce0d-4e88-aaae-2e0c138d049e",NA,"2032924388"
32.25267,-110.810356,3,"Emberizidae","Melozone aberti",2017,1,2,"4fa7b334-ce0d-4e88-aaae-2e0c138d049e",NA,"2035895753"
32.25267,-110.810356,1,"Falconidae","Falco sparverius",2017,1,2,"4fa7b334-ce0d-4e88-aaae-2e0c138d049e",NA,"2031782824"
32.25267,-110.810356,15,"Emberizidae","Zonotrichia leucophrys",2017,1,2,"4fa7b334-ce0d-4e88-aaae-2e0c138d049e",NA,"2029582352"
32.25267,-110.810356,10,"Columbidae","Columba livia",2017,1,2,"4fa7b334-ce0d-4e88-aaae-2e0c138d049e",NA,"2029583140"
32.255272,-110.813995,1,"Falconidae","Falco mexicanus",2017,4,5,"4fa7b334-ce0d-4e88-aaae-2e0c138d049e",NA,"2041633288"
32.255272,-110.813995,1,"Accipitridae","Accipiter cooperii",2017,4,5,"4fa7b334-ce0d-4e88-aaae-2e0c138d049e",NA,"2041638702"
32.255272,-110.813995,1,"Falconidae","Falco sparverius",2017,4,5,"4fa7b334-ce0d-4e88-aaae-2e0c138d049e",NA,"2052570068"
32.255272,-110.813995,5,"Tyrannidae","Pyrocephalus rubinus",2017,4,5,"4fa7b334-ce0d-4e88-aaae-2e0c138d049e",NA,"2041630379"
32.255272,-110.813995,1,"Picidae","Melanerpes uropygialis",2017,4,5,"4fa7b334-ce0d-4e88-aaae-2e0c138d049e",NA,"2041637954"
32.253204,-110.810555,1,"Accipitridae","Accipiter cooperii",2017,11,19,"4fa7b334-ce0d-4e88-aaae-2e0c138d049e",NA,"2106517790"
32.253204,-110.810555,1,"Corvidae","Corvus corax",2017,11,19,"4fa7b334-ce0d-4e88-aaae-2e0c138d049e",NA,"2105924645"
32.253204,-110.810555,2,"Columbidae","Streptopelia decaocto",2017,11,19,"4fa7b334-ce0d-4e88-aaae-2e0c138d049e",NA,"2105923748"
32.253204,-110.810555,1,"Picidae","Melanerpes uropygialis",2017,11,19,"4fa7b334-ce0d-4e88-aaae-2e0c138d049e",NA,"2106536437"
32.253204,-110.810555,4,"Columbidae","Zenaida macroura",2017,11,19,"4fa7b334-ce0d-4e88-aaae-2e0c138d049e",NA,"2106523809"
32.253204,-110.810555,1,"Tyrannidae","Pyrocephalus rubinus",2017,11,19,"4fa7b334-ce0d-4e88-aaae-2e0c138d049e",NA,"2106544330"
32.253204,-110.810555,6,"Icteridae","Quiscalus mexicanus",2017,11,19,"4fa7b334-ce0d-4e88-aaae-2e0c138d049e",NA,"2093841800"
32.253204,-110.810555,3,"Icteridae","Euphagus cyanocephalus",2017,11,19,"4fa7b334-ce0d-4e88-aaae-2e0c138d049e",NA,"2114374985"
32.256397,-110.815704,1,"Picidae","Dryobates scalaris",2017,12,28,"4fa7b334-ce0d-4e88-aaae-2e0c138d049e",NA,"2113934471"
32.256397,-110.815704,2,"Accipitridae","Buteo jamaicensis",2017,12,28,"4fa7b334-ce0d-4e88-aaae-2e0c138d049e",NA,"2113927376"
32.256397,-110.815704,30,"Sturnidae","Sturnus vulgaris",2017,12,28,"4fa7b334-ce0d-4e88-aaae-2e0c138d049e",NA,"2100963616"
32.256397,-110.815704,3,"Passeridae","Passer domesticus",2017,12,28,"4fa7b334-ce0d-4e88-aaae-2e0c138d049e",NA,"2123201403"
32.256397,-110.815704,2,"Remizidae","Auriparus flaviceps",2017,12,28,"4fa7b334-ce0d-4e88-aaae-2e0c138d049e",NA,"2123218200"
32.256397,-110.815704,3,"Tyrannidae","Pyrocephalus rubinus",2017,12,28,"4fa7b334-ce0d-4e88-aaae-2e0c138d049e",NA,"2113924941"
32.256397,-110.815704,4,"Emberizidae","Zonotrichia leucophrys",2017,12,28,"4fa7b334-ce0d-4e88-aaae-2e0c138d049e",NA,"2114627620"
32.256397,-110.815704,1,"Columbidae","Zenaida macroura",2017,12,28,"4fa7b334-ce0d-4e88-aaae-2e0c138d049e",NA,"2100957523"
32.256397,-110.815704,4,"Picidae","Melanerpes uropygialis",2017,12,28,"4fa7b334-ce0d-4e88-aaae-2e0c138d049e",NA,"2123189463"
32.256397,-110.815704,1,"Falconidae","Falco sparverius",2017,12,28,"4fa7b334-ce0d-4e88-aaae-2e0c138d049e",NA,"2114610825"
32.256397,-110.815704,20,"Corvidae","Corvus corax",2017,12,28,"4fa7b334-ce0d-4e88-aaae-2e0c138d049e",NA,"2114622708"
32.252527,-110.810911,NA,"Icteridae","Xanthocephalus xanthocephalus",2021,6,28,"50c9509d-22c7-4a22-a47d-8c48425ef4a7","iNaturalist research-grade observations","3881461740"
32.25197,-110.810105,NA,"Accipitridae","Parabuteo unicinctus",2019,3,27,"50c9509d-22c7-4a22-a47d-8c48425ef4a7","iNaturalist research-grade observations","2235544227"
32.255383,-110.815738,NA,"Sturnidae","Sturnus vulgaris",2019,12,5,"50c9509d-22c7-4a22-a47d-8c48425ef4a7","iNaturalist research-grade observations","2518031447"
32.253052,-110.81074,NA,"Icteridae","Quiscalus mexicanus",2019,12,5,"50c9509d-22c7-4a22-a47d-8c48425ef4a7","iNaturalist research-grade observations","2517988956"
