"decimalLatitude","decimalLongitude","individualCount","family","species","year","month","day","datasetKey","datasetName","gbifID"
32.21723,-110.79068,1,"Accipitridae","Buteo jamaicensis",2021,1,4,"4fa7b334-ce0d-4e88-aaae-2e0c138d049e",NA,"3679921055"
32.206764,-110.80616,6,"Columbidae","Columba livia",2021,1,5,"4fa7b334-ce0d-4e88-aaae-2e0c138d049e",NA,"3540871127"
32.206764,-110.80616,1,"Falconidae","Falco sparverius",2021,1,5,"4fa7b334-ce0d-4e88-aaae-2e0c138d049e",NA,"3536596760"
32.206764,-110.80616,1,"Accipitridae","Buteo jamaicensis",2021,1,5,"4fa7b334-ce0d-4e88-aaae-2e0c138d049e",NA,"3505121409"
32.206764,-110.80616,2,"Columbidae","Zenaida macroura",2021,1,5,"4fa7b334-ce0d-4e88-aaae-2e0c138d049e",NA,"3506841252"
32.206997,-110.80338,1,"Accipitridae","Accipiter cooperii",2021,1,5,"4fa7b334-ce0d-4e88-aaae-2e0c138d049e",NA,"3588030296"
32.206997,-110.80338,1,"Tyrannidae","Sayornis saya",2021,1,5,"4fa7b334-ce0d-4e88-aaae-2e0c138d049e",NA,"3587321723"
32.206764,-110.80616,1,"Corvidae","Corvus corax",2021,1,5,"4fa7b334-ce0d-4e88-aaae-2e0c138d049e",NA,"3587751244"
32.206764,-110.80616,1,"Accipitridae","Buteo jamaicensis",2021,1,6,"4fa7b334-ce0d-4e88-aaae-2e0c138d049e",NA,"3509802653"
32.206764,-110.80616,2,"Columbidae","Zenaida macroura",2021,1,6,"4fa7b334-ce0d-4e88-aaae-2e0c138d049e",NA,"3505055057"
32.20734,-110.79881,1,"Accipitridae","Accipiter cooperii",2021,1,6,"4fa7b334-ce0d-4e88-aaae-2e0c138d049e",NA,"3505013353"
32.20734,-110.79881,1,"Ptilogonatidae","Phainopepla nitens",2021,1,6,"4fa7b334-ce0d-4e88-aaae-2e0c138d049e",NA,"3506883277"
32.220524,-110.79823,1,"Accipitridae","Parabuteo unicinctus",2021,1,6,"4fa7b334-ce0d-4e88-aaae-2e0c138d049e",NA,"3642548519"
32.206997,-110.80338,1,"Columbidae","Columba livia",2021,1,15,"4fa7b334-ce0d-4e88-aaae-2e0c138d049e",NA,"3505519977"
32.215355,-110.79815,1,"Accipitridae","Accipiter cooperii",2021,1,15,"4fa7b334-ce0d-4e88-aaae-2e0c138d049e",NA,"3588946418"
32.206997,-110.80338,1,"Accipitridae","Buteo jamaicensis",2021,1,15,"4fa7b334-ce0d-4e88-aaae-2e0c138d049e",NA,"3531661188"
32.215355,-110.79815,1,"Accipitridae","Parabuteo unicinctus",2021,1,14,"4fa7b334-ce0d-4e88-aaae-2e0c138d049e",NA,"3663690195"
32.206997,-110.80338,1,"Tyrannidae","Sayornis saya",2021,1,16,"4fa7b334-ce0d-4e88-aaae-2e0c138d049e",NA,"3511875449"
32.206997,-110.80338,3,"Columbidae","Zenaida macroura",2021,1,16,"4fa7b334-ce0d-4e88-aaae-2e0c138d049e",NA,"3511205427"
32.206997,-110.80338,2,"Fringillidae","Haemorhous mexicanus",2021,1,16,"4fa7b334-ce0d-4e88-aaae-2e0c138d049e",NA,"3507162562"
32.206997,-110.80338,1,"Tyrannidae","Sayornis saya",2021,1,17,"4fa7b334-ce0d-4e88-aaae-2e0c138d049e",NA,"3588928452"
32.206997,-110.80338,1,"Ptilogonatidae","Phainopepla nitens",2021,1,21,"4fa7b334-ce0d-4e88-aaae-2e0c138d049e",NA,"3549914464"
32.206997,-110.80338,1,"Tyrannidae","Sayornis saya",2021,1,21,"4fa7b334-ce0d-4e88-aaae-2e0c138d049e",NA,"3548982127"
32.206764,-110.80616,1,"Accipitridae","Buteo jamaicensis",2021,1,21,"4fa7b334-ce0d-4e88-aaae-2e0c138d049e",NA,"3611415816"
32.206997,-110.80338,1,"Tyrannidae","Sayornis saya",2021,1,23,"4fa7b334-ce0d-4e88-aaae-2e0c138d049e",NA,"3506732393"
32.206997,-110.80338,1,"Accipitridae","Accipiter cooperii",2021,1,23,"4fa7b334-ce0d-4e88-aaae-2e0c138d049e",NA,"3506678589"
32.206997,-110.80338,3,"Columbidae","Columba livia",2021,1,25,"4fa7b334-ce0d-4e88-aaae-2e0c138d049e",NA,"3627329013"
32.206997,-110.80338,1,"Falconidae","Falco peregrinus",2021,1,25,"4fa7b334-ce0d-4e88-aaae-2e0c138d049e",NA,"3633994547"
32.20734,-110.79881,1,"Accipitridae","Buteo jamaicensis",2021,1,24,"4fa7b334-ce0d-4e88-aaae-2e0c138d049e",NA,"3587361058"
32.206997,-110.80338,1,"Accipitridae","Accipiter cooperii",2021,1,26,"4fa7b334-ce0d-4e88-aaae-2e0c138d049e",NA,"3593792084"
32.206997,-110.80338,1,"Picidae","Melanerpes uropygialis",2021,1,27,"4fa7b334-ce0d-4e88-aaae-2e0c138d049e",NA,"3590498686"
32.206997,-110.80338,1,"Tyrannidae","Sayornis saya",2021,1,27,"4fa7b334-ce0d-4e88-aaae-2e0c138d049e",NA,"3588621130"
32.206997,-110.80338,1,"Falconidae","Falco sparverius",2021,1,28,"4fa7b334-ce0d-4e88-aaae-2e0c138d049e",NA,"3505411625"
32.206997,-110.80338,2,"Corvidae","Corvus corax",2021,1,28,"4fa7b334-ce0d-4e88-aaae-2e0c138d049e",NA,"3505611371"
32.206997,-110.80338,1,"Columbidae","Zenaida macroura",2021,2,1,"4fa7b334-ce0d-4e88-aaae-2e0c138d049e",NA,"3607455576"
32.206997,-110.80338,1,"Corvidae","Corvus corax",2021,2,1,"4fa7b334-ce0d-4e88-aaae-2e0c138d049e",NA,"3612489493"
32.215355,-110.79815,1,"Columbidae","Streptopelia decaocto",2021,2,1,"4fa7b334-ce0d-4e88-aaae-2e0c138d049e",NA,"3513671055"
32.215355,-110.79815,1,"Falconidae","Falco sparverius",2021,2,1,"4fa7b334-ce0d-4e88-aaae-2e0c138d049e",NA,"3614641261"
32.215355,-110.79815,1,"Columbidae","Zenaida macroura",2021,2,1,"4fa7b334-ce0d-4e88-aaae-2e0c138d049e",NA,"3620829219"
32.206997,-110.80338,1,"Trochilidae","Calypte anna",2021,2,3,"4fa7b334-ce0d-4e88-aaae-2e0c138d049e",NA,"3523258445"
32.206997,-110.80338,3,"Corvidae","Corvus corax",2021,2,4,"4fa7b334-ce0d-4e88-aaae-2e0c138d049e",NA,"3587037572"
32.206997,-110.80338,2,"Columbidae","Zenaida macroura",2021,2,5,"4fa7b334-ce0d-4e88-aaae-2e0c138d049e",NA,"3678042545"
32.206997,-110.80338,2,"Fringillidae","Haemorhous mexicanus",2021,2,5,"4fa7b334-ce0d-4e88-aaae-2e0c138d049e",NA,"3514431628"
32.206997,-110.80338,1,"Tyrannidae","Sayornis saya",2021,2,9,"4fa7b334-ce0d-4e88-aaae-2e0c138d049e",NA,"3623980907"
32.206997,-110.80338,1,"Trochilidae","Calypte anna",2021,2,9,"4fa7b334-ce0d-4e88-aaae-2e0c138d049e",NA,"3623572400"
32.206997,-110.80338,1,"Accipitridae","Parabuteo unicinctus",2021,2,9,"4fa7b334-ce0d-4e88-aaae-2e0c138d049e",NA,"3620066981"
32.206997,-110.80338,2,"Fringillidae","Haemorhous mexicanus",2021,2,8,"4fa7b334-ce0d-4e88-aaae-2e0c138d049e",NA,"3514322838"
32.206997,-110.80338,1,"Accipitridae","Accipiter cooperii",2021,2,8,"4fa7b334-ce0d-4e88-aaae-2e0c138d049e",NA,"3514945178"
32.206764,-110.80616,1,"Accipitridae","Accipiter cooperii",2021,2,13,"4fa7b334-ce0d-4e88-aaae-2e0c138d049e",NA,"3602301637"
32.206764,-110.80616,16,"Columbidae","Columba livia",2021,2,13,"4fa7b334-ce0d-4e88-aaae-2e0c138d049e",NA,"3598371435"
32.21723,-110.79068,1,"Accipitridae","Buteo jamaicensis",2021,2,15,"4fa7b334-ce0d-4e88-aaae-2e0c138d049e",NA,"3680410321"
32.206997,-110.80338,1,"Strigidae","Bubo virginianus",2021,2,16,"4fa7b334-ce0d-4e88-aaae-2e0c138d049e",NA,"3535524703"
32.206997,-110.80338,2,"Columbidae","Zenaida macroura",2021,2,17,"4fa7b334-ce0d-4e88-aaae-2e0c138d049e",NA,"3521479381"
32.206997,-110.80338,1,"Fringillidae","Haemorhous mexicanus",2021,2,17,"4fa7b334-ce0d-4e88-aaae-2e0c138d049e",NA,"3518738485"
32.206997,-110.80338,1,"Tyrannidae","Sayornis saya",2021,2,19,"4fa7b334-ce0d-4e88-aaae-2e0c138d049e",NA,"3508205906"
32.206997,-110.80338,1,"Columbidae","Zenaida macroura",2021,2,19,"4fa7b334-ce0d-4e88-aaae-2e0c138d049e",NA,"3508782812"
32.206997,-110.80338,2,"Fringillidae","Spinus psaltria",2021,3,1,"4fa7b334-ce0d-4e88-aaae-2e0c138d049e",NA,"3631426408"
32.206997,-110.80338,2,"Fringillidae","Haemorhous mexicanus",2021,3,1,"4fa7b334-ce0d-4e88-aaae-2e0c138d049e",NA,"3626769691"
32.206997,-110.80338,1,"Mimidae","Toxostoma curvirostre",2021,3,4,"4fa7b334-ce0d-4e88-aaae-2e0c138d049e",NA,"3527135218"
32.206997,-110.80338,2,"Fringillidae","Spinus psaltria",2021,3,4,"4fa7b334-ce0d-4e88-aaae-2e0c138d049e",NA,"3535780140"
32.206997,-110.80338,1,"Accipitridae","Accipiter cooperii",2021,3,5,"4fa7b334-ce0d-4e88-aaae-2e0c138d049e",NA,"3589679508"
32.206997,-110.80338,1,"Fringillidae","Haemorhous mexicanus",2021,3,5,"4fa7b334-ce0d-4e88-aaae-2e0c138d049e",NA,"3591528173"
32.206997,-110.80338,1,"Trochilidae","Calypte anna",2021,3,5,"4fa7b334-ce0d-4e88-aaae-2e0c138d049e",NA,"3590738302"
32.206997,-110.80338,1,"Corvidae","Corvus corax",2021,3,8,"4fa7b334-ce0d-4e88-aaae-2e0c138d049e",NA,"3588525191"
32.206997,-110.80338,1,"Fringillidae","Haemorhous mexicanus",2021,3,8,"4fa7b334-ce0d-4e88-aaae-2e0c138d049e",NA,"3588412747"
32.206997,-110.80338,1,"Fringillidae","Haemorhous mexicanus",2021,3,9,"4fa7b334-ce0d-4e88-aaae-2e0c138d049e",NA,"3589916478"
32.206997,-110.80338,1,"Trochilidae","Calypte anna",2021,3,9,"4fa7b334-ce0d-4e88-aaae-2e0c138d049e",NA,"3591850090"
32.206997,-110.80338,1,"Trochilidae","Calypte anna",2021,3,22,"4fa7b334-ce0d-4e88-aaae-2e0c138d049e",NA,"3668587486"
32.206997,-110.80338,2,"Accipitridae","Buteo jamaicensis",2021,3,22,"4fa7b334-ce0d-4e88-aaae-2e0c138d049e",NA,"3668861763"
32.206997,-110.80338,2,"Columbidae","Zenaida macroura",2021,3,22,"4fa7b334-ce0d-4e88-aaae-2e0c138d049e",NA,"3671480518"
32.206997,-110.80338,2,"Columbidae","Zenaida macroura",2021,3,25,"4fa7b334-ce0d-4e88-aaae-2e0c138d049e",NA,"3680341246"
32.206997,-110.80338,1,"Trochilidae","Calypte anna",2021,3,25,"4fa7b334-ce0d-4e88-aaae-2e0c138d049e",NA,"3674891441"
32.215355,-110.79815,1,"Cathartidae","Cathartes aura",2021,3,25,"4fa7b334-ce0d-4e88-aaae-2e0c138d049e",NA,"3516807345"
32.206997,-110.80338,2,"Accipitridae","Buteo jamaicensis",2021,3,27,"4fa7b334-ce0d-4e88-aaae-2e0c138d049e",NA,"3677705395"
32.206997,-110.80338,1,"Parulidae","Geothlypis trichas",2021,3,29,"4fa7b334-ce0d-4e88-aaae-2e0c138d049e",NA,"3691474516"
32.206997,-110.80338,1,"Fringillidae","Haemorhous mexicanus",2021,3,29,"4fa7b334-ce0d-4e88-aaae-2e0c138d049e",NA,"3567059331"
32.206997,-110.80338,1,"Sturnidae","Sturnus vulgaris",2021,4,1,"4fa7b334-ce0d-4e88-aaae-2e0c138d049e",NA,"3666586469"
32.206997,-110.80338,1,"Trochilidae","Calypte anna",2021,4,1,"4fa7b334-ce0d-4e88-aaae-2e0c138d049e",NA,"3683521457"
32.206764,-110.80616,1,"Accipitridae","Parabuteo unicinctus",2021,4,4,"4fa7b334-ce0d-4e88-aaae-2e0c138d049e",NA,"3516331373"
32.206764,-110.80616,1,"Accipitridae","Parabuteo unicinctus",2021,4,3,"4fa7b334-ce0d-4e88-aaae-2e0c138d049e",NA,"3608857355"
32.206997,-110.80338,2,"Accipitridae","Accipiter cooperii",2021,4,19,"4fa7b334-ce0d-4e88-aaae-2e0c138d049e",NA,"3522434614"
32.206997,-110.80338,1,"Trochilidae","Calypte anna",2021,4,19,"4fa7b334-ce0d-4e88-aaae-2e0c138d049e",NA,"3518978440"
32.206997,-110.80338,2,"Fringillidae","Haemorhous mexicanus",2021,4,19,"4fa7b334-ce0d-4e88-aaae-2e0c138d049e",NA,"3521324794"
32.206764,-110.80616,1,"Columbidae","Zenaida macroura",2021,4,18,"4fa7b334-ce0d-4e88-aaae-2e0c138d049e",NA,"3673659172"
32.206764,-110.80616,1,"Corvidae","Corvus corax",2021,4,18,"4fa7b334-ce0d-4e88-aaae-2e0c138d049e",NA,"3675648884"
32.206997,-110.80338,1,"Corvidae","Corvus corax",2021,4,20,"4fa7b334-ce0d-4e88-aaae-2e0c138d049e",NA,"3609186190"
32.20734,-110.79881,1,"Columbidae","Zenaida macroura",2021,4,23,"4fa7b334-ce0d-4e88-aaae-2e0c138d049e",NA,"3546110247"
32.20734,-110.79881,1,"Ptilogonatidae","Phainopepla nitens",2021,4,23,"4fa7b334-ce0d-4e88-aaae-2e0c138d049e",NA,"3552164505"
32.20734,-110.79881,1,"Accipitridae","Accipiter cooperii",2021,4,23,"4fa7b334-ce0d-4e88-aaae-2e0c138d049e",NA,"3557769736"
32.20734,-110.79881,1,"Accipitridae","Buteo jamaicensis",2021,4,26,"4fa7b334-ce0d-4e88-aaae-2e0c138d049e",NA,"3515633192"
32.206997,-110.80338,1,"Trochilidae","Calypte anna",2021,4,27,"4fa7b334-ce0d-4e88-aaae-2e0c138d049e",NA,"3653862705"
32.206997,-110.80338,1,"Columbidae","Zenaida macroura",2021,4,27,"4fa7b334-ce0d-4e88-aaae-2e0c138d049e",NA,"3652831508"
32.206997,-110.80338,2,"Accipitridae","Accipiter cooperii",2021,4,27,"4fa7b334-ce0d-4e88-aaae-2e0c138d049e",NA,"3656957099"
32.206997,-110.80338,1,"Tyrannidae","Pyrocephalus rubinus",2021,4,27,"4fa7b334-ce0d-4e88-aaae-2e0c138d049e",NA,"3516357933"
32.206997,-110.80338,1,"Cuculidae","Geococcyx californianus",2021,4,29,"4fa7b334-ce0d-4e88-aaae-2e0c138d049e",NA,"3689658900"
32.206997,-110.80338,2,"Fringillidae","Haemorhous mexicanus",2021,4,29,"4fa7b334-ce0d-4e88-aaae-2e0c138d049e",NA,"3689098125"
32.206997,-110.80338,1,"Columbidae","Zenaida macroura",2021,4,29,"4fa7b334-ce0d-4e88-aaae-2e0c138d049e",NA,"3685440357"
32.215355,-110.79815,1,"Columbidae","Zenaida asiatica",2021,5,18,"4fa7b334-ce0d-4e88-aaae-2e0c138d049e",NA,"3550739788"
32.215355,-110.79815,1,"Picidae","Dryobates scalaris",2021,5,18,"4fa7b334-ce0d-4e88-aaae-2e0c138d049e",NA,"3518696121"
32.206997,-110.80338,1,"Fringillidae","Haemorhous mexicanus",2021,5,19,"4fa7b334-ce0d-4e88-aaae-2e0c138d049e",NA,"3649757766"
32.206997,-110.80338,1,"Corvidae","Corvus corax",2021,5,19,"4fa7b334-ce0d-4e88-aaae-2e0c138d049e",NA,"3619642896"
32.206997,-110.80338,1,"Columbidae","Zenaida macroura",2021,5,19,"4fa7b334-ce0d-4e88-aaae-2e0c138d049e",NA,"3522410063"
32.206997,-110.80338,1,"Caprimulgidae","Chordeiles acutipennis",2021,5,19,"4fa7b334-ce0d-4e88-aaae-2e0c138d049e",NA,"3646504361"
32.206764,-110.80616,1,"Cuculidae","Geococcyx californianus",2021,5,21,"4fa7b334-ce0d-4e88-aaae-2e0c138d049e",NA,"3535256427"
32.206764,-110.80616,1,"Columbidae","Zenaida macroura",2021,5,21,"4fa7b334-ce0d-4e88-aaae-2e0c138d049e",NA,"3539323169"
32.206997,-110.80338,1,"Accipitridae","Accipiter cooperii",2021,5,22,"4fa7b334-ce0d-4e88-aaae-2e0c138d049e",NA,"3594196904"
32.206997,-110.80338,1,"Accipitridae","Buteo jamaicensis",2021,5,22,"4fa7b334-ce0d-4e88-aaae-2e0c138d049e",NA,"3596383184"
32.20734,-110.79881,1,"Cuculidae","Geococcyx californianus",2021,5,26,"4fa7b334-ce0d-4e88-aaae-2e0c138d049e",NA,"3563650364"
32.215355,-110.79815,1,"Columbidae","Zenaida macroura",2021,5,29,"4fa7b334-ce0d-4e88-aaae-2e0c138d049e",NA,"3525656432"
32.215355,-110.79815,1,"Falconidae","Falco peregrinus",2021,5,29,"4fa7b334-ce0d-4e88-aaae-2e0c138d049e",NA,"3526068002"
32.208344,-110.79956,1,"Mimidae","Toxostoma curvirostre",2021,5,31,"4fa7b334-ce0d-4e88-aaae-2e0c138d049e",NA,"3524253414"
32.208344,-110.79956,1,"Tyrannidae","Myiarchus cinerascens",2021,5,31,"4fa7b334-ce0d-4e88-aaae-2e0c138d049e",NA,"3524457439"
32.208344,-110.79956,1,"Accipitridae","Accipiter cooperii",2021,5,31,"4fa7b334-ce0d-4e88-aaae-2e0c138d049e",NA,"3525235886"
32.208344,-110.79956,4,"Odontophoridae","Callipepla gambelii",2021,5,31,"4fa7b334-ce0d-4e88-aaae-2e0c138d049e",NA,"3532384596"
32.20734,-110.79881,12,"Odontophoridae","Callipepla gambelii",2021,6,1,"4fa7b334-ce0d-4e88-aaae-2e0c138d049e",NA,"3641872102"
32.206997,-110.80338,1,"Accipitridae","Accipiter cooperii",2021,6,1,"4fa7b334-ce0d-4e88-aaae-2e0c138d049e",NA,"3676975450"
32.206997,-110.80338,6,"Fringillidae","Haemorhous mexicanus",2021,6,1,"4fa7b334-ce0d-4e88-aaae-2e0c138d049e",NA,"3677312195"
32.206997,-110.80338,1,"Trochilidae","Calypte anna",2021,6,4,"4fa7b334-ce0d-4e88-aaae-2e0c138d049e",NA,"3556670336"
32.206997,-110.80338,2,"Columbidae","Zenaida macroura",2021,6,4,"4fa7b334-ce0d-4e88-aaae-2e0c138d049e",NA,"3551830483"
32.206997,-110.80338,2,"Fringillidae","Haemorhous mexicanus",2021,6,4,"4fa7b334-ce0d-4e88-aaae-2e0c138d049e",NA,"3560463168"
32.206997,-110.80338,2,"Columbidae","Zenaida asiatica",2021,6,4,"4fa7b334-ce0d-4e88-aaae-2e0c138d049e",NA,"3525864715"
32.206764,-110.80616,1,"Accipitridae","Buteo jamaicensis",2021,6,14,"4fa7b334-ce0d-4e88-aaae-2e0c138d049e",NA,"3643549480"
32.206764,-110.80616,1,"Mimidae","Mimus polyglottos",2021,6,14,"4fa7b334-ce0d-4e88-aaae-2e0c138d049e",NA,"3639250267"
32.2097,-110.79867,1,"Accipitridae","Accipiter cooperii",2021,6,27,"4fa7b334-ce0d-4e88-aaae-2e0c138d049e",NA,"3534475619"
32.2097,-110.79867,4,"Columbidae","Columba livia",2021,6,27,"4fa7b334-ce0d-4e88-aaae-2e0c138d049e",NA,"3536758345"
32.20734,-110.79881,1,"Cardinalidae","Cardinalis sinuatus",2021,6,29,"4fa7b334-ce0d-4e88-aaae-2e0c138d049e",NA,"3540901711"
32.20734,-110.79881,1,"Emberizidae","Peucaea carpalis",2021,6,29,"4fa7b334-ce0d-4e88-aaae-2e0c138d049e",NA,"3536893992"
32.20734,-110.79881,1,"Odontophoridae","Callipepla gambelii",2021,6,29,"4fa7b334-ce0d-4e88-aaae-2e0c138d049e",NA,"3533670073"
32.206997,-110.80338,1,"Mimidae","Toxostoma curvirostre",2021,7,3,"4fa7b334-ce0d-4e88-aaae-2e0c138d049e",NA,"3563410558"
32.206997,-110.80338,2,"Columbidae","Zenaida asiatica",2021,7,3,"4fa7b334-ce0d-4e88-aaae-2e0c138d049e",NA,"3530897815"
32.206997,-110.80338,4,"Corvidae","Corvus corax",2021,7,3,"4fa7b334-ce0d-4e88-aaae-2e0c138d049e",NA,"3532125918"
32.206997,-110.80338,2,"Troglodytidae","Campylorhynchus brunneicapillus",2021,7,3,"4fa7b334-ce0d-4e88-aaae-2e0c138d049e",NA,"3615039065"
32.206997,-110.80338,1,"Trochilidae","Calypte anna",2021,7,3,"4fa7b334-ce0d-4e88-aaae-2e0c138d049e",NA,"3619837184"
32.206997,-110.80338,1,"Cathartidae","Cathartes aura",2021,7,3,"4fa7b334-ce0d-4e88-aaae-2e0c138d049e",NA,"3623509926"
32.206997,-110.80338,1,"Accipitridae","Accipiter cooperii",2021,7,7,"4fa7b334-ce0d-4e88-aaae-2e0c138d049e",NA,"3533560744"
32.220524,-110.79823,6,"Columbidae","Columba livia",2021,7,8,"4fa7b334-ce0d-4e88-aaae-2e0c138d049e",NA,"3558521069"
32.206997,-110.80338,1,"Caprimulgidae","Chordeiles acutipennis",2021,7,13,"4fa7b334-ce0d-4e88-aaae-2e0c138d049e",NA,"3657803529"
32.20734,-110.79881,3,"Cuculidae","Geococcyx californianus",2021,7,19,"4fa7b334-ce0d-4e88-aaae-2e0c138d049e",NA,"3637595038"
32.20734,-110.79881,1,"Accipitridae","Accipiter cooperii",2021,7,19,"4fa7b334-ce0d-4e88-aaae-2e0c138d049e",NA,"3627644807"
32.20734,-110.79881,8,"Columbidae","Zenaida macroura",2021,7,19,"4fa7b334-ce0d-4e88-aaae-2e0c138d049e",NA,"3628602050"
32.206997,-110.80338,1,"Cathartidae","Cathartes aura",2021,7,18,"4fa7b334-ce0d-4e88-aaae-2e0c138d049e",NA,"3674630566"
32.206997,-110.80338,3,"Columbidae","Zenaida asiatica",2021,7,18,"4fa7b334-ce0d-4e88-aaae-2e0c138d049e",NA,"3675727938"
32.206997,-110.80338,3,"Ptilogonatidae","Phainopepla nitens",2021,7,21,"4fa7b334-ce0d-4e88-aaae-2e0c138d049e",NA,"3681790077"
32.206997,-110.80338,1,"Columbidae","Zenaida macroura",2021,7,21,"4fa7b334-ce0d-4e88-aaae-2e0c138d049e",NA,"3683788510"
32.20734,-110.79881,2,"Corvidae","Corvus corax",2021,7,27,"4fa7b334-ce0d-4e88-aaae-2e0c138d049e",NA,"3666423153"
32.20734,-110.79881,1,"Cathartidae","Cathartes aura",2021,8,6,"4fa7b334-ce0d-4e88-aaae-2e0c138d049e",NA,"3691444638"
32.206997,-110.80338,1,"Tyrannidae","Myiarchus tyrannulus",2021,8,8,"4fa7b334-ce0d-4e88-aaae-2e0c138d049e",NA,"3635845400"
32.206764,-110.80616,1,"Cathartidae","Cathartes aura",2021,8,8,"4fa7b334-ce0d-4e88-aaae-2e0c138d049e",NA,"3550453479"
32.206997,-110.80338,2,"Cathartidae","Cathartes aura",2021,8,10,"4fa7b334-ce0d-4e88-aaae-2e0c138d049e",NA,"3562471791"
32.206997,-110.80338,2,"Cuculidae","Geococcyx californianus",2021,9,6,"4fa7b334-ce0d-4e88-aaae-2e0c138d049e",NA,"3571525264"
32.206997,-110.80338,2,"Columbidae","Columba livia",2021,9,6,"4fa7b334-ce0d-4e88-aaae-2e0c138d049e",NA,"3580799765"
32.206997,-110.80338,2,"Accipitridae","Accipiter cooperii",2021,9,7,"4fa7b334-ce0d-4e88-aaae-2e0c138d049e",NA,"3648096160"
32.206997,-110.80338,1,"Trochilidae","Calypte anna",2021,9,7,"4fa7b334-ce0d-4e88-aaae-2e0c138d049e",NA,"3656521505"
32.206997,-110.80338,1,"Ptilogonatidae","Phainopepla nitens",2021,9,7,"4fa7b334-ce0d-4e88-aaae-2e0c138d049e",NA,"3660253108"
32.206997,-110.80338,12,"Columbidae","Columba livia",2021,9,7,"4fa7b334-ce0d-4e88-aaae-2e0c138d049e",NA,"3661585870"
32.206997,-110.80338,2,"Fringillidae","Haemorhous mexicanus",2021,9,7,"4fa7b334-ce0d-4e88-aaae-2e0c138d049e",NA,"3568603957"
32.206997,-110.80338,1,"Corvidae","Corvus corax",2021,9,7,"4fa7b334-ce0d-4e88-aaae-2e0c138d049e",NA,"3629463497"
32.206997,-110.80338,1,"Picidae","Melanerpes uropygialis",2021,9,7,"4fa7b334-ce0d-4e88-aaae-2e0c138d049e",NA,"3640327465"
32.206764,-110.80616,1,"Cathartidae","Cathartes aura",2021,9,12,"4fa7b334-ce0d-4e88-aaae-2e0c138d049e",NA,"3678103151"
32.206997,-110.80338,1,"Cathartidae","Cathartes aura",2021,9,15,"4fa7b334-ce0d-4e88-aaae-2e0c138d049e",NA,"3657264415"
32.206997,-110.80338,1,"Corvidae","Corvus corax",2021,9,25,"4fa7b334-ce0d-4e88-aaae-2e0c138d049e",NA,"3637927629"
32.21769,-110.79827,8,"Columbidae","Zenaida macroura",2021,9,26,"4fa7b334-ce0d-4e88-aaae-2e0c138d049e",NA,"3692239589"
32.21769,-110.79827,2,"Accipitridae","Parabuteo unicinctus",2021,9,26,"4fa7b334-ce0d-4e88-aaae-2e0c138d049e",NA,"3693043431"
32.206997,-110.80338,2,"Columbidae","Zenaida macroura",2021,9,28,"4fa7b334-ce0d-4e88-aaae-2e0c138d049e",NA,"3658659252"
32.206997,-110.80338,1,"Accipitridae","Accipiter cooperii",2021,9,28,"4fa7b334-ce0d-4e88-aaae-2e0c138d049e",NA,"3651462192"
32.206997,-110.80338,1,"Trochilidae","Calypte anna",2021,9,28,"4fa7b334-ce0d-4e88-aaae-2e0c138d049e",NA,"3637596854"
32.206997,-110.80338,1,"Accipitridae","Accipiter cooperii",2021,10,2,"4fa7b334-ce0d-4e88-aaae-2e0c138d049e",NA,"3580250064"
32.206997,-110.80338,1,"Accipitridae","Accipiter cooperii",2021,10,3,"4fa7b334-ce0d-4e88-aaae-2e0c138d049e",NA,"3677389491"
32.206997,-110.80338,1,"Accipitridae","Accipiter cooperii",2021,10,5,"4fa7b334-ce0d-4e88-aaae-2e0c138d049e",NA,"3574601124"
32.206997,-110.80338,1,"Tyrannidae","Sayornis saya",2021,10,5,"4fa7b334-ce0d-4e88-aaae-2e0c138d049e",NA,"3569454937"
32.206997,-110.80338,2,"Ptilogonatidae","Phainopepla nitens",2021,10,5,"4fa7b334-ce0d-4e88-aaae-2e0c138d049e",NA,"3567692332"
32.206997,-110.80338,4,"Columbidae","Columba livia",2021,10,5,"4fa7b334-ce0d-4e88-aaae-2e0c138d049e",NA,"3570941883"
32.206997,-110.80338,1,"Tyrannidae","Pyrocephalus rubinus",2021,10,5,"4fa7b334-ce0d-4e88-aaae-2e0c138d049e",NA,"3563308442"
32.206997,-110.80338,1,"Columbidae","Zenaida macroura",2021,10,5,"4fa7b334-ce0d-4e88-aaae-2e0c138d049e",NA,"3566455580"
32.22056,-110.78977,1,"Falconidae","Falco peregrinus",2021,10,7,"4fa7b334-ce0d-4e88-aaae-2e0c138d049e",NA,"3535359466"
32.22056,-110.78977,14,"Columbidae","Columba livia",2021,10,7,"4fa7b334-ce0d-4e88-aaae-2e0c138d049e",NA,"3544117641"
32.20734,-110.79881,1,"Columbidae","Zenaida macroura",2021,10,23,"4fa7b334-ce0d-4e88-aaae-2e0c138d049e",NA,"3684964983"
32.20734,-110.79881,1,"Corvidae","Corvus corax",2021,10,23,"4fa7b334-ce0d-4e88-aaae-2e0c138d049e",NA,"3691523999"
32.206997,-110.80338,1,"Falconidae","Falco sparverius",2021,10,24,"4fa7b334-ce0d-4e88-aaae-2e0c138d049e",NA,"3618471265"
32.206997,-110.80338,1,"Accipitridae","Buteo jamaicensis",2021,10,26,"4fa7b334-ce0d-4e88-aaae-2e0c138d049e",NA,"3644553931"
32.206997,-110.80338,1,"Trochilidae","Calypte anna",2021,10,28,"4fa7b334-ce0d-4e88-aaae-2e0c138d049e",NA,"3576632329"
32.206764,-110.80616,1,"Accipitridae","Accipiter cooperii",2021,11,10,"4fa7b334-ce0d-4e88-aaae-2e0c138d049e",NA,"3693956189"
32.206764,-110.80616,1,"Corvidae","Corvus corax",2021,11,10,"4fa7b334-ce0d-4e88-aaae-2e0c138d049e",NA,"3690803298"
32.206997,-110.80338,1,"Cardinalidae","Cardinalis cardinalis",2021,11,15,"4fa7b334-ce0d-4e88-aaae-2e0c138d049e",NA,"3661539804"
32.206997,-110.80338,1,"Accipitridae","Accipiter cooperii",2021,11,16,"4fa7b334-ce0d-4e88-aaae-2e0c138d049e",NA,"3643349772"
32.21769,-110.79827,1,"Accipitridae","Parabuteo unicinctus",2021,11,17,"4fa7b334-ce0d-4e88-aaae-2e0c138d049e",NA,"3583648832"
32.21769,-110.79827,1,"Accipitridae","Parabuteo unicinctus",2021,11,18,"4fa7b334-ce0d-4e88-aaae-2e0c138d049e",NA,"3581579243"
32.206997,-110.80338,2,"Accipitridae","Parabuteo unicinctus",2021,11,21,"4fa7b334-ce0d-4e88-aaae-2e0c138d049e",NA,"3624129954"
32.206997,-110.80338,1,"Columbidae","Zenaida macroura",2021,11,21,"4fa7b334-ce0d-4e88-aaae-2e0c138d049e",NA,"3609490561"
32.21769,-110.79827,1,"Accipitridae","Parabuteo unicinctus",2021,11,22,"4fa7b334-ce0d-4e88-aaae-2e0c138d049e",NA,"3572257116"
32.206997,-110.80338,1,"Cuculidae","Geococcyx californianus",2021,11,26,"4fa7b334-ce0d-4e88-aaae-2e0c138d049e",NA,"3571392664"
32.206764,-110.80616,1,"Falconidae","Falco sparverius",2021,11,27,"4fa7b334-ce0d-4e88-aaae-2e0c138d049e",NA,"3689622308"
32.206997,-110.80338,1,"Cuculidae","Geococcyx californianus",2021,11,27,"4fa7b334-ce0d-4e88-aaae-2e0c138d049e",NA,"3553521862"
32.206764,-110.80616,1,"Accipitridae","Accipiter cooperii",2021,11,29,"4fa7b334-ce0d-4e88-aaae-2e0c138d049e",NA,"3571492478"
32.206764,-110.80616,1,"Corvidae","Corvus corax",2021,11,30,"4fa7b334-ce0d-4e88-aaae-2e0c138d049e",NA,"3623602384"
32.21769,-110.79827,1,"Accipitridae","Parabuteo unicinctus",2021,11,29,"4fa7b334-ce0d-4e88-aaae-2e0c138d049e",NA,"3670101660"
32.21769,-110.79827,1,"Accipitridae","Parabuteo unicinctus",2021,12,2,"4fa7b334-ce0d-4e88-aaae-2e0c138d049e",NA,"3645405913"
32.21769,-110.79827,1,"Mimidae","Mimus polyglottos",2021,12,2,"4fa7b334-ce0d-4e88-aaae-2e0c138d049e",NA,"3646265926"
32.206997,-110.80338,2,"Corvidae","Corvus corax",2021,12,4,"4fa7b334-ce0d-4e88-aaae-2e0c138d049e",NA,"3663537646"
32.206764,-110.80616,2,"Falconidae","Falco sparverius",2021,12,5,"4fa7b334-ce0d-4e88-aaae-2e0c138d049e",NA,"3654621396"
32.206997,-110.80338,1,"Trochilidae","Calypte anna",2021,12,8,"4fa7b334-ce0d-4e88-aaae-2e0c138d049e",NA,"3559263786"
32.215355,-110.79815,1,"Falconidae","Falco sparverius",2021,12,8,"4fa7b334-ce0d-4e88-aaae-2e0c138d049e",NA,"3573263733"
32.215355,-110.79815,1,"Fringillidae","Haemorhous mexicanus",2021,12,8,"4fa7b334-ce0d-4e88-aaae-2e0c138d049e",NA,"3576677251"
32.215355,-110.79815,1,"Falconidae","Falco sparverius",2021,12,10,"4fa7b334-ce0d-4e88-aaae-2e0c138d049e",NA,"3571651260"
32.215355,-110.79815,1,"Columbidae","Zenaida macroura",2021,12,10,"4fa7b334-ce0d-4e88-aaae-2e0c138d049e",NA,"3576781331"
32.215355,-110.79815,1,"Falconidae","Falco sparverius",2021,12,12,"4fa7b334-ce0d-4e88-aaae-2e0c138d049e",NA,"3556909919"
32.215355,-110.79815,3,"Columbidae","Columba livia",2021,12,12,"4fa7b334-ce0d-4e88-aaae-2e0c138d049e",NA,"3559163072"
32.206764,-110.80616,1,"Corvidae","Corvus corax",2021,12,15,"4fa7b334-ce0d-4e88-aaae-2e0c138d049e",NA,"3579887787"
32.206997,-110.80338,1,"Strigidae","Bubo virginianus",2021,12,16,"4fa7b334-ce0d-4e88-aaae-2e0c138d049e",NA,"3656145835"
32.206997,-110.80338,1,"Falconidae","Falco sparverius",2021,12,20,"4fa7b334-ce0d-4e88-aaae-2e0c138d049e",NA,"3585509463"
32.206997,-110.80338,1,"Columbidae","Columba livia",2021,12,20,"4fa7b334-ce0d-4e88-aaae-2e0c138d049e",NA,"3550687763"
32.20734,-110.79881,1,"Accipitridae","Accipiter cooperii",2021,12,19,"4fa7b334-ce0d-4e88-aaae-2e0c138d049e",NA,"3694135554"
32.206764,-110.80616,1,"Accipitridae","Buteo jamaicensis",2021,12,22,"4fa7b334-ce0d-4e88-aaae-2e0c138d049e",NA,"3586161437"
32.206997,-110.80338,1,"Mimidae","Mimus polyglottos",2021,12,22,"4fa7b334-ce0d-4e88-aaae-2e0c138d049e",NA,"3585461251"
32.206997,-110.80338,1,"Falconidae","Falco sparverius",2021,12,22,"4fa7b334-ce0d-4e88-aaae-2e0c138d049e",NA,"3586298652"
32.206997,-110.80338,1,"Accipitridae","Buteo jamaicensis",2021,12,25,"4fa7b334-ce0d-4e88-aaae-2e0c138d049e",NA,"3681627306"
32.206997,-110.80338,1,"Accipitridae","Accipiter cooperii",2021,12,25,"4fa7b334-ce0d-4e88-aaae-2e0c138d049e",NA,"3692859010"
32.206997,-110.80338,3,"Columbidae","Columba livia",2021,12,25,"4fa7b334-ce0d-4e88-aaae-2e0c138d049e",NA,"3694517058"
32.206997,-110.80338,1,"Tyrannidae","Sayornis saya",2021,12,27,"4fa7b334-ce0d-4e88-aaae-2e0c138d049e",NA,"3570816540"
32.206997,-110.80338,2,"Columbidae","Zenaida macroura",2021,12,27,"4fa7b334-ce0d-4e88-aaae-2e0c138d049e",NA,"3567825767"
32.206997,-110.80338,2,"Columbidae","Columba livia",2021,12,27,"4fa7b334-ce0d-4e88-aaae-2e0c138d049e",NA,"3579909146"
32.215355,-110.79815,2,"Ptilogonatidae","Phainopepla nitens",2020,1,7,"4fa7b334-ce0d-4e88-aaae-2e0c138d049e",NA,"3217083779"
32.215355,-110.79815,1,"Accipitridae","Parabuteo unicinctus",2020,1,7,"4fa7b334-ce0d-4e88-aaae-2e0c138d049e",NA,"3217082737"
32.215355,-110.79815,1,"Falconidae","Falco sparverius",2020,1,7,"4fa7b334-ce0d-4e88-aaae-2e0c138d049e",NA,"3216977786"
32.206997,-110.80338,1,"Falconidae","Falco sparverius",2020,1,9,"4fa7b334-ce0d-4e88-aaae-2e0c138d049e",NA,"3229448540"
32.206764,-110.80616,1,"Accipitridae","Accipiter cooperii",2020,1,11,"4fa7b334-ce0d-4e88-aaae-2e0c138d049e",NA,"3296763465"
32.206764,-110.80616,1,"Accipitridae","Buteo jamaicensis",2020,1,11,"4fa7b334-ce0d-4e88-aaae-2e0c138d049e",NA,"3140483171"
32.206764,-110.80616,1,"Accipitridae","Buteo jamaicensis",2020,1,15,"4fa7b334-ce0d-4e88-aaae-2e0c138d049e",NA,"3225110806"
32.206764,-110.80616,1,"Accipitridae","Accipiter cooperii",2020,1,15,"4fa7b334-ce0d-4e88-aaae-2e0c138d049e",NA,"3220654819"
32.206764,-110.80616,1,"Falconidae","Falco sparverius",2020,1,15,"4fa7b334-ce0d-4e88-aaae-2e0c138d049e",NA,"3218700857"
32.206764,-110.80616,1,"Columbidae","Zenaida macroura",2020,1,15,"4fa7b334-ce0d-4e88-aaae-2e0c138d049e",NA,"3220152904"
32.206997,-110.80338,1,"Falconidae","Falco sparverius",2020,1,18,"4fa7b334-ce0d-4e88-aaae-2e0c138d049e",NA,"3232520325"
32.206997,-110.80338,1,"Falconidae","Falco sparverius",2020,1,19,"4fa7b334-ce0d-4e88-aaae-2e0c138d049e",NA,"3143518719"
32.206997,-110.80338,1,"Falconidae","Falco sparverius",2020,1,25,"4fa7b334-ce0d-4e88-aaae-2e0c138d049e",NA,"3220422727"
32.206997,-110.80338,4,"Columbidae","Columba livia",2020,1,25,"4fa7b334-ce0d-4e88-aaae-2e0c138d049e",NA,"3219067762"
32.206997,-110.80338,1,"Columbidae","Zenaida macroura",2020,1,25,"4fa7b334-ce0d-4e88-aaae-2e0c138d049e",NA,"3219961780"
32.22085,-110.79624,1,"Picidae","Melanerpes uropygialis",2020,1,20,"4fa7b334-ce0d-4e88-aaae-2e0c138d049e",NA,"3226119027"
32.22085,-110.79624,1,"Mimidae","Mimus polyglottos",2020,1,21,"4fa7b334-ce0d-4e88-aaae-2e0c138d049e",NA,"3134427074"
32.22085,-110.79624,1,"Ptilogonatidae","Phainopepla nitens",2020,1,21,"4fa7b334-ce0d-4e88-aaae-2e0c138d049e",NA,"3139771054"
32.22085,-110.79624,3,"Passeridae","Passer domesticus",2020,1,21,"4fa7b334-ce0d-4e88-aaae-2e0c138d049e",NA,"3137569026"
32.22085,-110.79624,1,"Troglodytidae","Campylorhynchus brunneicapillus",2020,1,21,"4fa7b334-ce0d-4e88-aaae-2e0c138d049e",NA,"3144511992"
32.22085,-110.79624,5,"Odontophoridae","Callipepla gambelii",2020,1,21,"4fa7b334-ce0d-4e88-aaae-2e0c138d049e",NA,"3133361977"
32.22085,-110.79624,1,"Corvidae","Corvus corax",2020,1,21,"4fa7b334-ce0d-4e88-aaae-2e0c138d049e",NA,"3133584063"
32.22085,-110.79624,1,"Picidae","Melanerpes uropygialis",2020,1,21,"4fa7b334-ce0d-4e88-aaae-2e0c138d049e",NA,"3141502046"
32.22085,-110.79624,5,"Columbidae","Zenaida macroura",2020,1,21,"4fa7b334-ce0d-4e88-aaae-2e0c138d049e",NA,"3149077043"
32.22085,-110.79624,3,"Mimidae","Mimus polyglottos",2020,1,21,"4fa7b334-ce0d-4e88-aaae-2e0c138d049e",NA,"3221206098"
32.22085,-110.79624,2,"Cardinalidae","Cardinalis sinuatus",2020,1,21,"4fa7b334-ce0d-4e88-aaae-2e0c138d049e",NA,"3217862122"
32.22085,-110.79624,1,"Columbidae","Zenaida asiatica",2020,1,21,"4fa7b334-ce0d-4e88-aaae-2e0c138d049e",NA,"3219624093"
32.22085,-110.79624,3,"Picidae","Melanerpes uropygialis",2020,1,21,"4fa7b334-ce0d-4e88-aaae-2e0c138d049e",NA,"3218725055"
32.22085,-110.79624,4,"Fringillidae","Haemorhous mexicanus",2020,1,21,"4fa7b334-ce0d-4e88-aaae-2e0c138d049e",NA,"3220789091"
32.22085,-110.79624,1,"Mimidae","Toxostoma curvirostre",2020,1,21,"4fa7b334-ce0d-4e88-aaae-2e0c138d049e",NA,"3219480156"
32.22085,-110.79624,22,"Columbidae","Zenaida macroura",2020,1,21,"4fa7b334-ce0d-4e88-aaae-2e0c138d049e",NA,"3218439013"
32.22085,-110.79624,7,"Corvidae","Corvus corax",2020,1,21,"4fa7b334-ce0d-4e88-aaae-2e0c138d049e",NA,"3218515018"
32.22085,-110.79624,1,"Troglodytidae","Campylorhynchus brunneicapillus",2020,1,21,"4fa7b334-ce0d-4e88-aaae-2e0c138d049e",NA,"3223298048"
32.22085,-110.79624,5,"Ptilogonatidae","Phainopepla nitens",2020,1,21,"4fa7b334-ce0d-4e88-aaae-2e0c138d049e",NA,"3219085034"
32.22085,-110.79624,1,"Emberizidae","Peucaea carpalis",2020,1,21,"4fa7b334-ce0d-4e88-aaae-2e0c138d049e",NA,"3221400987"
32.22085,-110.79624,1,"Cardinalidae","Cardinalis cardinalis",2020,1,21,"4fa7b334-ce0d-4e88-aaae-2e0c138d049e",NA,"3226762976"
32.22085,-110.79624,1,"Regulidae","Regulus calendula",2020,1,21,"4fa7b334-ce0d-4e88-aaae-2e0c138d049e",NA,"3224483009"
32.22085,-110.79624,1,"Accipitridae","Accipiter striatus",2020,1,21,"4fa7b334-ce0d-4e88-aaae-2e0c138d049e",NA,"3222327978"
32.22085,-110.79624,3,"Mimidae","Mimus polyglottos",2020,1,21,"4fa7b334-ce0d-4e88-aaae-2e0c138d049e",NA,"3163650296"
32.22085,-110.79624,2,"Cardinalidae","Cardinalis sinuatus",2020,1,21,"4fa7b334-ce0d-4e88-aaae-2e0c138d049e",NA,"3175521118"
32.22085,-110.79624,1,"Columbidae","Zenaida asiatica",2020,1,21,"4fa7b334-ce0d-4e88-aaae-2e0c138d049e",NA,"3166877962"
32.22085,-110.79624,3,"Picidae","Melanerpes uropygialis",2020,1,21,"4fa7b334-ce0d-4e88-aaae-2e0c138d049e",NA,"3165557943"
32.22085,-110.79624,4,"Fringillidae","Haemorhous mexicanus",2020,1,21,"4fa7b334-ce0d-4e88-aaae-2e0c138d049e",NA,"3173034033"
32.22085,-110.79624,1,"Mimidae","Toxostoma curvirostre",2020,1,21,"4fa7b334-ce0d-4e88-aaae-2e0c138d049e",NA,"3159800039"
32.22085,-110.79624,22,"Columbidae","Zenaida macroura",2020,1,21,"4fa7b334-ce0d-4e88-aaae-2e0c138d049e",NA,"3159737193"
32.22085,-110.79624,7,"Corvidae","Corvus corax",2020,1,21,"4fa7b334-ce0d-4e88-aaae-2e0c138d049e",NA,"3169495126"
32.22085,-110.79624,1,"Troglodytidae","Campylorhynchus brunneicapillus",2020,1,21,"4fa7b334-ce0d-4e88-aaae-2e0c138d049e",NA,"3162465199"
32.22085,-110.79624,5,"Ptilogonatidae","Phainopepla nitens",2020,1,21,"4fa7b334-ce0d-4e88-aaae-2e0c138d049e",NA,"3172569137"
32.22085,-110.79624,1,"Emberizidae","Peucaea carpalis",2020,1,21,"4fa7b334-ce0d-4e88-aaae-2e0c138d049e",NA,"3166012166"
32.22085,-110.79624,1,"Cardinalidae","Cardinalis cardinalis",2020,1,21,"4fa7b334-ce0d-4e88-aaae-2e0c138d049e",NA,"3170883103"
32.22085,-110.79624,1,"Regulidae","Regulus calendula",2020,1,21,"4fa7b334-ce0d-4e88-aaae-2e0c138d049e",NA,"3157582919"
32.22085,-110.79624,1,"Accipitridae","Accipiter striatus",2020,1,21,"4fa7b334-ce0d-4e88-aaae-2e0c138d049e",NA,"3175657942"
32.22085,-110.79624,1,"Picidae","Melanerpes uropygialis",2020,1,20,"4fa7b334-ce0d-4e88-aaae-2e0c138d049e",NA,"3154588938"
32.206997,-110.80338,3,"Corvidae","Corvus corax",2020,2,2,"4fa7b334-ce0d-4e88-aaae-2e0c138d049e",NA,"3133757570"
32.206997,-110.80338,1,"Strigidae","Bubo virginianus",2020,2,4,"4fa7b334-ce0d-4e88-aaae-2e0c138d049e",NA,"3134518532"
32.208527,-110.80422,1,"Fringillidae","Haemorhous mexicanus",2020,2,24,"4fa7b334-ce0d-4e88-aaae-2e0c138d049e",NA,"3146185120"
32.206764,-110.80616,2,"Accipitridae","Accipiter cooperii",2020,2,25,"4fa7b334-ce0d-4e88-aaae-2e0c138d049e",NA,"3241913017"
32.206764,-110.80616,2,"Corvidae","Corvus corax",2020,2,25,"4fa7b334-ce0d-4e88-aaae-2e0c138d049e",NA,"3241563060"
32.206997,-110.80338,1,"Emberizidae","Peucaea carpalis",2020,3,8,"4fa7b334-ce0d-4e88-aaae-2e0c138d049e",NA,"3136823783"
32.206997,-110.80338,1,"Trochilidae","Calypte anna",2020,3,8,"4fa7b334-ce0d-4e88-aaae-2e0c138d049e",NA,"3137515771"
32.206997,-110.80338,4,"Columbidae","Columba livia",2020,3,8,"4fa7b334-ce0d-4e88-aaae-2e0c138d049e",NA,"3155108780"
32.206997,-110.80338,2,"Columbidae","Zenaida macroura",2020,3,8,"4fa7b334-ce0d-4e88-aaae-2e0c138d049e",NA,"3136985912"
32.206997,-110.80338,1,"Corvidae","Corvus corax",2020,3,13,"4fa7b334-ce0d-4e88-aaae-2e0c138d049e",NA,"3225003005"
32.206997,-110.80338,2,"Columbidae","Columba livia",2020,3,13,"4fa7b334-ce0d-4e88-aaae-2e0c138d049e",NA,"3223067001"
32.206997,-110.80338,1,"Trochilidae","Calypte anna",2020,3,13,"4fa7b334-ce0d-4e88-aaae-2e0c138d049e",NA,"3225503940"
32.206997,-110.80338,1,"Cuculidae","Geococcyx californianus",2020,3,13,"4fa7b334-ce0d-4e88-aaae-2e0c138d049e",NA,"3219318026"
32.206997,-110.80338,16,"Columbidae","Columba livia",2020,3,16,"4fa7b334-ce0d-4e88-aaae-2e0c138d049e",NA,"3238088131"
32.206997,-110.80338,1,"Trochilidae","Calypte anna",2020,3,16,"4fa7b334-ce0d-4e88-aaae-2e0c138d049e",NA,"3239038103"
32.206997,-110.80338,1,"Corvidae","Corvus corax",2020,3,16,"4fa7b334-ce0d-4e88-aaae-2e0c138d049e",NA,"3245727009"
32.206997,-110.80338,2,"Fringillidae","Haemorhous mexicanus",2020,3,16,"4fa7b334-ce0d-4e88-aaae-2e0c138d049e",NA,"3244416162"
32.206997,-110.80338,1,"Fringillidae","Spinus psaltria",2020,3,16,"4fa7b334-ce0d-4e88-aaae-2e0c138d049e",NA,"3261633074"
32.206997,-110.80338,1,"Trochilidae","Calypte anna",2020,3,17,"4fa7b334-ce0d-4e88-aaae-2e0c138d049e",NA,"3273581717"
32.206997,-110.80338,1,"Fringillidae","Spinus psaltria",2020,3,17,"4fa7b334-ce0d-4e88-aaae-2e0c138d049e",NA,"3219492477"
32.206997,-110.80338,1,"Corvidae","Corvus corax",2020,3,17,"4fa7b334-ce0d-4e88-aaae-2e0c138d049e",NA,"3218961450"
32.206997,-110.80338,1,"Fringillidae","Haemorhous mexicanus",2020,3,17,"4fa7b334-ce0d-4e88-aaae-2e0c138d049e",NA,"3218959455"
32.20734,-110.79881,1,"Accipitridae","Buteo jamaicensis",2020,3,19,"4fa7b334-ce0d-4e88-aaae-2e0c138d049e",NA,"3148439417"
32.208527,-110.80422,1,"Columbidae","Streptopelia decaocto",2020,3,20,"4fa7b334-ce0d-4e88-aaae-2e0c138d049e",NA,"3220787843"
32.206997,-110.80338,1,"Remizidae","Auriparus flaviceps",2020,4,5,"4fa7b334-ce0d-4e88-aaae-2e0c138d049e",NA,"3147664139"
32.206997,-110.80338,1,"Accipitridae","Accipiter cooperii",2020,4,5,"4fa7b334-ce0d-4e88-aaae-2e0c138d049e",NA,"3154335232"
32.206997,-110.80338,1,"Trochilidae","Calypte anna",2020,4,5,"4fa7b334-ce0d-4e88-aaae-2e0c138d049e",NA,"3159233271"
32.206997,-110.80338,2,"Columbidae","Columba livia",2020,4,5,"4fa7b334-ce0d-4e88-aaae-2e0c138d049e",NA,"3157967292"
32.206997,-110.80338,1,"Cathartidae","Cathartes aura",2020,4,5,"4fa7b334-ce0d-4e88-aaae-2e0c138d049e",NA,"3140567369"
32.208344,-110.79956,1,"Tyrannidae","Pyrocephalus rubinus",2020,4,10,"4fa7b334-ce0d-4e88-aaae-2e0c138d049e",NA,"3223629217"
32.206997,-110.80338,1,"Trochilidae","Calypte anna",2020,4,11,"4fa7b334-ce0d-4e88-aaae-2e0c138d049e",NA,"3241872128"
32.206997,-110.80338,1,"Corvidae","Corvus corax",2020,4,11,"4fa7b334-ce0d-4e88-aaae-2e0c138d049e",NA,"3239172100"
32.206997,-110.80338,1,"Cathartidae","Cathartes aura",2020,4,11,"4fa7b334-ce0d-4e88-aaae-2e0c138d049e",NA,"3259828253"
32.206997,-110.80338,1,"Falconidae","Falco sparverius",2020,4,24,"4fa7b334-ce0d-4e88-aaae-2e0c138d049e",NA,"3222457598"
32.21012,-110.79636,2,"Picidae","Melanerpes uropygialis",2020,5,3,"4fa7b334-ce0d-4e88-aaae-2e0c138d049e",NA,"3224659578"
32.21012,-110.79636,1,"Troglodytidae","Campylorhynchus brunneicapillus",2020,5,3,"4fa7b334-ce0d-4e88-aaae-2e0c138d049e",NA,"3230256509"
32.21012,-110.79636,2,"Remizidae","Auriparus flaviceps",2020,5,3,"4fa7b334-ce0d-4e88-aaae-2e0c138d049e",NA,"3228320653"
32.21012,-110.79636,6,"Fringillidae","Haemorhous mexicanus",2020,5,3,"4fa7b334-ce0d-4e88-aaae-2e0c138d049e",NA,"3238603583"
32.21012,-110.79636,2,"Odontophoridae","Callipepla gambelii",2020,5,3,"4fa7b334-ce0d-4e88-aaae-2e0c138d049e",NA,"3235920555"
32.21012,-110.79636,6,"Columbidae","Zenaida asiatica",2020,5,3,"4fa7b334-ce0d-4e88-aaae-2e0c138d049e",NA,"3235989622"
32.21012,-110.79636,1,"Tyrannidae","Myiarchus cinerascens",2020,5,3,"4fa7b334-ce0d-4e88-aaae-2e0c138d049e",NA,"3242860581"
32.21012,-110.79636,1,"Mimidae","Toxostoma curvirostre",2020,5,3,"4fa7b334-ce0d-4e88-aaae-2e0c138d049e",NA,"3234370625"
32.21012,-110.79636,1,"Mimidae","Mimus polyglottos",2020,5,3,"4fa7b334-ce0d-4e88-aaae-2e0c138d049e",NA,"3230475668"
32.21012,-110.79636,2,"Trochilidae","Calypte anna",2020,5,3,"4fa7b334-ce0d-4e88-aaae-2e0c138d049e",NA,"3233352564"
32.21012,-110.79636,1,"Cardinalidae","Cardinalis sinuatus",2020,5,3,"4fa7b334-ce0d-4e88-aaae-2e0c138d049e",NA,"3243096430"
32.21012,-110.79636,1,"Cardinalidae","Cardinalis cardinalis",2020,5,3,"4fa7b334-ce0d-4e88-aaae-2e0c138d049e",NA,"3229032387"
32.21012,-110.79636,4,"Columbidae","Zenaida macroura",2020,5,3,"4fa7b334-ce0d-4e88-aaae-2e0c138d049e",NA,"3232063661"
32.220276,-110.7913,3,"Mimidae","Mimus polyglottos",2020,5,3,"4fa7b334-ce0d-4e88-aaae-2e0c138d049e",NA,"3150780768"
32.220276,-110.7913,1,"Trochilidae","Calypte costae",2020,5,3,"4fa7b334-ce0d-4e88-aaae-2e0c138d049e",NA,"3150112792"
32.220276,-110.7913,6,"Columbidae","Zenaida macroura",2020,5,3,"4fa7b334-ce0d-4e88-aaae-2e0c138d049e",NA,"3147055846"
32.220276,-110.7913,10,"Passeridae","Passer domesticus",2020,5,3,"4fa7b334-ce0d-4e88-aaae-2e0c138d049e",NA,"3162133974"
32.220276,-110.7913,1,"Cardinalidae","Cardinalis cardinalis",2020,5,3,"4fa7b334-ce0d-4e88-aaae-2e0c138d049e",NA,"3155150779"
32.220276,-110.7913,2,"Fringillidae","Haemorhous mexicanus",2020,5,3,"4fa7b334-ce0d-4e88-aaae-2e0c138d049e",NA,"3153928941"
32.220276,-110.7913,1,"Tyrannidae","Pyrocephalus rubinus",2020,5,3,"4fa7b334-ce0d-4e88-aaae-2e0c138d049e",NA,"3164436892"
32.220276,-110.7913,1,"Fringillidae","Spinus psaltria",2020,5,3,"4fa7b334-ce0d-4e88-aaae-2e0c138d049e",NA,"3169566927"
32.220276,-110.7913,2,"Columbidae","Zenaida asiatica",2020,5,3,"4fa7b334-ce0d-4e88-aaae-2e0c138d049e",NA,"3146966933"
32.220276,-110.7913,1,"Accipitridae","Parabuteo unicinctus",2020,5,3,"4fa7b334-ce0d-4e88-aaae-2e0c138d049e",NA,"3224041975"
32.21012,-110.79636,2,"Picidae","Melanerpes uropygialis",2020,5,3,"4fa7b334-ce0d-4e88-aaae-2e0c138d049e",NA,"3154173454"
32.21012,-110.79636,1,"Troglodytidae","Campylorhynchus brunneicapillus",2020,5,3,"4fa7b334-ce0d-4e88-aaae-2e0c138d049e",NA,"3161997496"
32.21012,-110.79636,2,"Remizidae","Auriparus flaviceps",2020,5,3,"4fa7b334-ce0d-4e88-aaae-2e0c138d049e",NA,"3151322300"
32.21012,-110.79636,6,"Fringillidae","Haemorhous mexicanus",2020,5,3,"4fa7b334-ce0d-4e88-aaae-2e0c138d049e",NA,"3147885322"
32.21012,-110.79636,2,"Odontophoridae","Callipepla gambelii",2020,5,3,"4fa7b334-ce0d-4e88-aaae-2e0c138d049e",NA,"3148606250"
32.21012,-110.79636,6,"Columbidae","Zenaida asiatica",2020,5,3,"4fa7b334-ce0d-4e88-aaae-2e0c138d049e",NA,"3169780261"
32.21012,-110.79636,1,"Tyrannidae","Myiarchus cinerascens",2020,5,3,"4fa7b334-ce0d-4e88-aaae-2e0c138d049e",NA,"3148340414"
32.21012,-110.79636,1,"Mimidae","Toxostoma curvirostre",2020,5,3,"4fa7b334-ce0d-4e88-aaae-2e0c138d049e",NA,"3151545379"
32.21012,-110.79636,1,"Mimidae","Mimus polyglottos",2020,5,3,"4fa7b334-ce0d-4e88-aaae-2e0c138d049e",NA,"3148661411"
32.21012,-110.79636,2,"Trochilidae","Calypte anna",2020,5,3,"4fa7b334-ce0d-4e88-aaae-2e0c138d049e",NA,"3150978360"
32.21012,-110.79636,1,"Cardinalidae","Cardinalis sinuatus",2020,5,3,"4fa7b334-ce0d-4e88-aaae-2e0c138d049e",NA,"3154290457"
32.21012,-110.79636,1,"Cardinalidae","Cardinalis cardinalis",2020,5,3,"4fa7b334-ce0d-4e88-aaae-2e0c138d049e",NA,"3148019330"
32.21012,-110.79636,4,"Columbidae","Zenaida macroura",2020,5,3,"4fa7b334-ce0d-4e88-aaae-2e0c138d049e",NA,"3150033470"
32.21864,-110.79133,3,"Mimidae","Mimus polyglottos",2020,5,3,"4fa7b334-ce0d-4e88-aaae-2e0c138d049e",NA,"3241727368"
32.21864,-110.79133,1,"Trochilidae","Calypte costae",2020,5,3,"4fa7b334-ce0d-4e88-aaae-2e0c138d049e",NA,"3253365419"
32.21864,-110.79133,6,"Columbidae","Zenaida macroura",2020,5,3,"4fa7b334-ce0d-4e88-aaae-2e0c138d049e",NA,"3252377369"
32.21864,-110.79133,10,"Passeridae","Passer domesticus",2020,5,3,"4fa7b334-ce0d-4e88-aaae-2e0c138d049e",NA,"3260152438"
32.21864,-110.79133,1,"Cardinalidae","Cardinalis cardinalis",2020,5,3,"4fa7b334-ce0d-4e88-aaae-2e0c138d049e",NA,"3247006407"
32.21864,-110.79133,2,"Fringillidae","Haemorhous mexicanus",2020,5,3,"4fa7b334-ce0d-4e88-aaae-2e0c138d049e",NA,"3257583436"
32.21864,-110.79133,1,"Tyrannidae","Pyrocephalus rubinus",2020,5,3,"4fa7b334-ce0d-4e88-aaae-2e0c138d049e",NA,"3261652404"
32.21864,-110.79133,1,"Fringillidae","Spinus psaltria",2020,5,3,"4fa7b334-ce0d-4e88-aaae-2e0c138d049e",NA,"3250070403"
32.21864,-110.79133,2,"Columbidae","Zenaida asiatica",2020,5,3,"4fa7b334-ce0d-4e88-aaae-2e0c138d049e",NA,"3263128476"
32.21864,-110.79133,1,"Accipitridae","Parabuteo unicinctus",2020,5,3,"4fa7b334-ce0d-4e88-aaae-2e0c138d049e",NA,"3253764369"
32.20734,-110.79881,1,"Accipitridae","Accipiter cooperii",2020,5,13,"4fa7b334-ce0d-4e88-aaae-2e0c138d049e",NA,"3227601436"
32.2167,-110.79398,1,"Accipitridae","Parabuteo unicinctus",2020,5,21,"4fa7b334-ce0d-4e88-aaae-2e0c138d049e",NA,"3233477517"
32.206997,-110.80338,2,"Corvidae","Corvus corax",2020,6,1,"4fa7b334-ce0d-4e88-aaae-2e0c138d049e",NA,"3235353331"
32.208344,-110.79956,4,"Odontophoridae","Callipepla gambelii",2020,6,11,"4fa7b334-ce0d-4e88-aaae-2e0c138d049e",NA,"3240387240"
32.208344,-110.79956,1,"Mimidae","Toxostoma curvirostre",2020,6,11,"4fa7b334-ce0d-4e88-aaae-2e0c138d049e",NA,"3236254339"
32.208344,-110.79956,1,"Cardinalidae","Cardinalis sinuatus",2020,6,11,"4fa7b334-ce0d-4e88-aaae-2e0c138d049e",NA,"3233503466"
32.208344,-110.79956,3,"Columbidae","Zenaida macroura",2020,6,11,"4fa7b334-ce0d-4e88-aaae-2e0c138d049e",NA,"3232033500"
32.208344,-110.79956,1,"Cardinalidae","Cardinalis cardinalis",2020,6,11,"4fa7b334-ce0d-4e88-aaae-2e0c138d049e",NA,"3247656358"
32.208344,-110.79956,2,"Mimidae","Mimus polyglottos",2020,6,11,"4fa7b334-ce0d-4e88-aaae-2e0c138d049e",NA,"3255630329"
32.208344,-110.79956,1,"Cardinalidae","Cardinalis sinuatus",2020,6,19,"4fa7b334-ce0d-4e88-aaae-2e0c138d049e",NA,"3246564417"
32.208344,-110.79956,1,"Picidae","Melanerpes uropygialis",2020,6,19,"4fa7b334-ce0d-4e88-aaae-2e0c138d049e",NA,"3256831380"
32.208344,-110.79956,5,"Mimidae","Mimus polyglottos",2020,6,19,"4fa7b334-ce0d-4e88-aaae-2e0c138d049e",NA,"3254864245"
32.208344,-110.79956,1,"Trochilidae","Calypte anna",2020,6,19,"4fa7b334-ce0d-4e88-aaae-2e0c138d049e",NA,"3251808312"
32.208344,-110.79956,2,"Mimidae","Toxostoma curvirostre",2020,6,19,"4fa7b334-ce0d-4e88-aaae-2e0c138d049e",NA,"3244204589"
32.208344,-110.79956,1,"Ptilogonatidae","Phainopepla nitens",2020,6,19,"4fa7b334-ce0d-4e88-aaae-2e0c138d049e",NA,"3254177599"
32.208344,-110.79956,1,"Troglodytidae","Campylorhynchus brunneicapillus",2020,6,19,"4fa7b334-ce0d-4e88-aaae-2e0c138d049e",NA,"3268099524"
32.208344,-110.79956,1,"Columbidae","Zenaida asiatica",2020,6,19,"4fa7b334-ce0d-4e88-aaae-2e0c138d049e",NA,"3262060374"
32.208344,-110.79956,1,"Columbidae","Zenaida macroura",2020,6,19,"4fa7b334-ce0d-4e88-aaae-2e0c138d049e",NA,"3265480397"
32.208344,-110.79956,3,"Cuculidae","Geococcyx californianus",2020,8,1,"4fa7b334-ce0d-4e88-aaae-2e0c138d049e",NA,"3261872476"
32.208344,-110.79956,2,"Cardinalidae","Piranga ludoviciana",2020,8,1,"4fa7b334-ce0d-4e88-aaae-2e0c138d049e",NA,"3288990348"
32.208344,-110.79956,4,"Passeridae","Passer domesticus",2020,8,1,"4fa7b334-ce0d-4e88-aaae-2e0c138d049e",NA,"3268058194"
32.208344,-110.79956,8,"Fringillidae","Spinus psaltria",2020,8,1,"4fa7b334-ce0d-4e88-aaae-2e0c138d049e",NA,"3267273278"
32.208344,-110.79956,3,"Troglodytidae","Campylorhynchus brunneicapillus",2020,8,1,"4fa7b334-ce0d-4e88-aaae-2e0c138d049e",NA,"3273854303"
32.208344,-110.79956,3,"Corvidae","Corvus corax",2020,8,1,"4fa7b334-ce0d-4e88-aaae-2e0c138d049e",NA,"3278118138"
32.208344,-110.79956,2,"Trochilidae","Cynanthus latirostris",2020,8,1,"4fa7b334-ce0d-4e88-aaae-2e0c138d049e",NA,"3277673419"
32.208344,-110.79956,2,"Emberizidae","Melozone aberti",2020,8,1,"4fa7b334-ce0d-4e88-aaae-2e0c138d049e",NA,"3288881332"
32.208344,-110.79956,6,"Odontophoridae","Callipepla gambelii",2020,8,1,"4fa7b334-ce0d-4e88-aaae-2e0c138d049e",NA,"3267099340"
32.208344,-110.79956,5,"Columbidae","Zenaida asiatica",2020,8,1,"4fa7b334-ce0d-4e88-aaae-2e0c138d049e",NA,"3280069399"
32.208344,-110.79956,1,"Accipitridae","Accipiter cooperii",2020,8,1,"4fa7b334-ce0d-4e88-aaae-2e0c138d049e",NA,"3272891394"
32.208344,-110.79956,3,"Picidae","Melanerpes uropygialis",2020,8,1,"4fa7b334-ce0d-4e88-aaae-2e0c138d049e",NA,"3270382281"
32.208344,-110.79956,1,"Strigidae","Bubo virginianus",2020,8,1,"4fa7b334-ce0d-4e88-aaae-2e0c138d049e",NA,"3271421332"
32.208344,-110.79956,2,"Cardinalidae","Cardinalis cardinalis",2020,8,1,"4fa7b334-ce0d-4e88-aaae-2e0c138d049e",NA,"3279000146"
32.208344,-110.79956,1,"Cathartidae","Cathartes aura",2020,8,1,"4fa7b334-ce0d-4e88-aaae-2e0c138d049e",NA,"3280195285"
32.208344,-110.79956,2,"Cardinalidae","Cardinalis sinuatus",2020,8,1,"4fa7b334-ce0d-4e88-aaae-2e0c138d049e",NA,"3264673298"
32.208344,-110.79956,5,"Mimidae","Toxostoma curvirostre",2020,8,1,"4fa7b334-ce0d-4e88-aaae-2e0c138d049e",NA,"3290048462"
32.208344,-110.79956,5,"Mimidae","Mimus polyglottos",2020,8,1,"4fa7b334-ce0d-4e88-aaae-2e0c138d049e",NA,"3286379436"
32.208344,-110.79956,1,"Emberizidae","Amphispiza bilineata",2020,8,1,"4fa7b334-ce0d-4e88-aaae-2e0c138d049e",NA,"3275846374"
32.208344,-110.79956,2,"Ptilogonatidae","Phainopepla nitens",2020,8,1,"4fa7b334-ce0d-4e88-aaae-2e0c138d049e",NA,"3274152523"
32.208344,-110.79956,2,"Trochilidae","Calypte anna",2020,8,1,"4fa7b334-ce0d-4e88-aaae-2e0c138d049e",NA,"3274273581"
32.206764,-110.80616,1,"Accipitridae","Buteo albonotatus",2020,9,6,"4fa7b334-ce0d-4e88-aaae-2e0c138d049e",NA,"3181206044"
32.208344,-110.79956,2,"Trochilidae","Calypte anna",2020,9,19,"4fa7b334-ce0d-4e88-aaae-2e0c138d049e",NA,"3294082224"
32.208344,-110.79956,6,"Odontophoridae","Callipepla gambelii",2020,9,19,"4fa7b334-ce0d-4e88-aaae-2e0c138d049e",NA,"3274273175"
32.208344,-110.79956,2,"Mimidae","Mimus polyglottos",2020,9,19,"4fa7b334-ce0d-4e88-aaae-2e0c138d049e",NA,"3286731147"
32.208344,-110.79956,1,"Remizidae","Auriparus flaviceps",2020,9,19,"4fa7b334-ce0d-4e88-aaae-2e0c138d049e",NA,"3286628097"
32.208344,-110.79956,1,"Fringillidae","Haemorhous mexicanus",2020,9,19,"4fa7b334-ce0d-4e88-aaae-2e0c138d049e",NA,"3280172090"
32.208344,-110.79956,1,"Mimidae","Toxostoma curvirostre",2020,9,19,"4fa7b334-ce0d-4e88-aaae-2e0c138d049e",NA,"3291699159"
32.208344,-110.79956,3,"Ptilogonatidae","Phainopepla nitens",2020,9,19,"4fa7b334-ce0d-4e88-aaae-2e0c138d049e",NA,"3284287326"
32.208344,-110.79956,2,"Emberizidae","Pipilo chlorurus",2020,9,19,"4fa7b334-ce0d-4e88-aaae-2e0c138d049e",NA,"3294763256"
32.208344,-110.79956,4,"Fringillidae","Spinus psaltria",2020,9,19,"4fa7b334-ce0d-4e88-aaae-2e0c138d049e",NA,"3272893275"
32.208344,-110.79956,1,"Fringillidae","Haemorhous mexicanus",2020,9,20,"4fa7b334-ce0d-4e88-aaae-2e0c138d049e",NA,"3206352556"
32.208344,-110.79956,1,"Emberizidae","Pipilo chlorurus",2020,9,20,"4fa7b334-ce0d-4e88-aaae-2e0c138d049e",NA,"3176839636"
32.208344,-110.79956,1,"Polioptilidae","Polioptila melanura",2020,9,20,"4fa7b334-ce0d-4e88-aaae-2e0c138d049e",NA,"3183570627"
32.208344,-110.79956,1,"Trochilidae","Calypte anna",2020,9,20,"4fa7b334-ce0d-4e88-aaae-2e0c138d049e",NA,"3184394804"
32.206764,-110.80616,1,"Accipitridae","Buteo jamaicensis",2020,10,24,"4fa7b334-ce0d-4e88-aaae-2e0c138d049e",NA,"3295090707"
32.215355,-110.79815,1,"Accipitridae","Parabuteo unicinctus",2020,10,3,"4fa7b334-ce0d-4e88-aaae-2e0c138d049e",NA,"3182455489"
32.215355,-110.79815,13,"Columbidae","Zenaida macroura",2020,10,3,"4fa7b334-ce0d-4e88-aaae-2e0c138d049e",NA,"3187845547"
32.206997,-110.80338,3,"Columbidae","Zenaida macroura",2020,10,7,"4fa7b334-ce0d-4e88-aaae-2e0c138d049e",NA,"3184914416"
32.206997,-110.80338,1,"Accipitridae","Accipiter cooperii",2020,10,7,"4fa7b334-ce0d-4e88-aaae-2e0c138d049e",NA,"3207907343"
32.206764,-110.80616,1,"Accipitridae","Buteo jamaicensis",2020,11,3,"4fa7b334-ce0d-4e88-aaae-2e0c138d049e",NA,"3205268203"
32.206764,-110.80616,1,"Falconidae","Falco sparverius",2020,11,3,"4fa7b334-ce0d-4e88-aaae-2e0c138d049e",NA,"3201126280"
32.206764,-110.80616,100,"Columbidae","Columba livia",2020,11,17,"4fa7b334-ce0d-4e88-aaae-2e0c138d049e",NA,"3199681404"
32.206764,-110.80616,26,"Columbidae","Zenaida macroura",2020,11,17,"4fa7b334-ce0d-4e88-aaae-2e0c138d049e",NA,"3283521504"
32.206764,-110.80616,1,"Accipitridae","Accipiter cooperii",2020,11,17,"4fa7b334-ce0d-4e88-aaae-2e0c138d049e",NA,"3293439368"
32.206764,-110.80616,2,"Corvidae","Corvus corax",2020,11,17,"4fa7b334-ce0d-4e88-aaae-2e0c138d049e",NA,"3289244415"
32.206997,-110.80338,1,"Columbidae","Columba livia",2020,11,20,"4fa7b334-ce0d-4e88-aaae-2e0c138d049e",NA,"3267026263"
32.206997,-110.80338,1,"Accipitridae","Buteo jamaicensis",2020,11,20,"4fa7b334-ce0d-4e88-aaae-2e0c138d049e",NA,"3267817374"
32.206997,-110.80338,2,"Columbidae","Zenaida macroura",2020,11,20,"4fa7b334-ce0d-4e88-aaae-2e0c138d049e",NA,"3268942462"
32.206764,-110.80616,2,"Columbidae","Columba livia",2020,11,20,"4fa7b334-ce0d-4e88-aaae-2e0c138d049e",NA,"3290903390"
32.206764,-110.80616,1,"Falconidae","Falco sparverius",2020,11,20,"4fa7b334-ce0d-4e88-aaae-2e0c138d049e",NA,"3287916173"
32.206764,-110.80616,1,"Falconidae","Falco sparverius",2020,11,22,"4fa7b334-ce0d-4e88-aaae-2e0c138d049e",NA,"3210783585"
32.206764,-110.80616,1,"Falconidae","Falco sparverius",2020,11,22,"4fa7b334-ce0d-4e88-aaae-2e0c138d049e",NA,"3208887423"
32.215355,-110.79815,2,"Accipitridae","Parabuteo unicinctus",2020,11,25,"4fa7b334-ce0d-4e88-aaae-2e0c138d049e",NA,"3291825378"
32.215355,-110.79815,1,"Accipitridae","Parabuteo unicinctus",2020,11,24,"4fa7b334-ce0d-4e88-aaae-2e0c138d049e",NA,"3210401686"
32.215355,-110.79815,1,"Columbidae","Zenaida macroura",2020,11,24,"4fa7b334-ce0d-4e88-aaae-2e0c138d049e",NA,"3193672583"
32.206997,-110.80338,4,"Columbidae","Columba livia",2020,11,30,"4fa7b334-ce0d-4e88-aaae-2e0c138d049e",NA,"3198112888"
32.206997,-110.80338,1,"Trochilidae","Calypte anna",2020,11,30,"4fa7b334-ce0d-4e88-aaae-2e0c138d049e",NA,"3204795922"
32.206997,-110.80338,1,"Corvidae","Corvus corax",2020,11,30,"4fa7b334-ce0d-4e88-aaae-2e0c138d049e",NA,"3199000002"
32.215355,-110.79815,1,"Accipitridae","Parabuteo unicinctus",2020,12,1,"4fa7b334-ce0d-4e88-aaae-2e0c138d049e",NA,"3194082490"
32.215355,-110.79815,1,"Falconidae","Falco peregrinus",2020,12,2,"4fa7b334-ce0d-4e88-aaae-2e0c138d049e",NA,"3208606800"
32.206997,-110.80338,1,"Accipitridae","Accipiter cooperii",2020,12,4,"4fa7b334-ce0d-4e88-aaae-2e0c138d049e",NA,"3208649664"
32.206997,-110.80338,1,"Ptilogonatidae","Phainopepla nitens",2020,12,4,"4fa7b334-ce0d-4e88-aaae-2e0c138d049e",NA,"3214572817"
32.206997,-110.80338,6,"Odontophoridae","Callipepla gambelii",2020,12,4,"4fa7b334-ce0d-4e88-aaae-2e0c138d049e",NA,"3194602786"
32.206997,-110.80338,2,"Corvidae","Corvus corax",2020,12,4,"4fa7b334-ce0d-4e88-aaae-2e0c138d049e",NA,"3202968525"
32.206764,-110.80616,1,"Falconidae","Falco sparverius",2020,12,4,"4fa7b334-ce0d-4e88-aaae-2e0c138d049e",NA,"3202399878"
32.215355,-110.79815,1,"Falconidae","Falco sparverius",2020,12,4,"4fa7b334-ce0d-4e88-aaae-2e0c138d049e",NA,"3297750301"
32.206764,-110.80616,1,"Accipitridae","Buteo jamaicensis",2020,12,7,"4fa7b334-ce0d-4e88-aaae-2e0c138d049e",NA,"3293567537"
32.206764,-110.80616,1,"Corvidae","Corvus corax",2020,12,7,"4fa7b334-ce0d-4e88-aaae-2e0c138d049e",NA,"3285763517"
32.206997,-110.80338,1,"Accipitridae","Accipiter cooperii",2020,12,8,"4fa7b334-ce0d-4e88-aaae-2e0c138d049e",NA,"3297625004"
32.206997,-110.80338,1,"Falconidae","Falco sparverius",2020,12,10,"4fa7b334-ce0d-4e88-aaae-2e0c138d049e",NA,"3213216986"
32.21769,-110.79827,1,"Accipitridae","Parabuteo unicinctus",2020,12,16,"4fa7b334-ce0d-4e88-aaae-2e0c138d049e",NA,"3301135854"
32.21769,-110.79827,1,"Accipitridae","Accipiter cooperii",2020,12,16,"4fa7b334-ce0d-4e88-aaae-2e0c138d049e",NA,"3288677318"
32.206997,-110.80338,2,"Columbidae","Zenaida macroura",2020,12,20,"4fa7b334-ce0d-4e88-aaae-2e0c138d049e",NA,"3211019245"
32.206997,-110.80338,2,"Corvidae","Corvus corax",2020,12,20,"4fa7b334-ce0d-4e88-aaae-2e0c138d049e",NA,"3214926336"
32.206997,-110.80338,1,"Accipitridae","Buteo jamaicensis",2020,12,21,"4fa7b334-ce0d-4e88-aaae-2e0c138d049e",NA,"3215812596"
32.220524,-110.79823,6,"Columbidae","Columba livia",2020,12,30,"4fa7b334-ce0d-4e88-aaae-2e0c138d049e",NA,"3279036499"
32.220524,-110.79823,1,"Accipitridae","Accipiter cooperii",2020,12,30,"4fa7b334-ce0d-4e88-aaae-2e0c138d049e",NA,"3273972440"
32.206997,-110.80338,1,"Accipitridae","Buteo jamaicensis",2019,1,5,"4fa7b334-ce0d-4e88-aaae-2e0c138d049e",NA,"2732586389"
32.206997,-110.80338,1,"Accipitridae","Accipiter cooperii",2019,1,5,"4fa7b334-ce0d-4e88-aaae-2e0c138d049e",NA,"2738238400"
32.206997,-110.80338,1,"Accipitridae","Parabuteo unicinctus",2019,1,5,"4fa7b334-ce0d-4e88-aaae-2e0c138d049e",NA,"2738145355"
32.206997,-110.80338,8,"Columbidae","Columba livia",2019,1,5,"4fa7b334-ce0d-4e88-aaae-2e0c138d049e",NA,"2756231379"
32.22056,-110.78977,1,"Accipitridae","Buteo jamaicensis",2019,2,10,"4fa7b334-ce0d-4e88-aaae-2e0c138d049e",NA,"2740957778"
32.22056,-110.78977,1,"Accipitridae","Buteo jamaicensis",2019,3,4,"4fa7b334-ce0d-4e88-aaae-2e0c138d049e",NA,"2666397197"
32.206997,-110.80338,1,"Trochilidae","Archilochus alexandri",2019,3,17,"4fa7b334-ce0d-4e88-aaae-2e0c138d049e",NA,"2741298328"
32.22056,-110.78977,1,"Mimidae","Mimus polyglottos",2019,3,19,"4fa7b334-ce0d-4e88-aaae-2e0c138d049e",NA,"2673443841"
32.22056,-110.78977,1,"Accipitridae","Buteo jamaicensis",2019,3,19,"4fa7b334-ce0d-4e88-aaae-2e0c138d049e",NA,"2672167865"
32.22056,-110.78977,6,"Columbidae","Zenaida macroura",2019,3,19,"4fa7b334-ce0d-4e88-aaae-2e0c138d049e",NA,"2675659952"
32.22056,-110.78977,1,"Corvidae","Corvus corax",2019,3,19,"4fa7b334-ce0d-4e88-aaae-2e0c138d049e",NA,"2677687995"
32.22056,-110.78977,1,"Tyrannidae","Pyrocephalus rubinus",2019,3,19,"4fa7b334-ce0d-4e88-aaae-2e0c138d049e",NA,"2672439028"
32.21723,-110.79068,4,"Fringillidae","Haemorhous mexicanus",2019,3,21,"4fa7b334-ce0d-4e88-aaae-2e0c138d049e",NA,"2786060436"
32.21723,-110.79068,1,"Troglodytidae","Campylorhynchus brunneicapillus",2019,3,21,"4fa7b334-ce0d-4e88-aaae-2e0c138d049e",NA,"2769823392"
32.21723,-110.79068,1,"Ptilogonatidae","Phainopepla nitens",2019,3,21,"4fa7b334-ce0d-4e88-aaae-2e0c138d049e",NA,"2759135313"
32.21723,-110.79068,6,"Mimidae","Mimus polyglottos",2019,3,21,"4fa7b334-ce0d-4e88-aaae-2e0c138d049e",NA,"2760661332"
32.21723,-110.79068,1,"Corvidae","Corvus corax",2019,3,21,"4fa7b334-ce0d-4e88-aaae-2e0c138d049e",NA,"2758896347"
32.21723,-110.79068,4,"Columbidae","Zenaida macroura",2019,3,21,"4fa7b334-ce0d-4e88-aaae-2e0c138d049e",NA,"2773122229"
32.206764,-110.80616,1,"Accipitridae","Accipiter cooperii",2019,5,2,"4fa7b334-ce0d-4e88-aaae-2e0c138d049e",NA,"2675018096"
32.21012,-110.79636,1,"Picidae","Melanerpes uropygialis",2019,5,5,"4fa7b334-ce0d-4e88-aaae-2e0c138d049e",NA,"2696101623"
32.21012,-110.79636,1,"Trochilidae","Calypte anna",2019,5,5,"4fa7b334-ce0d-4e88-aaae-2e0c138d049e",NA,"2691556535"
32.21012,-110.79636,1,"Columbidae","Zenaida asiatica",2019,5,5,"4fa7b334-ce0d-4e88-aaae-2e0c138d049e",NA,"2674120556"
32.21012,-110.79636,1,"Parulidae","Leiothlypis luciae",2019,5,5,"4fa7b334-ce0d-4e88-aaae-2e0c138d049e",NA,"2676457625"
32.21012,-110.79636,1,"Mimidae","Mimus polyglottos",2019,5,5,"4fa7b334-ce0d-4e88-aaae-2e0c138d049e",NA,"2675235759"
32.21012,-110.79636,2,"Odontophoridae","Callipepla gambelii",2019,5,5,"4fa7b334-ce0d-4e88-aaae-2e0c138d049e",NA,"2675170710"
32.21012,-110.79636,3,"Columbidae","Zenaida macroura",2019,5,5,"4fa7b334-ce0d-4e88-aaae-2e0c138d049e",NA,"2686585461"
32.21012,-110.79636,1,"Cardinalidae","Cardinalis cardinalis",2019,5,5,"4fa7b334-ce0d-4e88-aaae-2e0c138d049e",NA,"2671638333"
32.21012,-110.79636,2,"Remizidae","Auriparus flaviceps",2019,5,5,"4fa7b334-ce0d-4e88-aaae-2e0c138d049e",NA,"2689272462"
32.21012,-110.79636,1,"Troglodytidae","Campylorhynchus brunneicapillus",2019,5,5,"4fa7b334-ce0d-4e88-aaae-2e0c138d049e",NA,"2690383624"
32.21012,-110.79636,3,"Ptilogonatidae","Phainopepla nitens",2019,5,5,"4fa7b334-ce0d-4e88-aaae-2e0c138d049e",NA,"2684644652"
32.21864,-110.79133,1,"Tyrannidae","Pyrocephalus rubinus",2019,5,5,"4fa7b334-ce0d-4e88-aaae-2e0c138d049e",NA,"2755562594"
32.21864,-110.79133,15,"Columbidae","Zenaida macroura",2019,5,5,"4fa7b334-ce0d-4e88-aaae-2e0c138d049e",NA,"2759904525"
32.21864,-110.79133,7,"Passeridae","Passer domesticus",2019,5,5,"4fa7b334-ce0d-4e88-aaae-2e0c138d049e",NA,"2752962519"
32.21864,-110.79133,1,"Picidae","Melanerpes uropygialis",2019,5,5,"4fa7b334-ce0d-4e88-aaae-2e0c138d049e",NA,"2754300590"
32.21864,-110.79133,2,"Odontophoridae","Callipepla gambelii",2019,5,5,"4fa7b334-ce0d-4e88-aaae-2e0c138d049e",NA,"2776174520"
32.21864,-110.79133,2,"Mimidae","Toxostoma curvirostre",2019,5,5,"4fa7b334-ce0d-4e88-aaae-2e0c138d049e",NA,"2767357474"
32.21864,-110.79133,1,"Columbidae","Streptopelia decaocto",2019,5,5,"4fa7b334-ce0d-4e88-aaae-2e0c138d049e",NA,"2776936708"
32.21864,-110.79133,2,"Columbidae","Zenaida asiatica",2019,5,5,"4fa7b334-ce0d-4e88-aaae-2e0c138d049e",NA,"2756303722"
32.21864,-110.79133,2,"Tyrannidae","Myiarchus cinerascens",2019,5,5,"4fa7b334-ce0d-4e88-aaae-2e0c138d049e",NA,"2766709664"
32.21864,-110.79133,2,"Icteridae","Molothrus ater",2019,5,5,"4fa7b334-ce0d-4e88-aaae-2e0c138d049e",NA,"2761689654"
32.21864,-110.79133,5,"Mimidae","Mimus polyglottos",2019,5,5,"4fa7b334-ce0d-4e88-aaae-2e0c138d049e",NA,"2760314644"
32.21864,-110.79133,2,"Ptilogonatidae","Phainopepla nitens",2019,5,5,"4fa7b334-ce0d-4e88-aaae-2e0c138d049e",NA,"2754643616"
32.21864,-110.79133,1,"Cardinalidae","Cardinalis sinuatus",2019,5,5,"4fa7b334-ce0d-4e88-aaae-2e0c138d049e",NA,"2755494564"
32.21012,-110.79636,1,"Picidae","Melanerpes uropygialis",2019,5,5,"4fa7b334-ce0d-4e88-aaae-2e0c138d049e",NA,"2745210668"
32.21012,-110.79636,1,"Trochilidae","Calypte anna",2019,5,5,"4fa7b334-ce0d-4e88-aaae-2e0c138d049e",NA,"2751511646"
32.21012,-110.79636,1,"Columbidae","Zenaida asiatica",2019,5,5,"4fa7b334-ce0d-4e88-aaae-2e0c138d049e",NA,"2734292524"
32.21012,-110.79636,1,"Parulidae","Leiothlypis luciae",2019,5,5,"4fa7b334-ce0d-4e88-aaae-2e0c138d049e",NA,"2748918660"
32.21012,-110.79636,1,"Mimidae","Mimus polyglottos",2019,5,5,"4fa7b334-ce0d-4e88-aaae-2e0c138d049e",NA,"2756899664"
32.21012,-110.79636,2,"Odontophoridae","Callipepla gambelii",2019,5,5,"4fa7b334-ce0d-4e88-aaae-2e0c138d049e",NA,"2744903673"
32.21012,-110.79636,3,"Columbidae","Zenaida macroura",2019,5,5,"4fa7b334-ce0d-4e88-aaae-2e0c138d049e",NA,"2752528441"
32.21012,-110.79636,1,"Cardinalidae","Cardinalis cardinalis",2019,5,5,"4fa7b334-ce0d-4e88-aaae-2e0c138d049e",NA,"2736658667"
32.21012,-110.79636,2,"Remizidae","Auriparus flaviceps",2019,5,5,"4fa7b334-ce0d-4e88-aaae-2e0c138d049e",NA,"2758323551"
32.21012,-110.79636,1,"Troglodytidae","Campylorhynchus brunneicapillus",2019,5,5,"4fa7b334-ce0d-4e88-aaae-2e0c138d049e",NA,"2778688503"
32.21012,-110.79636,3,"Ptilogonatidae","Phainopepla nitens",2019,5,5,"4fa7b334-ce0d-4e88-aaae-2e0c138d049e",NA,"2745479446"
32.21864,-110.79133,1,"Tyrannidae","Pyrocephalus rubinus",2019,5,5,"4fa7b334-ce0d-4e88-aaae-2e0c138d049e",NA,"2675184764"
32.21864,-110.79133,15,"Columbidae","Zenaida macroura",2019,5,5,"4fa7b334-ce0d-4e88-aaae-2e0c138d049e",NA,"2672881525"
32.21864,-110.79133,7,"Passeridae","Passer domesticus",2019,5,5,"4fa7b334-ce0d-4e88-aaae-2e0c138d049e",NA,"2686134479"
32.21864,-110.79133,1,"Picidae","Melanerpes uropygialis",2019,5,5,"4fa7b334-ce0d-4e88-aaae-2e0c138d049e",NA,"2684549526"
32.21864,-110.79133,2,"Odontophoridae","Callipepla gambelii",2019,5,5,"4fa7b334-ce0d-4e88-aaae-2e0c138d049e",NA,"2673630576"
32.21864,-110.79133,2,"Mimidae","Toxostoma curvirostre",2019,5,5,"4fa7b334-ce0d-4e88-aaae-2e0c138d049e",NA,"2671934568"
32.21864,-110.79133,1,"Columbidae","Streptopelia decaocto",2019,5,5,"4fa7b334-ce0d-4e88-aaae-2e0c138d049e",NA,"2682847589"
32.21864,-110.79133,2,"Columbidae","Zenaida asiatica",2019,5,5,"4fa7b334-ce0d-4e88-aaae-2e0c138d049e",NA,"2672485663"
32.21864,-110.79133,2,"Tyrannidae","Myiarchus cinerascens",2019,5,5,"4fa7b334-ce0d-4e88-aaae-2e0c138d049e",NA,"2674218528"
32.21864,-110.79133,2,"Icteridae","Molothrus ater",2019,5,5,"4fa7b334-ce0d-4e88-aaae-2e0c138d049e",NA,"2674788705"
32.21864,-110.79133,5,"Mimidae","Mimus polyglottos",2019,5,5,"4fa7b334-ce0d-4e88-aaae-2e0c138d049e",NA,"2672153660"
32.21864,-110.79133,2,"Ptilogonatidae","Phainopepla nitens",2019,5,5,"4fa7b334-ce0d-4e88-aaae-2e0c138d049e",NA,"2673783492"
32.21864,-110.79133,1,"Cardinalidae","Cardinalis sinuatus",2019,5,5,"4fa7b334-ce0d-4e88-aaae-2e0c138d049e",NA,"2686649448"
32.22056,-110.78977,1,"Accipitridae","Buteo jamaicensis",2019,6,1,"4fa7b334-ce0d-4e88-aaae-2e0c138d049e",NA,"2739446997"
32.206997,-110.80338,2,"Columbidae","Columba livia",2019,6,29,"4fa7b334-ce0d-4e88-aaae-2e0c138d049e",NA,"2696457138"
32.206997,-110.80338,1,"Falconidae","Falco sparverius",2019,6,29,"4fa7b334-ce0d-4e88-aaae-2e0c138d049e",NA,"2684749177"
32.206997,-110.80338,2,"Odontophoridae","Callipepla gambelii",2019,6,29,"4fa7b334-ce0d-4e88-aaae-2e0c138d049e",NA,"2686623860"
32.206997,-110.80338,1,"Caprimulgidae","Chordeiles acutipennis",2019,7,8,"4fa7b334-ce0d-4e88-aaae-2e0c138d049e",NA,"2775210316"
32.206997,-110.80338,1,"Columbidae","Zenaida asiatica",2019,7,8,"4fa7b334-ce0d-4e88-aaae-2e0c138d049e",NA,"2773317308"
32.21723,-110.79068,1,"Accipitridae","Accipiter cooperii",2019,8,21,"4fa7b334-ce0d-4e88-aaae-2e0c138d049e",NA,"2707307291"
32.206997,-110.80338,1,"Columbidae","Zenaida macroura",2019,9,7,"4fa7b334-ce0d-4e88-aaae-2e0c138d049e",NA,"2709325912"
32.206997,-110.80338,22,"Columbidae","Columba livia",2019,9,7,"4fa7b334-ce0d-4e88-aaae-2e0c138d049e",NA,"2690960756"
32.215355,-110.79815,1,"Accipitridae","Parabuteo unicinctus",2019,9,11,"4fa7b334-ce0d-4e88-aaae-2e0c138d049e",NA,"2777310751"
32.215355,-110.79815,1,"Accipitridae","Parabuteo unicinctus",2019,9,12,"4fa7b334-ce0d-4e88-aaae-2e0c138d049e",NA,"2793938309"
32.20734,-110.79881,1,"Accipitridae","Accipiter cooperii",2019,9,13,"4fa7b334-ce0d-4e88-aaae-2e0c138d049e",NA,"2779390151"
32.206764,-110.80616,4,"Rallidae","Fulica americana",2019,9,25,"4fa7b334-ce0d-4e88-aaae-2e0c138d049e",NA,"2699816629"
32.206764,-110.80616,1,"Accipitridae","Buteo jamaicensis",2019,9,25,"4fa7b334-ce0d-4e88-aaae-2e0c138d049e",NA,"2699733705"
32.20734,-110.79881,6,"Odontophoridae","Callipepla gambelii",2019,9,27,"4fa7b334-ce0d-4e88-aaae-2e0c138d049e",NA,"2699679973"
32.206997,-110.80338,2,"Cathartidae","Cathartes aura",2019,9,26,"4fa7b334-ce0d-4e88-aaae-2e0c138d049e",NA,"2779906966"
32.206997,-110.80338,1,"Trochilidae","Calypte anna",2019,9,26,"4fa7b334-ce0d-4e88-aaae-2e0c138d049e",NA,"2794549946"
32.206997,-110.80338,12,"Columbidae","Columba livia",2019,9,26,"4fa7b334-ce0d-4e88-aaae-2e0c138d049e",NA,"2776820970"
32.206997,-110.80338,1,"Cathartidae","Cathartes aura",2019,9,30,"4fa7b334-ce0d-4e88-aaae-2e0c138d049e",NA,"2777035291"
32.206997,-110.80338,3,"Corvidae","Corvus corax",2019,9,30,"4fa7b334-ce0d-4e88-aaae-2e0c138d049e",NA,"2779518334"
32.20734,-110.79881,1,"Cathartidae","Cathartes aura",2019,10,16,"4fa7b334-ce0d-4e88-aaae-2e0c138d049e",NA,"2704075028"
32.206997,-110.80338,1,"Trochilidae","Calypte anna",2019,10,16,"4fa7b334-ce0d-4e88-aaae-2e0c138d049e",NA,"2779398395"
32.21769,-110.79827,1,"Falconidae","Falco sparverius",2019,10,21,"4fa7b334-ce0d-4e88-aaae-2e0c138d049e",NA,"2799674967"
32.20734,-110.79881,1,"Accipitridae","Buteo jamaicensis",2019,11,5,"4fa7b334-ce0d-4e88-aaae-2e0c138d049e",NA,"2796892812"
32.22056,-110.78977,1,"Accipitridae","Buteo jamaicensis",2019,11,8,"4fa7b334-ce0d-4e88-aaae-2e0c138d049e",NA,"2793851843"
32.22056,-110.78977,9,"Columbidae","Columba livia",2019,11,8,"4fa7b334-ce0d-4e88-aaae-2e0c138d049e",NA,"2798222789"
32.22056,-110.78977,1,"Falconidae","Falco sparverius",2019,11,8,"4fa7b334-ce0d-4e88-aaae-2e0c138d049e",NA,"2791301702"
32.22056,-110.78977,1,"Corvidae","Corvus corax",2019,11,8,"4fa7b334-ce0d-4e88-aaae-2e0c138d049e",NA,"2801762835"
32.206997,-110.80338,1,"Trochilidae","Calypte anna",2019,11,9,"4fa7b334-ce0d-4e88-aaae-2e0c138d049e",NA,"2721876445"
32.206997,-110.80338,1,"Falconidae","Falco sparverius",2019,11,9,"4fa7b334-ce0d-4e88-aaae-2e0c138d049e",NA,"2723416553"
32.206997,-110.80338,1,"Corvidae","Corvus corax",2019,11,9,"4fa7b334-ce0d-4e88-aaae-2e0c138d049e",NA,"2719454628"
32.206997,-110.80338,7,"Columbidae","Columba livia",2019,11,9,"4fa7b334-ce0d-4e88-aaae-2e0c138d049e",NA,"2707273788"
32.206764,-110.80616,1,"Falconidae","Falco sparverius",2019,11,12,"4fa7b334-ce0d-4e88-aaae-2e0c138d049e",NA,"2779339179"
32.206764,-110.80616,1,"Corvidae","Corvus corax",2019,11,13,"4fa7b334-ce0d-4e88-aaae-2e0c138d049e",NA,"2763042517"
32.206764,-110.80616,1,"Falconidae","Falco sparverius",2019,11,13,"4fa7b334-ce0d-4e88-aaae-2e0c138d049e",NA,"2776875478"
32.206997,-110.80338,1,"Trochilidae","Calypte anna",2019,11,15,"4fa7b334-ce0d-4e88-aaae-2e0c138d049e",NA,"2789992112"
32.206997,-110.80338,1,"Cuculidae","Geococcyx californianus",2019,11,15,"4fa7b334-ce0d-4e88-aaae-2e0c138d049e",NA,"2797564937"
32.206997,-110.80338,2,"Columbidae","Columba livia",2019,11,15,"4fa7b334-ce0d-4e88-aaae-2e0c138d049e",NA,"2796534067"
32.206997,-110.80338,8,"Columbidae","Zenaida macroura",2019,11,24,"4fa7b334-ce0d-4e88-aaae-2e0c138d049e",NA,"2710080484"
32.206997,-110.80338,32,"Columbidae","Columba livia",2019,11,24,"4fa7b334-ce0d-4e88-aaae-2e0c138d049e",NA,"2706815418"
32.206997,-110.80338,1,"Corvidae","Corvus corax",2019,11,24,"4fa7b334-ce0d-4e88-aaae-2e0c138d049e",NA,"2720356588"
32.206997,-110.80338,1,"Falconidae","Falco sparverius",2019,11,28,"4fa7b334-ce0d-4e88-aaae-2e0c138d049e",NA,"2772851615"
32.206997,-110.80338,1,"Trochilidae","Calypte anna",2019,11,28,"4fa7b334-ce0d-4e88-aaae-2e0c138d049e",NA,"2761068475"
32.206997,-110.80338,1,"Accipitridae","Parabuteo unicinctus",2019,11,28,"4fa7b334-ce0d-4e88-aaae-2e0c138d049e",NA,"2781312582"
32.206997,-110.80338,8,"Columbidae","Columba livia",2019,11,28,"4fa7b334-ce0d-4e88-aaae-2e0c138d049e",NA,"2765015594"
32.206997,-110.80338,1,"Falconidae","Falco sparverius",2019,11,29,"4fa7b334-ce0d-4e88-aaae-2e0c138d049e",NA,"2709759463"
32.206997,-110.80338,7,"Columbidae","Columba livia",2019,11,29,"4fa7b334-ce0d-4e88-aaae-2e0c138d049e",NA,"2712616449"
32.206997,-110.80338,1,"Trochilidae","Calypte anna",2019,11,30,"4fa7b334-ce0d-4e88-aaae-2e0c138d049e",NA,"2709901126"
32.206997,-110.80338,7,"Columbidae","Columba livia",2019,11,30,"4fa7b334-ce0d-4e88-aaae-2e0c138d049e",NA,"2721527189"
32.206997,-110.80338,1,"Remizidae","Auriparus flaviceps",2019,11,30,"4fa7b334-ce0d-4e88-aaae-2e0c138d049e",NA,"2703832918"
32.206997,-110.80338,1,"Accipitridae","Buteo jamaicensis",2019,11,30,"4fa7b334-ce0d-4e88-aaae-2e0c138d049e",NA,"2719369995"
32.206997,-110.80338,1,"Corvidae","Corvus corax",2019,12,7,"4fa7b334-ce0d-4e88-aaae-2e0c138d049e",NA,"2722187993"
32.206997,-110.80338,1,"Trochilidae","Calypte anna",2019,12,7,"4fa7b334-ce0d-4e88-aaae-2e0c138d049e",NA,"2711461940"
32.206997,-110.80338,2,"Falconidae","Falco sparverius",2019,12,21,"4fa7b334-ce0d-4e88-aaae-2e0c138d049e",NA,"2801539800"
32.206997,-110.80338,4,"Columbidae","Columba livia",2019,12,21,"4fa7b334-ce0d-4e88-aaae-2e0c138d049e",NA,"2799823834"
32.206997,-110.80338,1,"Trochilidae","Calypte anna",2019,12,24,"4fa7b334-ce0d-4e88-aaae-2e0c138d049e",NA,"2784426720"
32.206997,-110.80338,3,"Columbidae","Columba livia",2019,12,24,"4fa7b334-ce0d-4e88-aaae-2e0c138d049e",NA,"2768536842"
32.206997,-110.80338,1,"Accipitridae","Parabuteo unicinctus",2019,12,26,"4fa7b334-ce0d-4e88-aaae-2e0c138d049e",NA,"2714830736"
32.206997,-110.80338,1,"Trochilidae","Calypte anna",2019,12,26,"4fa7b334-ce0d-4e88-aaae-2e0c138d049e",NA,"2722844661"
32.21769,-110.79827,12,"Columbidae","Zenaida macroura",2019,12,28,"4fa7b334-ce0d-4e88-aaae-2e0c138d049e",NA,"2785582455"
32.21769,-110.79827,1,"Accipitridae","Accipiter cooperii",2019,12,28,"4fa7b334-ce0d-4e88-aaae-2e0c138d049e",NA,"2784043735"
32.206997,-110.80338,1,"Accipitridae","Buteo jamaicensis",2019,12,31,"4fa7b334-ce0d-4e88-aaae-2e0c138d049e",NA,"2783233009"
32.206997,-110.80338,4,"Columbidae","Columba livia",2019,12,31,"4fa7b334-ce0d-4e88-aaae-2e0c138d049e",NA,"2775131174"
32.206997,-110.80338,4,"Corvidae","Corvus corax",2018,1,4,"4fa7b334-ce0d-4e88-aaae-2e0c138d049e",NA,"2116435199"
32.215355,-110.79815,3,"Accipitridae","Parabuteo unicinctus",2018,1,23,"4fa7b334-ce0d-4e88-aaae-2e0c138d049e",NA,"2131863383"
32.206997,-110.80338,1,"Columbidae","Zenaida macroura",2018,1,25,"4fa7b334-ce0d-4e88-aaae-2e0c138d049e",NA,"2124127391"
32.206997,-110.80338,2,"Accipitridae","Accipiter cooperii",2018,1,25,"4fa7b334-ce0d-4e88-aaae-2e0c138d049e",NA,"2132463546"
32.206997,-110.80338,2,"Corvidae","Corvus corax",2018,1,25,"4fa7b334-ce0d-4e88-aaae-2e0c138d049e",NA,"2108192294"
32.215355,-110.79815,5,"Accipitridae","Parabuteo unicinctus",2018,1,25,"4fa7b334-ce0d-4e88-aaae-2e0c138d049e",NA,"2108198719"
32.206997,-110.80338,1,"Columbidae","Zenaida macroura",2018,2,3,"4fa7b334-ce0d-4e88-aaae-2e0c138d049e",NA,"2126808038"
32.206997,-110.80338,1,"Troglodytidae","Campylorhynchus brunneicapillus",2018,2,3,"4fa7b334-ce0d-4e88-aaae-2e0c138d049e",NA,"2126799884"
32.206997,-110.80338,1,"Accipitridae","Buteo jamaicensis",2018,2,3,"4fa7b334-ce0d-4e88-aaae-2e0c138d049e",NA,"2126807520"
32.215355,-110.79815,1,"Accipitridae","Parabuteo unicinctus",2018,2,7,"4fa7b334-ce0d-4e88-aaae-2e0c138d049e",NA,"2128540865"
32.206997,-110.80338,1,"Corvidae","Corvus corax",2018,2,7,"4fa7b334-ce0d-4e88-aaae-2e0c138d049e",NA,"2128546196"
32.206997,-110.80338,2,"Fringillidae","Spinus psaltria",2018,2,7,"4fa7b334-ce0d-4e88-aaae-2e0c138d049e",NA,"2136799810"
32.206997,-110.80338,2,"Trochilidae","Calypte anna",2018,2,7,"4fa7b334-ce0d-4e88-aaae-2e0c138d049e",NA,"2125811694"
32.206997,-110.80338,1,"Accipitridae","Buteo jamaicensis",2018,2,8,"4fa7b334-ce0d-4e88-aaae-2e0c138d049e",NA,"2128546851"
32.206997,-110.80338,1,"Ptilogonatidae","Phainopepla nitens",2018,2,8,"4fa7b334-ce0d-4e88-aaae-2e0c138d049e",NA,"2136813518"
32.206997,-110.80338,1,"Fringillidae","Haemorhous mexicanus",2018,2,8,"4fa7b334-ce0d-4e88-aaae-2e0c138d049e",NA,"2125803945"
32.215355,-110.79815,2,"Accipitridae","Parabuteo unicinctus",2018,2,19,"4fa7b334-ce0d-4e88-aaae-2e0c138d049e",NA,"2132478713"
32.206997,-110.80338,2,"Accipitridae","Accipiter cooperii",2018,3,11,"4fa7b334-ce0d-4e88-aaae-2e0c138d049e",NA,"2121355641"
32.206997,-110.80338,1,"Trochilidae","Calypte anna",2018,3,11,"4fa7b334-ce0d-4e88-aaae-2e0c138d049e",NA,"2121357671"
32.206997,-110.80338,1,"Columbidae","Zenaida macroura",2018,3,11,"4fa7b334-ce0d-4e88-aaae-2e0c138d049e",NA,"2145754670"
32.206997,-110.80338,1,"Corvidae","Corvus corax",2018,3,11,"4fa7b334-ce0d-4e88-aaae-2e0c138d049e",NA,"2145755317"
32.206997,-110.80338,1,"Accipitridae","Buteo jamaicensis",2018,3,18,"4fa7b334-ce0d-4e88-aaae-2e0c138d049e",NA,"2123555524"
32.206997,-110.80338,4,"Columbidae","Columba livia",2018,3,18,"4fa7b334-ce0d-4e88-aaae-2e0c138d049e",NA,"2123539173"
32.206997,-110.80338,1,"Picidae","Melanerpes uropygialis",2018,3,19,"4fa7b334-ce0d-4e88-aaae-2e0c138d049e",NA,"2136817714"
32.206997,-110.80338,1,"Tyrannidae","Pyrocephalus rubinus",2018,3,19,"4fa7b334-ce0d-4e88-aaae-2e0c138d049e",NA,"2140948960"
32.206997,-110.80338,1,"Picidae","Melanerpes uropygialis",2018,3,23,"4fa7b334-ce0d-4e88-aaae-2e0c138d049e",NA,"2149686306"
32.206997,-110.80338,1,"Troglodytidae","Campylorhynchus brunneicapillus",2018,3,23,"4fa7b334-ce0d-4e88-aaae-2e0c138d049e",NA,"2141850017"
32.206997,-110.80338,8,"Corvidae","Corvus corax",2018,3,23,"4fa7b334-ce0d-4e88-aaae-2e0c138d049e",NA,"2141843065"
32.206997,-110.80338,2,"Accipitridae","Buteo jamaicensis",2018,3,23,"4fa7b334-ce0d-4e88-aaae-2e0c138d049e",NA,"2124894633"
32.206997,-110.80338,2,"Fringillidae","Spinus psaltria",2018,3,24,"4fa7b334-ce0d-4e88-aaae-2e0c138d049e",NA,"2150413710"
32.206997,-110.80338,1,"Accipitridae","Accipiter cooperii",2018,3,25,"4fa7b334-ce0d-4e88-aaae-2e0c138d049e",NA,"2138573075"
32.206997,-110.80338,1,"Corvidae","Corvus corax",2018,3,25,"4fa7b334-ce0d-4e88-aaae-2e0c138d049e",NA,"2142932085"
32.206997,-110.80338,2,"Fringillidae","Spinus psaltria",2018,3,25,"4fa7b334-ce0d-4e88-aaae-2e0c138d049e",NA,"2150859447"
32.206997,-110.80338,1,"Accipitridae","Accipiter cooperii",2018,3,26,"4fa7b334-ce0d-4e88-aaae-2e0c138d049e",NA,"2138988208"
32.206997,-110.80338,5,"Columbidae","Columba livia",2018,3,26,"4fa7b334-ce0d-4e88-aaae-2e0c138d049e",NA,"2151104236"
32.206997,-110.80338,1,"Trochilidae","Calypte anna",2018,3,31,"4fa7b334-ce0d-4e88-aaae-2e0c138d049e",NA,"2140604632"
32.220047,-110.79089,2,"Mimidae","Mimus polyglottos",2018,3,22,"4fa7b334-ce0d-4e88-aaae-2e0c138d049e",NA,"2226017300"
32.220047,-110.79089,3,"Ptilogonatidae","Phainopepla nitens",2018,3,22,"4fa7b334-ce0d-4e88-aaae-2e0c138d049e",NA,"2216195733"
32.220047,-110.79089,1,"Mimidae","Toxostoma curvirostre",2018,3,22,"4fa7b334-ce0d-4e88-aaae-2e0c138d049e",NA,"2232981146"
32.220047,-110.79089,2,"Hirundinidae","Stelgidopteryx serripennis",2018,3,22,"4fa7b334-ce0d-4e88-aaae-2e0c138d049e",NA,"2232982276"
32.220047,-110.79089,11,"Fringillidae","Haemorhous mexicanus",2018,3,22,"4fa7b334-ce0d-4e88-aaae-2e0c138d049e",NA,"2228640131"
32.220047,-110.79089,2,"Cardinalidae","Cardinalis sinuatus",2018,3,22,"4fa7b334-ce0d-4e88-aaae-2e0c138d049e",NA,"2228635623"
32.220047,-110.79089,4,"Troglodytidae","Campylorhynchus brunneicapillus",2018,3,22,"4fa7b334-ce0d-4e88-aaae-2e0c138d049e",NA,"2232981150"
32.220047,-110.79089,5,"Trochilidae","Calypte anna",2018,3,22,"4fa7b334-ce0d-4e88-aaae-2e0c138d049e",NA,"2228636922"
32.220047,-110.79089,1,"Columbidae","Streptopelia decaocto",2018,3,22,"4fa7b334-ce0d-4e88-aaae-2e0c138d049e",NA,"2232981029"
32.220047,-110.79089,17,"Columbidae","Zenaida macroura",2018,3,22,"4fa7b334-ce0d-4e88-aaae-2e0c138d049e",NA,"2232981035"
32.220047,-110.79089,2,"Fringillidae","Spinus psaltria",2018,3,22,"4fa7b334-ce0d-4e88-aaae-2e0c138d049e",NA,"2232981157"
32.220047,-110.79089,1,"Emberizidae","Peucaea carpalis",2018,3,22,"4fa7b334-ce0d-4e88-aaae-2e0c138d049e",NA,"2226015709"
32.220047,-110.79089,2,"Odontophoridae","Callipepla gambelii",2018,3,22,"4fa7b334-ce0d-4e88-aaae-2e0c138d049e",NA,"2232981141"
32.220047,-110.79089,1,"Picidae","Sphyrapicus nuchalis",2018,3,22,"4fa7b334-ce0d-4e88-aaae-2e0c138d049e",NA,"2228637297"
32.220047,-110.79089,2,"Corvidae","Corvus corax",2018,3,22,"4fa7b334-ce0d-4e88-aaae-2e0c138d049e",NA,"2228636774"
32.220047,-110.79089,1,"Accipitridae","Buteo jamaicensis",2018,3,22,"4fa7b334-ce0d-4e88-aaae-2e0c138d049e",NA,"2232981073"
32.220047,-110.79089,2,"Picidae","Melanerpes uropygialis",2018,3,22,"4fa7b334-ce0d-4e88-aaae-2e0c138d049e",NA,"2232981144"
32.220047,-110.79089,8,"Remizidae","Auriparus flaviceps",2018,3,22,"4fa7b334-ce0d-4e88-aaae-2e0c138d049e",NA,"2216257070"
32.206997,-110.80338,1,"Fringillidae","Spinus psaltria",2018,4,21,"4fa7b334-ce0d-4e88-aaae-2e0c138d049e",NA,"2160977165"
32.206997,-110.80338,2,"Trochilidae","Calypte anna",2018,4,21,"4fa7b334-ce0d-4e88-aaae-2e0c138d049e",NA,"2137206539"
32.206997,-110.80338,1,"Corvidae","Corvus corax",2018,4,21,"4fa7b334-ce0d-4e88-aaae-2e0c138d049e",NA,"2153641312"
32.206997,-110.80338,2,"Columbidae","Zenaida macroura",2018,5,28,"4fa7b334-ce0d-4e88-aaae-2e0c138d049e",NA,"2157881847"
32.206997,-110.80338,1,"Picidae","Melanerpes uropygialis",2018,5,28,"4fa7b334-ce0d-4e88-aaae-2e0c138d049e",NA,"2173560403"
32.206997,-110.80338,1,"Tyrannidae","Myiarchus cinerascens",2018,5,28,"4fa7b334-ce0d-4e88-aaae-2e0c138d049e",NA,"2180447083"
32.206997,-110.80338,1,"Tyrannidae","Pyrocephalus rubinus",2018,5,28,"4fa7b334-ce0d-4e88-aaae-2e0c138d049e",NA,"2169259079"
32.206997,-110.80338,2,"Columbidae","Zenaida asiatica",2018,5,28,"4fa7b334-ce0d-4e88-aaae-2e0c138d049e",NA,"2157890850"
32.206997,-110.80338,2,"Fringillidae","Spinus psaltria",2018,5,28,"4fa7b334-ce0d-4e88-aaae-2e0c138d049e",NA,"2169269373"
32.206997,-110.80338,1,"Columbidae","Zenaida macroura",2018,5,17,"4fa7b334-ce0d-4e88-aaae-2e0c138d049e",NA,"2165968237"
32.206997,-110.80338,1,"Trochilidae","Cynanthus latirostris",2018,5,17,"4fa7b334-ce0d-4e88-aaae-2e0c138d049e",NA,"2165953675"
32.206764,-110.80616,1,"Cuculidae","Geococcyx californianus",2018,6,12,"4fa7b334-ce0d-4e88-aaae-2e0c138d049e",NA,"2174153951"
32.206997,-110.80338,1,"Trochilidae","Cynanthus latirostris",2018,6,23,"4fa7b334-ce0d-4e88-aaae-2e0c138d049e",NA,"2188698390"
32.206997,-110.80338,1,"Columbidae","Zenaida macroura",2018,6,23,"4fa7b334-ce0d-4e88-aaae-2e0c138d049e",NA,"2176845196"
32.206997,-110.80338,1,"Cathartidae","Cathartes aura",2018,7,17,"4fa7b334-ce0d-4e88-aaae-2e0c138d049e",NA,"2195505160"
32.206997,-110.80338,4,"Columbidae","Zenaida macroura",2018,7,17,"4fa7b334-ce0d-4e88-aaae-2e0c138d049e",NA,"2183960000"
32.206997,-110.80338,2,"Columbidae","Zenaida asiatica",2018,7,17,"4fa7b334-ce0d-4e88-aaae-2e0c138d049e",NA,"2172472258"
32.206997,-110.80338,2,"Remizidae","Auriparus flaviceps",2018,7,17,"4fa7b334-ce0d-4e88-aaae-2e0c138d049e",NA,"2195529003"
32.206997,-110.80338,1,"Accipitridae","Accipiter cooperii",2018,7,17,"4fa7b334-ce0d-4e88-aaae-2e0c138d049e",NA,"2172481785"
32.206997,-110.80338,1,"Falconidae","Falco sparverius",2018,7,17,"4fa7b334-ce0d-4e88-aaae-2e0c138d049e",NA,"2187845349"
32.206997,-110.80338,1,"Tyrannidae","Myiarchus tyrannulus",2018,7,26,"4fa7b334-ce0d-4e88-aaae-2e0c138d049e",NA,"2189827928"
32.206997,-110.80338,2,"Columbidae","Zenaida macroura",2018,7,30,"4fa7b334-ce0d-4e88-aaae-2e0c138d049e",NA,"2198646086"
32.206997,-110.80338,1,"Ptilogonatidae","Phainopepla nitens",2018,7,30,"4fa7b334-ce0d-4e88-aaae-2e0c138d049e",NA,"2190774666"
32.206997,-110.80338,1,"Fringillidae","Spinus psaltria",2018,7,30,"4fa7b334-ce0d-4e88-aaae-2e0c138d049e",NA,"2175466951"
32.206997,-110.80338,1,"Columbidae","Zenaida asiatica",2018,7,30,"4fa7b334-ce0d-4e88-aaae-2e0c138d049e",NA,"2186807492"
32.215355,-110.79815,1,"Accipitridae","Parabuteo unicinctus",2018,8,21,"4fa7b334-ce0d-4e88-aaae-2e0c138d049e",NA,"2203932287"
32.206997,-110.80338,1,"Accipitridae","Accipiter cooperii",2018,8,25,"4fa7b334-ce0d-4e88-aaae-2e0c138d049e",NA,"2181346987"
32.206997,-110.80338,3,"Cathartidae","Cathartes aura",2018,8,25,"4fa7b334-ce0d-4e88-aaae-2e0c138d049e",NA,"2197110873"
32.206997,-110.80338,1,"Trochilidae","Calypte anna",2018,8,25,"4fa7b334-ce0d-4e88-aaae-2e0c138d049e",NA,"2181333783"
32.206997,-110.80338,1,"Cathartidae","Cathartes aura",2018,9,2,"4fa7b334-ce0d-4e88-aaae-2e0c138d049e",NA,"2199335243"
32.206997,-110.80338,1,"Trochilidae","Calypte anna",2018,9,2,"4fa7b334-ce0d-4e88-aaae-2e0c138d049e",NA,"2195168633"
32.206997,-110.80338,1,"Polioptilidae","Polioptila melanura",2018,9,3,"4fa7b334-ce0d-4e88-aaae-2e0c138d049e",NA,"2207521343"
32.206997,-110.80338,1,"Ptilogonatidae","Phainopepla nitens",2018,9,3,"4fa7b334-ce0d-4e88-aaae-2e0c138d049e",NA,"2195169712"
32.2097,-110.79867,1,"Falconidae","Falco sparverius",2018,9,3,"4fa7b334-ce0d-4e88-aaae-2e0c138d049e",NA,"2183505516"
32.206997,-110.80338,1,"Trochilidae","Calypte anna",2018,9,4,"4fa7b334-ce0d-4e88-aaae-2e0c138d049e",NA,"2199349779"
32.206997,-110.80338,1,"Accipitridae","Accipiter cooperii",2018,9,4,"4fa7b334-ce0d-4e88-aaae-2e0c138d049e",NA,"2199339128"
32.206997,-110.80338,1,"Cuculidae","Geococcyx californianus",2018,9,15,"4fa7b334-ce0d-4e88-aaae-2e0c138d049e",NA,"2185771879"
32.206997,-110.80338,1,"Columbidae","Zenaida macroura",2018,9,15,"4fa7b334-ce0d-4e88-aaae-2e0c138d049e",NA,"2201970765"
32.206997,-110.80338,1,"Cathartidae","Cathartes aura",2018,9,18,"4fa7b334-ce0d-4e88-aaae-2e0c138d049e",NA,"2186559760"
32.206997,-110.80338,1,"Mimidae","Toxostoma curvirostre",2018,9,22,"4fa7b334-ce0d-4e88-aaae-2e0c138d049e",NA,"2203717690"
32.206997,-110.80338,22,"Columbidae","Columba livia",2018,9,22,"4fa7b334-ce0d-4e88-aaae-2e0c138d049e",NA,"2203714599"
32.206997,-110.80338,2,"Accipitridae","Accipiter cooperii",2018,9,22,"4fa7b334-ce0d-4e88-aaae-2e0c138d049e",NA,"2187541566"
32.206997,-110.80338,1,"Cathartidae","Cathartes aura",2018,9,22,"4fa7b334-ce0d-4e88-aaae-2e0c138d049e",NA,"2212394595"
32.206997,-110.80338,1,"Corvidae","Corvus corax",2018,9,22,"4fa7b334-ce0d-4e88-aaae-2e0c138d049e",NA,"2187541106"
32.206997,-110.80338,1,"Troglodytidae","Campylorhynchus brunneicapillus",2018,9,22,"4fa7b334-ce0d-4e88-aaae-2e0c138d049e",NA,"2212385899"
32.206997,-110.80338,2,"Ptilogonatidae","Phainopepla nitens",2018,9,22,"4fa7b334-ce0d-4e88-aaae-2e0c138d049e",NA,"2212378737"
32.206997,-110.80338,2,"Columbidae","Columba livia",2018,9,29,"4fa7b334-ce0d-4e88-aaae-2e0c138d049e",NA,"2205941275"
32.206997,-110.80338,1,"Cathartidae","Cathartes aura",2018,9,29,"4fa7b334-ce0d-4e88-aaae-2e0c138d049e",NA,"2190245204"
32.206997,-110.80338,1,"Corvidae","Corvus corax",2018,9,29,"4fa7b334-ce0d-4e88-aaae-2e0c138d049e",NA,"2202268157"
32.206997,-110.80338,2,"Columbidae","Zenaida macroura",2018,9,29,"4fa7b334-ce0d-4e88-aaae-2e0c138d049e",NA,"2190244241"
32.206997,-110.80338,1,"Cathartidae","Cathartes aura",2018,10,5,"4fa7b334-ce0d-4e88-aaae-2e0c138d049e",NA,"2207354663"
32.206997,-110.80338,1,"Ptilogonatidae","Phainopepla nitens",2018,10,5,"4fa7b334-ce0d-4e88-aaae-2e0c138d049e",NA,"2207343207"
32.206997,-110.80338,1,"Tyrannidae","Tyrannus verticalis",2018,10,5,"4fa7b334-ce0d-4e88-aaae-2e0c138d049e",NA,"2191641527"
32.206997,-110.80338,1,"Corvidae","Corvus corax",2018,10,5,"4fa7b334-ce0d-4e88-aaae-2e0c138d049e",NA,"2203720392"
32.206997,-110.80338,1,"Accipitridae","Buteo jamaicensis",2018,10,6,"4fa7b334-ce0d-4e88-aaae-2e0c138d049e",NA,"2192237306"
32.206997,-110.80338,1,"Cathartidae","Cathartes aura",2018,10,9,"4fa7b334-ce0d-4e88-aaae-2e0c138d049e",NA,"2218131025"
32.206997,-110.80338,2,"Columbidae","Zenaida macroura",2018,10,9,"4fa7b334-ce0d-4e88-aaae-2e0c138d049e",NA,"2193320071"
32.206997,-110.80338,1,"Trochilidae","Calypte anna",2018,10,9,"4fa7b334-ce0d-4e88-aaae-2e0c138d049e",NA,"2208879705"
32.206997,-110.80338,2,"Accipitridae","Buteo jamaicensis",2018,10,9,"4fa7b334-ce0d-4e88-aaae-2e0c138d049e",NA,"2205546932"
32.206997,-110.80338,1,"Remizidae","Auriparus flaviceps",2018,10,9,"4fa7b334-ce0d-4e88-aaae-2e0c138d049e",NA,"2218134531"
32.206997,-110.80338,6,"Columbidae","Zenaida macroura",2018,10,10,"4fa7b334-ce0d-4e88-aaae-2e0c138d049e",NA,"2218131936"
32.206997,-110.80338,2,"Accipitridae","Buteo jamaicensis",2018,10,10,"4fa7b334-ce0d-4e88-aaae-2e0c138d049e",NA,"2208852183"
32.206997,-110.80338,1,"Trochilidae","Calypte anna",2018,10,10,"4fa7b334-ce0d-4e88-aaae-2e0c138d049e",NA,"2193313951"
32.206997,-110.80338,1,"Cuculidae","Geococcyx californianus",2018,10,10,"4fa7b334-ce0d-4e88-aaae-2e0c138d049e",NA,"2218135115"
32.206997,-110.80338,1,"Cathartidae","Cathartes aura",2018,10,10,"4fa7b334-ce0d-4e88-aaae-2e0c138d049e",NA,"2208862018"
32.206997,-110.80338,1,"Mimidae","Toxostoma curvirostre",2018,10,10,"4fa7b334-ce0d-4e88-aaae-2e0c138d049e",NA,"2205540486"
32.206997,-110.80338,4,"Accipitridae","Accipiter cooperii",2018,10,27,"4fa7b334-ce0d-4e88-aaae-2e0c138d049e",NA,"2199210210"
32.206997,-110.80338,1,"Cuculidae","Geococcyx californianus",2018,11,4,"4fa7b334-ce0d-4e88-aaae-2e0c138d049e",NA,"2201457905"
32.206997,-110.80338,4,"Columbidae","Zenaida macroura",2018,11,4,"4fa7b334-ce0d-4e88-aaae-2e0c138d049e",NA,"2213546089"
32.206997,-110.80338,24,"Columbidae","Columba livia",2018,11,4,"4fa7b334-ce0d-4e88-aaae-2e0c138d049e",NA,"2213543199"
32.206997,-110.80338,6,"Corvidae","Corvus corax",2018,11,4,"4fa7b334-ce0d-4e88-aaae-2e0c138d049e",NA,"2225102333"
32.206997,-110.80338,21,"Columbidae","Streptopelia decaocto",2018,11,4,"4fa7b334-ce0d-4e88-aaae-2e0c138d049e",NA,"2216507917"
32.206997,-110.80338,2,"Trochilidae","Calypte anna",2018,11,4,"4fa7b334-ce0d-4e88-aaae-2e0c138d049e",NA,"2213555068"
32.206997,-110.80338,1,"Accipitridae","Parabuteo unicinctus",2018,11,18,"4fa7b334-ce0d-4e88-aaae-2e0c138d049e",NA,"2228427887"
32.206997,-110.80338,1,"Accipitridae","Parabuteo unicinctus",2018,12,7,"4fa7b334-ce0d-4e88-aaae-2e0c138d049e",NA,"2224447903"
32.206997,-110.80338,8,"Columbidae","Columba livia",2018,12,7,"4fa7b334-ce0d-4e88-aaae-2e0c138d049e",NA,"2224448313"
32.220524,-110.79823,1,"Accipitridae","Parabuteo unicinctus",2017,5,20,"4fa7b334-ce0d-4e88-aaae-2e0c138d049e",NA,"2055961682"
32.20899,-110.80174,2,"Cardinalidae","Piranga ludoviciana",2017,7,10,"4fa7b334-ce0d-4e88-aaae-2e0c138d049e",NA,"2068033505"
32.20899,-110.80174,1,"Parulidae","Leiothlypis luciae",2017,7,23,"4fa7b334-ce0d-4e88-aaae-2e0c138d049e",NA,"2082551236"
32.206997,-110.80338,1,"Cuculidae","Geococcyx californianus",2017,9,17,"4fa7b334-ce0d-4e88-aaae-2e0c138d049e",NA,"2099551034"
32.206997,-110.80338,1,"Columbidae","Zenaida macroura",2017,9,17,"4fa7b334-ce0d-4e88-aaae-2e0c138d049e",NA,"2099551443"
32.206997,-110.80338,1,"Remizidae","Auriparus flaviceps",2017,9,17,"4fa7b334-ce0d-4e88-aaae-2e0c138d049e",NA,"2093230680"
32.206997,-110.80338,1,"Columbidae","Zenaida macroura",2017,9,22,"4fa7b334-ce0d-4e88-aaae-2e0c138d049e",NA,"2100547962"
32.206997,-110.80338,2,"Columbidae","Streptopelia decaocto",2017,9,22,"4fa7b334-ce0d-4e88-aaae-2e0c138d049e",NA,"2100551642"
32.206997,-110.80338,1,"Cathartidae","Cathartes aura",2017,9,22,"4fa7b334-ce0d-4e88-aaae-2e0c138d049e",NA,"2100557043"
32.206997,-110.80338,2,"Picidae","Melanerpes uropygialis",2017,10,10,"4fa7b334-ce0d-4e88-aaae-2e0c138d049e",NA,"2086086051"
32.206997,-110.80338,2,"Mimidae","Mimus polyglottos",2017,10,10,"4fa7b334-ce0d-4e88-aaae-2e0c138d049e",NA,"2104661447"
32.206997,-110.80338,1,"Accipitridae","Buteo jamaicensis",2017,10,10,"4fa7b334-ce0d-4e88-aaae-2e0c138d049e",NA,"2097410497"
32.206997,-110.80338,1,"Fringillidae","Haemorhous mexicanus",2017,10,10,"4fa7b334-ce0d-4e88-aaae-2e0c138d049e",NA,"2086089307"
32.206997,-110.80338,1,"Cathartidae","Cathartes aura",2017,10,10,"4fa7b334-ce0d-4e88-aaae-2e0c138d049e",NA,"2098048170"
32.206764,-110.80616,1,"Accipitridae","Accipiter cooperii",2017,10,25,"4fa7b334-ce0d-4e88-aaae-2e0c138d049e",NA,"2108060737"
32.206997,-110.80338,1,"Accipitridae","Buteo jamaicensis",2017,10,25,"4fa7b334-ce0d-4e88-aaae-2e0c138d049e",NA,"2100380559"
32.206997,-110.80338,2,"Columbidae","Zenaida macroura",2017,10,25,"4fa7b334-ce0d-4e88-aaae-2e0c138d049e",NA,"2101152898"
32.206997,-110.80338,1,"Mimidae","Mimus polyglottos",2017,10,31,"4fa7b334-ce0d-4e88-aaae-2e0c138d049e",NA,"2102662506"
32.206997,-110.80338,4,"Corvidae","Corvus corax",2017,10,31,"4fa7b334-ce0d-4e88-aaae-2e0c138d049e",NA,"2090424858"
32.206997,-110.80338,1,"Tyrannidae","Pyrocephalus rubinus",2017,10,31,"4fa7b334-ce0d-4e88-aaae-2e0c138d049e",NA,"2101668480"
32.2097,-110.79867,1,"Accipitridae","Buteo jamaicensis",2017,11,8,"4fa7b334-ce0d-4e88-aaae-2e0c138d049e",NA,"2103430371"
32.206997,-110.80338,1,"Trochilidae","Calypte anna",2017,11,11,"4fa7b334-ce0d-4e88-aaae-2e0c138d049e",NA,"2103996490"
32.206997,-110.80338,5,"Columbidae","Columba livia",2017,11,11,"4fa7b334-ce0d-4e88-aaae-2e0c138d049e",NA,"2103991394"
32.206997,-110.80338,1,"Accipitridae","Buteo jamaicensis",2017,11,10,"4fa7b334-ce0d-4e88-aaae-2e0c138d049e",NA,"2112430923"
32.206997,-110.80338,4,"Columbidae","Columba livia",2017,11,10,"4fa7b334-ce0d-4e88-aaae-2e0c138d049e",NA,"2112428408"
32.206997,-110.80338,1,"Columbidae","Zenaida macroura",2017,11,21,"4fa7b334-ce0d-4e88-aaae-2e0c138d049e",NA,"2106350965"
32.206997,-110.80338,1,"Tyrannidae","Sayornis saya",2017,11,21,"4fa7b334-ce0d-4e88-aaae-2e0c138d049e",NA,"2106364051"
32.206997,-110.80338,1,"Picidae","Melanerpes uropygialis",2017,11,24,"4fa7b334-ce0d-4e88-aaae-2e0c138d049e",NA,"2107468138"
32.206997,-110.80338,1,"Accipitridae","Parabuteo unicinctus",2017,11,24,"4fa7b334-ce0d-4e88-aaae-2e0c138d049e",NA,"2094822730"
32.206997,-110.80338,1,"Tyrannidae","Sayornis saya",2017,11,24,"4fa7b334-ce0d-4e88-aaae-2e0c138d049e",NA,"2094801855"
32.206997,-110.80338,2,"Polioptilidae","Polioptila melanura",2017,11,24,"4fa7b334-ce0d-4e88-aaae-2e0c138d049e",NA,"2107466162"
32.206997,-110.80338,26,"Columbidae","Columba livia",2017,11,24,"4fa7b334-ce0d-4e88-aaae-2e0c138d049e",NA,"2107471641"
32.206997,-110.80338,1,"Mimidae","Toxostoma curvirostre",2017,11,24,"4fa7b334-ce0d-4e88-aaae-2e0c138d049e",NA,"2094847938"
32.206764,-110.80616,1,"Accipitridae","Parabuteo unicinctus",2017,11,25,"4fa7b334-ce0d-4e88-aaae-2e0c138d049e",NA,"2094950539"
32.206997,-110.80338,1,"Corvidae","Corvus corax",2017,12,7,"4fa7b334-ce0d-4e88-aaae-2e0c138d049e",NA,"2110160264"
32.206997,-110.80338,1,"Tyrannidae","Sayornis saya",2017,12,7,"4fa7b334-ce0d-4e88-aaae-2e0c138d049e",NA,"2110155482"
32.206997,-110.80338,2,"Columbidae","Streptopelia decaocto",2017,12,12,"4fa7b334-ce0d-4e88-aaae-2e0c138d049e",NA,"2110403295"
32.206997,-110.80338,1,"Trochilidae","Calypte anna",2017,12,12,"4fa7b334-ce0d-4e88-aaae-2e0c138d049e",NA,"2110403292"
32.206997,-110.80338,2,"Corvidae","Corvus corax",2017,12,12,"4fa7b334-ce0d-4e88-aaae-2e0c138d049e",NA,"2110420392"
32.206997,-110.80338,1,"Tyrannidae","Sayornis saya",2017,12,25,"4fa7b334-ce0d-4e88-aaae-2e0c138d049e",NA,"2100351105"
32.206997,-110.80338,1,"Columbidae","Zenaida macroura",2017,12,25,"4fa7b334-ce0d-4e88-aaae-2e0c138d049e",NA,"2122534408"
32.206997,-110.80338,1,"Accipitridae","Buteo jamaicensis",2017,12,25,"4fa7b334-ce0d-4e88-aaae-2e0c138d049e",NA,"2113961464"
32.206997,-110.80338,1,"Accipitridae","Accipiter cooperii",2017,12,25,"4fa7b334-ce0d-4e88-aaae-2e0c138d049e",NA,"2113257849"
32.206997,-110.80338,2,"Corvidae","Corvus corax",2017,12,25,"4fa7b334-ce0d-4e88-aaae-2e0c138d049e",NA,"2100347527"
32.206436,-110.796524,NA,"Accipitridae","Parabuteo unicinctus",2021,1,31,"50c9509d-22c7-4a22-a47d-8c48425ef4a7","iNaturalist research-grade observations","3039179154"
