"decimalLatitude","decimalLongitude","individualCount","family","species","year","month","day","datasetKey","datasetName","gbifID"
32.243134,-110.87231,2,"Cardinalidae","Cardinalis cardinalis",2021,3,6,"4fa7b334-ce0d-4e88-aaae-2e0c138d049e",NA,"3608524475"
32.243134,-110.87231,1,"Remizidae","Auriparus flaviceps",2021,3,6,"4fa7b334-ce0d-4e88-aaae-2e0c138d049e",NA,"3607945525"
32.243134,-110.87231,3,"Fringillidae","Spinus psaltria",2021,3,6,"4fa7b334-ce0d-4e88-aaae-2e0c138d049e",NA,"3606018157"
32.243355,-110.865616,1,"Accipitridae","Parabuteo unicinctus",2021,9,24,"4fa7b334-ce0d-4e88-aaae-2e0c138d049e",NA,"3635707011"
32.24136,-110.87434,1,"Icteridae","Euphagus cyanocephalus",2021,12,25,"4fa7b334-ce0d-4e88-aaae-2e0c138d049e",NA,"3574913830"
32.24136,-110.87434,1,"Regulidae","Regulus calendula",2021,12,25,"4fa7b334-ce0d-4e88-aaae-2e0c138d049e",NA,"3570566130"
32.24136,-110.87434,1,"Emberizidae","Peucaea carpalis",2021,12,25,"4fa7b334-ce0d-4e88-aaae-2e0c138d049e",NA,"3578012344"
32.24136,-110.87434,1,"Columbidae","Zenaida macroura",2021,12,25,"4fa7b334-ce0d-4e88-aaae-2e0c138d049e",NA,"3583440677"
32.24136,-110.87434,1,"Icteridae","Agelaius phoeniceus",2021,12,25,"4fa7b334-ce0d-4e88-aaae-2e0c138d049e",NA,"3582377915"
32.24136,-110.87434,1,"Accipitridae","Buteo jamaicensis",2021,12,25,"4fa7b334-ce0d-4e88-aaae-2e0c138d049e",NA,"3583307097"
32.24136,-110.87434,1,"Picidae","Colaptes auratus",2021,12,25,"4fa7b334-ce0d-4e88-aaae-2e0c138d049e",NA,"3583832987"
32.24136,-110.87434,1,"Parulidae","Leiothlypis celata",2021,12,25,"4fa7b334-ce0d-4e88-aaae-2e0c138d049e",NA,"3585466817"
32.24136,-110.87434,1,"Parulidae","Setophaga coronata",2021,12,25,"4fa7b334-ce0d-4e88-aaae-2e0c138d049e",NA,"3645730189"
32.24136,-110.87434,1,"Tyrannidae","Pyrocephalus rubinus",2021,12,25,"4fa7b334-ce0d-4e88-aaae-2e0c138d049e",NA,"3621898913"
32.24136,-110.87434,1,"Picidae","Melanerpes uropygialis",2021,12,25,"4fa7b334-ce0d-4e88-aaae-2e0c138d049e",NA,"3628433458"
32.24136,-110.87434,1,"Ptilogonatidae","Phainopepla nitens",2021,12,25,"4fa7b334-ce0d-4e88-aaae-2e0c138d049e",NA,"3618257147"
32.24136,-110.87434,1,"Fringillidae","Haemorhous mexicanus",2021,12,25,"4fa7b334-ce0d-4e88-aaae-2e0c138d049e",NA,"3639161976"
32.24136,-110.87434,1,"Columbidae","Columba livia",2021,12,25,"4fa7b334-ce0d-4e88-aaae-2e0c138d049e",NA,"3640826747"
32.24136,-110.87434,1,"Emberizidae","Zonotrichia leucophrys",2021,12,25,"4fa7b334-ce0d-4e88-aaae-2e0c138d049e",NA,"3643813370"
32.24136,-110.87434,1,"Tyrannidae","Sayornis saya",2021,12,25,"4fa7b334-ce0d-4e88-aaae-2e0c138d049e",NA,"3664815401"
32.24136,-110.87434,1,"Sturnidae","Sturnus vulgaris",2021,12,25,"4fa7b334-ce0d-4e88-aaae-2e0c138d049e",NA,"3644857261"
32.24136,-110.87434,1,"Trochilidae","Calypte anna",2021,12,25,"4fa7b334-ce0d-4e88-aaae-2e0c138d049e",NA,"3651911412"
32.24136,-110.87434,1,"Fringillidae","Spinus psaltria",2021,12,25,"4fa7b334-ce0d-4e88-aaae-2e0c138d049e",NA,"3650743751"
32.24136,-110.87434,1,"Cuculidae","Geococcyx californianus",2021,12,25,"4fa7b334-ce0d-4e88-aaae-2e0c138d049e",NA,"3623922834"
32.24136,-110.87434,1,"Passeridae","Passer domesticus",2021,12,25,"4fa7b334-ce0d-4e88-aaae-2e0c138d049e",NA,"3627104820"
32.24136,-110.87434,3,"Fringillidae","Spinus lawrencei",2021,12,25,"4fa7b334-ce0d-4e88-aaae-2e0c138d049e",NA,"3632412241"
32.24136,-110.87434,1,"Remizidae","Auriparus flaviceps",2021,12,25,"4fa7b334-ce0d-4e88-aaae-2e0c138d049e",NA,"3632807682"
32.24136,-110.87434,1,"Emberizidae","Chondestes grammacus",2021,12,25,"4fa7b334-ce0d-4e88-aaae-2e0c138d049e",NA,"3643423324"
32.243134,-110.87205,1,"Parulidae","Leiothlypis luciae",2019,4,19,"4fa7b334-ce0d-4e88-aaae-2e0c138d049e",NA,"2675826315"
32.236298,-110.87526,5,"Passeridae","Passer domesticus",2017,4,21,"4fa7b334-ce0d-4e88-aaae-2e0c138d049e",NA,"2057401123"
32.236298,-110.87526,21,"Columbidae","Zenaida macroura",2017,4,21,"4fa7b334-ce0d-4e88-aaae-2e0c138d049e",NA,"2063065382"
32.236298,-110.87526,3,"Columbidae","Columba livia",2017,4,21,"4fa7b334-ce0d-4e88-aaae-2e0c138d049e",NA,"2063066139"
32.237584,-110.868188,NA,"Fringillidae","Spinus psaltria",2021,4,30,"50c9509d-22c7-4a22-a47d-8c48425ef4a7","iNaturalist research-grade observations","3112687607"
32.237241,-110.868852,NA,"Accipitridae","Accipiter cooperii",2021,4,30,"50c9509d-22c7-4a22-a47d-8c48425ef4a7","iNaturalist research-grade observations","3112284787"
32.237505,-110.869103,NA,"Columbidae","Zenaida asiatica",2021,5,1,"50c9509d-22c7-4a22-a47d-8c48425ef4a7","iNaturalist research-grade observations","3112704972"
32.240775,-110.870507,NA,"Passeridae","Passer domesticus",2021,5,3,"50c9509d-22c7-4a22-a47d-8c48425ef4a7","iNaturalist research-grade observations","3112814111"
32.238967,-110.867075,NA,"Cardinalidae","Cardinalis cardinalis",2020,10,16,"50c9509d-22c7-4a22-a47d-8c48425ef4a7","iNaturalist research-grade observations","2901811133"
