"decimalLatitude","decimalLongitude","individualCount","family","species","year","month","day","datasetKey","datasetName","gbifID"
32.25173,-110.862854,2,"Fringillidae","Haemorhous mexicanus",2021,1,8,"4fa7b334-ce0d-4e88-aaae-2e0c138d049e",NA,"3682234456"
32.25173,-110.862854,2,"Columbidae","Zenaida macroura",2021,1,8,"4fa7b334-ce0d-4e88-aaae-2e0c138d049e",NA,"3681394577"
32.25173,-110.862854,4,"Fringillidae","Haemorhous mexicanus",2021,1,9,"4fa7b334-ce0d-4e88-aaae-2e0c138d049e",NA,"3593563311"
32.25173,-110.862854,1,"Remizidae","Auriparus flaviceps",2021,1,9,"4fa7b334-ce0d-4e88-aaae-2e0c138d049e",NA,"3599084267"
32.25173,-110.862854,2,"Columbidae","Zenaida macroura",2021,1,9,"4fa7b334-ce0d-4e88-aaae-2e0c138d049e",NA,"3598865413"
32.25173,-110.862854,1,"Parulidae","Setophaga coronata",2021,1,9,"4fa7b334-ce0d-4e88-aaae-2e0c138d049e",NA,"3597830064"
32.25173,-110.862854,1,"Fringillidae","Haemorhous mexicanus",2021,1,10,"4fa7b334-ce0d-4e88-aaae-2e0c138d049e",NA,"3677434802"
32.25173,-110.862854,1,"Columbidae","Zenaida macroura",2021,1,10,"4fa7b334-ce0d-4e88-aaae-2e0c138d049e",NA,"3679513229"
32.25173,-110.862854,1,"Remizidae","Auriparus flaviceps",2021,1,15,"4fa7b334-ce0d-4e88-aaae-2e0c138d049e",NA,"3504717746"
32.25173,-110.862854,2,"Fringillidae","Haemorhous mexicanus",2021,1,15,"4fa7b334-ce0d-4e88-aaae-2e0c138d049e",NA,"3504842442"
32.25173,-110.862854,1,"Fringillidae","Spinus psaltria",2021,1,15,"4fa7b334-ce0d-4e88-aaae-2e0c138d049e",NA,"3504898890"
32.25173,-110.862854,1,"Trochilidae","Calypte anna",2021,1,15,"4fa7b334-ce0d-4e88-aaae-2e0c138d049e",NA,"3506154194"
32.25173,-110.862854,1,"Columbidae","Zenaida macroura",2021,1,15,"4fa7b334-ce0d-4e88-aaae-2e0c138d049e",NA,"3590222542"
32.25173,-110.862854,1,"Passeridae","Passer domesticus",2021,1,16,"4fa7b334-ce0d-4e88-aaae-2e0c138d049e",NA,"3505650117"
32.25173,-110.862854,1,"Columbidae","Zenaida macroura",2021,1,16,"4fa7b334-ce0d-4e88-aaae-2e0c138d049e",NA,"3538053596"
32.25173,-110.862854,2,"Fringillidae","Haemorhous mexicanus",2021,1,17,"4fa7b334-ce0d-4e88-aaae-2e0c138d049e",NA,"3505127338"
32.25173,-110.862854,1,"Remizidae","Auriparus flaviceps",2021,1,22,"4fa7b334-ce0d-4e88-aaae-2e0c138d049e",NA,"3669776009"
32.25173,-110.862854,1,"Fringillidae","Haemorhous mexicanus",2021,1,22,"4fa7b334-ce0d-4e88-aaae-2e0c138d049e",NA,"3672277512"
32.25173,-110.862854,1,"Columbidae","Zenaida macroura",2021,1,22,"4fa7b334-ce0d-4e88-aaae-2e0c138d049e",NA,"3640253975"
32.25173,-110.862854,1,"Remizidae","Auriparus flaviceps",2021,1,23,"4fa7b334-ce0d-4e88-aaae-2e0c138d049e",NA,"3664429001"
32.25173,-110.862854,1,"Columbidae","Zenaida macroura",2021,1,23,"4fa7b334-ce0d-4e88-aaae-2e0c138d049e",NA,"3665488361"
32.25173,-110.862854,1,"Remizidae","Auriparus flaviceps",2021,1,24,"4fa7b334-ce0d-4e88-aaae-2e0c138d049e",NA,"3520540956"
32.25173,-110.862854,1,"Fringillidae","Haemorhous mexicanus",2021,1,24,"4fa7b334-ce0d-4e88-aaae-2e0c138d049e",NA,"3522431729"
32.25173,-110.862854,1,"Picidae","Melanerpes uropygialis",2021,1,30,"4fa7b334-ce0d-4e88-aaae-2e0c138d049e",NA,"3666192073"
32.25173,-110.862854,1,"Fringillidae","Haemorhous mexicanus",2021,1,30,"4fa7b334-ce0d-4e88-aaae-2e0c138d049e",NA,"3669121427"
32.25173,-110.862854,1,"Fringillidae","Spinus pinus",2021,2,5,"4fa7b334-ce0d-4e88-aaae-2e0c138d049e",NA,"3673064473"
32.25173,-110.862854,1,"Emberizidae","Melozone aberti",2021,2,12,"4fa7b334-ce0d-4e88-aaae-2e0c138d049e",NA,"3526075667"
32.25173,-110.862854,2,"Fringillidae","Haemorhous mexicanus",2021,2,12,"4fa7b334-ce0d-4e88-aaae-2e0c138d049e",NA,"3520445800"
32.25173,-110.862854,1,"Columbidae","Zenaida macroura",2021,2,13,"4fa7b334-ce0d-4e88-aaae-2e0c138d049e",NA,"3613842829"
32.25173,-110.862854,1,"Emberizidae","Melozone aberti",2021,2,13,"4fa7b334-ce0d-4e88-aaae-2e0c138d049e",NA,"3592456667"
32.25173,-110.862854,1,"Fringillidae","Haemorhous mexicanus",2021,2,14,"4fa7b334-ce0d-4e88-aaae-2e0c138d049e",NA,"3515413760"
32.25173,-110.862854,1,"Remizidae","Auriparus flaviceps",2021,2,14,"4fa7b334-ce0d-4e88-aaae-2e0c138d049e",NA,"3509783707"
32.25173,-110.862854,1,"Columbidae","Zenaida macroura",2021,2,14,"4fa7b334-ce0d-4e88-aaae-2e0c138d049e",NA,"3508371414"
32.25173,-110.862854,2,"Fringillidae","Haemorhous mexicanus",2021,2,19,"4fa7b334-ce0d-4e88-aaae-2e0c138d049e",NA,"3610412096"
32.25173,-110.862854,1,"Corvidae","Corvus corax",2021,2,19,"4fa7b334-ce0d-4e88-aaae-2e0c138d049e",NA,"3600943833"
32.25173,-110.862854,1,"Fringillidae","Haemorhous mexicanus",2021,2,19,"4fa7b334-ce0d-4e88-aaae-2e0c138d049e",NA,"3595564210"
32.25173,-110.862854,1,"Fringillidae","Spinus psaltria",2021,2,19,"4fa7b334-ce0d-4e88-aaae-2e0c138d049e",NA,"3596634183"
32.25173,-110.862854,1,"Trochilidae","Calypte anna",2021,2,20,"4fa7b334-ce0d-4e88-aaae-2e0c138d049e",NA,"3642328185"
32.25173,-110.862854,1,"Remizidae","Auriparus flaviceps",2021,2,21,"4fa7b334-ce0d-4e88-aaae-2e0c138d049e",NA,"3598166206"
32.25173,-110.862854,1,"Columbidae","Zenaida macroura",2021,2,21,"4fa7b334-ce0d-4e88-aaae-2e0c138d049e",NA,"3593506040"
32.25173,-110.862854,1,"Fringillidae","Haemorhous mexicanus",2021,2,21,"4fa7b334-ce0d-4e88-aaae-2e0c138d049e",NA,"3596391145"
32.25173,-110.862854,1,"Trochilidae","Cynanthus latirostris",2021,2,21,"4fa7b334-ce0d-4e88-aaae-2e0c138d049e",NA,"3620445067"
32.25173,-110.862854,1,"Trochilidae","Calypte anna",2021,2,21,"4fa7b334-ce0d-4e88-aaae-2e0c138d049e",NA,"3669901758"
32.25173,-110.862854,1,"Columbidae","Zenaida asiatica",2021,2,21,"4fa7b334-ce0d-4e88-aaae-2e0c138d049e",NA,"3671502000"
32.25173,-110.862854,1,"Columbidae","Zenaida macroura",2021,2,21,"4fa7b334-ce0d-4e88-aaae-2e0c138d049e",NA,"3673024698"
32.25173,-110.862854,2,"Fringillidae","Haemorhous mexicanus",2021,2,26,"4fa7b334-ce0d-4e88-aaae-2e0c138d049e",NA,"3517474944"
32.25173,-110.862854,1,"Fringillidae","Haemorhous mexicanus",2021,2,27,"4fa7b334-ce0d-4e88-aaae-2e0c138d049e",NA,"3507123346"
32.25173,-110.862854,1,"Columbidae","Zenaida macroura",2021,2,27,"4fa7b334-ce0d-4e88-aaae-2e0c138d049e",NA,"3595043433"
32.25173,-110.862854,1,"Accipitridae","Accipiter cooperii",2021,2,27,"4fa7b334-ce0d-4e88-aaae-2e0c138d049e",NA,"3606378112"
32.25173,-110.862854,5,"Columbidae","Zenaida macroura",2021,2,28,"4fa7b334-ce0d-4e88-aaae-2e0c138d049e",NA,"3601585183"
32.25173,-110.862854,1,"Fringillidae","Haemorhous mexicanus",2021,2,28,"4fa7b334-ce0d-4e88-aaae-2e0c138d049e",NA,"3596146093"
32.25173,-110.862854,1,"Fringillidae","Spinus psaltria",2021,2,28,"4fa7b334-ce0d-4e88-aaae-2e0c138d049e",NA,"3627987953"
32.25173,-110.862854,1,"Columbidae","Zenaida macroura",2021,3,5,"4fa7b334-ce0d-4e88-aaae-2e0c138d049e",NA,"3588768309"
32.25173,-110.862854,1,"Fringillidae","Haemorhous mexicanus",2021,3,5,"4fa7b334-ce0d-4e88-aaae-2e0c138d049e",NA,"3587965862"
32.25173,-110.862854,1,"Columbidae","Zenaida macroura",2021,3,6,"4fa7b334-ce0d-4e88-aaae-2e0c138d049e",NA,"3623129468"
32.25173,-110.862854,2,"Fringillidae","Haemorhous mexicanus",2021,3,6,"4fa7b334-ce0d-4e88-aaae-2e0c138d049e",NA,"3630292299"
32.25173,-110.862854,1,"Columbidae","Zenaida asiatica",2021,3,6,"4fa7b334-ce0d-4e88-aaae-2e0c138d049e",NA,"3537587433"
32.25173,-110.862854,1,"Emberizidae","Melozone aberti",2021,3,7,"4fa7b334-ce0d-4e88-aaae-2e0c138d049e",NA,"3514632370"
32.25173,-110.862854,1,"Fringillidae","Haemorhous mexicanus",2021,3,7,"4fa7b334-ce0d-4e88-aaae-2e0c138d049e",NA,"3519619159"
32.25173,-110.862854,6,"Columbidae","Zenaida macroura",2021,3,7,"4fa7b334-ce0d-4e88-aaae-2e0c138d049e",NA,"3589688412"
32.25173,-110.862854,1,"Trochilidae","Calypte anna",2021,3,7,"4fa7b334-ce0d-4e88-aaae-2e0c138d049e",NA,"3590381196"
32.25173,-110.862854,1,"Fringillidae","Spinus psaltria",2021,3,7,"4fa7b334-ce0d-4e88-aaae-2e0c138d049e",NA,"3587753298"
32.25173,-110.862854,1,"Fringillidae","Haemorhous mexicanus",2021,3,7,"4fa7b334-ce0d-4e88-aaae-2e0c138d049e",NA,"3588481937"
32.25173,-110.862854,1,"Ptilogonatidae","Phainopepla nitens",2021,3,7,"4fa7b334-ce0d-4e88-aaae-2e0c138d049e",NA,"3513050628"
32.25173,-110.862854,1,"Fringillidae","Haemorhous mexicanus",2021,3,7,"4fa7b334-ce0d-4e88-aaae-2e0c138d049e",NA,"3509347448"
32.25173,-110.862854,1,"Trochilidae","Cynanthus latirostris",2021,3,7,"4fa7b334-ce0d-4e88-aaae-2e0c138d049e",NA,"3514097883"
32.25173,-110.862854,1,"Fringillidae","Haemorhous mexicanus",2021,3,12,"4fa7b334-ce0d-4e88-aaae-2e0c138d049e",NA,"3520039297"
32.25173,-110.862854,1,"Columbidae","Zenaida asiatica",2021,3,12,"4fa7b334-ce0d-4e88-aaae-2e0c138d049e",NA,"3526991183"
32.25173,-110.862854,1,"Accipitridae","Accipiter cooperii",2021,3,12,"4fa7b334-ce0d-4e88-aaae-2e0c138d049e",NA,"3527981965"
32.25173,-110.862854,1,"Remizidae","Auriparus flaviceps",2021,3,12,"4fa7b334-ce0d-4e88-aaae-2e0c138d049e",NA,"3536787421"
32.25173,-110.862854,1,"Columbidae","Zenaida macroura",2021,3,14,"4fa7b334-ce0d-4e88-aaae-2e0c138d049e",NA,"3674255766"
32.25173,-110.862854,1,"Fringillidae","Haemorhous mexicanus",2021,3,14,"4fa7b334-ce0d-4e88-aaae-2e0c138d049e",NA,"3679569275"
32.25173,-110.862854,1,"Parulidae","Leiothlypis luciae",2021,3,14,"4fa7b334-ce0d-4e88-aaae-2e0c138d049e",NA,"3627315426"
32.25173,-110.862854,1,"Fringillidae","Haemorhous mexicanus",2021,3,19,"4fa7b334-ce0d-4e88-aaae-2e0c138d049e",NA,"3600692746"
32.25173,-110.862854,1,"Emberizidae","Melozone aberti",2021,3,19,"4fa7b334-ce0d-4e88-aaae-2e0c138d049e",NA,"3596163704"
32.25173,-110.862854,1,"Columbidae","Zenaida macroura",2021,3,19,"4fa7b334-ce0d-4e88-aaae-2e0c138d049e",NA,"3600079583"
32.25173,-110.862854,1,"Emberizidae","Melozone aberti",2021,3,20,"4fa7b334-ce0d-4e88-aaae-2e0c138d049e",NA,"3605753237"
32.25173,-110.862854,NA,"Fringillidae","Haemorhous mexicanus",2021,3,20,"4fa7b334-ce0d-4e88-aaae-2e0c138d049e",NA,"3604878732"
32.25173,-110.862854,1,"Emberizidae","Melozone aberti",2021,3,21,"4fa7b334-ce0d-4e88-aaae-2e0c138d049e",NA,"3512079392"
32.25173,-110.862854,2,"Columbidae","Zenaida macroura",2021,3,21,"4fa7b334-ce0d-4e88-aaae-2e0c138d049e",NA,"3511630750"
32.25173,-110.862854,2,"Fringillidae","Haemorhous mexicanus",2021,3,21,"4fa7b334-ce0d-4e88-aaae-2e0c138d049e",NA,"3510377357"
32.25173,-110.862854,1,"Emberizidae","Melozone aberti",2021,3,26,"4fa7b334-ce0d-4e88-aaae-2e0c138d049e",NA,"3611301193"
32.25173,-110.862854,1,"Fringillidae","Haemorhous mexicanus",2021,3,26,"4fa7b334-ce0d-4e88-aaae-2e0c138d049e",NA,"3607983787"
32.25173,-110.862854,1,"Trochilidae","Cynanthus latirostris",2021,3,26,"4fa7b334-ce0d-4e88-aaae-2e0c138d049e",NA,"3614936715"
32.25173,-110.862854,2,"Fringillidae","Haemorhous mexicanus",2021,3,27,"4fa7b334-ce0d-4e88-aaae-2e0c138d049e",NA,"3628305000"
32.25173,-110.862854,1,"Emberizidae","Melozone aberti",2021,3,27,"4fa7b334-ce0d-4e88-aaae-2e0c138d049e",NA,"3624979750"
32.25173,-110.862854,2,"Parulidae","Leiothlypis luciae",2021,3,27,"4fa7b334-ce0d-4e88-aaae-2e0c138d049e",NA,"3528180207"
32.25173,-110.862854,2,"Fringillidae","Haemorhous mexicanus",2021,3,27,"4fa7b334-ce0d-4e88-aaae-2e0c138d049e",NA,"3535768875"
32.25173,-110.862854,1,"Emberizidae","Melozone aberti",2021,3,27,"4fa7b334-ce0d-4e88-aaae-2e0c138d049e",NA,"3541229474"
32.25173,-110.862854,1,"Parulidae","Setophaga coronata",2021,3,27,"4fa7b334-ce0d-4e88-aaae-2e0c138d049e",NA,"3546736774"
32.25173,-110.862854,1,"Picidae","Melanerpes uropygialis",2021,3,27,"4fa7b334-ce0d-4e88-aaae-2e0c138d049e",NA,"3553912510"
32.25173,-110.862854,1,"Emberizidae","Melozone aberti",2021,3,28,"4fa7b334-ce0d-4e88-aaae-2e0c138d049e",NA,"3620441552"
32.25173,-110.862854,2,"Fringillidae","Haemorhous mexicanus",2021,3,28,"4fa7b334-ce0d-4e88-aaae-2e0c138d049e",NA,"3628805538"
32.25173,-110.862854,2,"Fringillidae","Haemorhous mexicanus",2021,4,2,"4fa7b334-ce0d-4e88-aaae-2e0c138d049e",NA,"3672436726"
32.25173,-110.862854,2,"Parulidae","Leiothlypis luciae",2021,4,3,"4fa7b334-ce0d-4e88-aaae-2e0c138d049e",NA,"3612423116"
32.25173,-110.862854,1,"Columbidae","Zenaida macroura",2021,4,3,"4fa7b334-ce0d-4e88-aaae-2e0c138d049e",NA,"3614894862"
32.25173,-110.862854,1,"Fringillidae","Haemorhous mexicanus",2021,4,3,"4fa7b334-ce0d-4e88-aaae-2e0c138d049e",NA,"3610934013"
32.25173,-110.862854,1,"Columbidae","Zenaida asiatica",2021,4,3,"4fa7b334-ce0d-4e88-aaae-2e0c138d049e",NA,"3608460924"
32.25173,-110.862854,1,"Fringillidae","Haemorhous mexicanus",2021,4,9,"4fa7b334-ce0d-4e88-aaae-2e0c138d049e",NA,"3679840678"
32.25173,-110.862854,1,"Parulidae","Leiothlypis luciae",2021,4,9,"4fa7b334-ce0d-4e88-aaae-2e0c138d049e",NA,"3679953867"
32.25173,-110.862854,1,"Trochilidae","Calypte anna",2021,4,9,"4fa7b334-ce0d-4e88-aaae-2e0c138d049e",NA,"3684959877"
32.25173,-110.862854,1,"Trochilidae","Archilochus alexandri",2021,4,9,"4fa7b334-ce0d-4e88-aaae-2e0c138d049e",NA,"3687608837"
32.25173,-110.862854,1,"Parulidae","Leiothlypis luciae",2021,4,10,"4fa7b334-ce0d-4e88-aaae-2e0c138d049e",NA,"3636558650"
32.25173,-110.862854,1,"Icteridae","Quiscalus mexicanus",2021,4,10,"4fa7b334-ce0d-4e88-aaae-2e0c138d049e",NA,"3547263074"
32.25173,-110.862854,1,"Columbidae","Zenaida asiatica",2021,4,10,"4fa7b334-ce0d-4e88-aaae-2e0c138d049e",NA,"3558728365"
32.25173,-110.862854,1,"Accipitridae","Accipiter cooperii",2021,4,10,"4fa7b334-ce0d-4e88-aaae-2e0c138d049e",NA,"3618784521"
32.25173,-110.862854,1,"Fringillidae","Haemorhous mexicanus",2021,4,11,"4fa7b334-ce0d-4e88-aaae-2e0c138d049e",NA,"3608576581"
32.25173,-110.862854,2,"Columbidae","Zenaida macroura",2021,4,11,"4fa7b334-ce0d-4e88-aaae-2e0c138d049e",NA,"3549124890"
32.25173,-110.862854,4,"Columbidae","Zenaida asiatica",2021,4,11,"4fa7b334-ce0d-4e88-aaae-2e0c138d049e",NA,"3557294986"
32.25173,-110.862854,1,"Accipitridae","Accipiter cooperii",2021,4,11,"4fa7b334-ce0d-4e88-aaae-2e0c138d049e",NA,"3555467049"
32.25173,-110.862854,1,"Fringillidae","Spinus psaltria",2021,4,11,"4fa7b334-ce0d-4e88-aaae-2e0c138d049e",NA,"3548154660"
32.25173,-110.862854,2,"Trochilidae","Archilochus alexandri",2021,4,11,"4fa7b334-ce0d-4e88-aaae-2e0c138d049e",NA,"3564818772"
32.25173,-110.862854,2,"Parulidae","Leiothlypis luciae",2021,4,11,"4fa7b334-ce0d-4e88-aaae-2e0c138d049e",NA,"3518438480"
32.25173,-110.862854,3,"Fringillidae","Haemorhous mexicanus",2021,4,11,"4fa7b334-ce0d-4e88-aaae-2e0c138d049e",NA,"3524324076"
32.25173,-110.862854,1,"Fringillidae","Haemorhous mexicanus",2021,4,16,"4fa7b334-ce0d-4e88-aaae-2e0c138d049e",NA,"3630262306"
32.25173,-110.862854,1,"Columbidae","Zenaida asiatica",2021,4,16,"4fa7b334-ce0d-4e88-aaae-2e0c138d049e",NA,"3631131984"
32.25173,-110.862854,1,"Columbidae","Zenaida macroura",2021,4,16,"4fa7b334-ce0d-4e88-aaae-2e0c138d049e",NA,"3635363623"
32.25173,-110.862854,1,"Trochilidae","Archilochus alexandri",2021,4,16,"4fa7b334-ce0d-4e88-aaae-2e0c138d049e",NA,"3631486134"
32.25173,-110.862854,1,"Trochilidae","Cynanthus latirostris",2021,4,16,"4fa7b334-ce0d-4e88-aaae-2e0c138d049e",NA,"3612619946"
32.25173,-110.862854,1,"Fringillidae","Haemorhous mexicanus",2021,4,17,"4fa7b334-ce0d-4e88-aaae-2e0c138d049e",NA,"3623653343"
32.25173,-110.862854,1,"Passeridae","Passer domesticus",2021,4,17,"4fa7b334-ce0d-4e88-aaae-2e0c138d049e",NA,"3670641278"
32.25173,-110.862854,1,"Columbidae","Zenaida macroura",2021,4,17,"4fa7b334-ce0d-4e88-aaae-2e0c138d049e",NA,"3670408210"
32.25173,-110.862854,1,"Fringillidae","Spinus psaltria",2021,4,17,"4fa7b334-ce0d-4e88-aaae-2e0c138d049e",NA,"3671429089"
32.25173,-110.862854,2,"Parulidae","Leiothlypis luciae",2021,4,17,"4fa7b334-ce0d-4e88-aaae-2e0c138d049e",NA,"3675385433"
32.25173,-110.862854,1,"Trochilidae","Archilochus alexandri",2021,4,17,"4fa7b334-ce0d-4e88-aaae-2e0c138d049e",NA,"3673439417"
32.25173,-110.862854,1,"Columbidae","Zenaida asiatica",2021,4,17,"4fa7b334-ce0d-4e88-aaae-2e0c138d049e",NA,"3674996006"
32.25173,-110.862854,2,"Fringillidae","Haemorhous mexicanus",2021,4,17,"4fa7b334-ce0d-4e88-aaae-2e0c138d049e",NA,"3676335694"
32.25173,-110.862854,2,"Columbidae","Zenaida macroura",2021,4,18,"4fa7b334-ce0d-4e88-aaae-2e0c138d049e",NA,"3643770750"
32.25173,-110.862854,4,"Fringillidae","Haemorhous mexicanus",2021,4,18,"4fa7b334-ce0d-4e88-aaae-2e0c138d049e",NA,"3635424853"
32.25173,-110.862854,2,"Remizidae","Auriparus flaviceps",2021,4,18,"4fa7b334-ce0d-4e88-aaae-2e0c138d049e",NA,"3613766251"
32.25173,-110.862854,1,"Fringillidae","Spinus psaltria",2021,4,18,"4fa7b334-ce0d-4e88-aaae-2e0c138d049e",NA,"3621210011"
32.25173,-110.862854,1,"Columbidae","Zenaida asiatica",2021,4,18,"4fa7b334-ce0d-4e88-aaae-2e0c138d049e",NA,"3621803419"
32.25173,-110.862854,1,"Trochilidae","Cynanthus latirostris",2021,4,18,"4fa7b334-ce0d-4e88-aaae-2e0c138d049e",NA,"3632548096"
32.25173,-110.862854,1,"Picidae","Melanerpes uropygialis",2021,4,18,"4fa7b334-ce0d-4e88-aaae-2e0c138d049e",NA,"3639704997"
32.25173,-110.862854,3,"Parulidae","Leiothlypis luciae",2021,4,18,"4fa7b334-ce0d-4e88-aaae-2e0c138d049e",NA,"3638296588"
32.25173,-110.862854,1,"Trochilidae","Archilochus alexandri",2021,4,18,"4fa7b334-ce0d-4e88-aaae-2e0c138d049e",NA,"3646941980"
32.25173,-110.862854,1,"Fringillidae","Haemorhous mexicanus",2021,4,23,"4fa7b334-ce0d-4e88-aaae-2e0c138d049e",NA,"3632153780"
32.25173,-110.862854,1,"Columbidae","Zenaida asiatica",2021,4,23,"4fa7b334-ce0d-4e88-aaae-2e0c138d049e",NA,"3638427973"
32.25173,-110.862854,1,"Columbidae","Zenaida macroura",2021,4,23,"4fa7b334-ce0d-4e88-aaae-2e0c138d049e",NA,"3567723265"
32.25173,-110.862854,1,"Trochilidae","Cynanthus latirostris",2021,4,23,"4fa7b334-ce0d-4e88-aaae-2e0c138d049e",NA,"3562978234"
32.25173,-110.862854,1,"Trochilidae","Calypte anna",2021,4,23,"4fa7b334-ce0d-4e88-aaae-2e0c138d049e",NA,"3562951833"
32.25173,-110.862854,1,"Fringillidae","Spinus psaltria",2021,4,23,"4fa7b334-ce0d-4e88-aaae-2e0c138d049e",NA,"3567387468"
32.25173,-110.862854,2,"Parulidae","Leiothlypis luciae",2021,4,23,"4fa7b334-ce0d-4e88-aaae-2e0c138d049e",NA,"3566323032"
32.25173,-110.862854,3,"Fringillidae","Haemorhous mexicanus",2021,4,23,"4fa7b334-ce0d-4e88-aaae-2e0c138d049e",NA,"3554698736"
32.25173,-110.862854,1,"Columbidae","Zenaida asiatica",2021,4,23,"4fa7b334-ce0d-4e88-aaae-2e0c138d049e",NA,"3555619776"
32.25173,-110.862854,1,"Tyrannidae","Tyrannus verticalis",2021,4,23,"4fa7b334-ce0d-4e88-aaae-2e0c138d049e",NA,"3627895441"
32.25173,-110.862854,2,"Parulidae","Leiothlypis luciae",2021,4,23,"4fa7b334-ce0d-4e88-aaae-2e0c138d049e",NA,"3684101903"
32.25173,-110.862854,1,"Trochilidae","Archilochus alexandri",2021,4,23,"4fa7b334-ce0d-4e88-aaae-2e0c138d049e",NA,"3686104682"
32.25173,-110.862854,1,"Fringillidae","Spinus psaltria",2021,4,23,"4fa7b334-ce0d-4e88-aaae-2e0c138d049e",NA,"3682585690"
32.25173,-110.862854,1,"Ptilogonatidae","Phainopepla nitens",2021,4,23,"4fa7b334-ce0d-4e88-aaae-2e0c138d049e",NA,"3514765409"
32.25173,-110.862854,2,"Fringillidae","Haemorhous mexicanus",2021,4,23,"4fa7b334-ce0d-4e88-aaae-2e0c138d049e",NA,"3515114250"
32.25173,-110.862854,1,"Fringillidae","Haemorhous mexicanus",2021,4,24,"4fa7b334-ce0d-4e88-aaae-2e0c138d049e",NA,"3595477872"
32.25173,-110.862854,1,"Parulidae","Leiothlypis luciae",2021,4,24,"4fa7b334-ce0d-4e88-aaae-2e0c138d049e",NA,"3598505823"
32.25173,-110.862854,1,"Cardinalidae","Cardinalis cardinalis",2021,4,24,"4fa7b334-ce0d-4e88-aaae-2e0c138d049e",NA,"3593784700"
32.25173,-110.862854,1,"Trochilidae","Archilochus alexandri",2021,4,25,"4fa7b334-ce0d-4e88-aaae-2e0c138d049e",NA,"3540633908"
32.25173,-110.862854,1,"Fringillidae","Haemorhous mexicanus",2021,4,25,"4fa7b334-ce0d-4e88-aaae-2e0c138d049e",NA,"3539787658"
32.25173,-110.862854,1,"Trochilidae","Calypte anna",2021,4,25,"4fa7b334-ce0d-4e88-aaae-2e0c138d049e",NA,"3645349493"
32.25173,-110.862854,1,"Columbidae","Zenaida macroura",2021,4,25,"4fa7b334-ce0d-4e88-aaae-2e0c138d049e",NA,"3516233046"
32.25173,-110.862854,3,"Trochilidae","Archilochus alexandri",2021,4,25,"4fa7b334-ce0d-4e88-aaae-2e0c138d049e",NA,"3522387640"
32.25173,-110.862854,1,"Fringillidae","Haemorhous mexicanus",2021,4,30,"4fa7b334-ce0d-4e88-aaae-2e0c138d049e",NA,"3549035809"
32.25173,-110.862854,1,"Columbidae","Zenaida macroura",2021,4,30,"4fa7b334-ce0d-4e88-aaae-2e0c138d049e",NA,"3552668459"
32.25173,-110.862854,1,"Fringillidae","Spinus psaltria",2021,4,30,"4fa7b334-ce0d-4e88-aaae-2e0c138d049e",NA,"3516783475"
32.25173,-110.862854,3,"Columbidae","Zenaida asiatica",2021,4,30,"4fa7b334-ce0d-4e88-aaae-2e0c138d049e",NA,"3514261661"
32.25173,-110.862854,2,"Columbidae","Zenaida macroura",2021,4,30,"4fa7b334-ce0d-4e88-aaae-2e0c138d049e",NA,"3513850447"
32.25173,-110.862854,1,"Fringillidae","Haemorhous mexicanus",2021,4,30,"4fa7b334-ce0d-4e88-aaae-2e0c138d049e",NA,"3516823931"
32.25173,-110.862854,1,"Columbidae","Zenaida asiatica",2021,5,1,"4fa7b334-ce0d-4e88-aaae-2e0c138d049e",NA,"3515917922"
32.25173,-110.862854,1,"Fringillidae","Haemorhous mexicanus",2021,5,1,"4fa7b334-ce0d-4e88-aaae-2e0c138d049e",NA,"3517144400"
32.25173,-110.862854,1,"Tyrannidae","Myiarchus tyrannulus",2021,5,1,"4fa7b334-ce0d-4e88-aaae-2e0c138d049e",NA,"3518536394"
32.25173,-110.862854,1,"Parulidae","Leiothlypis luciae",2021,5,1,"4fa7b334-ce0d-4e88-aaae-2e0c138d049e",NA,"3681198922"
32.25173,-110.862854,1,"Remizidae","Auriparus flaviceps",2021,5,2,"4fa7b334-ce0d-4e88-aaae-2e0c138d049e",NA,"3673838547"
32.25173,-110.862854,1,"Columbidae","Zenaida asiatica",2021,5,2,"4fa7b334-ce0d-4e88-aaae-2e0c138d049e",NA,"3674794480"
32.25173,-110.862854,1,"Fringillidae","Haemorhous mexicanus",2021,5,2,"4fa7b334-ce0d-4e88-aaae-2e0c138d049e",NA,"3675909952"
32.25173,-110.862854,1,"Columbidae","Zenaida macroura",2021,5,2,"4fa7b334-ce0d-4e88-aaae-2e0c138d049e",NA,"3626461465"
32.25173,-110.862854,1,"Fringillidae","Spinus psaltria",2021,5,2,"4fa7b334-ce0d-4e88-aaae-2e0c138d049e",NA,"3564660988"
32.25173,-110.862854,1,"Fringillidae","Haemorhous mexicanus",2021,5,8,"4fa7b334-ce0d-4e88-aaae-2e0c138d049e",NA,"3557589827"
32.25173,-110.862854,1,"Trochilidae","Cynanthus latirostris",2021,5,8,"4fa7b334-ce0d-4e88-aaae-2e0c138d049e",NA,"3518409417"
32.25173,-110.862854,2,"Fringillidae","Spinus psaltria",2021,5,8,"4fa7b334-ce0d-4e88-aaae-2e0c138d049e",NA,"3519669227"
32.25173,-110.862854,1,"Remizidae","Auriparus flaviceps",2021,5,8,"4fa7b334-ce0d-4e88-aaae-2e0c138d049e",NA,"3528859553"
32.25173,-110.862854,3,"Parulidae","Leiothlypis luciae",2021,5,8,"4fa7b334-ce0d-4e88-aaae-2e0c138d049e",NA,"3533405697"
32.25173,-110.862854,1,"Fringillidae","Haemorhous mexicanus",2021,5,8,"4fa7b334-ce0d-4e88-aaae-2e0c138d049e",NA,"3544478261"
32.25173,-110.862854,2,"Columbidae","Zenaida asiatica",2021,5,8,"4fa7b334-ce0d-4e88-aaae-2e0c138d049e",NA,"3541236456"
32.25173,-110.862854,1,"Parulidae","Leiothlypis luciae",2021,5,21,"4fa7b334-ce0d-4e88-aaae-2e0c138d049e",NA,"3600129857"
32.25173,-110.862854,1,"Tyrannidae","Myiarchus tyrannulus",2021,5,21,"4fa7b334-ce0d-4e88-aaae-2e0c138d049e",NA,"3638558704"
32.25173,-110.862854,1,"Remizidae","Auriparus flaviceps",2021,5,21,"4fa7b334-ce0d-4e88-aaae-2e0c138d049e",NA,"3613855969"
32.25173,-110.862854,1,"Fringillidae","Haemorhous mexicanus",2021,5,21,"4fa7b334-ce0d-4e88-aaae-2e0c138d049e",NA,"3615236441"
32.25173,-110.862854,1,"Parulidae","Leiothlypis luciae",2021,5,22,"4fa7b334-ce0d-4e88-aaae-2e0c138d049e",NA,"3543174552"
32.25173,-110.862854,1,"Trochilidae","Cynanthus latirostris",2021,5,23,"4fa7b334-ce0d-4e88-aaae-2e0c138d049e",NA,"3675266678"
32.25173,-110.862854,1,"Tyrannidae","Myiarchus tyrannulus",2021,5,23,"4fa7b334-ce0d-4e88-aaae-2e0c138d049e",NA,"3675171288"
32.25173,-110.862854,2,"Columbidae","Zenaida asiatica",2021,5,23,"4fa7b334-ce0d-4e88-aaae-2e0c138d049e",NA,"3675004143"
32.25173,-110.862854,1,"Hirundinidae","Petrochelidon pyrrhonota",2021,5,23,"4fa7b334-ce0d-4e88-aaae-2e0c138d049e",NA,"3677745981"
32.25173,-110.862854,1,"Parulidae","Leiothlypis luciae",2021,5,23,"4fa7b334-ce0d-4e88-aaae-2e0c138d049e",NA,"3679618658"
32.25173,-110.862854,1,"Remizidae","Auriparus flaviceps",2021,5,23,"4fa7b334-ce0d-4e88-aaae-2e0c138d049e",NA,"3685744125"
32.25173,-110.862854,1,"Trochilidae","Archilochus alexandri",2021,5,23,"4fa7b334-ce0d-4e88-aaae-2e0c138d049e",NA,"3688993114"
32.25173,-110.862854,2,"Fringillidae","Haemorhous mexicanus",2021,5,23,"4fa7b334-ce0d-4e88-aaae-2e0c138d049e",NA,"3687161362"
32.25173,-110.862854,1,"Accipitridae","Accipiter cooperii",2021,5,29,"4fa7b334-ce0d-4e88-aaae-2e0c138d049e",NA,"3522769020"
32.25173,-110.862854,1,"Parulidae","Leiothlypis luciae",2021,5,29,"4fa7b334-ce0d-4e88-aaae-2e0c138d049e",NA,"3523833428"
32.25173,-110.862854,1,"Fringillidae","Haemorhous mexicanus",2021,5,29,"4fa7b334-ce0d-4e88-aaae-2e0c138d049e",NA,"3521972084"
32.25173,-110.862854,1,"Tyrannidae","Myiarchus tyrannulus",2021,6,11,"4fa7b334-ce0d-4e88-aaae-2e0c138d049e",NA,"3661792283"
32.25173,-110.862854,1,"Fringillidae","Haemorhous mexicanus",2021,6,13,"4fa7b334-ce0d-4e88-aaae-2e0c138d049e",NA,"3527332689"
32.25173,-110.862854,1,"Parulidae","Leiothlypis luciae",2021,6,13,"4fa7b334-ce0d-4e88-aaae-2e0c138d049e",NA,"3527945381"
32.25173,-110.862854,1,"Columbidae","Zenaida macroura",2021,6,13,"4fa7b334-ce0d-4e88-aaae-2e0c138d049e",NA,"3529141354"
32.25173,-110.862854,1,"Icteridae","Icterus cucullatus",2021,6,25,"4fa7b334-ce0d-4e88-aaae-2e0c138d049e",NA,"3633286758"
32.25173,-110.862854,1,"Columbidae","Zenaida asiatica",2021,6,25,"4fa7b334-ce0d-4e88-aaae-2e0c138d049e",NA,"3635269897"
32.25173,-110.862854,1,"Columbidae","Zenaida asiatica",2021,7,9,"4fa7b334-ce0d-4e88-aaae-2e0c138d049e",NA,"3551435647"
32.25173,-110.862854,1,"Columbidae","Zenaida macroura",2021,7,9,"4fa7b334-ce0d-4e88-aaae-2e0c138d049e",NA,"3531311640"
32.25173,-110.862854,1,"Remizidae","Auriparus flaviceps",2021,7,9,"4fa7b334-ce0d-4e88-aaae-2e0c138d049e",NA,"3530090522"
32.25173,-110.862854,1,"Accipitridae","Accipiter cooperii",2021,7,9,"4fa7b334-ce0d-4e88-aaae-2e0c138d049e",NA,"3531530101"
32.25173,-110.862854,1,"Parulidae","Leiothlypis luciae",2021,7,10,"4fa7b334-ce0d-4e88-aaae-2e0c138d049e",NA,"3644524236"
32.25173,-110.862854,2,"Icteridae","Icterus cucullatus",2021,7,9,"4fa7b334-ce0d-4e88-aaae-2e0c138d049e",NA,"3550535092"
32.25173,-110.862854,1,"Columbidae","Zenaida asiatica",2021,7,10,"4fa7b334-ce0d-4e88-aaae-2e0c138d049e",NA,"3620835626"
32.25173,-110.862854,1,"Fringillidae","Haemorhous mexicanus",2021,7,10,"4fa7b334-ce0d-4e88-aaae-2e0c138d049e",NA,"3616132508"
32.25173,-110.862854,1,"Icteridae","Icterus cucullatus",2021,7,10,"4fa7b334-ce0d-4e88-aaae-2e0c138d049e",NA,"3622938969"
32.25173,-110.862854,1,"Columbidae","Zenaida macroura",2021,7,10,"4fa7b334-ce0d-4e88-aaae-2e0c138d049e",NA,"3623953616"
32.25173,-110.862854,2,"Icteridae","Icterus cucullatus",2021,7,10,"4fa7b334-ce0d-4e88-aaae-2e0c138d049e",NA,"3662360726"
32.25173,-110.862854,1,"Cardinalidae","Cardinalis cardinalis",2021,7,11,"4fa7b334-ce0d-4e88-aaae-2e0c138d049e",NA,"3680457957"
32.25173,-110.862854,1,"Trochilidae","Calypte anna",2021,7,11,"4fa7b334-ce0d-4e88-aaae-2e0c138d049e",NA,"3621915864"
32.25173,-110.862854,1,"Icteridae","Icterus cucullatus",2021,7,11,"4fa7b334-ce0d-4e88-aaae-2e0c138d049e",NA,"3628962559"
32.25173,-110.862854,2,"Icteridae","Icterus cucullatus",2021,7,16,"4fa7b334-ce0d-4e88-aaae-2e0c138d049e",NA,"3561561351"
32.25173,-110.862854,1,"Trochilidae","Cynanthus latirostris",2021,7,16,"4fa7b334-ce0d-4e88-aaae-2e0c138d049e",NA,"3558355855"
32.25173,-110.862854,1,"Trochilidae","Archilochus alexandri",2021,7,16,"4fa7b334-ce0d-4e88-aaae-2e0c138d049e",NA,"3676385700"
32.25173,-110.862854,1,"Remizidae","Auriparus flaviceps",2021,7,18,"4fa7b334-ce0d-4e88-aaae-2e0c138d049e",NA,"3649553210"
32.25173,-110.862854,1,"Parulidae","Leiothlypis luciae",2021,7,18,"4fa7b334-ce0d-4e88-aaae-2e0c138d049e",NA,"3617332782"
32.25173,-110.862854,2,"Fringillidae","Haemorhous mexicanus",2021,7,18,"4fa7b334-ce0d-4e88-aaae-2e0c138d049e",NA,"3624836281"
32.25173,-110.862854,1,"Columbidae","Zenaida macroura",2021,7,24,"4fa7b334-ce0d-4e88-aaae-2e0c138d049e",NA,"3657287971"
32.25173,-110.862854,1,"Columbidae","Zenaida asiatica",2021,7,24,"4fa7b334-ce0d-4e88-aaae-2e0c138d049e",NA,"3655350987"
32.25173,-110.862854,1,"Columbidae","Zenaida macroura",2021,7,25,"4fa7b334-ce0d-4e88-aaae-2e0c138d049e",NA,"3563276418"
32.25173,-110.862854,1,"Remizidae","Auriparus flaviceps",2021,7,25,"4fa7b334-ce0d-4e88-aaae-2e0c138d049e",NA,"3560203165"
32.25173,-110.862854,1,"Columbidae","Zenaida asiatica",2021,7,25,"4fa7b334-ce0d-4e88-aaae-2e0c138d049e",NA,"3565036754"
32.25173,-110.862854,1,"Icteridae","Icterus cucullatus",2021,7,25,"4fa7b334-ce0d-4e88-aaae-2e0c138d049e",NA,"3560721363"
32.25173,-110.862854,1,"Fringillidae","Haemorhous mexicanus",2021,7,25,"4fa7b334-ce0d-4e88-aaae-2e0c138d049e",NA,"3567751182"
32.25173,-110.862854,1,"Icteridae","Icterus cucullatus",2021,8,1,"4fa7b334-ce0d-4e88-aaae-2e0c138d049e",NA,"3558792915"
32.25173,-110.862854,1,"Columbidae","Zenaida asiatica",2021,8,1,"4fa7b334-ce0d-4e88-aaae-2e0c138d049e",NA,"3567290068"
32.25173,-110.862854,1,"Fringillidae","Haemorhous mexicanus",2021,8,6,"4fa7b334-ce0d-4e88-aaae-2e0c138d049e",NA,"3652129207"
32.25173,-110.862854,1,"Columbidae","Zenaida macroura",2021,8,6,"4fa7b334-ce0d-4e88-aaae-2e0c138d049e",NA,"3656923235"
32.25173,-110.862854,1,"Columbidae","Zenaida asiatica",2021,8,6,"4fa7b334-ce0d-4e88-aaae-2e0c138d049e",NA,"3658586776"
32.25173,-110.862854,1,"Emberizidae","Melozone aberti",2021,8,6,"4fa7b334-ce0d-4e88-aaae-2e0c138d049e",NA,"3660547551"
32.25173,-110.862854,1,"Icteridae","Icterus cucullatus",2021,8,7,"4fa7b334-ce0d-4e88-aaae-2e0c138d049e",NA,"3691201580"
32.25173,-110.862854,1,"Fringillidae","Spinus psaltria",2021,8,7,"4fa7b334-ce0d-4e88-aaae-2e0c138d049e",NA,"3538030864"
32.25173,-110.862854,2,"Fringillidae","Haemorhous mexicanus",2021,8,13,"4fa7b334-ce0d-4e88-aaae-2e0c138d049e",NA,"3666600778"
32.25173,-110.862854,1,"Columbidae","Zenaida asiatica",2021,8,13,"4fa7b334-ce0d-4e88-aaae-2e0c138d049e",NA,"3623964315"
32.25173,-110.862854,1,"Remizidae","Auriparus flaviceps",2021,8,13,"4fa7b334-ce0d-4e88-aaae-2e0c138d049e",NA,"3625574499"
32.25173,-110.862854,1,"Fringillidae","Spinus psaltria",2021,8,13,"4fa7b334-ce0d-4e88-aaae-2e0c138d049e",NA,"3623479178"
32.25173,-110.862854,2,"Fringillidae","Haemorhous mexicanus",2021,8,14,"4fa7b334-ce0d-4e88-aaae-2e0c138d049e",NA,"3664608415"
32.25173,-110.862854,1,"Remizidae","Auriparus flaviceps",2021,8,14,"4fa7b334-ce0d-4e88-aaae-2e0c138d049e",NA,"3655747363"
32.25173,-110.862854,2,"Fringillidae","Spinus psaltria",2021,8,14,"4fa7b334-ce0d-4e88-aaae-2e0c138d049e",NA,"3664964793"
32.25173,-110.862854,2,"Columbidae","Zenaida macroura",2021,8,14,"4fa7b334-ce0d-4e88-aaae-2e0c138d049e",NA,"3663695032"
32.25173,-110.862854,1,"Cathartidae","Cathartes aura",2021,8,14,"4fa7b334-ce0d-4e88-aaae-2e0c138d049e",NA,"3663256872"
32.25173,-110.862854,3,"Columbidae","Zenaida asiatica",2021,8,14,"4fa7b334-ce0d-4e88-aaae-2e0c138d049e",NA,"3647353934"
32.25173,-110.862854,1,"Trochilidae","Cynanthus latirostris",2021,8,15,"4fa7b334-ce0d-4e88-aaae-2e0c138d049e",NA,"3632911588"
32.25173,-110.862854,1,"Fringillidae","Spinus psaltria",2021,8,15,"4fa7b334-ce0d-4e88-aaae-2e0c138d049e",NA,"3663858244"
32.25173,-110.862854,1,"Icteridae","Icterus cucullatus",2021,8,15,"4fa7b334-ce0d-4e88-aaae-2e0c138d049e",NA,"3663889971"
32.25173,-110.862854,2,"Remizidae","Auriparus flaviceps",2021,8,21,"4fa7b334-ce0d-4e88-aaae-2e0c138d049e",NA,"3602920585"
32.25173,-110.862854,1,"Fringillidae","Haemorhous mexicanus",2021,8,21,"4fa7b334-ce0d-4e88-aaae-2e0c138d049e",NA,"3601521778"
32.25173,-110.862854,2,"Fringillidae","Spinus psaltria",2021,8,21,"4fa7b334-ce0d-4e88-aaae-2e0c138d049e",NA,"3602040214"
32.25173,-110.862854,1,"Hirundinidae","Progne subis",2021,8,22,"4fa7b334-ce0d-4e88-aaae-2e0c138d049e",NA,"3577788017"
32.25173,-110.862854,1,"Remizidae","Auriparus flaviceps",2021,8,22,"4fa7b334-ce0d-4e88-aaae-2e0c138d049e",NA,"3571570632"
32.25173,-110.862854,2,"Fringillidae","Haemorhous mexicanus",2021,8,22,"4fa7b334-ce0d-4e88-aaae-2e0c138d049e",NA,"3575736296"
32.25173,-110.862854,2,"Fringillidae","Spinus psaltria",2021,8,22,"4fa7b334-ce0d-4e88-aaae-2e0c138d049e",NA,"3575861172"
32.25173,-110.862854,1,"Parulidae","Leiothlypis luciae",2021,8,22,"4fa7b334-ce0d-4e88-aaae-2e0c138d049e",NA,"3687459973"
32.25173,-110.862854,1,"Trochilidae","Cynanthus latirostris",2021,8,22,"4fa7b334-ce0d-4e88-aaae-2e0c138d049e",NA,"3687164839"
32.25173,-110.862854,1,"Fringillidae","Haemorhous mexicanus",2021,8,22,"4fa7b334-ce0d-4e88-aaae-2e0c138d049e",NA,"3686621174"
32.25173,-110.862854,1,"Remizidae","Auriparus flaviceps",2021,8,22,"4fa7b334-ce0d-4e88-aaae-2e0c138d049e",NA,"3691259547"
32.25173,-110.862854,1,"Columbidae","Zenaida macroura",2021,8,27,"4fa7b334-ce0d-4e88-aaae-2e0c138d049e",NA,"3630037002"
32.25173,-110.862854,1,"Fringillidae","Haemorhous mexicanus",2021,8,27,"4fa7b334-ce0d-4e88-aaae-2e0c138d049e",NA,"3636974543"
32.25173,-110.862854,1,"Fringillidae","Haemorhous mexicanus",2021,8,27,"4fa7b334-ce0d-4e88-aaae-2e0c138d049e",NA,"3550824151"
32.25173,-110.862854,1,"Hirundinidae","Progne subis",2021,8,27,"4fa7b334-ce0d-4e88-aaae-2e0c138d049e",NA,"3568048375"
32.25173,-110.862854,1,"Remizidae","Auriparus flaviceps",2021,8,27,"4fa7b334-ce0d-4e88-aaae-2e0c138d049e",NA,"3570602311"
32.25173,-110.862854,1,"Columbidae","Zenaida macroura",2021,8,27,"4fa7b334-ce0d-4e88-aaae-2e0c138d049e",NA,"3574308082"
32.25173,-110.862854,1,"Icteridae","Icterus cucullatus",2021,8,27,"4fa7b334-ce0d-4e88-aaae-2e0c138d049e",NA,"3576452839"
32.25173,-110.862854,NA,"Fringillidae","Spinus psaltria",2021,8,28,"4fa7b334-ce0d-4e88-aaae-2e0c138d049e",NA,"3658926781"
32.25173,-110.862854,NA,"Fringillidae","Haemorhous mexicanus",2021,8,28,"4fa7b334-ce0d-4e88-aaae-2e0c138d049e",NA,"3650602277"
32.25173,-110.862854,2,"Parulidae","Leiothlypis luciae",2021,8,28,"4fa7b334-ce0d-4e88-aaae-2e0c138d049e",NA,"3637315537"
32.25173,-110.862854,1,"Columbidae","Zenaida macroura",2021,8,28,"4fa7b334-ce0d-4e88-aaae-2e0c138d049e",NA,"3633987466"
32.25173,-110.862854,1,"Fringillidae","Haemorhous mexicanus",2021,8,28,"4fa7b334-ce0d-4e88-aaae-2e0c138d049e",NA,"3643653525"
32.25173,-110.862854,NA,"Hirundinidae","Progne subis",2021,8,28,"4fa7b334-ce0d-4e88-aaae-2e0c138d049e",NA,"3603796146"
32.25173,-110.862854,1,"Fringillidae","Haemorhous mexicanus",2021,8,29,"4fa7b334-ce0d-4e88-aaae-2e0c138d049e",NA,"3606216813"
32.25173,-110.862854,1,"Hirundinidae","Progne subis",2021,8,29,"4fa7b334-ce0d-4e88-aaae-2e0c138d049e",NA,"3600710881"
32.25173,-110.862854,1,"Columbidae","Zenaida asiatica",2021,8,29,"4fa7b334-ce0d-4e88-aaae-2e0c138d049e",NA,"3615005630"
32.25173,-110.862854,2,"Fringillidae","Haemorhous mexicanus",2021,9,3,"4fa7b334-ce0d-4e88-aaae-2e0c138d049e",NA,"3570279630"
32.25173,-110.862854,1,"Columbidae","Zenaida macroura",2021,9,3,"4fa7b334-ce0d-4e88-aaae-2e0c138d049e",NA,"3575062176"
32.25173,-110.862854,1,"Columbidae","Zenaida macroura",2021,9,4,"4fa7b334-ce0d-4e88-aaae-2e0c138d049e",NA,"3547441828"
32.25173,-110.862854,NA,"Fringillidae","Haemorhous mexicanus",2021,9,4,"4fa7b334-ce0d-4e88-aaae-2e0c138d049e",NA,"3555947089"
32.25173,-110.862854,1,"Columbidae","Zenaida macroura",2021,9,4,"4fa7b334-ce0d-4e88-aaae-2e0c138d049e",NA,"3658499369"
32.25173,-110.862854,2,"Fringillidae","Haemorhous mexicanus",2021,9,4,"4fa7b334-ce0d-4e88-aaae-2e0c138d049e",NA,"3663092511"
32.25173,-110.862854,1,"Fringillidae","Spinus psaltria",2021,9,4,"4fa7b334-ce0d-4e88-aaae-2e0c138d049e",NA,"3663714300"
32.25173,-110.862854,1,"Emberizidae","Melozone aberti",2021,9,4,"4fa7b334-ce0d-4e88-aaae-2e0c138d049e",NA,"3665844429"
32.25173,-110.862854,1,"Parulidae","Leiothlypis luciae",2021,9,4,"4fa7b334-ce0d-4e88-aaae-2e0c138d049e",NA,"3633455661"
32.25173,-110.862854,1,"Icteridae","Icterus cucullatus",2021,9,4,"4fa7b334-ce0d-4e88-aaae-2e0c138d049e",NA,"3527043084"
32.25173,-110.862854,1,"Columbidae","Zenaida macroura",2021,9,5,"4fa7b334-ce0d-4e88-aaae-2e0c138d049e",NA,"3624394901"
32.25173,-110.862854,1,"Icteridae","Icterus cucullatus",2021,9,5,"4fa7b334-ce0d-4e88-aaae-2e0c138d049e",NA,"3639111101"
32.25173,-110.862854,1,"Fringillidae","Spinus psaltria",2021,9,5,"4fa7b334-ce0d-4e88-aaae-2e0c138d049e",NA,"3660200318"
32.25173,-110.862854,2,"Fringillidae","Haemorhous mexicanus",2021,9,5,"4fa7b334-ce0d-4e88-aaae-2e0c138d049e",NA,"3652577858"
32.25173,-110.862854,1,"Fringillidae","Haemorhous mexicanus",2021,9,10,"4fa7b334-ce0d-4e88-aaae-2e0c138d049e",NA,"3660950626"
32.25173,-110.862854,1,"Columbidae","Zenaida macroura",2021,9,10,"4fa7b334-ce0d-4e88-aaae-2e0c138d049e",NA,"3685545022"
32.25173,-110.862854,1,"Columbidae","Zenaida macroura",2021,9,12,"4fa7b334-ce0d-4e88-aaae-2e0c138d049e",NA,"3693649611"
32.25173,-110.862854,NA,"Fringillidae","Haemorhous mexicanus",2021,9,12,"4fa7b334-ce0d-4e88-aaae-2e0c138d049e",NA,"3693664943"
32.25173,-110.862854,1,"Columbidae","Zenaida macroura",2021,9,12,"4fa7b334-ce0d-4e88-aaae-2e0c138d049e",NA,"3645428739"
32.25173,-110.862854,NA,"Fringillidae","Haemorhous mexicanus",2021,9,12,"4fa7b334-ce0d-4e88-aaae-2e0c138d049e",NA,"3657137331"
32.25173,-110.862854,1,"Picidae","Dryobates scalaris",2021,9,12,"4fa7b334-ce0d-4e88-aaae-2e0c138d049e",NA,"3647802647"
32.25173,-110.862854,1,"Trochilidae","Cynanthus latirostris",2021,9,17,"4fa7b334-ce0d-4e88-aaae-2e0c138d049e",NA,"3668214221"
32.25173,-110.862854,1,"Columbidae","Zenaida macroura",2021,9,17,"4fa7b334-ce0d-4e88-aaae-2e0c138d049e",NA,"3666919200"
32.25173,-110.862854,1,"Fringillidae","Haemorhous mexicanus",2021,9,17,"4fa7b334-ce0d-4e88-aaae-2e0c138d049e",NA,"3660807333"
32.25173,-110.862854,1,"Columbidae","Zenaida macroura",2021,9,18,"4fa7b334-ce0d-4e88-aaae-2e0c138d049e",NA,"3631074013"
32.25173,-110.862854,1,"Fringillidae","Haemorhous mexicanus",2021,9,18,"4fa7b334-ce0d-4e88-aaae-2e0c138d049e",NA,"3628964466"
32.25173,-110.862854,1,"Fringillidae","Spinus psaltria",2021,9,19,"4fa7b334-ce0d-4e88-aaae-2e0c138d049e",NA,"3610778597"
32.25173,-110.862854,1,"Columbidae","Zenaida macroura",2021,9,19,"4fa7b334-ce0d-4e88-aaae-2e0c138d049e",NA,"3567956274"
32.25173,-110.862854,1,"Remizidae","Auriparus flaviceps",2021,9,19,"4fa7b334-ce0d-4e88-aaae-2e0c138d049e",NA,"3641532895"
32.25272,-110.85875,1,"Cuculidae","Geococcyx californianus",2021,9,18,"4fa7b334-ce0d-4e88-aaae-2e0c138d049e",NA,"3661702689"
32.25173,-110.862854,2,"Fringillidae","Haemorhous mexicanus",2021,9,24,"4fa7b334-ce0d-4e88-aaae-2e0c138d049e",NA,"3604667962"
32.25173,-110.862854,1,"Remizidae","Auriparus flaviceps",2021,9,24,"4fa7b334-ce0d-4e88-aaae-2e0c138d049e",NA,"3603565602"
32.25173,-110.862854,2,"Fringillidae","Haemorhous mexicanus",2021,9,25,"4fa7b334-ce0d-4e88-aaae-2e0c138d049e",NA,"3542720542"
32.25173,-110.862854,2,"Remizidae","Auriparus flaviceps",2021,9,25,"4fa7b334-ce0d-4e88-aaae-2e0c138d049e",NA,"3535745248"
32.25173,-110.862854,1,"Hirundinidae","Progne subis",2021,9,25,"4fa7b334-ce0d-4e88-aaae-2e0c138d049e",NA,"3547459096"
32.25173,-110.862854,1,"Fringillidae","Spinus psaltria",2021,9,25,"4fa7b334-ce0d-4e88-aaae-2e0c138d049e",NA,"3552249635"
32.25173,-110.862854,1,"Columbidae","Zenaida macroura",2021,9,25,"4fa7b334-ce0d-4e88-aaae-2e0c138d049e",NA,"3599154916"
32.25173,-110.862854,1,"Remizidae","Auriparus flaviceps",2021,9,26,"4fa7b334-ce0d-4e88-aaae-2e0c138d049e",NA,"3606395520"
32.25173,-110.862854,1,"Emberizidae","Melozone aberti",2021,9,26,"4fa7b334-ce0d-4e88-aaae-2e0c138d049e",NA,"3628177811"
32.25173,-110.862854,1,"Hirundinidae","Progne subis",2021,9,26,"4fa7b334-ce0d-4e88-aaae-2e0c138d049e",NA,"3629453884"
32.25173,-110.862854,1,"Cathartidae","Cathartes aura",2021,9,26,"4fa7b334-ce0d-4e88-aaae-2e0c138d049e",NA,"3651039692"
32.25173,-110.862854,1,"Remizidae","Auriparus flaviceps",2021,10,1,"4fa7b334-ce0d-4e88-aaae-2e0c138d049e",NA,"3606914915"
32.25173,-110.862854,1,"Picidae","Melanerpes uropygialis",2021,10,1,"4fa7b334-ce0d-4e88-aaae-2e0c138d049e",NA,"3603089167"
32.25173,-110.862854,1,"Fringillidae","Haemorhous mexicanus",2021,10,1,"4fa7b334-ce0d-4e88-aaae-2e0c138d049e",NA,"3606332930"
32.25173,-110.862854,1,"Columbidae","Zenaida macroura",2021,10,1,"4fa7b334-ce0d-4e88-aaae-2e0c138d049e",NA,"3613113231"
32.25173,-110.862854,1,"Fringillidae","Spinus psaltria",2021,10,2,"4fa7b334-ce0d-4e88-aaae-2e0c138d049e",NA,"3579148291"
32.25173,-110.862854,1,"Remizidae","Auriparus flaviceps",2021,10,2,"4fa7b334-ce0d-4e88-aaae-2e0c138d049e",NA,"3580701913"
32.25173,-110.862854,1,"Picidae","Melanerpes uropygialis",2021,10,8,"4fa7b334-ce0d-4e88-aaae-2e0c138d049e",NA,"3671415663"
32.25173,-110.862854,1,"Columbidae","Zenaida macroura",2021,10,8,"4fa7b334-ce0d-4e88-aaae-2e0c138d049e",NA,"3672811404"
32.25173,-110.862854,2,"Fringillidae","Haemorhous mexicanus",2021,10,8,"4fa7b334-ce0d-4e88-aaae-2e0c138d049e",NA,"3664242727"
32.25173,-110.862854,1,"Picidae","Melanerpes uropygialis",2021,10,9,"4fa7b334-ce0d-4e88-aaae-2e0c138d049e",NA,"3607916111"
32.25173,-110.862854,1,"Remizidae","Auriparus flaviceps",2021,10,9,"4fa7b334-ce0d-4e88-aaae-2e0c138d049e",NA,"3613207209"
32.25173,-110.862854,1,"Fringillidae","Haemorhous mexicanus",2021,10,15,"4fa7b334-ce0d-4e88-aaae-2e0c138d049e",NA,"3579798609"
32.25173,-110.862854,1,"Remizidae","Auriparus flaviceps",2021,10,16,"4fa7b334-ce0d-4e88-aaae-2e0c138d049e",NA,"3684016461"
32.25173,-110.862854,2,"Columbidae","Zenaida macroura",2021,10,16,"4fa7b334-ce0d-4e88-aaae-2e0c138d049e",NA,"3686395647"
32.25173,-110.862854,1,"Trochilidae","Cynanthus latirostris",2021,10,17,"4fa7b334-ce0d-4e88-aaae-2e0c138d049e",NA,"3680362191"
32.25173,-110.862854,1,"Picidae","Melanerpes uropygialis",2021,10,17,"4fa7b334-ce0d-4e88-aaae-2e0c138d049e",NA,"3686694467"
32.25173,-110.862854,1,"Remizidae","Auriparus flaviceps",2021,10,17,"4fa7b334-ce0d-4e88-aaae-2e0c138d049e",NA,"3684017050"
32.25173,-110.862854,1,"Accipitridae","Accipiter cooperii",2021,10,17,"4fa7b334-ce0d-4e88-aaae-2e0c138d049e",NA,"3686396283"
32.25173,-110.862854,1,"Mimidae","Mimus polyglottos",2021,10,17,"4fa7b334-ce0d-4e88-aaae-2e0c138d049e",NA,"3686818771"
32.25173,-110.862854,2,"Fringillidae","Haemorhous mexicanus",2021,10,17,"4fa7b334-ce0d-4e88-aaae-2e0c138d049e",NA,"3687836859"
32.25173,-110.862854,1,"Columbidae","Zenaida macroura",2021,10,17,"4fa7b334-ce0d-4e88-aaae-2e0c138d049e",NA,"3689961481"
32.25173,-110.862854,1,"Columbidae","Zenaida macroura",2021,10,22,"4fa7b334-ce0d-4e88-aaae-2e0c138d049e",NA,"3561689276"
32.25173,-110.862854,1,"Fringillidae","Haemorhous mexicanus",2021,10,22,"4fa7b334-ce0d-4e88-aaae-2e0c138d049e",NA,"3566875078"
32.25173,-110.862854,1,"Picidae","Melanerpes uropygialis",2021,10,23,"4fa7b334-ce0d-4e88-aaae-2e0c138d049e",NA,"3561684141"
32.25173,-110.862854,2,"Fringillidae","Haemorhous mexicanus",2021,10,23,"4fa7b334-ce0d-4e88-aaae-2e0c138d049e",NA,"3563099865"
32.25173,-110.862854,1,"Picidae","Melanerpes uropygialis",2021,10,24,"4fa7b334-ce0d-4e88-aaae-2e0c138d049e",NA,"3574184482"
32.25173,-110.862854,2,"Parulidae","Setophaga coronata",2021,10,24,"4fa7b334-ce0d-4e88-aaae-2e0c138d049e",NA,"3579148301"
32.25173,-110.862854,2,"Corvidae","Corvus corax",2021,10,24,"4fa7b334-ce0d-4e88-aaae-2e0c138d049e",NA,"3582610711"
32.25173,-110.862854,1,"Remizidae","Auriparus flaviceps",2021,10,24,"4fa7b334-ce0d-4e88-aaae-2e0c138d049e",NA,"3580419805"
32.25173,-110.862854,1,"Accipitridae","Buteo jamaicensis",2021,10,24,"4fa7b334-ce0d-4e88-aaae-2e0c138d049e",NA,"3582404111"
32.25173,-110.862854,1,"Trochilidae","Calypte anna",2021,10,24,"4fa7b334-ce0d-4e88-aaae-2e0c138d049e",NA,"3581323328"
32.25173,-110.862854,1,"Parulidae","Setophaga coronata",2021,10,29,"4fa7b334-ce0d-4e88-aaae-2e0c138d049e",NA,"3616680835"
32.25173,-110.862854,1,"Corvidae","Corvus corax",2021,10,30,"4fa7b334-ce0d-4e88-aaae-2e0c138d049e",NA,"3634909565"
32.25173,-110.862854,1,"Fringillidae","Spinus psaltria",2021,10,30,"4fa7b334-ce0d-4e88-aaae-2e0c138d049e",NA,"3644655001"
32.25173,-110.862854,9,"Turdidae","Sialia mexicana",2021,10,30,"4fa7b334-ce0d-4e88-aaae-2e0c138d049e",NA,"3649899591"
32.25173,-110.862854,1,"Tyrannidae","Sayornis saya",2021,10,31,"4fa7b334-ce0d-4e88-aaae-2e0c138d049e",NA,"3551124781"
32.25173,-110.862854,1,"Fringillidae","Spinus psaltria",2021,10,31,"4fa7b334-ce0d-4e88-aaae-2e0c138d049e",NA,"3567912298"
32.25173,-110.862854,2,"Columbidae","Zenaida macroura",2021,10,31,"4fa7b334-ce0d-4e88-aaae-2e0c138d049e",NA,"3566349055"
32.25173,-110.862854,2,"Fringillidae","Haemorhous mexicanus",2021,10,31,"4fa7b334-ce0d-4e88-aaae-2e0c138d049e",NA,"3535811561"
32.251797,-110.85946,7,"Icteridae","Quiscalus mexicanus",2021,10,26,"4fa7b334-ce0d-4e88-aaae-2e0c138d049e",NA,"3656583780"
32.251797,-110.85946,5,"Passeridae","Passer domesticus",2021,10,26,"4fa7b334-ce0d-4e88-aaae-2e0c138d049e",NA,"3654466337"
32.25173,-110.862854,1,"Remizidae","Auriparus flaviceps",2021,11,5,"4fa7b334-ce0d-4e88-aaae-2e0c138d049e",NA,"3551741935"
32.25173,-110.862854,2,"Fringillidae","Haemorhous mexicanus",2021,11,6,"4fa7b334-ce0d-4e88-aaae-2e0c138d049e",NA,"3621674532"
32.25173,-110.862854,1,"Fringillidae","Haemorhous mexicanus",2021,11,7,"4fa7b334-ce0d-4e88-aaae-2e0c138d049e",NA,"3550657300"
32.25173,-110.862854,1,"Trochilidae","Calypte anna",2021,11,7,"4fa7b334-ce0d-4e88-aaae-2e0c138d049e",NA,"3550204256"
32.25173,-110.862854,1,"Fringillidae","Haemorhous mexicanus",2021,11,12,"4fa7b334-ce0d-4e88-aaae-2e0c138d049e",NA,"3615046678"
32.25173,-110.862854,1,"Parulidae","Setophaga coronata",2021,11,12,"4fa7b334-ce0d-4e88-aaae-2e0c138d049e",NA,"3549326041"
32.25173,-110.862854,1,"Remizidae","Auriparus flaviceps",2021,11,12,"4fa7b334-ce0d-4e88-aaae-2e0c138d049e",NA,"3552033801"
32.25173,-110.862854,1,"Remizidae","Auriparus flaviceps",2021,11,13,"4fa7b334-ce0d-4e88-aaae-2e0c138d049e",NA,"3613922155"
32.25173,-110.862854,2,"Fringillidae","Haemorhous mexicanus",2021,11,13,"4fa7b334-ce0d-4e88-aaae-2e0c138d049e",NA,"3616540035"
32.25173,-110.862854,2,"Corvidae","Corvus corax",2021,11,13,"4fa7b334-ce0d-4e88-aaae-2e0c138d049e",NA,"3667735497"
32.25173,-110.862854,1,"Parulidae","Setophaga coronata",2021,11,13,"4fa7b334-ce0d-4e88-aaae-2e0c138d049e",NA,"3671212107"
32.25173,-110.862854,1,"Fringillidae","Haemorhous mexicanus",2021,11,13,"4fa7b334-ce0d-4e88-aaae-2e0c138d049e",NA,"3669540047"
32.25173,-110.862854,1,"Fringillidae","Haemorhous mexicanus",2021,11,14,"4fa7b334-ce0d-4e88-aaae-2e0c138d049e",NA,"3607423490"
32.25173,-110.862854,1,"Parulidae","Setophaga coronata",2021,11,14,"4fa7b334-ce0d-4e88-aaae-2e0c138d049e",NA,"3614614747"
32.25173,-110.862854,1,"Tyrannidae","Sayornis saya",2021,11,14,"4fa7b334-ce0d-4e88-aaae-2e0c138d049e",NA,"3608070090"
32.25173,-110.862854,1,"Parulidae","Setophaga coronata",2021,11,19,"4fa7b334-ce0d-4e88-aaae-2e0c138d049e",NA,"3582419081"
32.25173,-110.862854,1,"Remizidae","Auriparus flaviceps",2021,11,19,"4fa7b334-ce0d-4e88-aaae-2e0c138d049e",NA,"3584222124"
32.25173,-110.862854,1,"Columbidae","Zenaida macroura",2021,11,19,"4fa7b334-ce0d-4e88-aaae-2e0c138d049e",NA,"3585679562"
32.25173,-110.862854,1,"Fringillidae","Haemorhous mexicanus",2021,11,19,"4fa7b334-ce0d-4e88-aaae-2e0c138d049e",NA,"3586338574"
32.25173,-110.862854,1,"Columbidae","Zenaida macroura",2021,11,20,"4fa7b334-ce0d-4e88-aaae-2e0c138d049e",NA,"3653922826"
32.25173,-110.862854,1,"Fringillidae","Spinus psaltria",2021,11,20,"4fa7b334-ce0d-4e88-aaae-2e0c138d049e",NA,"3655261846"
32.25173,-110.862854,5,"Fringillidae","Haemorhous mexicanus",2021,11,20,"4fa7b334-ce0d-4e88-aaae-2e0c138d049e",NA,"3656896742"
32.25173,-110.862854,1,"Parulidae","Setophaga coronata",2021,11,20,"4fa7b334-ce0d-4e88-aaae-2e0c138d049e",NA,"3649354966"
32.25173,-110.862854,2,"Parulidae","Setophaga coronata",2021,11,21,"4fa7b334-ce0d-4e88-aaae-2e0c138d049e",NA,"3678452189"
32.25173,-110.862854,6,"Fringillidae","Haemorhous mexicanus",2021,11,21,"4fa7b334-ce0d-4e88-aaae-2e0c138d049e",NA,"3607790577"
32.25173,-110.862854,3,"Turdidae","Sialia mexicana",2021,11,21,"4fa7b334-ce0d-4e88-aaae-2e0c138d049e",NA,"3615040100"
32.25173,-110.862854,1,"Columbidae","Zenaida macroura",2021,11,21,"4fa7b334-ce0d-4e88-aaae-2e0c138d049e",NA,"3608700764"
32.25173,-110.862854,1,"Tyrannidae","Sayornis saya",2021,11,27,"4fa7b334-ce0d-4e88-aaae-2e0c138d049e",NA,"3685146190"
32.25173,-110.862854,2,"Fringillidae","Haemorhous mexicanus",2021,11,27,"4fa7b334-ce0d-4e88-aaae-2e0c138d049e",NA,"3680247830"
32.25173,-110.862854,1,"Parulidae","Leiothlypis celata",2021,11,27,"4fa7b334-ce0d-4e88-aaae-2e0c138d049e",NA,"3687066987"
32.25173,-110.862854,1,"Trochilidae","Calypte anna",2021,11,27,"4fa7b334-ce0d-4e88-aaae-2e0c138d049e",NA,"3688378031"
32.25173,-110.862854,1,"Remizidae","Auriparus flaviceps",2021,11,28,"4fa7b334-ce0d-4e88-aaae-2e0c138d049e",NA,"3579498155"
32.25173,-110.862854,1,"Fringillidae","Haemorhous mexicanus",2021,11,28,"4fa7b334-ce0d-4e88-aaae-2e0c138d049e",NA,"3580623882"
32.25173,-110.862854,1,"Parulidae","Leiothlypis celata",2021,11,28,"4fa7b334-ce0d-4e88-aaae-2e0c138d049e",NA,"3582158637"
32.25173,-110.862854,2,"Corvidae","Corvus corax",2021,12,3,"4fa7b334-ce0d-4e88-aaae-2e0c138d049e",NA,"3547296171"
32.25173,-110.862854,1,"Picidae","Melanerpes uropygialis",2021,12,3,"4fa7b334-ce0d-4e88-aaae-2e0c138d049e",NA,"3552441663"
32.25173,-110.862854,1,"Parulidae","Setophaga coronata",2021,12,3,"4fa7b334-ce0d-4e88-aaae-2e0c138d049e",NA,"3548819586"
32.25173,-110.862854,2,"Fringillidae","Haemorhous mexicanus",2021,12,3,"4fa7b334-ce0d-4e88-aaae-2e0c138d049e",NA,"3556973995"
32.25173,-110.862854,1,"Remizidae","Auriparus flaviceps",2021,12,3,"4fa7b334-ce0d-4e88-aaae-2e0c138d049e",NA,"3560804264"
32.25173,-110.862854,1,"Trochilidae","Calypte anna",2021,12,3,"4fa7b334-ce0d-4e88-aaae-2e0c138d049e",NA,"3611029264"
32.25173,-110.862854,1,"Trochilidae","Cynanthus latirostris",2021,12,3,"4fa7b334-ce0d-4e88-aaae-2e0c138d049e",NA,"3687480298"
32.25173,-110.862854,1,"Fringillidae","Haemorhous mexicanus",2021,12,4,"4fa7b334-ce0d-4e88-aaae-2e0c138d049e",NA,"3654189998"
32.25173,-110.862854,1,"Trochilidae","Calypte anna",2021,12,4,"4fa7b334-ce0d-4e88-aaae-2e0c138d049e",NA,"3669269759"
32.25173,-110.862854,1,"Remizidae","Auriparus flaviceps",2021,12,4,"4fa7b334-ce0d-4e88-aaae-2e0c138d049e",NA,"3664494426"
32.25173,-110.862854,1,"Remizidae","Auriparus flaviceps",2021,12,4,"4fa7b334-ce0d-4e88-aaae-2e0c138d049e",NA,"3541658719"
32.25173,-110.862854,1,"Fringillidae","Haemorhous mexicanus",2021,12,4,"4fa7b334-ce0d-4e88-aaae-2e0c138d049e",NA,"3582631999"
32.25173,-110.862854,1,"Parulidae","Leiothlypis celata",2021,12,4,"4fa7b334-ce0d-4e88-aaae-2e0c138d049e",NA,"3577860804"
32.25173,-110.862854,1,"Fringillidae","Haemorhous mexicanus",2021,12,5,"4fa7b334-ce0d-4e88-aaae-2e0c138d049e",NA,"3685812442"
32.25173,-110.862854,1,"Parulidae","Setophaga coronata",2021,12,5,"4fa7b334-ce0d-4e88-aaae-2e0c138d049e",NA,"3689911196"
32.25173,-110.862854,1,"Trochilidae","Calypte anna",2021,12,5,"4fa7b334-ce0d-4e88-aaae-2e0c138d049e",NA,"3691872641"
32.25173,-110.862854,1,"Fringillidae","Spinus psaltria",2021,12,5,"4fa7b334-ce0d-4e88-aaae-2e0c138d049e",NA,"3688865655"
32.25173,-110.862854,1,"Trochilidae","Calypte anna",2021,12,10,"4fa7b334-ce0d-4e88-aaae-2e0c138d049e",NA,"3647865069"
32.25173,-110.862854,2,"Columbidae","Zenaida macroura",2021,12,10,"4fa7b334-ce0d-4e88-aaae-2e0c138d049e",NA,"3646918731"
32.25173,-110.862854,1,"Fringillidae","Spinus psaltria",2021,12,10,"4fa7b334-ce0d-4e88-aaae-2e0c138d049e",NA,"3649598274"
32.25173,-110.862854,4,"Fringillidae","Haemorhous mexicanus",2021,12,11,"4fa7b334-ce0d-4e88-aaae-2e0c138d049e",NA,"3570121689"
32.25173,-110.862854,3,"Columbidae","Zenaida macroura",2021,12,11,"4fa7b334-ce0d-4e88-aaae-2e0c138d049e",NA,"3568113379"
32.25173,-110.862854,1,"Fringillidae","Haemorhous mexicanus",2021,12,12,"4fa7b334-ce0d-4e88-aaae-2e0c138d049e",NA,"3564701426"
32.25173,-110.862854,1,"Parulidae","Leiothlypis celata",2021,12,12,"4fa7b334-ce0d-4e88-aaae-2e0c138d049e",NA,"3566690574"
32.25173,-110.862854,1,"Parulidae","Setophaga coronata",2021,12,12,"4fa7b334-ce0d-4e88-aaae-2e0c138d049e",NA,"3568671626"
32.25173,-110.862854,1,"Trochilidae","Calypte anna",2021,12,12,"4fa7b334-ce0d-4e88-aaae-2e0c138d049e",NA,"3575241088"
32.25173,-110.862854,1,"Remizidae","Auriparus flaviceps",2021,12,12,"4fa7b334-ce0d-4e88-aaae-2e0c138d049e",NA,"3572429232"
32.25173,-110.862854,1,"Remizidae","Auriparus flaviceps",2021,12,18,"4fa7b334-ce0d-4e88-aaae-2e0c138d049e",NA,"3581229102"
32.25173,-110.862854,2,"Fringillidae","Haemorhous mexicanus",2021,12,18,"4fa7b334-ce0d-4e88-aaae-2e0c138d049e",NA,"3586720025"
32.25173,-110.862854,1,"Remizidae","Auriparus flaviceps",2021,12,19,"4fa7b334-ce0d-4e88-aaae-2e0c138d049e",NA,"3580115381"
32.25173,-110.862854,1,"Fringillidae","Haemorhous mexicanus",2021,12,19,"4fa7b334-ce0d-4e88-aaae-2e0c138d049e",NA,"3651586771"
32.25173,-110.862854,1,"Parulidae","Setophaga coronata",2021,12,19,"4fa7b334-ce0d-4e88-aaae-2e0c138d049e",NA,"3586679720"
32.25173,-110.862854,1,"Remizidae","Auriparus flaviceps",2021,12,24,"4fa7b334-ce0d-4e88-aaae-2e0c138d049e",NA,"3574959622"
32.25173,-110.862854,2,"Fringillidae","Haemorhous mexicanus",2021,12,24,"4fa7b334-ce0d-4e88-aaae-2e0c138d049e",NA,"3581633903"
32.25173,-110.862854,1,"Columbidae","Zenaida macroura",2021,12,24,"4fa7b334-ce0d-4e88-aaae-2e0c138d049e",NA,"3584521567"
32.25173,-110.862854,2,"Columbidae","Zenaida macroura",2021,12,26,"4fa7b334-ce0d-4e88-aaae-2e0c138d049e",NA,"3586167569"
32.25173,-110.862854,1,"Fringillidae","Spinus psaltria",2021,12,26,"4fa7b334-ce0d-4e88-aaae-2e0c138d049e",NA,"3585107279"
32.25173,-110.862854,5,"Fringillidae","Haemorhous mexicanus",2021,12,26,"4fa7b334-ce0d-4e88-aaae-2e0c138d049e",NA,"3585860927"
32.25173,-110.862854,1,"Parulidae","Setophaga coronata",2021,12,26,"4fa7b334-ce0d-4e88-aaae-2e0c138d049e",NA,"3584878339"
32.25173,-110.862854,2,"Columbidae","Zenaida macroura",2021,12,31,"4fa7b334-ce0d-4e88-aaae-2e0c138d049e",NA,"3586260104"
32.25147,-110.85853,2,"Icteridae","Quiscalus mexicanus",2020,3,2,"4fa7b334-ce0d-4e88-aaae-2e0c138d049e",NA,"3153392795"
32.25173,-110.862854,15,"Cathartidae","Cathartes aura",2020,3,17,"4fa7b334-ce0d-4e88-aaae-2e0c138d049e",NA,"3224463237"
32.25173,-110.862854,1,"Trochilidae","Calypte anna",2020,7,8,"4fa7b334-ce0d-4e88-aaae-2e0c138d049e",NA,"3167902212"
32.25173,-110.862854,1,"Parulidae","Geothlypis tolmiei",2020,9,30,"4fa7b334-ce0d-4e88-aaae-2e0c138d049e",NA,"3248844013"
32.25173,-110.862854,1,"Trochilidae","Cynanthus latirostris",2020,10,27,"4fa7b334-ce0d-4e88-aaae-2e0c138d049e",NA,"3209392367"
32.25173,-110.862854,5,"Icteridae","Quiscalus mexicanus",2020,10,27,"4fa7b334-ce0d-4e88-aaae-2e0c138d049e",NA,"3185183618"
32.25173,-110.862854,1,"Picidae","Melanerpes uropygialis",2020,10,27,"4fa7b334-ce0d-4e88-aaae-2e0c138d049e",NA,"3198251407"
32.25173,-110.862854,1,"Fringillidae","Haemorhous mexicanus",2020,10,28,"4fa7b334-ce0d-4e88-aaae-2e0c138d049e",NA,"3210357769"
32.25173,-110.862854,1,"Remizidae","Auriparus flaviceps",2020,10,28,"4fa7b334-ce0d-4e88-aaae-2e0c138d049e",NA,"3206995638"
32.25173,-110.862854,1,"Fringillidae","Haemorhous mexicanus",2020,10,30,"4fa7b334-ce0d-4e88-aaae-2e0c138d049e",NA,"3198213754"
32.25173,-110.862854,1,"Fringillidae","Spinus psaltria",2020,10,30,"4fa7b334-ce0d-4e88-aaae-2e0c138d049e",NA,"3282226766"
32.25173,-110.862854,1,"Remizidae","Auriparus flaviceps",2020,10,30,"4fa7b334-ce0d-4e88-aaae-2e0c138d049e",NA,"3286619610"
32.25173,-110.862854,1,"Fringillidae","Haemorhous mexicanus",2020,10,30,"4fa7b334-ce0d-4e88-aaae-2e0c138d049e",NA,"3278614569"
32.253517,-110.86087,2,"Remizidae","Auriparus flaviceps",2020,10,3,"4fa7b334-ce0d-4e88-aaae-2e0c138d049e",NA,"3204678064"
32.253517,-110.86087,25,"Cathartidae","Cathartes aura",2020,10,3,"4fa7b334-ce0d-4e88-aaae-2e0c138d049e",NA,"3199346125"
32.253517,-110.86087,2,"Fringillidae","Haemorhous mexicanus",2020,10,3,"4fa7b334-ce0d-4e88-aaae-2e0c138d049e",NA,"3206043090"
32.253517,-110.86087,1,"Icteridae","Quiscalus mexicanus",2020,10,3,"4fa7b334-ce0d-4e88-aaae-2e0c138d049e",NA,"3204815227"
32.253517,-110.86087,1,"Columbidae","Zenaida macroura",2020,10,3,"4fa7b334-ce0d-4e88-aaae-2e0c138d049e",NA,"3179756479"
32.253517,-110.86087,1,"Fringillidae","Spinus psaltria",2020,10,3,"4fa7b334-ce0d-4e88-aaae-2e0c138d049e",NA,"3192252324"
32.25173,-110.862854,1,"Parulidae","Geothlypis tolmiei",2020,10,6,"4fa7b334-ce0d-4e88-aaae-2e0c138d049e",NA,"3182465456"
32.25173,-110.862854,1,"Trochilidae","Cynanthus latirostris",2020,10,14,"4fa7b334-ce0d-4e88-aaae-2e0c138d049e",NA,"3286757137"
32.25173,-110.862854,1,"Fringillidae","Spinus psaltria",2020,11,3,"4fa7b334-ce0d-4e88-aaae-2e0c138d049e",NA,"3265779698"
32.25173,-110.862854,1,"Picidae","Melanerpes uropygialis",2020,11,3,"4fa7b334-ce0d-4e88-aaae-2e0c138d049e",NA,"3211662597"
32.25173,-110.862854,1,"Remizidae","Auriparus flaviceps",2020,11,3,"4fa7b334-ce0d-4e88-aaae-2e0c138d049e",NA,"3194417579"
32.25173,-110.862854,2,"Fringillidae","Haemorhous mexicanus",2020,11,5,"4fa7b334-ce0d-4e88-aaae-2e0c138d049e",NA,"3209956311"
32.25173,-110.862854,2,"Turdidae","Sialia mexicana",2020,11,5,"4fa7b334-ce0d-4e88-aaae-2e0c138d049e",NA,"3211964893"
32.25173,-110.862854,1,"Corvidae","Corvus corax",2020,11,5,"4fa7b334-ce0d-4e88-aaae-2e0c138d049e",NA,"3196935391"
32.25173,-110.862854,1,"Remizidae","Auriparus flaviceps",2020,11,5,"4fa7b334-ce0d-4e88-aaae-2e0c138d049e",NA,"3191252247"
32.25173,-110.862854,1,"Fringillidae","Spinus psaltria",2020,11,10,"4fa7b334-ce0d-4e88-aaae-2e0c138d049e",NA,"3192268146"
32.25173,-110.862854,1,"Trochilidae","Cynanthus latirostris",2020,11,10,"4fa7b334-ce0d-4e88-aaae-2e0c138d049e",NA,"3190868455"
32.25173,-110.862854,2,"Turdidae","Sialia mexicana",2020,11,10,"4fa7b334-ce0d-4e88-aaae-2e0c138d049e",NA,"3193349256"
32.25173,-110.862854,1,"Remizidae","Auriparus flaviceps",2020,11,10,"4fa7b334-ce0d-4e88-aaae-2e0c138d049e",NA,"3276726198"
32.25173,-110.862854,1,"Remizidae","Auriparus flaviceps",2020,11,11,"4fa7b334-ce0d-4e88-aaae-2e0c138d049e",NA,"3208911853"
32.25173,-110.862854,1,"Trochilidae","Cynanthus latirostris",2020,11,12,"4fa7b334-ce0d-4e88-aaae-2e0c138d049e",NA,"3279594114"
32.25173,-110.862854,1,"Fringillidae","Spinus psaltria",2020,11,12,"4fa7b334-ce0d-4e88-aaae-2e0c138d049e",NA,"3279365183"
32.25173,-110.862854,2,"Turdidae","Sialia mexicana",2020,11,12,"4fa7b334-ce0d-4e88-aaae-2e0c138d049e",NA,"3298390458"
32.25173,-110.862854,1,"Fringillidae","Spinus psaltria",2020,11,13,"4fa7b334-ce0d-4e88-aaae-2e0c138d049e",NA,"3269559550"
32.25173,-110.862854,1,"Remizidae","Auriparus flaviceps",2020,11,13,"4fa7b334-ce0d-4e88-aaae-2e0c138d049e",NA,"3278391438"
32.25173,-110.862854,1,"Fringillidae","Haemorhous mexicanus",2020,11,13,"4fa7b334-ce0d-4e88-aaae-2e0c138d049e",NA,"3289190746"
32.25173,-110.862854,1,"Parulidae","Setophaga coronata",2020,11,13,"4fa7b334-ce0d-4e88-aaae-2e0c138d049e",NA,"3282581766"
32.25173,-110.862854,1,"Fringillidae","Haemorhous mexicanus",2020,11,17,"4fa7b334-ce0d-4e88-aaae-2e0c138d049e",NA,"3207518113"
32.25173,-110.862854,1,"Emberizidae","Melozone aberti",2020,11,17,"4fa7b334-ce0d-4e88-aaae-2e0c138d049e",NA,"3194316087"
32.25173,-110.862854,1,"Trochilidae","Calypte anna",2020,11,17,"4fa7b334-ce0d-4e88-aaae-2e0c138d049e",NA,"3199846203"
32.25173,-110.862854,1,"Remizidae","Auriparus flaviceps",2020,11,18,"4fa7b334-ce0d-4e88-aaae-2e0c138d049e",NA,"3195071186"
32.25173,-110.862854,1,"Fringillidae","Spinus psaltria",2020,11,18,"4fa7b334-ce0d-4e88-aaae-2e0c138d049e",NA,"3204718120"
32.25173,-110.862854,1,"Trochilidae","Calypte anna",2020,11,18,"4fa7b334-ce0d-4e88-aaae-2e0c138d049e",NA,"3199700070"
32.25173,-110.862854,1,"Fringillidae","Haemorhous mexicanus",2020,11,18,"4fa7b334-ce0d-4e88-aaae-2e0c138d049e",NA,"3196999926"
32.25173,-110.862854,1,"Fringillidae","Spinus pinus",2020,11,18,"4fa7b334-ce0d-4e88-aaae-2e0c138d049e",NA,"3213307092"
32.25173,-110.862854,1,"Parulidae","Setophaga coronata",2020,11,18,"4fa7b334-ce0d-4e88-aaae-2e0c138d049e",NA,"3215605072"
32.25173,-110.862854,1,"Fringillidae","Spinus pinus",2020,11,24,"4fa7b334-ce0d-4e88-aaae-2e0c138d049e",NA,"3194883989"
32.25173,-110.862854,2,"Remizidae","Auriparus flaviceps",2020,11,25,"4fa7b334-ce0d-4e88-aaae-2e0c138d049e",NA,"3206963435"
32.25173,-110.862854,1,"Fringillidae","Haemorhous mexicanus",2020,11,25,"4fa7b334-ce0d-4e88-aaae-2e0c138d049e",NA,"3211302467"
32.25173,-110.862854,1,"Remizidae","Auriparus flaviceps",2020,12,1,"4fa7b334-ce0d-4e88-aaae-2e0c138d049e",NA,"3211794390"
32.25173,-110.862854,1,"Fringillidae","Haemorhous mexicanus",2020,12,2,"4fa7b334-ce0d-4e88-aaae-2e0c138d049e",NA,"3214422385"
32.25173,-110.862854,1,"Emberizidae","Melozone aberti",2020,12,2,"4fa7b334-ce0d-4e88-aaae-2e0c138d049e",NA,"3200095402"
32.25173,-110.862854,1,"Fringillidae","Haemorhous mexicanus",2020,12,3,"4fa7b334-ce0d-4e88-aaae-2e0c138d049e",NA,"3290313157"
32.25173,-110.862854,1,"Fringillidae","Haemorhous mexicanus",2020,12,8,"4fa7b334-ce0d-4e88-aaae-2e0c138d049e",NA,"3297039116"
32.25173,-110.862854,1,"Fringillidae","Spinus pinus",2020,12,9,"4fa7b334-ce0d-4e88-aaae-2e0c138d049e",NA,"3294552235"
32.25173,-110.862854,1,"Remizidae","Auriparus flaviceps",2020,12,9,"4fa7b334-ce0d-4e88-aaae-2e0c138d049e",NA,"3290798267"
32.25173,-110.862854,1,"Fringillidae","Spinus psaltria",2020,12,10,"4fa7b334-ce0d-4e88-aaae-2e0c138d049e",NA,"3296430741"
32.25173,-110.862854,2,"Fringillidae","Haemorhous mexicanus",2020,12,10,"4fa7b334-ce0d-4e88-aaae-2e0c138d049e",NA,"3297117784"
32.25173,-110.862854,1,"Fringillidae","Haemorhous mexicanus",2020,12,11,"4fa7b334-ce0d-4e88-aaae-2e0c138d049e",NA,"3285665211"
32.25173,-110.862854,1,"Parulidae","Setophaga coronata",2020,12,16,"4fa7b334-ce0d-4e88-aaae-2e0c138d049e",NA,"3198039031"
32.25173,-110.862854,1,"Trochilidae","Calypte anna",2019,1,2,"4fa7b334-ce0d-4e88-aaae-2e0c138d049e",NA,"2653768936"
32.25173,-110.862854,2,"Turdidae","Sialia mexicana",2019,1,8,"4fa7b334-ce0d-4e88-aaae-2e0c138d049e",NA,"2654619756"
32.25173,-110.862854,1,"Trochilidae","Cynanthus latirostris",2019,1,8,"4fa7b334-ce0d-4e88-aaae-2e0c138d049e",NA,"2727843840"
32.25173,-110.862854,1,"Trochilidae","Cynanthus latirostris",2019,1,29,"4fa7b334-ce0d-4e88-aaae-2e0c138d049e",NA,"2745977868"
32.25173,-110.862854,1,"Cardinalidae","Cardinalis cardinalis",2019,3,29,"4fa7b334-ce0d-4e88-aaae-2e0c138d049e",NA,"2747195140"
32.25173,-110.862854,1,"Trochilidae","Cynanthus latirostris",2019,5,23,"4fa7b334-ce0d-4e88-aaae-2e0c138d049e",NA,"2741809292"
32.25173,-110.862854,1,"Emberizidae","Pipilo maculatus",2019,12,6,"4fa7b334-ce0d-4e88-aaae-2e0c138d049e",NA,"2778624253"
32.25173,-110.862854,1,"Trochilidae","Cynanthus latirostris",2018,1,4,"4fa7b334-ce0d-4e88-aaae-2e0c138d049e",NA,"2103289817"
32.25173,-110.862854,1,"Falconidae","Falco sparverius",2018,1,11,"4fa7b334-ce0d-4e88-aaae-2e0c138d049e",NA,"2119634835"
32.252666,-110.85954,1,"Parulidae","Setophaga coronata",2018,1,15,"4fa7b334-ce0d-4e88-aaae-2e0c138d049e",NA,"2119580583"
32.25455,-110.864975,1,"Emberizidae","Peucaea carpalis",2018,2,7,"4fa7b334-ce0d-4e88-aaae-2e0c138d049e",NA,"2125132853"
32.252087,-110.859375,1,"Icteridae","Quiscalus mexicanus",2018,2,4,"4fa7b334-ce0d-4e88-aaae-2e0c138d049e",NA,"2125964034"
32.25173,-110.862854,NA,"Fringillidae","Loxia curvirostra",2018,3,15,"4fa7b334-ce0d-4e88-aaae-2e0c138d049e",NA,"2122352900"
32.25173,-110.862854,1,"Parulidae","Leiothlypis luciae",2018,3,16,"4fa7b334-ce0d-4e88-aaae-2e0c138d049e",NA,"2146903582"
32.25142,-110.85856,4,"Icteridae","Quiscalus mexicanus",2018,3,27,"4fa7b334-ce0d-4e88-aaae-2e0c138d049e",NA,"2151163510"
32.25142,-110.85856,1,"Trochilidae","Calypte anna",2018,3,27,"4fa7b334-ce0d-4e88-aaae-2e0c138d049e",NA,"2139043615"
32.25142,-110.85856,2,"Tyrannidae","Tyrannus vociferans",2018,3,27,"4fa7b334-ce0d-4e88-aaae-2e0c138d049e",NA,"2151164511"
32.25142,-110.85856,2,"Fringillidae","Haemorhous mexicanus",2018,3,27,"4fa7b334-ce0d-4e88-aaae-2e0c138d049e",NA,"2151163639"
32.25173,-110.862854,1,"Parulidae","Leiothlypis luciae",2018,7,24,"4fa7b334-ce0d-4e88-aaae-2e0c138d049e",NA,"2185367087"
32.25173,-110.862854,1,"Parulidae","Geothlypis tolmiei",2018,8,31,"4fa7b334-ce0d-4e88-aaae-2e0c138d049e",NA,"2206312978"
32.25173,-110.862854,1,"Parulidae","Geothlypis tolmiei",2018,9,18,"4fa7b334-ce0d-4e88-aaae-2e0c138d049e",NA,"2202573475"
32.25173,-110.862854,1,"Trochilidae","Cynanthus latirostris",2018,11,8,"4fa7b334-ce0d-4e88-aaae-2e0c138d049e",NA,"2217333335"
32.25173,-110.862854,1,"Falconidae","Falco sparverius",2018,12,17,"4fa7b334-ce0d-4e88-aaae-2e0c138d049e",NA,"2232145187"
32.25173,-110.862854,1,"Fringillidae","Spinus psaltria",2017,1,3,"4fa7b334-ce0d-4e88-aaae-2e0c138d049e",NA,"2029635769"
32.25173,-110.862854,1,"Trochilidae","Calypte anna",2017,1,5,"4fa7b334-ce0d-4e88-aaae-2e0c138d049e",NA,"2033312383"
32.25173,-110.862854,1,"Corvidae","Corvus corax",2017,1,6,"4fa7b334-ce0d-4e88-aaae-2e0c138d049e",NA,"2032236112"
32.25173,-110.862854,1,"Trochilidae","Cynanthus latirostris",2017,3,9,"4fa7b334-ce0d-4e88-aaae-2e0c138d049e",NA,"2051152436"
32.25173,-110.862854,35,"Cathartidae","Cathartes aura",2017,3,22,"4fa7b334-ce0d-4e88-aaae-2e0c138d049e",NA,"2038536510"
32.25173,-110.862854,1,"Icteridae","Icterus bullockii",2017,5,8,"4fa7b334-ce0d-4e88-aaae-2e0c138d049e",NA,"2050550659"
32.25173,-110.862854,1,"Cardinalidae","Piranga ludoviciana",2017,5,19,"4fa7b334-ce0d-4e88-aaae-2e0c138d049e",NA,"2068040967"
