"decimalLatitude","decimalLongitude","individualCount","family","species","year","month","day","datasetKey","gbifID"
32.20193,-110.89447,4,"Columbidae","Zenaida macroura",2021,1,2,"4fa7b334-ce0d-4e88-aaae-2e0c138d049e","3587304708"
32.20193,-110.89447,1,"Picidae","Melanerpes uropygialis",2021,1,2,"4fa7b334-ce0d-4e88-aaae-2e0c138d049e","3602774133"
32.20193,-110.89447,2,"Sturnidae","Sturnus vulgaris",2021,1,2,"4fa7b334-ce0d-4e88-aaae-2e0c138d049e","3598286239"
32.20193,-110.89447,4,"Columbidae","Columba livia",2021,1,2,"4fa7b334-ce0d-4e88-aaae-2e0c138d049e","3597426368"
32.20193,-110.89447,23,"Fringillidae","Haemorhous mexicanus",2021,1,2,"4fa7b334-ce0d-4e88-aaae-2e0c138d049e","3596915489"
32.20193,-110.89447,4,"Passeridae","Passer domesticus",2021,1,8,"4fa7b334-ce0d-4e88-aaae-2e0c138d049e","3528969557"
32.20193,-110.89447,1,"Mimidae","Mimus polyglottos",2021,1,8,"4fa7b334-ce0d-4e88-aaae-2e0c138d049e","3531250954"
32.20193,-110.89447,1,"Emberizidae","Zonotrichia leucophrys",2021,1,8,"4fa7b334-ce0d-4e88-aaae-2e0c138d049e","3539116327"
32.20193,-110.89447,4,"Columbidae","Zenaida macroura",2021,1,8,"4fa7b334-ce0d-4e88-aaae-2e0c138d049e","3534195782"
32.20193,-110.89447,2,"Picidae","Melanerpes uropygialis",2021,1,8,"4fa7b334-ce0d-4e88-aaae-2e0c138d049e","3547430192"
32.20193,-110.89447,2,"Sturnidae","Sturnus vulgaris",2021,1,8,"4fa7b334-ce0d-4e88-aaae-2e0c138d049e","3506584916"
32.20193,-110.89447,18,"Fringillidae","Haemorhous mexicanus",2021,1,8,"4fa7b334-ce0d-4e88-aaae-2e0c138d049e","3507690839"
32.20193,-110.89447,1,"Remizidae","Auriparus flaviceps",2021,1,22,"4fa7b334-ce0d-4e88-aaae-2e0c138d049e","3524329827"
32.20193,-110.89447,9,"Columbidae","Zenaida macroura",2021,1,22,"4fa7b334-ce0d-4e88-aaae-2e0c138d049e","3529588961"
32.20193,-110.89447,1,"Columbidae","Streptopelia decaocto",2021,1,22,"4fa7b334-ce0d-4e88-aaae-2e0c138d049e","3505810805"
32.20193,-110.89447,1,"Picidae","Melanerpes uropygialis",2021,1,22,"4fa7b334-ce0d-4e88-aaae-2e0c138d049e","3506576975"
32.20193,-110.89447,2,"Tyrannidae","Pyrocephalus rubinus",2021,1,22,"4fa7b334-ce0d-4e88-aaae-2e0c138d049e","3507320819"
32.20193,-110.89447,4,"Fringillidae","Haemorhous mexicanus",2021,1,22,"4fa7b334-ce0d-4e88-aaae-2e0c138d049e","3508889188"
32.20193,-110.89447,9,"Columbidae","Zenaida macroura",2021,2,1,"4fa7b334-ce0d-4e88-aaae-2e0c138d049e","3517213358"
32.20193,-110.89447,1,"Columbidae","Streptopelia decaocto",2021,2,1,"4fa7b334-ce0d-4e88-aaae-2e0c138d049e","3521611689"
32.20193,-110.89447,1,"Remizidae","Auriparus flaviceps",2021,2,1,"4fa7b334-ce0d-4e88-aaae-2e0c138d049e","3523533786"
32.20193,-110.89447,1,"Picidae","Melanerpes uropygialis",2021,2,1,"4fa7b334-ce0d-4e88-aaae-2e0c138d049e","3530373844"
32.20193,-110.89447,2,"Tyrannidae","Pyrocephalus rubinus",2021,2,1,"4fa7b334-ce0d-4e88-aaae-2e0c138d049e","3670234570"
32.20193,-110.89447,4,"Fringillidae","Haemorhous mexicanus",2021,2,1,"4fa7b334-ce0d-4e88-aaae-2e0c138d049e","3672648761"
32.20193,-110.89447,2,"Fringillidae","Haemorhous mexicanus",2021,2,9,"4fa7b334-ce0d-4e88-aaae-2e0c138d049e","3679870073"
32.20193,-110.89447,1,"Picidae","Melanerpes uropygialis",2021,2,9,"4fa7b334-ce0d-4e88-aaae-2e0c138d049e","3677455882"
32.20193,-110.89447,1,"Tyrannidae","Pyrocephalus rubinus",2021,2,9,"4fa7b334-ce0d-4e88-aaae-2e0c138d049e","3679793461"
32.20193,-110.89447,1,"Tyrannidae","Tyrannus vociferans",2021,2,9,"4fa7b334-ce0d-4e88-aaae-2e0c138d049e","3680166933"
32.20193,-110.89447,1,"Mimidae","Mimus polyglottos",2021,2,9,"4fa7b334-ce0d-4e88-aaae-2e0c138d049e","3683162395"
32.20193,-110.89447,2,"Columbidae","Zenaida macroura",2021,2,9,"4fa7b334-ce0d-4e88-aaae-2e0c138d049e","3690652892"
32.20193,-110.89447,2,"Passeridae","Passer domesticus",2021,2,15,"4fa7b334-ce0d-4e88-aaae-2e0c138d049e","3663956193"
32.20193,-110.89447,1,"Columbidae","Streptopelia decaocto",2021,2,15,"4fa7b334-ce0d-4e88-aaae-2e0c138d049e","3662028625"
32.20193,-110.89447,2,"Picidae","Melanerpes uropygialis",2021,2,15,"4fa7b334-ce0d-4e88-aaae-2e0c138d049e","3662179727"
32.20193,-110.89447,1,"Mimidae","Mimus polyglottos",2021,2,15,"4fa7b334-ce0d-4e88-aaae-2e0c138d049e","3663193137"
32.20193,-110.89447,4,"Columbidae","Zenaida macroura",2021,2,15,"4fa7b334-ce0d-4e88-aaae-2e0c138d049e","3672307383"
32.20193,-110.89447,1,"Tyrannidae","Pyrocephalus rubinus",2021,2,15,"4fa7b334-ce0d-4e88-aaae-2e0c138d049e","3673500355"
32.20193,-110.89447,1,"Parulidae","Setophaga coronata",2021,2,23,"4fa7b334-ce0d-4e88-aaae-2e0c138d049e","3537930012"
32.20193,-110.89447,14,"Fringillidae","Haemorhous mexicanus",2021,2,23,"4fa7b334-ce0d-4e88-aaae-2e0c138d049e","3508239867"
32.20193,-110.89447,3,"Passeridae","Passer domesticus",2021,2,23,"4fa7b334-ce0d-4e88-aaae-2e0c138d049e","3507151932"
32.20193,-110.89447,5,"Sturnidae","Sturnus vulgaris",2021,2,23,"4fa7b334-ce0d-4e88-aaae-2e0c138d049e","3508749088"
32.20193,-110.89447,1,"Columbidae","Zenaida macroura",2021,2,23,"4fa7b334-ce0d-4e88-aaae-2e0c138d049e","3511357702"
32.20193,-110.89447,1,"Columbidae","Columba livia",2021,2,23,"4fa7b334-ce0d-4e88-aaae-2e0c138d049e","3512657501"
32.20193,-110.89447,1,"Parulidae","Setophaga coronata",2021,3,1,"4fa7b334-ce0d-4e88-aaae-2e0c138d049e","3590633391"
32.20193,-110.89447,11,"Emberizidae","Zonotrichia leucophrys",2021,3,1,"4fa7b334-ce0d-4e88-aaae-2e0c138d049e","3596716247"
32.20193,-110.89447,2,"Tyrannidae","Pyrocephalus rubinus",2021,3,1,"4fa7b334-ce0d-4e88-aaae-2e0c138d049e","3593196233"
32.20193,-110.89447,1,"Columbidae","Zenaida macroura",2021,3,1,"4fa7b334-ce0d-4e88-aaae-2e0c138d049e","3597830649"
32.20193,-110.89447,3,"Passeridae","Passer domesticus",2021,3,1,"4fa7b334-ce0d-4e88-aaae-2e0c138d049e","3594754398"
32.20193,-110.89447,15,"Fringillidae","Haemorhous mexicanus",2021,3,1,"4fa7b334-ce0d-4e88-aaae-2e0c138d049e","3598893608"
32.20193,-110.89447,1,"Mimidae","Mimus polyglottos",2021,3,1,"4fa7b334-ce0d-4e88-aaae-2e0c138d049e","3512134541"
32.20193,-110.89447,1,"Tyrannidae","Pyrocephalus rubinus",2021,3,9,"4fa7b334-ce0d-4e88-aaae-2e0c138d049e","3517824989"
32.20193,-110.89447,11,"Fringillidae","Haemorhous mexicanus",2021,3,9,"4fa7b334-ce0d-4e88-aaae-2e0c138d049e","3679743425"
32.20193,-110.89447,1,"Picidae","Melanerpes uropygialis",2021,3,9,"4fa7b334-ce0d-4e88-aaae-2e0c138d049e","3681653477"
32.20193,-110.89447,1,"Columbidae","Streptopelia decaocto",2021,3,9,"4fa7b334-ce0d-4e88-aaae-2e0c138d049e","3678672267"
32.20193,-110.89447,2,"Emberizidae","Zonotrichia leucophrys",2021,3,9,"4fa7b334-ce0d-4e88-aaae-2e0c138d049e","3680944842"
32.20193,-110.89447,4,"Fringillidae","Spinus psaltria",2021,3,9,"4fa7b334-ce0d-4e88-aaae-2e0c138d049e","3681210431"
32.20193,-110.89447,3,"Passeridae","Passer domesticus",2021,3,9,"4fa7b334-ce0d-4e88-aaae-2e0c138d049e","3683988233"
32.20193,-110.89447,5,"Sturnidae","Sturnus vulgaris",2021,3,9,"4fa7b334-ce0d-4e88-aaae-2e0c138d049e","3691172186"
32.20193,-110.89447,5,"Columbidae","Zenaida macroura",2021,3,9,"4fa7b334-ce0d-4e88-aaae-2e0c138d049e","3691777853"
32.20193,-110.89447,1,"Columbidae","Streptopelia decaocto",2021,3,19,"4fa7b334-ce0d-4e88-aaae-2e0c138d049e","3677829438"
32.20193,-110.89447,5,"Fringillidae","Haemorhous mexicanus",2021,3,19,"4fa7b334-ce0d-4e88-aaae-2e0c138d049e","3670933924"
32.20193,-110.89447,1,"Picidae","Melanerpes uropygialis",2021,3,19,"4fa7b334-ce0d-4e88-aaae-2e0c138d049e","3672207331"
32.20193,-110.89447,2,"Tyrannidae","Pyrocephalus rubinus",2021,3,19,"4fa7b334-ce0d-4e88-aaae-2e0c138d049e","3674450455"
32.20193,-110.89447,1,"Accipitridae","Accipiter cooperii",2021,3,19,"4fa7b334-ce0d-4e88-aaae-2e0c138d049e","3679844597"
32.20193,-110.89447,2,"Fringillidae","Spinus psaltria",2021,3,19,"4fa7b334-ce0d-4e88-aaae-2e0c138d049e","3676348696"
32.20641,-110.9008,1,"Accipitridae","Accipiter cooperii",2021,3,22,"4fa7b334-ce0d-4e88-aaae-2e0c138d049e","3512195534"
32.20193,-110.89447,1,"Columbidae","Zenaida macroura",2021,3,23,"4fa7b334-ce0d-4e88-aaae-2e0c138d049e","3664961793"
32.20193,-110.89447,7,"Fringillidae","Haemorhous mexicanus",2021,3,23,"4fa7b334-ce0d-4e88-aaae-2e0c138d049e","3665921400"
32.20193,-110.89447,3,"Sturnidae","Sturnus vulgaris",2021,3,23,"4fa7b334-ce0d-4e88-aaae-2e0c138d049e","3669468925"
32.20193,-110.89447,3,"Accipitridae","Accipiter cooperii",2021,3,23,"4fa7b334-ce0d-4e88-aaae-2e0c138d049e","3668263443"
32.20193,-110.89447,1,"Tyrannidae","Pyrocephalus rubinus",2021,3,23,"4fa7b334-ce0d-4e88-aaae-2e0c138d049e","3670072077"
32.20193,-110.89447,3,"Passeridae","Passer domesticus",2021,3,23,"4fa7b334-ce0d-4e88-aaae-2e0c138d049e","3671271728"
32.20193,-110.89447,1,"Columbidae","Streptopelia decaocto",2021,3,23,"4fa7b334-ce0d-4e88-aaae-2e0c138d049e","3672467886"
32.20193,-110.89447,1,"Mimidae","Mimus polyglottos",2021,4,1,"4fa7b334-ce0d-4e88-aaae-2e0c138d049e","3648824945"
32.20193,-110.89447,5,"Passeridae","Passer domesticus",2021,4,1,"4fa7b334-ce0d-4e88-aaae-2e0c138d049e","3650619495"
32.20193,-110.89447,5,"Sturnidae","Sturnus vulgaris",2021,4,1,"4fa7b334-ce0d-4e88-aaae-2e0c138d049e","3640455137"
32.20193,-110.89447,4,"Fringillidae","Haemorhous mexicanus",2021,4,1,"4fa7b334-ce0d-4e88-aaae-2e0c138d049e","3651665434"
32.20193,-110.89447,2,"Tyrannidae","Pyrocephalus rubinus",2021,4,1,"4fa7b334-ce0d-4e88-aaae-2e0c138d049e","3656774187"
32.20193,-110.89447,2,"Tyrannidae","Pyrocephalus rubinus",2021,4,8,"4fa7b334-ce0d-4e88-aaae-2e0c138d049e","3618430502"
32.20193,-110.89447,7,"Passeridae","Passer domesticus",2021,4,8,"4fa7b334-ce0d-4e88-aaae-2e0c138d049e","3618682943"
32.20193,-110.89447,6,"Columbidae","Columba livia",2021,4,8,"4fa7b334-ce0d-4e88-aaae-2e0c138d049e","3629773713"
32.20193,-110.89447,2,"Columbidae","Zenaida macroura",2021,4,8,"4fa7b334-ce0d-4e88-aaae-2e0c138d049e","3636789958"
32.20193,-110.89447,6,"Fringillidae","Haemorhous mexicanus",2021,4,8,"4fa7b334-ce0d-4e88-aaae-2e0c138d049e","3635857057"
32.20193,-110.89447,18,"Fringillidae","Haemorhous mexicanus",2021,4,22,"4fa7b334-ce0d-4e88-aaae-2e0c138d049e","3530834041"
32.20193,-110.89447,1,"Columbidae","Streptopelia decaocto",2021,4,22,"4fa7b334-ce0d-4e88-aaae-2e0c138d049e","3529375729"
32.20193,-110.89447,2,"Tyrannidae","Pyrocephalus rubinus",2021,4,22,"4fa7b334-ce0d-4e88-aaae-2e0c138d049e","3539510630"
32.20193,-110.89447,2,"Picidae","Melanerpes uropygialis",2021,4,22,"4fa7b334-ce0d-4e88-aaae-2e0c138d049e","3535341529"
32.20193,-110.89447,1,"Sturnidae","Sturnus vulgaris",2021,4,22,"4fa7b334-ce0d-4e88-aaae-2e0c138d049e","3516925266"
32.20193,-110.89447,2,"Passeridae","Passer domesticus",2021,4,22,"4fa7b334-ce0d-4e88-aaae-2e0c138d049e","3515000063"
32.20695,-110.89233,1,"Sturnidae","Sturnus vulgaris",2021,4,26,"4fa7b334-ce0d-4e88-aaae-2e0c138d049e","3515837596"
32.20695,-110.89233,2,"Troglodytidae","Campylorhynchus brunneicapillus",2021,4,26,"4fa7b334-ce0d-4e88-aaae-2e0c138d049e","3517811937"
32.20695,-110.89233,NA,"Passeridae","Passer domesticus",2021,4,26,"4fa7b334-ce0d-4e88-aaae-2e0c138d049e","3518675881"
32.20695,-110.89233,2,"Mimidae","Toxostoma curvirostre",2021,4,26,"4fa7b334-ce0d-4e88-aaae-2e0c138d049e","3523862413"
32.20695,-110.89233,3,"Picidae","Melanerpes uropygialis",2021,4,26,"4fa7b334-ce0d-4e88-aaae-2e0c138d049e","3527920569"
32.20695,-110.89233,2,"Mimidae","Mimus polyglottos",2021,4,26,"4fa7b334-ce0d-4e88-aaae-2e0c138d049e","3535355360"
32.20695,-110.89233,NA,"Fringillidae","Haemorhous mexicanus",2021,4,26,"4fa7b334-ce0d-4e88-aaae-2e0c138d049e","3538706055"
32.20695,-110.89233,NA,"Columbidae","Streptopelia decaocto",2021,4,26,"4fa7b334-ce0d-4e88-aaae-2e0c138d049e","3516294074"
32.20193,-110.89447,1,"Tyrannidae","Pyrocephalus rubinus",2021,5,4,"4fa7b334-ce0d-4e88-aaae-2e0c138d049e","3626531332"
32.20193,-110.89447,8,"Passeridae","Passer domesticus",2021,5,4,"4fa7b334-ce0d-4e88-aaae-2e0c138d049e","3609901729"
32.20193,-110.89447,1,"Mimidae","Mimus polyglottos",2021,5,4,"4fa7b334-ce0d-4e88-aaae-2e0c138d049e","3612641857"
32.20193,-110.89447,1,"Columbidae","Zenaida asiatica",2021,5,4,"4fa7b334-ce0d-4e88-aaae-2e0c138d049e","3611071067"
32.20193,-110.89447,1,"Columbidae","Streptopelia decaocto",2021,5,4,"4fa7b334-ce0d-4e88-aaae-2e0c138d049e","3542653665"
32.20193,-110.89447,8,"Fringillidae","Haemorhous mexicanus",2021,5,4,"4fa7b334-ce0d-4e88-aaae-2e0c138d049e","3541573887"
32.20193,-110.89447,1,"Emberizidae","Chondestes grammacus",2021,5,4,"4fa7b334-ce0d-4e88-aaae-2e0c138d049e","3554664721"
32.20193,-110.89447,1,"Picidae","Melanerpes uropygialis",2021,5,4,"4fa7b334-ce0d-4e88-aaae-2e0c138d049e","3558237203"
32.20193,-110.89447,1,"Columbidae","Zenaida macroura",2021,5,4,"4fa7b334-ce0d-4e88-aaae-2e0c138d049e","3565023085"
32.20193,-110.89447,1,"Ardeidae","Egretta thula",2021,5,10,"4fa7b334-ce0d-4e88-aaae-2e0c138d049e","3525521648"
32.206623,-110.89707,1,"Columbidae","Zenaida asiatica",2021,5,14,"4fa7b334-ce0d-4e88-aaae-2e0c138d049e","3643240975"
32.206623,-110.89707,2,"Remizidae","Auriparus flaviceps",2021,5,14,"4fa7b334-ce0d-4e88-aaae-2e0c138d049e","3671910271"
32.206623,-110.89707,1,"Columbidae","Columba livia",2021,5,14,"4fa7b334-ce0d-4e88-aaae-2e0c138d049e","3597041850"
32.20193,-110.89447,8,"Fringillidae","Haemorhous mexicanus",2021,5,18,"4fa7b334-ce0d-4e88-aaae-2e0c138d049e","3679321546"
32.20193,-110.89447,3,"Columbidae","Zenaida macroura",2021,5,18,"4fa7b334-ce0d-4e88-aaae-2e0c138d049e","3675526787"
32.20193,-110.89447,5,"Passeridae","Passer domesticus",2021,5,18,"4fa7b334-ce0d-4e88-aaae-2e0c138d049e","3678265524"
32.20193,-110.89447,1,"Tyrannidae","Pyrocephalus rubinus",2021,5,18,"4fa7b334-ce0d-4e88-aaae-2e0c138d049e","3675450327"
32.20193,-110.89447,1,"Fringillidae","Spinus psaltria",2021,5,18,"4fa7b334-ce0d-4e88-aaae-2e0c138d049e","3678267319"
32.20193,-110.89447,2,"Passeridae","Passer domesticus",2021,5,24,"4fa7b334-ce0d-4e88-aaae-2e0c138d049e","3545327866"
32.20193,-110.89447,2,"Columbidae","Streptopelia decaocto",2021,5,24,"4fa7b334-ce0d-4e88-aaae-2e0c138d049e","3657893212"
32.20193,-110.89447,1,"Tyrannidae","Pyrocephalus rubinus",2021,5,24,"4fa7b334-ce0d-4e88-aaae-2e0c138d049e","3661276453"
32.20193,-110.89447,1,"Fringillidae","Haemorhous mexicanus",2021,5,24,"4fa7b334-ce0d-4e88-aaae-2e0c138d049e","3529012632"
32.20193,-110.89447,1,"Columbidae","Zenaida macroura",2021,5,24,"4fa7b334-ce0d-4e88-aaae-2e0c138d049e","3529981235"
32.20193,-110.89447,1,"Mimidae","Mimus polyglottos",2021,6,1,"4fa7b334-ce0d-4e88-aaae-2e0c138d049e","3618425363"
32.20193,-110.89447,2,"Columbidae","Zenaida macroura",2021,6,1,"4fa7b334-ce0d-4e88-aaae-2e0c138d049e","3626640442"
32.20193,-110.89447,1,"Fringillidae","Haemorhous mexicanus",2021,6,1,"4fa7b334-ce0d-4e88-aaae-2e0c138d049e","3628308923"
32.20193,-110.89447,2,"Columbidae","Streptopelia decaocto",2021,6,1,"4fa7b334-ce0d-4e88-aaae-2e0c138d049e","3628068231"
32.20193,-110.89447,2,"Passeridae","Passer domesticus",2021,6,1,"4fa7b334-ce0d-4e88-aaae-2e0c138d049e","3628324672"
32.20193,-110.89447,4,"Fringillidae","Haemorhous mexicanus",2021,6,15,"4fa7b334-ce0d-4e88-aaae-2e0c138d049e","3598129050"
32.20193,-110.89447,1,"Columbidae","Streptopelia decaocto",2021,6,15,"4fa7b334-ce0d-4e88-aaae-2e0c138d049e","3620336823"
32.20193,-110.89447,2,"Tyrannidae","Pyrocephalus rubinus",2021,6,15,"4fa7b334-ce0d-4e88-aaae-2e0c138d049e","3596381735"
32.20193,-110.89447,1,"Columbidae","Zenaida macroura",2021,6,15,"4fa7b334-ce0d-4e88-aaae-2e0c138d049e","3595850385"
32.20193,-110.89447,4,"Picidae","Melanerpes uropygialis",2021,6,27,"4fa7b334-ce0d-4e88-aaae-2e0c138d049e","3644386614"
32.20193,-110.89447,2,"Columbidae","Zenaida macroura",2021,6,27,"4fa7b334-ce0d-4e88-aaae-2e0c138d049e","3645604955"
32.20193,-110.89447,1,"Columbidae","Streptopelia decaocto",2021,6,27,"4fa7b334-ce0d-4e88-aaae-2e0c138d049e","3650115848"
32.20193,-110.89447,9,"Passeridae","Passer domesticus",2021,6,27,"4fa7b334-ce0d-4e88-aaae-2e0c138d049e","3639777354"
32.20193,-110.89447,1,"Trochilidae","Calypte anna",2021,7,8,"4fa7b334-ce0d-4e88-aaae-2e0c138d049e","3608161324"
32.20193,-110.89447,1,"Tyrannidae","Pyrocephalus rubinus",2021,7,8,"4fa7b334-ce0d-4e88-aaae-2e0c138d049e","3646301215"
32.20193,-110.89447,1,"Columbidae","Zenaida asiatica",2021,7,8,"4fa7b334-ce0d-4e88-aaae-2e0c138d049e","3622702015"
32.20193,-110.89447,2,"Columbidae","Zenaida macroura",2021,7,8,"4fa7b334-ce0d-4e88-aaae-2e0c138d049e","3623717765"
32.20193,-110.89447,2,"Passeridae","Passer domesticus",2021,7,8,"4fa7b334-ce0d-4e88-aaae-2e0c138d049e","3604382128"
32.20193,-110.89447,1,"Columbidae","Streptopelia decaocto",2021,7,8,"4fa7b334-ce0d-4e88-aaae-2e0c138d049e","3612222153"
32.20193,-110.89447,1,"Mimidae","Toxostoma curvirostre",2021,7,15,"4fa7b334-ce0d-4e88-aaae-2e0c138d049e","3648249407"
32.20193,-110.89447,2,"Passeridae","Passer domesticus",2021,7,15,"4fa7b334-ce0d-4e88-aaae-2e0c138d049e","3661766777"
32.20193,-110.89447,4,"Columbidae","Zenaida macroura",2021,7,15,"4fa7b334-ce0d-4e88-aaae-2e0c138d049e","3662743460"
32.20193,-110.89447,1,"Tyrannidae","Myiarchus tyrannulus",2021,7,15,"4fa7b334-ce0d-4e88-aaae-2e0c138d049e","3660971940"
32.20193,-110.89447,1,"Mimidae","Mimus polyglottos",2021,7,15,"4fa7b334-ce0d-4e88-aaae-2e0c138d049e","3663217502"
32.20193,-110.89447,2,"Fringillidae","Haemorhous mexicanus",2021,7,15,"4fa7b334-ce0d-4e88-aaae-2e0c138d049e","3662082775"
32.20193,-110.89447,2,"Columbidae","Zenaida asiatica",2021,7,15,"4fa7b334-ce0d-4e88-aaae-2e0c138d049e","3662937168"
32.20193,-110.89447,1,"Columbidae","Zenaida macroura",2021,7,23,"4fa7b334-ce0d-4e88-aaae-2e0c138d049e","3690406521"
32.20193,-110.89447,2,"Picidae","Melanerpes uropygialis",2021,7,23,"4fa7b334-ce0d-4e88-aaae-2e0c138d049e","3691715342"
32.20193,-110.89447,1,"Columbidae","Streptopelia decaocto",2021,7,23,"4fa7b334-ce0d-4e88-aaae-2e0c138d049e","3692382787"
32.20193,-110.89447,2,"Columbidae","Zenaida asiatica",2021,7,23,"4fa7b334-ce0d-4e88-aaae-2e0c138d049e","3689233270"
32.20193,-110.89447,2,"Fringillidae","Haemorhous mexicanus",2021,7,23,"4fa7b334-ce0d-4e88-aaae-2e0c138d049e","3620473747"
32.20193,-110.89447,2,"Columbidae","Columba livia",2021,7,23,"4fa7b334-ce0d-4e88-aaae-2e0c138d049e","3623782599"
32.20193,-110.89447,2,"Columbidae","Zenaida macroura",2021,8,1,"4fa7b334-ce0d-4e88-aaae-2e0c138d049e","3599085037"
32.20193,-110.89447,2,"Passeridae","Passer domesticus",2021,8,1,"4fa7b334-ce0d-4e88-aaae-2e0c138d049e","3599131825"
32.20193,-110.89447,1,"Picidae","Melanerpes uropygialis",2021,8,1,"4fa7b334-ce0d-4e88-aaae-2e0c138d049e","3597053297"
32.20193,-110.89447,1,"Tyrannidae","Pyrocephalus rubinus",2021,8,1,"4fa7b334-ce0d-4e88-aaae-2e0c138d049e","3601596048"
32.20193,-110.89447,4,"Columbidae","Zenaida macroura",2021,8,8,"4fa7b334-ce0d-4e88-aaae-2e0c138d049e","3628874597"
32.20193,-110.89447,1,"Picidae","Melanerpes uropygialis",2021,8,8,"4fa7b334-ce0d-4e88-aaae-2e0c138d049e","3631232166"
32.20193,-110.89447,1,"Mimidae","Mimus polyglottos",2021,8,8,"4fa7b334-ce0d-4e88-aaae-2e0c138d049e","3556447966"
32.20193,-110.89447,2,"Fringillidae","Spinus psaltria",2021,8,8,"4fa7b334-ce0d-4e88-aaae-2e0c138d049e","3560643145"
32.20193,-110.89447,3,"Columbidae","Streptopelia decaocto",2021,8,8,"4fa7b334-ce0d-4e88-aaae-2e0c138d049e","3557212088"
32.20193,-110.89447,1,"Fringillidae","Spinus psaltria",2021,8,15,"4fa7b334-ce0d-4e88-aaae-2e0c138d049e","3570633396"
32.20193,-110.89447,2,"Passeridae","Passer domesticus",2021,8,15,"4fa7b334-ce0d-4e88-aaae-2e0c138d049e","3569642782"
32.20193,-110.89447,2,"Columbidae","Zenaida macroura",2021,8,15,"4fa7b334-ce0d-4e88-aaae-2e0c138d049e","3572269935"
32.20193,-110.89447,1,"Picidae","Melanerpes uropygialis",2021,8,15,"4fa7b334-ce0d-4e88-aaae-2e0c138d049e","3569423843"
32.20193,-110.89447,5,"Columbidae","Zenaida macroura",2021,8,22,"4fa7b334-ce0d-4e88-aaae-2e0c138d049e","3675324299"
32.20193,-110.89447,2,"Fringillidae","Spinus psaltria",2021,8,22,"4fa7b334-ce0d-4e88-aaae-2e0c138d049e","3675667973"
32.20193,-110.89447,1,"Picidae","Melanerpes uropygialis",2021,8,22,"4fa7b334-ce0d-4e88-aaae-2e0c138d049e","3677038425"
32.20193,-110.89447,3,"Columbidae","Columba livia",2021,9,1,"4fa7b334-ce0d-4e88-aaae-2e0c138d049e","3575416089"
32.20193,-110.89447,1,"Tyrannidae","Pyrocephalus rubinus",2021,9,1,"4fa7b334-ce0d-4e88-aaae-2e0c138d049e","3561932218"
32.20193,-110.89447,3,"Columbidae","Streptopelia decaocto",2021,9,1,"4fa7b334-ce0d-4e88-aaae-2e0c138d049e","3573595892"
32.20193,-110.89447,2,"Passeridae","Passer domesticus",2021,9,1,"4fa7b334-ce0d-4e88-aaae-2e0c138d049e","3683592844"
32.20193,-110.89447,2,"Picidae","Melanerpes uropygialis",2021,9,1,"4fa7b334-ce0d-4e88-aaae-2e0c138d049e","3685028962"
32.20193,-110.89447,1,"Picidae","Melanerpes uropygialis",2021,9,8,"4fa7b334-ce0d-4e88-aaae-2e0c138d049e","3653911348"
32.20193,-110.89447,1,"Columbidae","Zenaida macroura",2021,9,8,"4fa7b334-ce0d-4e88-aaae-2e0c138d049e","3643576582"
32.20193,-110.89447,3,"Passeridae","Passer domesticus",2021,9,8,"4fa7b334-ce0d-4e88-aaae-2e0c138d049e","3640771771"
32.20193,-110.89447,3,"Columbidae","Columba livia",2021,9,8,"4fa7b334-ce0d-4e88-aaae-2e0c138d049e","3665412739"
32.20193,-110.89447,1,"Remizidae","Auriparus flaviceps",2021,9,15,"4fa7b334-ce0d-4e88-aaae-2e0c138d049e","3643328674"
32.20193,-110.89447,5,"Fringillidae","Haemorhous mexicanus",2021,9,15,"4fa7b334-ce0d-4e88-aaae-2e0c138d049e","3645911508"
32.20193,-110.89447,1,"Columbidae","Streptopelia decaocto",2021,9,15,"4fa7b334-ce0d-4e88-aaae-2e0c138d049e","3648054935"
32.20193,-110.89447,2,"Passeridae","Passer domesticus",2021,9,15,"4fa7b334-ce0d-4e88-aaae-2e0c138d049e","3640790171"
32.20193,-110.89447,1,"Picidae","Melanerpes uropygialis",2021,9,15,"4fa7b334-ce0d-4e88-aaae-2e0c138d049e","3661062700"
32.20193,-110.89447,1,"Tyrannidae","Pyrocephalus rubinus",2021,9,22,"4fa7b334-ce0d-4e88-aaae-2e0c138d049e","3559820967"
32.20193,-110.89447,2,"Passeridae","Passer domesticus",2021,9,22,"4fa7b334-ce0d-4e88-aaae-2e0c138d049e","3578200737"
32.20193,-110.89447,2,"Columbidae","Zenaida macroura",2021,9,22,"4fa7b334-ce0d-4e88-aaae-2e0c138d049e","3575960156"
32.20193,-110.89447,1,"Picidae","Melanerpes uropygialis",2021,10,1,"4fa7b334-ce0d-4e88-aaae-2e0c138d049e","3599257820"
32.20193,-110.89447,1,"Tyrannidae","Pyrocephalus rubinus",2021,10,1,"4fa7b334-ce0d-4e88-aaae-2e0c138d049e","3608938336"
32.20193,-110.89447,1,"Passeridae","Passer domesticus",2021,10,1,"4fa7b334-ce0d-4e88-aaae-2e0c138d049e","3611850556"
32.20193,-110.89447,2,"Fringillidae","Haemorhous mexicanus",2021,10,1,"4fa7b334-ce0d-4e88-aaae-2e0c138d049e","3616305342"
32.20193,-110.89447,1,"Columbidae","Zenaida macroura",2021,10,1,"4fa7b334-ce0d-4e88-aaae-2e0c138d049e","3574410004"
32.20527,-110.89384,1,"Cathartidae","Cathartes aura",2021,10,10,"4fa7b334-ce0d-4e88-aaae-2e0c138d049e","3608337367"
32.20193,-110.89447,3,"Picidae","Melanerpes uropygialis",2021,10,13,"4fa7b334-ce0d-4e88-aaae-2e0c138d049e","3577419333"
32.20193,-110.89447,1,"Tyrannidae","Tyrannus verticalis",2021,10,13,"4fa7b334-ce0d-4e88-aaae-2e0c138d049e","3577005394"
32.20193,-110.89447,14,"Columbidae","Zenaida macroura",2021,10,13,"4fa7b334-ce0d-4e88-aaae-2e0c138d049e","3578139178"
32.20193,-110.89447,1,"Sturnidae","Sturnus vulgaris",2021,10,13,"4fa7b334-ce0d-4e88-aaae-2e0c138d049e","3575075826"
32.20193,-110.89447,6,"Tyrannidae","Pyrocephalus rubinus",2021,10,13,"4fa7b334-ce0d-4e88-aaae-2e0c138d049e","3547847431"
32.20193,-110.89447,6,"Fringillidae","Haemorhous mexicanus",2021,10,13,"4fa7b334-ce0d-4e88-aaae-2e0c138d049e","3546775978"
32.20193,-110.89447,2,"Passeridae","Passer domesticus",2021,10,13,"4fa7b334-ce0d-4e88-aaae-2e0c138d049e","3540308149"
32.20193,-110.89447,6,"Fringillidae","Haemorhous mexicanus",2021,10,21,"4fa7b334-ce0d-4e88-aaae-2e0c138d049e","3641714148"
32.20193,-110.89447,1,"Columbidae","Streptopelia decaocto",2021,10,21,"4fa7b334-ce0d-4e88-aaae-2e0c138d049e","3628273614"
32.20193,-110.89447,1,"Tyrannidae","Pyrocephalus rubinus",2021,10,21,"4fa7b334-ce0d-4e88-aaae-2e0c138d049e","3659516960"
32.20193,-110.89447,2,"Picidae","Melanerpes uropygialis",2021,10,21,"4fa7b334-ce0d-4e88-aaae-2e0c138d049e","3643269801"
32.20193,-110.89447,1,"Tyrannidae","Pyrocephalus rubinus",2021,10,25,"4fa7b334-ce0d-4e88-aaae-2e0c138d049e","3583911778"
32.20193,-110.89447,2,"Fringillidae","Haemorhous mexicanus",2021,10,25,"4fa7b334-ce0d-4e88-aaae-2e0c138d049e","3582437848"
32.20193,-110.89447,1,"Picidae","Melanerpes uropygialis",2021,10,25,"4fa7b334-ce0d-4e88-aaae-2e0c138d049e","3584023423"
32.20193,-110.89447,1,"Mimidae","Mimus polyglottos",2021,10,25,"4fa7b334-ce0d-4e88-aaae-2e0c138d049e","3579265618"
32.20193,-110.89447,2,"Passeridae","Passer domesticus",2021,10,25,"4fa7b334-ce0d-4e88-aaae-2e0c138d049e","3582516883"
32.20193,-110.89447,1,"Mimidae","Mimus polyglottos",2021,10,30,"4fa7b334-ce0d-4e88-aaae-2e0c138d049e","3583038503"
32.20193,-110.89447,3,"Turdidae","Sialia mexicana",2021,10,30,"4fa7b334-ce0d-4e88-aaae-2e0c138d049e","3583663666"
32.20193,-110.89447,1,"Tyrannidae","Pyrocephalus rubinus",2021,10,30,"4fa7b334-ce0d-4e88-aaae-2e0c138d049e","3584129594"
32.20193,-110.89447,16,"Passeridae","Passer domesticus",2021,10,30,"4fa7b334-ce0d-4e88-aaae-2e0c138d049e","3578582722"
32.20193,-110.89447,6,"Parulidae","Setophaga coronata",2021,10,30,"4fa7b334-ce0d-4e88-aaae-2e0c138d049e","3585557398"
32.20193,-110.89447,2,"Fringillidae","Haemorhous mexicanus",2021,10,30,"4fa7b334-ce0d-4e88-aaae-2e0c138d049e","3584133175"
32.20193,-110.89447,3,"Picidae","Melanerpes uropygialis",2021,10,30,"4fa7b334-ce0d-4e88-aaae-2e0c138d049e","3568237698"
32.20193,-110.89447,2,"Mimidae","Toxostoma curvirostre",2021,10,30,"4fa7b334-ce0d-4e88-aaae-2e0c138d049e","3566104649"
32.20193,-110.89447,1,"Tyrannidae","Pyrocephalus rubinus",2021,11,2,"4fa7b334-ce0d-4e88-aaae-2e0c138d049e","3573907847"
32.20193,-110.89447,1,"Picidae","Melanerpes uropygialis",2021,11,2,"4fa7b334-ce0d-4e88-aaae-2e0c138d049e","3661288161"
32.20193,-110.89447,1,"Tyrannidae","Sayornis saya",2021,11,2,"4fa7b334-ce0d-4e88-aaae-2e0c138d049e","3663249806"
32.20193,-110.89447,8,"Parulidae","Setophaga coronata",2021,11,2,"4fa7b334-ce0d-4e88-aaae-2e0c138d049e","3660540447"
32.206917,-110.89235,1,"Accipitridae","Parabuteo unicinctus",2021,11,27,"4fa7b334-ce0d-4e88-aaae-2e0c138d049e","3561619103"
32.206917,-110.89235,25,"Columbidae","Columba livia",2021,11,27,"4fa7b334-ce0d-4e88-aaae-2e0c138d049e","3563963057"
32.20193,-110.89447,2,"Picidae","Melanerpes uropygialis",2021,12,19,"4fa7b334-ce0d-4e88-aaae-2e0c138d049e","3679616991"
32.20193,-110.89447,13,"Columbidae","Columba livia",2021,12,19,"4fa7b334-ce0d-4e88-aaae-2e0c138d049e","3678063539"
32.20193,-110.89447,9,"Fringillidae","Haemorhous mexicanus",2021,12,19,"4fa7b334-ce0d-4e88-aaae-2e0c138d049e","3678130824"
32.20193,-110.89447,9,"Columbidae","Streptopelia decaocto",2021,12,19,"4fa7b334-ce0d-4e88-aaae-2e0c138d049e","3679430900"
32.20193,-110.89447,1,"Tyrannidae","Pyrocephalus rubinus",2021,12,19,"4fa7b334-ce0d-4e88-aaae-2e0c138d049e","3683152814"
32.20193,-110.89447,3,"Columbidae","Zenaida macroura",2021,12,19,"4fa7b334-ce0d-4e88-aaae-2e0c138d049e","3685153043"
32.20193,-110.89447,1,"Parulidae","Setophaga coronata",2021,12,19,"4fa7b334-ce0d-4e88-aaae-2e0c138d049e","3651317536"
32.20193,-110.89447,2,"Columbidae","Streptopelia decaocto",2021,12,27,"4fa7b334-ce0d-4e88-aaae-2e0c138d049e","3585253168"
32.20193,-110.89447,1,"Trochilidae","Calypte anna",2021,12,27,"4fa7b334-ce0d-4e88-aaae-2e0c138d049e","3585947867"
32.20193,-110.89447,2,"Parulidae","Setophaga coronata",2021,12,27,"4fa7b334-ce0d-4e88-aaae-2e0c138d049e","3584940282"
32.20193,-110.89447,6,"Columbidae","Columba livia",2021,12,27,"4fa7b334-ce0d-4e88-aaae-2e0c138d049e","3585617200"
32.20193,-110.89447,1,"Picidae","Melanerpes uropygialis",2021,12,27,"4fa7b334-ce0d-4e88-aaae-2e0c138d049e","3648553888"
32.20193,-110.89447,1,"Columbidae","Zenaida macroura",2021,12,27,"4fa7b334-ce0d-4e88-aaae-2e0c138d049e","3641103957"
32.20193,-110.89447,1,"Mimidae","Mimus polyglottos",2021,12,27,"4fa7b334-ce0d-4e88-aaae-2e0c138d049e","3633813748"
32.20193,-110.89447,3,"Fringillidae","Haemorhous mexicanus",2021,12,27,"4fa7b334-ce0d-4e88-aaae-2e0c138d049e","3634332753"
32.20641,-110.9008,1,"Accipitridae","Buteo jamaicensis",2020,1,23,"4fa7b334-ce0d-4e88-aaae-2e0c138d049e","3241297442"
32.20641,-110.9008,12,"Columbidae","Columba livia",2020,1,23,"4fa7b334-ce0d-4e88-aaae-2e0c138d049e","3244745429"
32.20641,-110.9008,1,"Falconidae","Falco peregrinus",2020,1,23,"4fa7b334-ce0d-4e88-aaae-2e0c138d049e","3247628416"
32.20641,-110.9008,1,"Accipitridae","Accipiter cooperii",2020,2,25,"4fa7b334-ce0d-4e88-aaae-2e0c138d049e","3136640665"
32.20641,-110.9008,1,"Corvidae","Corvus corax",2020,2,25,"4fa7b334-ce0d-4e88-aaae-2e0c138d049e","3138654752"
32.20193,-110.89447,1,"Tyrannidae","Pyrocephalus rubinus",2020,11,18,"4fa7b334-ce0d-4e88-aaae-2e0c138d049e","3272102193"
32.20193,-110.89447,8,"Columbidae","Columba livia",2020,11,18,"4fa7b334-ce0d-4e88-aaae-2e0c138d049e","3278118446"
32.20193,-110.89447,2,"Fringillidae","Haemorhous mexicanus",2020,11,18,"4fa7b334-ce0d-4e88-aaae-2e0c138d049e","3270949339"
32.20193,-110.89447,1,"Remizidae","Auriparus flaviceps",2020,11,18,"4fa7b334-ce0d-4e88-aaae-2e0c138d049e","3265004316"
32.20193,-110.89447,2,"Passeridae","Passer domesticus",2020,11,21,"4fa7b334-ce0d-4e88-aaae-2e0c138d049e","3193058573"
32.20193,-110.89447,14,"Fringillidae","Haemorhous mexicanus",2020,11,21,"4fa7b334-ce0d-4e88-aaae-2e0c138d049e","3203090574"
32.20193,-110.89447,1,"Picidae","Melanerpes uropygialis",2020,11,21,"4fa7b334-ce0d-4e88-aaae-2e0c138d049e","3209332239"
32.20193,-110.89447,2,"Columbidae","Streptopelia decaocto",2020,11,21,"4fa7b334-ce0d-4e88-aaae-2e0c138d049e","3212477280"
32.20193,-110.89447,1,"Columbidae","Zenaida macroura",2020,11,21,"4fa7b334-ce0d-4e88-aaae-2e0c138d049e","3212360244"
32.20193,-110.89447,4,"Turdidae","Sialia mexicana",2020,11,21,"4fa7b334-ce0d-4e88-aaae-2e0c138d049e","3198477417"
32.20193,-110.89447,2,"Parulidae","Setophaga coronata",2020,11,23,"4fa7b334-ce0d-4e88-aaae-2e0c138d049e","3301207972"
32.20193,-110.89447,12,"Fringillidae","Haemorhous mexicanus",2020,11,23,"4fa7b334-ce0d-4e88-aaae-2e0c138d049e","3272418680"
32.20193,-110.89447,2,"Columbidae","Zenaida macroura",2020,11,23,"4fa7b334-ce0d-4e88-aaae-2e0c138d049e","3261311391"
32.20193,-110.89447,1,"Tyrannidae","Sayornis saya",2020,11,23,"4fa7b334-ce0d-4e88-aaae-2e0c138d049e","3259924371"
32.20193,-110.89447,1,"Picidae","Melanerpes uropygialis",2020,11,23,"4fa7b334-ce0d-4e88-aaae-2e0c138d049e","3261002325"
32.20193,-110.89447,2,"Emberizidae","Zonotrichia leucophrys",2020,11,23,"4fa7b334-ce0d-4e88-aaae-2e0c138d049e","3190741468"
32.20169,-110.893654,1,"Ardeidae","Ardea herodias",2020,11,29,"4fa7b334-ce0d-4e88-aaae-2e0c138d049e","3213949102"
32.20169,-110.893654,3,"Columbidae","Streptopelia decaocto",2020,11,29,"4fa7b334-ce0d-4e88-aaae-2e0c138d049e","3208086234"
32.20169,-110.893654,1,"Remizidae","Auriparus flaviceps",2020,11,29,"4fa7b334-ce0d-4e88-aaae-2e0c138d049e","3211127186"
32.20169,-110.893654,1,"Mimidae","Toxostoma curvirostre",2020,11,29,"4fa7b334-ce0d-4e88-aaae-2e0c138d049e","3210755161"
32.20169,-110.893654,1,"Parulidae","Setophaga coronata",2020,11,29,"4fa7b334-ce0d-4e88-aaae-2e0c138d049e","3194290011"
32.20169,-110.893654,2,"Picidae","Melanerpes uropygialis",2020,11,29,"4fa7b334-ce0d-4e88-aaae-2e0c138d049e","3204216055"
32.20169,-110.893654,8,"Passeridae","Passer domesticus",2020,11,29,"4fa7b334-ce0d-4e88-aaae-2e0c138d049e","3207967994"
32.20169,-110.893654,37,"Fringillidae","Haemorhous mexicanus",2020,11,29,"4fa7b334-ce0d-4e88-aaae-2e0c138d049e","3214236161"
32.20169,-110.893654,27,"Columbidae","Zenaida macroura",2020,11,29,"4fa7b334-ce0d-4e88-aaae-2e0c138d049e","3193653133"
32.20169,-110.893654,2,"Sturnidae","Sturnus vulgaris",2020,11,29,"4fa7b334-ce0d-4e88-aaae-2e0c138d049e","3196682265"
32.20169,-110.893654,1,"Icteridae","Quiscalus mexicanus",2020,11,29,"4fa7b334-ce0d-4e88-aaae-2e0c138d049e","3213662379"
32.20169,-110.893654,1,"Emberizidae","Zonotrichia leucophrys",2020,11,29,"4fa7b334-ce0d-4e88-aaae-2e0c138d049e","3216198463"
32.20193,-110.89447,6,"Columbidae","Zenaida macroura",2020,12,1,"4fa7b334-ce0d-4e88-aaae-2e0c138d049e","3279507170"
32.20193,-110.89447,2,"Tyrannidae","Pyrocephalus rubinus",2020,12,1,"4fa7b334-ce0d-4e88-aaae-2e0c138d049e","3289164140"
32.20193,-110.89447,1,"Fringillidae","Haemorhous mexicanus",2020,12,1,"4fa7b334-ce0d-4e88-aaae-2e0c138d049e","3212332483"
32.20193,-110.89447,1,"Emberizidae","Zonotrichia leucophrys",2020,12,1,"4fa7b334-ce0d-4e88-aaae-2e0c138d049e","3214289044"
32.20193,-110.89447,2,"Columbidae","Zenaida macroura",2020,12,8,"4fa7b334-ce0d-4e88-aaae-2e0c138d049e","3276085155"
32.20193,-110.89447,4,"Turdidae","Sialia mexicana",2020,12,8,"4fa7b334-ce0d-4e88-aaae-2e0c138d049e","3212093338"
32.20193,-110.89447,1,"Picidae","Melanerpes uropygialis",2020,12,8,"4fa7b334-ce0d-4e88-aaae-2e0c138d049e","3211777347"
32.20193,-110.89447,1,"Tyrannidae","Sayornis saya",2020,12,8,"4fa7b334-ce0d-4e88-aaae-2e0c138d049e","3201348149"
32.20193,-110.89447,2,"Passeridae","Passer domesticus",2020,12,8,"4fa7b334-ce0d-4e88-aaae-2e0c138d049e","3198242237"
32.20193,-110.89447,16,"Fringillidae","Haemorhous mexicanus",2020,12,8,"4fa7b334-ce0d-4e88-aaae-2e0c138d049e","3193062393"
32.20193,-110.89447,2,"Columbidae","Zenaida macroura",2020,12,15,"4fa7b334-ce0d-4e88-aaae-2e0c138d049e","3300942209"
32.20193,-110.89447,1,"Mimidae","Mimus polyglottos",2020,12,15,"4fa7b334-ce0d-4e88-aaae-2e0c138d049e","3273504879"
32.20193,-110.89447,1,"Tyrannidae","Pyrocephalus rubinus",2020,12,15,"4fa7b334-ce0d-4e88-aaae-2e0c138d049e","3268963696"
32.20193,-110.89447,1,"Falconidae","Falco sparverius",2020,12,15,"4fa7b334-ce0d-4e88-aaae-2e0c138d049e","3272738572"
32.20193,-110.89447,1,"Icteridae","Quiscalus mexicanus",2020,12,15,"4fa7b334-ce0d-4e88-aaae-2e0c138d049e","3282557689"
32.20193,-110.89447,2,"Passeridae","Passer domesticus",2020,12,15,"4fa7b334-ce0d-4e88-aaae-2e0c138d049e","3268255740"
32.20193,-110.89447,7,"Fringillidae","Haemorhous mexicanus",2020,12,15,"4fa7b334-ce0d-4e88-aaae-2e0c138d049e","3284227505"
32.20193,-110.89447,8,"Columbidae","Columba livia",2020,12,15,"4fa7b334-ce0d-4e88-aaae-2e0c138d049e","3271955646"
32.20698,-110.90081,1,"Ardeidae","Ardea alba",2019,2,3,"4fa7b334-ce0d-4e88-aaae-2e0c138d049e","2731948969"
32.20641,-110.9008,1,"Falconidae","Falco peregrinus",2019,3,2,"4fa7b334-ce0d-4e88-aaae-2e0c138d049e","2729228913"
32.20641,-110.9008,1,"Accipitridae","Buteo jamaicensis",2019,4,24,"4fa7b334-ce0d-4e88-aaae-2e0c138d049e","2669278086"
32.20193,-110.89447,1,"Columbidae","Zenaida asiatica",2019,6,12,"4fa7b334-ce0d-4e88-aaae-2e0c138d049e","2770724062"
32.20193,-110.89447,2,"Columbidae","Columba livia",2019,6,12,"4fa7b334-ce0d-4e88-aaae-2e0c138d049e","2768535018"
32.20193,-110.89447,1,"Picidae","Melanerpes uropygialis",2019,6,12,"4fa7b334-ce0d-4e88-aaae-2e0c138d049e","2767555996"
32.20193,-110.89447,4,"Passeridae","Passer domesticus",2019,6,12,"4fa7b334-ce0d-4e88-aaae-2e0c138d049e","2770362003"
32.20193,-110.89447,2,"Columbidae","Zenaida macroura",2019,6,12,"4fa7b334-ce0d-4e88-aaae-2e0c138d049e","2775794979"
32.20193,-110.89447,2,"Tyrannidae","Pyrocephalus rubinus",2019,6,12,"4fa7b334-ce0d-4e88-aaae-2e0c138d049e","2778790023"
32.20193,-110.89447,12,"Fringillidae","Haemorhous mexicanus",2019,6,12,"4fa7b334-ce0d-4e88-aaae-2e0c138d049e","2777762052"
32.20641,-110.9008,1,"Accipitridae","Accipiter cooperii",2019,6,27,"4fa7b334-ce0d-4e88-aaae-2e0c138d049e","2784892767"
32.20193,-110.89447,2,"Columbidae","Columba livia",2019,7,5,"4fa7b334-ce0d-4e88-aaae-2e0c138d049e","2686003771"
32.20193,-110.89447,6,"Columbidae","Zenaida asiatica",2019,7,5,"4fa7b334-ce0d-4e88-aaae-2e0c138d049e","2685957645"
32.20193,-110.89447,7,"Fringillidae","Haemorhous mexicanus",2019,7,5,"4fa7b334-ce0d-4e88-aaae-2e0c138d049e","2699997684"
32.20193,-110.89447,1,"Tyrannidae","Pyrocephalus rubinus",2019,7,5,"4fa7b334-ce0d-4e88-aaae-2e0c138d049e","2687621686"
32.20641,-110.9008,1,"Falconidae","Falco peregrinus",2018,12,13,"4fa7b334-ce0d-4e88-aaae-2e0c138d049e","2231849460"
32.20641,-110.9008,1,"Falconidae","Falco peregrinus",2018,12,24,"4fa7b334-ce0d-4e88-aaae-2e0c138d049e","2227900263"
32.20193,-110.89447,3,"Columbidae","Zenaida macroura",2017,1,19,"4fa7b334-ce0d-4e88-aaae-2e0c138d049e","2035196144"
32.20193,-110.89447,2,"Columbidae","Columba livia",2017,1,19,"4fa7b334-ce0d-4e88-aaae-2e0c138d049e","2035197995"
32.20193,-110.89447,2,"Sturnidae","Sturnus vulgaris",2017,1,19,"4fa7b334-ce0d-4e88-aaae-2e0c138d049e","2030420326"
32.20193,-110.89447,1,"Parulidae","Setophaga coronata",2017,1,19,"4fa7b334-ce0d-4e88-aaae-2e0c138d049e","2039702096"
32.20193,-110.89447,12,"Fringillidae","Haemorhous mexicanus",2017,1,19,"4fa7b334-ce0d-4e88-aaae-2e0c138d049e","2039695788"
32.20193,-110.89447,1,"Mimidae","Mimus polyglottos",2017,1,19,"4fa7b334-ce0d-4e88-aaae-2e0c138d049e","2035197108"
32.20388,-110.89422,19,"Columbidae","Zenaida macroura",2017,9,18,"4fa7b334-ce0d-4e88-aaae-2e0c138d049e","2093334524"
32.20388,-110.89422,5,"Columbidae","Columba livia",2017,9,18,"4fa7b334-ce0d-4e88-aaae-2e0c138d049e","2093334543"
32.20388,-110.89422,6,"Fringillidae","Haemorhous mexicanus",2017,9,18,"4fa7b334-ce0d-4e88-aaae-2e0c138d049e","2093344278"
32.20388,-110.89422,29,"Columbidae","Columba livia",2017,9,22,"4fa7b334-ce0d-4e88-aaae-2e0c138d049e","2082767695"
32.20388,-110.89422,13,"Columbidae","Zenaida macroura",2017,9,22,"4fa7b334-ce0d-4e88-aaae-2e0c138d049e","2101069640"
32.20388,-110.89422,11,"Columbidae","Zenaida macroura",2017,9,24,"4fa7b334-ce0d-4e88-aaae-2e0c138d049e","2094795023"
32.20388,-110.89422,1,"Sturnidae","Sturnus vulgaris",2017,9,24,"4fa7b334-ce0d-4e88-aaae-2e0c138d049e","2094779244"
32.20388,-110.89422,6,"Columbidae","Columba livia",2017,9,24,"4fa7b334-ce0d-4e88-aaae-2e0c138d049e","2094144746"
32.20388,-110.89422,3,"Fringillidae","Haemorhous mexicanus",2017,9,24,"4fa7b334-ce0d-4e88-aaae-2e0c138d049e","2094790168"
32.204357,-110.897125,17,"Columbidae","Columba livia",2017,9,30,"4fa7b334-ce0d-4e88-aaae-2e0c138d049e","2095201690"
32.204357,-110.897125,5,"Columbidae","Zenaida macroura",2017,9,30,"4fa7b334-ce0d-4e88-aaae-2e0c138d049e","2095897638"
32.204357,-110.897125,1,"Falconidae","Falco mexicanus",2017,9,30,"4fa7b334-ce0d-4e88-aaae-2e0c138d049e","2095912165"
32.20388,-110.89422,1,"Mimidae","Toxostoma curvirostre",2017,10,1,"4fa7b334-ce0d-4e88-aaae-2e0c138d049e","2096008210"
32.20388,-110.89422,1,"Mimidae","Mimus polyglottos",2017,10,1,"4fa7b334-ce0d-4e88-aaae-2e0c138d049e","2096004949"
32.20388,-110.89422,1,"Picidae","Melanerpes uropygialis",2017,10,1,"4fa7b334-ce0d-4e88-aaae-2e0c138d049e","2102216295"
32.20388,-110.89422,3,"Picidae","Melanerpes uropygialis",2017,10,7,"4fa7b334-ce0d-4e88-aaae-2e0c138d049e","2103642436"
32.20388,-110.89422,1,"Picidae","Melanerpes uropygialis",2017,10,8,"4fa7b334-ce0d-4e88-aaae-2e0c138d049e","2085694763"
32.20388,-110.89422,1,"Cuculidae","Geococcyx californianus",2017,10,8,"4fa7b334-ce0d-4e88-aaae-2e0c138d049e","2085694199"
32.20388,-110.89422,1,"Tyrannidae","Tyrannus verticalis",2017,10,8,"4fa7b334-ce0d-4e88-aaae-2e0c138d049e","2097028082"
32.20388,-110.89422,1,"Accipitridae","Buteo jamaicensis",2017,10,8,"4fa7b334-ce0d-4e88-aaae-2e0c138d049e","2104274946"
32.20388,-110.89422,1,"Cathartidae","Cathartes aura",2017,10,8,"4fa7b334-ce0d-4e88-aaae-2e0c138d049e","2097034924"
32.20388,-110.89422,4,"Columbidae","Zenaida macroura",2017,10,8,"4fa7b334-ce0d-4e88-aaae-2e0c138d049e","2104280839"
32.20388,-110.89422,1,"Mimidae","Toxostoma curvirostre",2017,10,8,"4fa7b334-ce0d-4e88-aaae-2e0c138d049e","2104289697"
32.20388,-110.89422,1,"Mimidae","Toxostoma curvirostre",2017,10,15,"4fa7b334-ce0d-4e88-aaae-2e0c138d049e","2099570974"
32.20388,-110.89422,10,"Columbidae","Columba livia",2017,10,15,"4fa7b334-ce0d-4e88-aaae-2e0c138d049e","2098701879"
32.20388,-110.89422,1,"Emberizidae","Amphispiza bilineata",2017,10,15,"4fa7b334-ce0d-4e88-aaae-2e0c138d049e","2106429535"
32.20388,-110.89422,1,"Remizidae","Auriparus flaviceps",2017,10,15,"4fa7b334-ce0d-4e88-aaae-2e0c138d049e","2106429544"
