"decimalLatitude","decimalLongitude","individualCount","family","species","year","month","day","datasetKey","datasetName","gbifID"
32.14744,-110.909836,1,"Accipitridae","Buteo swainsoni",2018,3,29,"4fa7b334-ce0d-4e88-aaae-2e0c138d049e",NA,"2151913555"
32.14744,-110.909836,1,"Accipitridae","Buteo swainsoni",2018,3,29,"4fa7b334-ce0d-4e88-aaae-2e0c138d049e",NA,"2140709328"
32.148403,-110.909355,2,"Columbidae","Zenaida macroura",2018,11,8,"4fa7b334-ce0d-4e88-aaae-2e0c138d049e",NA,"2202334297"
32.148403,-110.909355,8,"Columbidae","Columba livia",2018,11,8,"4fa7b334-ce0d-4e88-aaae-2e0c138d049e",NA,"2225836789"
32.148403,-110.909355,1,"Accipitridae","Buteo jamaicensis",2018,11,8,"4fa7b334-ce0d-4e88-aaae-2e0c138d049e",NA,"2225836223"
