"decimalLatitude","decimalLongitude","individualCount","family","species","year","month","day","datasetKey","gbifID"
32.245514,-110.80609,1,"Ptilogonatidae","Phainopepla nitens",2021,2,10,"4fa7b334-ce0d-4e88-aaae-2e0c138d049e","3610343026"
32.245514,-110.80609,1,"Tyrannidae","Pyrocephalus rubinus",2021,2,10,"4fa7b334-ce0d-4e88-aaae-2e0c138d049e","3615607577"
32.245514,-110.80609,2,"Picidae","Melanerpes uropygialis",2021,2,10,"4fa7b334-ce0d-4e88-aaae-2e0c138d049e","3606588191"
32.245514,-110.80609,1,"Accipitridae","Parabuteo unicinctus",2021,2,10,"4fa7b334-ce0d-4e88-aaae-2e0c138d049e","3618916013"
32.245514,-110.80609,2,"Remizidae","Auriparus flaviceps",2021,2,10,"4fa7b334-ce0d-4e88-aaae-2e0c138d049e","3592153299"
32.245514,-110.80609,1,"Trochilidae","Calypte anna",2021,2,11,"4fa7b334-ce0d-4e88-aaae-2e0c138d049e","3668737263"
32.245514,-110.80609,2,"Columbidae","Streptopelia decaocto",2021,2,11,"4fa7b334-ce0d-4e88-aaae-2e0c138d049e","3671086321"
32.249683,-110.805,1,"Remizidae","Auriparus flaviceps",2021,2,15,"4fa7b334-ce0d-4e88-aaae-2e0c138d049e","3508090002"
32.249683,-110.805,1,"Picidae","Colaptes auratus",2021,2,15,"4fa7b334-ce0d-4e88-aaae-2e0c138d049e","3507986921"
32.249683,-110.805,3,"Trochilidae","Calypte anna",2021,2,15,"4fa7b334-ce0d-4e88-aaae-2e0c138d049e","3506542152"
32.249683,-110.805,1,"Emberizidae","Melozone aberti",2021,2,15,"4fa7b334-ce0d-4e88-aaae-2e0c138d049e","3520419568"
32.249683,-110.805,1,"Ptilogonatidae","Phainopepla nitens",2021,2,15,"4fa7b334-ce0d-4e88-aaae-2e0c138d049e","3516749392"
32.249683,-110.805,6,"Fringillidae","Spinus psaltria",2021,2,15,"4fa7b334-ce0d-4e88-aaae-2e0c138d049e","3512531581"
32.249683,-110.805,11,"Icteridae","Euphagus cyanocephalus",2021,2,15,"4fa7b334-ce0d-4e88-aaae-2e0c138d049e","3510196529"
32.249683,-110.805,1,"Parulidae","Setophaga coronata",2021,2,15,"4fa7b334-ce0d-4e88-aaae-2e0c138d049e","3510709436"
32.249683,-110.805,2,"Sturnidae","Sturnus vulgaris",2021,2,15,"4fa7b334-ce0d-4e88-aaae-2e0c138d049e","3507768305"
32.249683,-110.805,1,"Regulidae","Regulus calendula",2021,2,15,"4fa7b334-ce0d-4e88-aaae-2e0c138d049e","3506955636"
32.249683,-110.805,4,"Picidae","Melanerpes uropygialis",2021,2,15,"4fa7b334-ce0d-4e88-aaae-2e0c138d049e","3507154517"
32.249683,-110.805,1,"Emberizidae","Zonotrichia leucophrys",2021,2,15,"4fa7b334-ce0d-4e88-aaae-2e0c138d049e","3507131123"
32.249683,-110.805,4,"Turdidae","Sialia mexicana",2021,2,15,"4fa7b334-ce0d-4e88-aaae-2e0c138d049e","3508077993"
32.249683,-110.805,1,"Icteridae","Agelaius phoeniceus",2021,2,15,"4fa7b334-ce0d-4e88-aaae-2e0c138d049e","3524369889"
32.24975,-110.80673,2,"Ptilogonatidae","Phainopepla nitens",2021,2,15,"4fa7b334-ce0d-4e88-aaae-2e0c138d049e","3655881385"
32.24975,-110.80673,2,"Trochilidae","Calypte anna",2021,2,15,"4fa7b334-ce0d-4e88-aaae-2e0c138d049e","3595501527"
32.24975,-110.80673,2,"Accipitridae","Buteo jamaicensis",2021,2,15,"4fa7b334-ce0d-4e88-aaae-2e0c138d049e","3637836972"
32.24975,-110.80673,1,"Picidae","Colaptes auratus",2021,2,15,"4fa7b334-ce0d-4e88-aaae-2e0c138d049e","3634080703"
32.24975,-110.80673,1,"Icteridae","Agelaius phoeniceus",2021,2,15,"4fa7b334-ce0d-4e88-aaae-2e0c138d049e","3624657986"
32.24975,-110.80673,1,"Icteridae","Quiscalus mexicanus",2021,2,15,"4fa7b334-ce0d-4e88-aaae-2e0c138d049e","3618690584"
32.24975,-110.80673,60,"Sturnidae","Sturnus vulgaris",2021,2,15,"4fa7b334-ce0d-4e88-aaae-2e0c138d049e","3618716414"
32.24975,-110.80673,8,"Turdidae","Sialia mexicana",2021,2,15,"4fa7b334-ce0d-4e88-aaae-2e0c138d049e","3607092358"
32.24975,-110.80673,2,"Columbidae","Columba livia",2021,2,15,"4fa7b334-ce0d-4e88-aaae-2e0c138d049e","3608218402"
32.24975,-110.80673,1,"Accipitridae","Accipiter striatus",2021,2,15,"4fa7b334-ce0d-4e88-aaae-2e0c138d049e","3587946915"
32.249683,-110.805,1,"Picidae","Melanerpes uropygialis",2021,2,15,"4fa7b334-ce0d-4e88-aaae-2e0c138d049e","3677818797"
32.249683,-110.805,1,"Trochilidae","Calypte anna",2021,2,15,"4fa7b334-ce0d-4e88-aaae-2e0c138d049e","3676426116"
32.249683,-110.805,1,"Icteridae","Agelaius phoeniceus",2021,2,15,"4fa7b334-ce0d-4e88-aaae-2e0c138d049e","3678869789"
32.249683,-110.805,1,"Picidae","Melanerpes uropygialis",2021,2,15,"4fa7b334-ce0d-4e88-aaae-2e0c138d049e","3605686419"
32.249683,-110.805,1,"Trochilidae","Calypte anna",2021,2,15,"4fa7b334-ce0d-4e88-aaae-2e0c138d049e","3603038703"
32.249683,-110.805,1,"Icteridae","Agelaius phoeniceus",2021,2,15,"4fa7b334-ce0d-4e88-aaae-2e0c138d049e","3609622487"
32.249683,-110.805,1,"Remizidae","Auriparus flaviceps",2021,2,15,"4fa7b334-ce0d-4e88-aaae-2e0c138d049e","3648896672"
32.249683,-110.805,1,"Picidae","Colaptes auratus",2021,2,15,"4fa7b334-ce0d-4e88-aaae-2e0c138d049e","3654673211"
32.249683,-110.805,3,"Trochilidae","Calypte anna",2021,2,15,"4fa7b334-ce0d-4e88-aaae-2e0c138d049e","3660832224"
32.249683,-110.805,1,"Emberizidae","Melozone aberti",2021,2,15,"4fa7b334-ce0d-4e88-aaae-2e0c138d049e","3648562010"
32.249683,-110.805,1,"Ptilogonatidae","Phainopepla nitens",2021,2,15,"4fa7b334-ce0d-4e88-aaae-2e0c138d049e","3647933339"
32.249683,-110.805,6,"Fringillidae","Spinus psaltria",2021,2,15,"4fa7b334-ce0d-4e88-aaae-2e0c138d049e","3645102231"
32.249683,-110.805,11,"Icteridae","Euphagus cyanocephalus",2021,2,15,"4fa7b334-ce0d-4e88-aaae-2e0c138d049e","3640213758"
32.249683,-110.805,1,"Parulidae","Setophaga coronata",2021,2,15,"4fa7b334-ce0d-4e88-aaae-2e0c138d049e","3649824441"
32.249683,-110.805,2,"Sturnidae","Sturnus vulgaris",2021,2,15,"4fa7b334-ce0d-4e88-aaae-2e0c138d049e","3650828183"
32.249683,-110.805,1,"Regulidae","Regulus calendula",2021,2,15,"4fa7b334-ce0d-4e88-aaae-2e0c138d049e","3655547303"
32.249683,-110.805,4,"Picidae","Melanerpes uropygialis",2021,2,15,"4fa7b334-ce0d-4e88-aaae-2e0c138d049e","3654137808"
32.249683,-110.805,1,"Emberizidae","Zonotrichia leucophrys",2021,2,15,"4fa7b334-ce0d-4e88-aaae-2e0c138d049e","3660966665"
32.249683,-110.805,4,"Turdidae","Sialia mexicana",2021,2,15,"4fa7b334-ce0d-4e88-aaae-2e0c138d049e","3662483249"
32.249683,-110.805,1,"Icteridae","Agelaius phoeniceus",2021,2,15,"4fa7b334-ce0d-4e88-aaae-2e0c138d049e","3653865335"
32.245514,-110.80609,1,"Trochilidae","Calypte anna",2021,3,5,"4fa7b334-ce0d-4e88-aaae-2e0c138d049e","3613600876"
32.245514,-110.80609,2,"Picidae","Melanerpes uropygialis",2021,3,5,"4fa7b334-ce0d-4e88-aaae-2e0c138d049e","3620184410"
32.245514,-110.80609,1,"Tyrannidae","Pyrocephalus rubinus",2021,3,5,"4fa7b334-ce0d-4e88-aaae-2e0c138d049e","3621539290"
32.245514,-110.80609,2,"Remizidae","Auriparus flaviceps",2021,3,7,"4fa7b334-ce0d-4e88-aaae-2e0c138d049e","3508318768"
32.245514,-110.80609,2,"Trochilidae","Cynanthus latirostris",2021,3,7,"4fa7b334-ce0d-4e88-aaae-2e0c138d049e","3510006685"
32.245514,-110.80609,3,"Trochilidae","Cynanthus latirostris",2021,3,10,"4fa7b334-ce0d-4e88-aaae-2e0c138d049e","3528082235"
32.245514,-110.80609,1,"Accipitridae","Accipiter striatus",2021,3,10,"4fa7b334-ce0d-4e88-aaae-2e0c138d049e","3602793087"
32.245514,-110.80609,2,"Ptilogonatidae","Phainopepla nitens",2021,3,10,"4fa7b334-ce0d-4e88-aaae-2e0c138d049e","3602586140"
32.245514,-110.80609,2,"Accipitridae","Buteo jamaicensis",2021,3,25,"4fa7b334-ce0d-4e88-aaae-2e0c138d049e","3596938085"
32.245514,-110.80609,2,"Remizidae","Auriparus flaviceps",2021,3,25,"4fa7b334-ce0d-4e88-aaae-2e0c138d049e","3598366595"
32.245514,-110.80609,1,"Trochilidae","Calypte anna",2021,3,25,"4fa7b334-ce0d-4e88-aaae-2e0c138d049e","3603026691"
32.245514,-110.80609,1,"Trochilidae","Calypte anna",2021,3,28,"4fa7b334-ce0d-4e88-aaae-2e0c138d049e","3511712218"
32.245514,-110.80609,1,"Remizidae","Auriparus flaviceps",2021,3,28,"4fa7b334-ce0d-4e88-aaae-2e0c138d049e","3515803894"
32.245514,-110.80609,1,"Passeridae","Passer domesticus",2021,3,28,"4fa7b334-ce0d-4e88-aaae-2e0c138d049e","3521014582"
32.245514,-110.80609,1,"Corvidae","Corvus corax",2021,3,28,"4fa7b334-ce0d-4e88-aaae-2e0c138d049e","3590230801"
32.245514,-110.80609,1,"Accipitridae","Accipiter striatus",2021,3,28,"4fa7b334-ce0d-4e88-aaae-2e0c138d049e","3589662963"
32.245514,-110.80609,2,"Fringillidae","Haemorhous mexicanus",2021,3,28,"4fa7b334-ce0d-4e88-aaae-2e0c138d049e","3588685621"
32.245514,-110.80609,1,"Picidae","Melanerpes uropygialis",2021,3,28,"4fa7b334-ce0d-4e88-aaae-2e0c138d049e","3680639966"
32.245514,-110.80609,1,"Cardinalidae","Cardinalis sinuatus",2021,3,28,"4fa7b334-ce0d-4e88-aaae-2e0c138d049e","3676963480"
32.247795,-110.80599,2,"Passeridae","Passer domesticus",2021,3,30,"4fa7b334-ce0d-4e88-aaae-2e0c138d049e","3536564621"
32.247795,-110.80599,1,"Remizidae","Auriparus flaviceps",2021,3,30,"4fa7b334-ce0d-4e88-aaae-2e0c138d049e","3532654485"
32.247795,-110.80599,3,"Trochilidae","Cynanthus latirostris",2021,3,30,"4fa7b334-ce0d-4e88-aaae-2e0c138d049e","3550390117"
32.247795,-110.80599,1,"Columbidae","Zenaida asiatica",2021,3,30,"4fa7b334-ce0d-4e88-aaae-2e0c138d049e","3542889045"
32.247795,-110.80599,10,"Emberizidae","Chondestes grammacus",2021,3,30,"4fa7b334-ce0d-4e88-aaae-2e0c138d049e","3555687453"
32.247795,-110.80599,2,"Ptilogonatidae","Phainopepla nitens",2021,3,30,"4fa7b334-ce0d-4e88-aaae-2e0c138d049e","3561039436"
32.247795,-110.80599,4,"Trochilidae","Calypte anna",2021,3,30,"4fa7b334-ce0d-4e88-aaae-2e0c138d049e","3566914335"
32.247795,-110.80599,5,"Emberizidae","Zonotrichia leucophrys",2021,3,30,"4fa7b334-ce0d-4e88-aaae-2e0c138d049e","3565799291"
32.247795,-110.80599,1,"Tyrannidae","Pyrocephalus rubinus",2021,3,30,"4fa7b334-ce0d-4e88-aaae-2e0c138d049e","3559417168"
32.247795,-110.80599,1,"Emberizidae","Amphispiza bilineata",2021,3,30,"4fa7b334-ce0d-4e88-aaae-2e0c138d049e","3557844895"
32.247795,-110.80599,3,"Sturnidae","Sturnus vulgaris",2021,3,30,"4fa7b334-ce0d-4e88-aaae-2e0c138d049e","3541719782"
32.247795,-110.80599,1,"Accipitridae","Accipiter cooperii",2021,3,30,"4fa7b334-ce0d-4e88-aaae-2e0c138d049e","3534767559"
32.247795,-110.80599,1,"Trochilidae","Archilochus alexandri",2021,3,30,"4fa7b334-ce0d-4e88-aaae-2e0c138d049e","3541162509"
32.247795,-110.80599,10,"Fringillidae","Haemorhous mexicanus",2021,3,30,"4fa7b334-ce0d-4e88-aaae-2e0c138d049e","3553880092"
32.247795,-110.80599,3,"Picidae","Melanerpes uropygialis",2021,3,30,"4fa7b334-ce0d-4e88-aaae-2e0c138d049e","3545385862"
32.247795,-110.80599,5,"Columbidae","Zenaida macroura",2021,3,30,"4fa7b334-ce0d-4e88-aaae-2e0c138d049e","3554383348"
32.245514,-110.80609,1,"Picidae","Melanerpes uropygialis",2021,4,6,"4fa7b334-ce0d-4e88-aaae-2e0c138d049e","3516100877"
32.245514,-110.80609,1,"Trochilidae","Cynanthus latirostris",2021,4,6,"4fa7b334-ce0d-4e88-aaae-2e0c138d049e","3518770162"
32.245514,-110.80609,2,"Trochilidae","Archilochus alexandri",2021,4,6,"4fa7b334-ce0d-4e88-aaae-2e0c138d049e","3523652382"
32.245514,-110.80609,2,"Emberizidae","Zonotrichia leucophrys",2021,4,6,"4fa7b334-ce0d-4e88-aaae-2e0c138d049e","3530199831"
32.245514,-110.80609,1,"Corvidae","Corvus corax",2021,4,6,"4fa7b334-ce0d-4e88-aaae-2e0c138d049e","3532600175"
32.247406,-110.80674,1,"Accipitridae","Accipiter cooperii",2021,4,21,"4fa7b334-ce0d-4e88-aaae-2e0c138d049e","3610564380"
32.247406,-110.80674,5,"Ptilogonatidae","Phainopepla nitens",2021,4,21,"4fa7b334-ce0d-4e88-aaae-2e0c138d049e","3612025328"
32.247406,-110.80674,1,"Ardeidae","Ardea herodias",2021,4,21,"4fa7b334-ce0d-4e88-aaae-2e0c138d049e","3609713710"
32.247406,-110.80674,10,"Hirundinidae","Hirundo rustica",2021,4,21,"4fa7b334-ce0d-4e88-aaae-2e0c138d049e","3621637840"
32.247406,-110.80674,1,"Picidae","Melanerpes uropygialis",2021,4,21,"4fa7b334-ce0d-4e88-aaae-2e0c138d049e","3625604186"
32.247406,-110.80674,2,"Trochilidae","Calypte anna",2021,4,21,"4fa7b334-ce0d-4e88-aaae-2e0c138d049e","3615708751"
32.247406,-110.80674,8,"Icteridae","Quiscalus mexicanus",2021,4,21,"4fa7b334-ce0d-4e88-aaae-2e0c138d049e","3627497612"
32.247406,-110.80674,1,"Trochilidae","Cynanthus latirostris",2021,4,21,"4fa7b334-ce0d-4e88-aaae-2e0c138d049e","3628517356"
32.247406,-110.80674,1,"Accipitridae","Buteo jamaicensis",2021,4,21,"4fa7b334-ce0d-4e88-aaae-2e0c138d049e","3618911844"
32.247406,-110.80674,4,"Fringillidae","Spinus psaltria",2021,4,21,"4fa7b334-ce0d-4e88-aaae-2e0c138d049e","3603563688"
32.247406,-110.80674,1,"Tyrannidae","Myiarchus cinerascens",2021,4,21,"4fa7b334-ce0d-4e88-aaae-2e0c138d049e","3610344428"
32.247406,-110.80674,55,"Hirundinidae","Stelgidopteryx serripennis",2021,4,21,"4fa7b334-ce0d-4e88-aaae-2e0c138d049e","3614491408"
32.247406,-110.80674,1,"Tyrannidae","Pyrocephalus rubinus",2021,4,21,"4fa7b334-ce0d-4e88-aaae-2e0c138d049e","3618261217"
32.247406,-110.80674,2,"Rallidae","Fulica americana",2021,4,21,"4fa7b334-ce0d-4e88-aaae-2e0c138d049e","3614813567"
32.247406,-110.80674,3,"Strigidae","Bubo virginianus",2021,4,21,"4fa7b334-ce0d-4e88-aaae-2e0c138d049e","3642450993"
32.247406,-110.80674,2,"Remizidae","Auriparus flaviceps",2021,4,21,"4fa7b334-ce0d-4e88-aaae-2e0c138d049e","3634440025"
32.247406,-110.80674,3,"Phalacrocoracidae","Phalacrocorax brasilianus",2021,4,21,"4fa7b334-ce0d-4e88-aaae-2e0c138d049e","3622522601"
32.247406,-110.80674,2,"Fringillidae","Haemorhous mexicanus",2021,4,21,"4fa7b334-ce0d-4e88-aaae-2e0c138d049e","3634461675"
32.247406,-110.80674,1,"Ardeidae","Ardea alba",2021,4,21,"4fa7b334-ce0d-4e88-aaae-2e0c138d049e","3601986886"
32.247406,-110.80674,1,"Cardinalidae","Cardinalis cardinalis",2021,4,21,"4fa7b334-ce0d-4e88-aaae-2e0c138d049e","3608610880"
32.247406,-110.80674,6,"Emberizidae","Spizella breweri",2021,4,21,"4fa7b334-ce0d-4e88-aaae-2e0c138d049e","3613306361"
32.247406,-110.80674,8,"Columbidae","Zenaida macroura",2021,4,21,"4fa7b334-ce0d-4e88-aaae-2e0c138d049e","3628023042"
32.247406,-110.80674,7,"Anatidae","Aythya collaris",2021,4,21,"4fa7b334-ce0d-4e88-aaae-2e0c138d049e","3621180108"
32.246193,-110.805145,5,"Picidae","Melanerpes uropygialis",2021,4,24,"4fa7b334-ce0d-4e88-aaae-2e0c138d049e","3516771932"
32.246193,-110.805145,9,"Fringillidae","Spinus psaltria",2021,4,24,"4fa7b334-ce0d-4e88-aaae-2e0c138d049e","3530535904"
32.246193,-110.805145,2,"Cuculidae","Geococcyx californianus",2021,4,24,"4fa7b334-ce0d-4e88-aaae-2e0c138d049e","3527857880"
32.246193,-110.805145,8,"Fringillidae","Haemorhous mexicanus",2021,4,24,"4fa7b334-ce0d-4e88-aaae-2e0c138d049e","3524540970"
32.246193,-110.805145,5,"Trochilidae","Calypte anna",2021,4,24,"4fa7b334-ce0d-4e88-aaae-2e0c138d049e","3520757378"
32.246193,-110.805145,4,"Columbidae","Zenaida asiatica",2021,4,24,"4fa7b334-ce0d-4e88-aaae-2e0c138d049e","3516721340"
32.246193,-110.805145,9,"Columbidae","Zenaida macroura",2021,4,24,"4fa7b334-ce0d-4e88-aaae-2e0c138d049e","3516608303"
32.246193,-110.805145,1,"Tyrannidae","Myiarchus cinerascens",2021,4,24,"4fa7b334-ce0d-4e88-aaae-2e0c138d049e","3515289203"
32.246193,-110.805145,2,"Parulidae","Leiothlypis luciae",2021,4,24,"4fa7b334-ce0d-4e88-aaae-2e0c138d049e","3516578504"
32.246193,-110.805145,4,"Hirundinidae","Stelgidopteryx serripennis",2021,4,24,"4fa7b334-ce0d-4e88-aaae-2e0c138d049e","3515258307"
32.246193,-110.805145,1,"Picidae","Dryobates scalaris",2021,4,24,"4fa7b334-ce0d-4e88-aaae-2e0c138d049e","3512164181"
32.246193,-110.805145,1,"Tyrannidae","Sayornis saya",2021,4,24,"4fa7b334-ce0d-4e88-aaae-2e0c138d049e","3673937817"
32.246193,-110.805145,3,"Trochilidae","Cynanthus latirostris",2021,4,24,"4fa7b334-ce0d-4e88-aaae-2e0c138d049e","3674408267"
32.246193,-110.805145,1,"Polioptilidae","Polioptila melanura",2021,4,24,"4fa7b334-ce0d-4e88-aaae-2e0c138d049e","3675512438"
32.246193,-110.805145,2,"Passeridae","Passer domesticus",2021,4,24,"4fa7b334-ce0d-4e88-aaae-2e0c138d049e","3680017156"
32.246193,-110.805145,1,"Parulidae","Geothlypis tolmiei",2021,4,24,"4fa7b334-ce0d-4e88-aaae-2e0c138d049e","3682158519"
32.246193,-110.805145,1,"Accipitridae","Parabuteo unicinctus",2021,4,24,"4fa7b334-ce0d-4e88-aaae-2e0c138d049e","3684281406"
32.246193,-110.805145,2,"Trochilidae","Archilochus alexandri",2021,4,24,"4fa7b334-ce0d-4e88-aaae-2e0c138d049e","3686192138"
32.246193,-110.805145,3,"Remizidae","Auriparus flaviceps",2021,4,24,"4fa7b334-ce0d-4e88-aaae-2e0c138d049e","3682666041"
32.246193,-110.805145,2,"Tyrannidae","Pyrocephalus rubinus",2021,4,24,"4fa7b334-ce0d-4e88-aaae-2e0c138d049e","3684841902"
32.249683,-110.805,1,"Fringillidae","Spinus psaltria",2021,7,30,"4fa7b334-ce0d-4e88-aaae-2e0c138d049e","3677662051"
32.249683,-110.805,1,"Fringillidae","Haemorhous mexicanus",2021,7,30,"4fa7b334-ce0d-4e88-aaae-2e0c138d049e","3680633786"
32.249683,-110.805,2,"Picidae","Melanerpes uropygialis",2021,7,30,"4fa7b334-ce0d-4e88-aaae-2e0c138d049e","3684492585"
32.249683,-110.805,1,"Tyrannidae","Myiarchus tyrannulus",2021,7,30,"4fa7b334-ce0d-4e88-aaae-2e0c138d049e","3693003420"
32.249683,-110.805,2,"Columbidae","Zenaida macroura",2021,7,30,"4fa7b334-ce0d-4e88-aaae-2e0c138d049e","3693106081"
32.249683,-110.805,4,"Remizidae","Auriparus flaviceps",2021,7,30,"4fa7b334-ce0d-4e88-aaae-2e0c138d049e","3686948234"
32.249683,-110.805,1,"Trochilidae","Cynanthus latirostris",2021,7,30,"4fa7b334-ce0d-4e88-aaae-2e0c138d049e","3691056240"
32.249683,-110.805,2,"Emberizidae","Melozone aberti",2021,7,30,"4fa7b334-ce0d-4e88-aaae-2e0c138d049e","3684871148"
32.249683,-110.805,2,"Columbidae","Zenaida asiatica",2021,7,30,"4fa7b334-ce0d-4e88-aaae-2e0c138d049e","3684015681"
32.249683,-110.805,1,"Ptilogonatidae","Phainopepla nitens",2021,7,30,"4fa7b334-ce0d-4e88-aaae-2e0c138d049e","3573419222"
32.249683,-110.805,1,"Corvidae","Corvus corax",2021,7,30,"4fa7b334-ce0d-4e88-aaae-2e0c138d049e","3577162496"
32.249683,-110.805,1,"Picidae","Melanerpes uropygialis",2021,7,30,"4fa7b334-ce0d-4e88-aaae-2e0c138d049e","3575122683"
32.249683,-110.805,1,"Cuculidae","Geococcyx californianus",2021,7,30,"4fa7b334-ce0d-4e88-aaae-2e0c138d049e","3565953580"
32.249683,-110.805,1,"Ptilogonatidae","Phainopepla nitens",2021,7,30,"4fa7b334-ce0d-4e88-aaae-2e0c138d049e","3658774824"
32.249683,-110.805,1,"Corvidae","Corvus corax",2021,7,30,"4fa7b334-ce0d-4e88-aaae-2e0c138d049e","3654657617"
32.249683,-110.805,1,"Picidae","Melanerpes uropygialis",2021,7,30,"4fa7b334-ce0d-4e88-aaae-2e0c138d049e","3660151841"
32.249683,-110.805,1,"Cuculidae","Geococcyx californianus",2021,7,30,"4fa7b334-ce0d-4e88-aaae-2e0c138d049e","3661337167"
32.249683,-110.805,1,"Fringillidae","Spinus psaltria",2021,7,30,"4fa7b334-ce0d-4e88-aaae-2e0c138d049e","3663737089"
32.249683,-110.805,1,"Fringillidae","Haemorhous mexicanus",2021,7,30,"4fa7b334-ce0d-4e88-aaae-2e0c138d049e","3654531847"
32.249683,-110.805,2,"Picidae","Melanerpes uropygialis",2021,7,30,"4fa7b334-ce0d-4e88-aaae-2e0c138d049e","3651566509"
32.249683,-110.805,1,"Tyrannidae","Myiarchus tyrannulus",2021,7,30,"4fa7b334-ce0d-4e88-aaae-2e0c138d049e","3642404718"
32.249683,-110.805,2,"Columbidae","Zenaida macroura",2021,7,30,"4fa7b334-ce0d-4e88-aaae-2e0c138d049e","3651266080"
32.249683,-110.805,4,"Remizidae","Auriparus flaviceps",2021,7,30,"4fa7b334-ce0d-4e88-aaae-2e0c138d049e","3656260127"
32.249683,-110.805,1,"Trochilidae","Cynanthus latirostris",2021,7,30,"4fa7b334-ce0d-4e88-aaae-2e0c138d049e","3658002862"
32.249683,-110.805,2,"Emberizidae","Melozone aberti",2021,7,30,"4fa7b334-ce0d-4e88-aaae-2e0c138d049e","3660005838"
32.249683,-110.805,2,"Columbidae","Zenaida asiatica",2021,7,30,"4fa7b334-ce0d-4e88-aaae-2e0c138d049e","3693645046"
32.249557,-110.80472,3,"Remizidae","Auriparus flaviceps",2021,10,10,"4fa7b334-ce0d-4e88-aaae-2e0c138d049e","3565293904"
32.249557,-110.80472,4,"Fringillidae","Haemorhous mexicanus",2021,10,10,"4fa7b334-ce0d-4e88-aaae-2e0c138d049e","3573436966"
32.249557,-110.80472,2,"Fringillidae","Spinus psaltria",2021,10,10,"4fa7b334-ce0d-4e88-aaae-2e0c138d049e","3576839113"
32.249557,-110.80472,1,"Falconidae","Falco sparverius",2021,10,10,"4fa7b334-ce0d-4e88-aaae-2e0c138d049e","3577494096"
32.249557,-110.80472,32,"Columbidae","Zenaida macroura",2021,10,10,"4fa7b334-ce0d-4e88-aaae-2e0c138d049e","3574505944"
32.249557,-110.80472,1,"Trochilidae","Cynanthus latirostris",2021,11,6,"4fa7b334-ce0d-4e88-aaae-2e0c138d049e","3683881893"
32.249557,-110.80472,2,"Picidae","Melanerpes uropygialis",2021,11,6,"4fa7b334-ce0d-4e88-aaae-2e0c138d049e","3679070308"
32.249557,-110.80472,6,"Fringillidae","Spinus psaltria",2021,11,6,"4fa7b334-ce0d-4e88-aaae-2e0c138d049e","3692221205"
32.249557,-110.80472,1,"Corvidae","Corvus corax",2021,11,6,"4fa7b334-ce0d-4e88-aaae-2e0c138d049e","3686878359"
32.249557,-110.80472,1,"Tyrannidae","Pyrocephalus rubinus",2021,11,6,"4fa7b334-ce0d-4e88-aaae-2e0c138d049e","3685955383"
32.249557,-110.80472,2,"Icteridae","Quiscalus mexicanus",2021,11,6,"4fa7b334-ce0d-4e88-aaae-2e0c138d049e","3685027328"
32.249557,-110.80472,8,"Emberizidae","Chondestes grammacus",2021,11,6,"4fa7b334-ce0d-4e88-aaae-2e0c138d049e","3683920644"
32.249557,-110.80472,6,"Picidae","Colaptes auratus",2021,11,6,"4fa7b334-ce0d-4e88-aaae-2e0c138d049e","3688459535"
32.249557,-110.80472,1,"Ptilogonatidae","Phainopepla nitens",2021,11,6,"4fa7b334-ce0d-4e88-aaae-2e0c138d049e","3682222118"
32.249557,-110.80472,13,"Columbidae","Zenaida macroura",2021,11,6,"4fa7b334-ce0d-4e88-aaae-2e0c138d049e","3687606096"
32.249557,-110.80472,1,"Emberizidae","Melozone aberti",2021,11,6,"4fa7b334-ce0d-4e88-aaae-2e0c138d049e","3686794425"
32.249557,-110.80472,1,"Accipitridae","Accipiter cooperii",2021,11,6,"4fa7b334-ce0d-4e88-aaae-2e0c138d049e","3682856610"
32.249557,-110.80472,1,"Trochilidae","Calypte anna",2021,11,6,"4fa7b334-ce0d-4e88-aaae-2e0c138d049e","3578217074"
32.249557,-110.80472,6,"Fringillidae","Haemorhous mexicanus",2021,11,6,"4fa7b334-ce0d-4e88-aaae-2e0c138d049e","3574289256"
32.249683,-110.805,4,"Picidae","Melanerpes uropygialis",2020,2,14,"4fa7b334-ce0d-4e88-aaae-2e0c138d049e","3152265182"
32.249683,-110.805,2,"Regulidae","Regulus calendula",2020,2,14,"4fa7b334-ce0d-4e88-aaae-2e0c138d049e","3152916283"
32.249683,-110.805,4,"Remizidae","Auriparus flaviceps",2020,2,14,"4fa7b334-ce0d-4e88-aaae-2e0c138d049e","3140616179"
32.249683,-110.805,29,"Emberizidae","Zonotrichia leucophrys",2020,2,14,"4fa7b334-ce0d-4e88-aaae-2e0c138d049e","3145884237"
32.249683,-110.805,1,"Fringillidae","Spinus psaltria",2020,2,14,"4fa7b334-ce0d-4e88-aaae-2e0c138d049e","3148580280"
32.249683,-110.805,1,"Trochilidae","Calypte anna",2020,2,14,"4fa7b334-ce0d-4e88-aaae-2e0c138d049e","3136094226"
32.249683,-110.805,1,"Ptilogonatidae","Phainopepla nitens",2020,2,14,"4fa7b334-ce0d-4e88-aaae-2e0c138d049e","3135081324"
32.249683,-110.805,1,"Tyrannidae","Pyrocephalus rubinus",2020,2,14,"4fa7b334-ce0d-4e88-aaae-2e0c138d049e","3136280235"
32.249683,-110.805,1,"Columbidae","Streptopelia decaocto",2020,2,14,"4fa7b334-ce0d-4e88-aaae-2e0c138d049e","3146362204"
32.249683,-110.805,9,"Corvidae","Corvus corax",2020,2,14,"4fa7b334-ce0d-4e88-aaae-2e0c138d049e","3145138295"
32.249683,-110.805,1,"Columbidae","Zenaida macroura",2020,2,14,"4fa7b334-ce0d-4e88-aaae-2e0c138d049e","3135228323"
32.249683,-110.805,1,"Emberizidae","Peucaea carpalis",2020,2,14,"4fa7b334-ce0d-4e88-aaae-2e0c138d049e","3144205296"
32.249683,-110.805,1,"Picidae","Colaptes auratus",2020,2,14,"4fa7b334-ce0d-4e88-aaae-2e0c138d049e","3152903368"
32.249683,-110.805,6,"Icteridae","Agelaius phoeniceus",2020,2,14,"4fa7b334-ce0d-4e88-aaae-2e0c138d049e","3134645413"
32.249683,-110.805,4,"Sturnidae","Sturnus vulgaris",2020,2,14,"4fa7b334-ce0d-4e88-aaae-2e0c138d049e","3136394307"
32.249683,-110.805,1,"Emberizidae","Melozone aberti",2020,2,14,"4fa7b334-ce0d-4e88-aaae-2e0c138d049e","3135385260"
32.249683,-110.805,5,"Corvidae","Corvus corax",2020,2,14,"4fa7b334-ce0d-4e88-aaae-2e0c138d049e","3150810301"
32.249683,-110.805,1,"Parulidae","Setophaga coronata",2020,2,14,"4fa7b334-ce0d-4e88-aaae-2e0c138d049e","3134260263"
32.249683,-110.805,1,"Emberizidae","Pipilo chlorurus",2020,2,14,"4fa7b334-ce0d-4e88-aaae-2e0c138d049e","3135167171"
32.249683,-110.805,2,"Columbidae","Zenaida macroura",2020,2,14,"4fa7b334-ce0d-4e88-aaae-2e0c138d049e","3135886205"
32.249683,-110.805,2,"Remizidae","Auriparus flaviceps",2020,2,14,"4fa7b334-ce0d-4e88-aaae-2e0c138d049e","3139753216"
32.249683,-110.805,2,"Fringillidae","Spinus psaltria",2020,2,14,"4fa7b334-ce0d-4e88-aaae-2e0c138d049e","3134879177"
32.249683,-110.805,1,"Icteridae","Euphagus cyanocephalus",2020,2,14,"4fa7b334-ce0d-4e88-aaae-2e0c138d049e","3150822233"
32.249683,-110.805,2,"Troglodytidae","Thryomanes bewickii",2020,2,14,"4fa7b334-ce0d-4e88-aaae-2e0c138d049e","3152265188"
32.249683,-110.805,1,"Trochilidae","Calypte anna",2020,2,14,"4fa7b334-ce0d-4e88-aaae-2e0c138d049e","3152916289"
32.249683,-110.805,4,"Sturnidae","Sturnus vulgaris",2020,2,14,"4fa7b334-ce0d-4e88-aaae-2e0c138d049e","3222381709"
32.249683,-110.805,1,"Emberizidae","Melozone aberti",2020,2,14,"4fa7b334-ce0d-4e88-aaae-2e0c138d049e","3217470613"
32.249683,-110.805,5,"Corvidae","Corvus corax",2020,2,14,"4fa7b334-ce0d-4e88-aaae-2e0c138d049e","3218857626"
32.249683,-110.805,1,"Parulidae","Setophaga coronata",2020,2,14,"4fa7b334-ce0d-4e88-aaae-2e0c138d049e","3217903616"
32.249683,-110.805,1,"Emberizidae","Pipilo chlorurus",2020,2,14,"4fa7b334-ce0d-4e88-aaae-2e0c138d049e","3219691525"
32.249683,-110.805,2,"Columbidae","Zenaida macroura",2020,2,14,"4fa7b334-ce0d-4e88-aaae-2e0c138d049e","3222903657"
32.249683,-110.805,2,"Remizidae","Auriparus flaviceps",2020,2,14,"4fa7b334-ce0d-4e88-aaae-2e0c138d049e","3228407633"
32.249683,-110.805,2,"Fringillidae","Spinus psaltria",2020,2,14,"4fa7b334-ce0d-4e88-aaae-2e0c138d049e","3218974694"
32.249683,-110.805,1,"Icteridae","Euphagus cyanocephalus",2020,2,14,"4fa7b334-ce0d-4e88-aaae-2e0c138d049e","3219333731"
32.249683,-110.805,2,"Troglodytidae","Thryomanes bewickii",2020,2,14,"4fa7b334-ce0d-4e88-aaae-2e0c138d049e","3223696698"
32.249683,-110.805,1,"Trochilidae","Calypte anna",2020,2,14,"4fa7b334-ce0d-4e88-aaae-2e0c138d049e","3218373702"
32.249683,-110.805,4,"Picidae","Melanerpes uropygialis",2020,2,14,"4fa7b334-ce0d-4e88-aaae-2e0c138d049e","3227181533"
32.249683,-110.805,2,"Regulidae","Regulus calendula",2020,2,14,"4fa7b334-ce0d-4e88-aaae-2e0c138d049e","3245594675"
32.249683,-110.805,4,"Remizidae","Auriparus flaviceps",2020,2,14,"4fa7b334-ce0d-4e88-aaae-2e0c138d049e","3242870642"
32.249683,-110.805,29,"Emberizidae","Zonotrichia leucophrys",2020,2,14,"4fa7b334-ce0d-4e88-aaae-2e0c138d049e","3235947675"
32.249683,-110.805,1,"Fringillidae","Spinus psaltria",2020,2,14,"4fa7b334-ce0d-4e88-aaae-2e0c138d049e","3227322716"
32.249683,-110.805,1,"Trochilidae","Calypte anna",2020,2,14,"4fa7b334-ce0d-4e88-aaae-2e0c138d049e","3227330697"
32.249683,-110.805,1,"Ptilogonatidae","Phainopepla nitens",2020,2,14,"4fa7b334-ce0d-4e88-aaae-2e0c138d049e","3240644629"
32.249683,-110.805,1,"Tyrannidae","Pyrocephalus rubinus",2020,2,14,"4fa7b334-ce0d-4e88-aaae-2e0c138d049e","3245026703"
32.249683,-110.805,1,"Columbidae","Streptopelia decaocto",2020,2,14,"4fa7b334-ce0d-4e88-aaae-2e0c138d049e","3253046622"
32.249683,-110.805,9,"Corvidae","Corvus corax",2020,2,14,"4fa7b334-ce0d-4e88-aaae-2e0c138d049e","3237853649"
32.249683,-110.805,1,"Columbidae","Zenaida macroura",2020,2,14,"4fa7b334-ce0d-4e88-aaae-2e0c138d049e","3240329702"
32.249683,-110.805,1,"Emberizidae","Peucaea carpalis",2020,2,14,"4fa7b334-ce0d-4e88-aaae-2e0c138d049e","3243484638"
32.249683,-110.805,1,"Picidae","Colaptes auratus",2020,2,14,"4fa7b334-ce0d-4e88-aaae-2e0c138d049e","3234112685"
32.249683,-110.805,6,"Icteridae","Agelaius phoeniceus",2020,2,14,"4fa7b334-ce0d-4e88-aaae-2e0c138d049e","3244071664"
32.244537,-110.8055,1,"Regulidae","Regulus calendula",2020,3,17,"4fa7b334-ce0d-4e88-aaae-2e0c138d049e","3221078329"
32.249557,-110.80472,4,"Remizidae","Auriparus flaviceps",2020,4,10,"4fa7b334-ce0d-4e88-aaae-2e0c138d049e","3221642283"
32.249557,-110.80472,1,"Hirundinidae","Stelgidopteryx serripennis",2020,4,10,"4fa7b334-ce0d-4e88-aaae-2e0c138d049e","3220768307"
32.249557,-110.80472,4,"Tyrannidae","Tyrannus verticalis",2020,4,10,"4fa7b334-ce0d-4e88-aaae-2e0c138d049e","3220287284"
32.249557,-110.80472,2,"Accipitridae","Accipiter cooperii",2020,4,10,"4fa7b334-ce0d-4e88-aaae-2e0c138d049e","3278630737"
32.249557,-110.80472,1,"Apodidae","Aeronautes saxatalis",2020,4,10,"4fa7b334-ce0d-4e88-aaae-2e0c138d049e","3221550444"
32.249557,-110.80472,4,"Icteridae","Quiscalus mexicanus",2020,4,10,"4fa7b334-ce0d-4e88-aaae-2e0c138d049e","3220707344"
32.249557,-110.80472,4,"Emberizidae","Melozone aberti",2020,4,10,"4fa7b334-ce0d-4e88-aaae-2e0c138d049e","3221626432"
32.249557,-110.80472,5,"Trochilidae","Calypte anna",2020,4,10,"4fa7b334-ce0d-4e88-aaae-2e0c138d049e","3224971403"
32.249557,-110.80472,4,"Trochilidae","Cynanthus latirostris",2020,4,10,"4fa7b334-ce0d-4e88-aaae-2e0c138d049e","3228061504"
32.249557,-110.80472,3,"Tyrannidae","Myiarchus cinerascens",2020,4,10,"4fa7b334-ce0d-4e88-aaae-2e0c138d049e","3224247356"
32.249557,-110.80472,4,"Rallidae","Fulica americana",2020,4,10,"4fa7b334-ce0d-4e88-aaae-2e0c138d049e","3223363470"
32.249557,-110.80472,3,"Ptilogonatidae","Phainopepla nitens",2020,4,10,"4fa7b334-ce0d-4e88-aaae-2e0c138d049e","3225645517"
32.249557,-110.80472,1,"Vireonidae","Vireo bellii",2020,4,10,"4fa7b334-ce0d-4e88-aaae-2e0c138d049e","3222044542"
32.249557,-110.80472,5,"Tyrannidae","Pyrocephalus rubinus",2020,4,10,"4fa7b334-ce0d-4e88-aaae-2e0c138d049e","3224606608"
32.249557,-110.80472,3,"Accipitridae","Buteo jamaicensis",2020,4,10,"4fa7b334-ce0d-4e88-aaae-2e0c138d049e","3230996563"
32.249557,-110.80472,2,"Picidae","Melanerpes uropygialis",2020,4,10,"4fa7b334-ce0d-4e88-aaae-2e0c138d049e","3234643471"
32.249557,-110.80472,1,"Cathartidae","Cathartes aura",2020,4,10,"4fa7b334-ce0d-4e88-aaae-2e0c138d049e","3226624557"
32.249557,-110.80472,8,"Columbidae","Zenaida macroura",2020,4,10,"4fa7b334-ce0d-4e88-aaae-2e0c138d049e","3222153534"
32.249557,-110.80472,1,"Columbidae","Zenaida asiatica",2020,4,10,"4fa7b334-ce0d-4e88-aaae-2e0c138d049e","3228910496"
32.249557,-110.80472,1,"Sturnidae","Sturnus vulgaris",2020,4,10,"4fa7b334-ce0d-4e88-aaae-2e0c138d049e","3225593281"
32.249557,-110.80472,2,"Trochilidae","Archilochus alexandri",2020,4,10,"4fa7b334-ce0d-4e88-aaae-2e0c138d049e","3223568318"
32.249557,-110.80472,7,"Fringillidae","Spinus psaltria",2020,4,10,"4fa7b334-ce0d-4e88-aaae-2e0c138d049e","3221341407"
32.247406,-110.80674,5,"Fringillidae","Spinus psaltria",2020,4,18,"4fa7b334-ce0d-4e88-aaae-2e0c138d049e","3238381639"
32.247406,-110.80674,1,"Tyrannidae","Sayornis saya",2020,4,18,"4fa7b334-ce0d-4e88-aaae-2e0c138d049e","3230499634"
32.247406,-110.80674,5,"Anatidae","Aythya collaris",2020,4,18,"4fa7b334-ce0d-4e88-aaae-2e0c138d049e","3227147708"
32.247406,-110.80674,1,"Trochilidae","Calypte costae",2020,4,18,"4fa7b334-ce0d-4e88-aaae-2e0c138d049e","3229882551"
32.247406,-110.80674,8,"Ptilogonatidae","Phainopepla nitens",2020,4,18,"4fa7b334-ce0d-4e88-aaae-2e0c138d049e","3232875664"
32.247406,-110.80674,2,"Trochilidae","Cynanthus latirostris",2020,4,18,"4fa7b334-ce0d-4e88-aaae-2e0c138d049e","3228698704"
32.247406,-110.80674,1,"Fringillidae","Haemorhous mexicanus",2020,4,18,"4fa7b334-ce0d-4e88-aaae-2e0c138d049e","3226438696"
32.247406,-110.80674,1,"Cuculidae","Geococcyx californianus",2020,4,18,"4fa7b334-ce0d-4e88-aaae-2e0c138d049e","3235190662"
32.247406,-110.80674,1,"Picidae","Dryobates scalaris",2020,4,18,"4fa7b334-ce0d-4e88-aaae-2e0c138d049e","3230890635"
32.247406,-110.80674,5,"Picidae","Melanerpes uropygialis",2020,4,18,"4fa7b334-ce0d-4e88-aaae-2e0c138d049e","3227373788"
32.247406,-110.80674,1,"Emberizidae","Peucaea carpalis",2020,4,18,"4fa7b334-ce0d-4e88-aaae-2e0c138d049e","3236806789"
32.247406,-110.80674,5,"Tyrannidae","Pyrocephalus rubinus",2020,4,18,"4fa7b334-ce0d-4e88-aaae-2e0c138d049e","3299689185"
32.247406,-110.80674,11,"Trochilidae","Calypte anna",2020,4,18,"4fa7b334-ce0d-4e88-aaae-2e0c138d049e","3228507799"
32.247406,-110.80674,15,"Columbidae","Zenaida macroura",2020,4,18,"4fa7b334-ce0d-4e88-aaae-2e0c138d049e","3226460802"
32.247406,-110.80674,1,"Accipitridae","Accipiter cooperii",2020,4,18,"4fa7b334-ce0d-4e88-aaae-2e0c138d049e","3243710917"
32.247406,-110.80674,8,"Columbidae","Zenaida asiatica",2020,4,18,"4fa7b334-ce0d-4e88-aaae-2e0c138d049e","3235552912"
32.247406,-110.80674,6,"Icteridae","Quiscalus mexicanus",2020,4,18,"4fa7b334-ce0d-4e88-aaae-2e0c138d049e","3241613758"
32.247406,-110.80674,5,"Tyrannidae","Tyrannus verticalis",2020,4,18,"4fa7b334-ce0d-4e88-aaae-2e0c138d049e","3237095663"
32.247406,-110.80674,5,"Remizidae","Auriparus flaviceps",2020,4,18,"4fa7b334-ce0d-4e88-aaae-2e0c138d049e","3233204598"
32.247406,-110.80674,11,"Trochilidae","Archilochus alexandri",2020,4,18,"4fa7b334-ce0d-4e88-aaae-2e0c138d049e","3232785778"
32.247406,-110.80674,4,"Parulidae","Leiothlypis luciae",2020,4,18,"4fa7b334-ce0d-4e88-aaae-2e0c138d049e","3230155734"
32.247406,-110.80674,5,"Emberizidae","Melozone aberti",2020,4,18,"4fa7b334-ce0d-4e88-aaae-2e0c138d049e","3234809854"
32.249557,-110.80472,2,"Ptilogonatidae","Phainopepla nitens",2020,4,30,"4fa7b334-ce0d-4e88-aaae-2e0c138d049e","3149048843"
32.249557,-110.80472,1,"Strigidae","Bubo virginianus",2020,4,30,"4fa7b334-ce0d-4e88-aaae-2e0c138d049e","3147746712"
32.249557,-110.80472,4,"Trochilidae","Archilochus alexandri",2020,4,30,"4fa7b334-ce0d-4e88-aaae-2e0c138d049e","3150309691"
32.249557,-110.80472,2,"Emberizidae","Zonotrichia leucophrys",2020,4,30,"4fa7b334-ce0d-4e88-aaae-2e0c138d049e","3159884912"
32.249557,-110.80472,1,"Caprimulgidae","Chordeiles acutipennis",2020,4,30,"4fa7b334-ce0d-4e88-aaae-2e0c138d049e","3155492824"
32.249557,-110.80472,3,"Columbidae","Zenaida asiatica",2020,4,30,"4fa7b334-ce0d-4e88-aaae-2e0c138d049e","3154891690"
32.249557,-110.80472,8,"Trochilidae","Calypte anna",2020,4,30,"4fa7b334-ce0d-4e88-aaae-2e0c138d049e","3161809790"
32.249557,-110.80472,5,"Troglodytidae","Campylorhynchus brunneicapillus",2020,4,30,"4fa7b334-ce0d-4e88-aaae-2e0c138d049e","3166409846"
32.249557,-110.80472,2,"Icteridae","Quiscalus mexicanus",2020,4,30,"4fa7b334-ce0d-4e88-aaae-2e0c138d049e","3165358918"
32.249557,-110.80472,1,"Polioptilidae","Polioptila melanura",2020,4,30,"4fa7b334-ce0d-4e88-aaae-2e0c138d049e","3146069913"
32.249557,-110.80472,8,"Tyrannidae","Pyrocephalus rubinus",2020,4,30,"4fa7b334-ce0d-4e88-aaae-2e0c138d049e","3149328706"
32.249557,-110.80472,1,"Tyrannidae","Sayornis saya",2020,4,30,"4fa7b334-ce0d-4e88-aaae-2e0c138d049e","3147062713"
32.249557,-110.80472,3,"Picidae","Melanerpes uropygialis",2020,4,30,"4fa7b334-ce0d-4e88-aaae-2e0c138d049e","3149872664"
32.249557,-110.80472,2,"Remizidae","Auriparus flaviceps",2020,4,30,"4fa7b334-ce0d-4e88-aaae-2e0c138d049e","3153890842"
32.249557,-110.80472,11,"Columbidae","Zenaida macroura",2020,4,30,"4fa7b334-ce0d-4e88-aaae-2e0c138d049e","3148232797"
32.249557,-110.80472,1,"Mimidae","Mimus polyglottos",2020,4,30,"4fa7b334-ce0d-4e88-aaae-2e0c138d049e","3150308683"
32.247406,-110.80674,4,"Phalacrocoracidae","Phalacrocorax brasilianus",2020,5,3,"4fa7b334-ce0d-4e88-aaae-2e0c138d049e","3165331952"
32.247406,-110.80674,1,"Ardeidae","Butorides virescens",2020,5,3,"4fa7b334-ce0d-4e88-aaae-2e0c138d049e","3147101848"
32.247406,-110.80674,1,"Ardeidae","Ardea alba",2020,5,3,"4fa7b334-ce0d-4e88-aaae-2e0c138d049e","3151345828"
32.247406,-110.80674,1,"Picidae","Dryobates scalaris",2020,5,3,"4fa7b334-ce0d-4e88-aaae-2e0c138d049e","3149639779"
32.247406,-110.80674,4,"Tyrannidae","Myiarchus cinerascens",2020,5,3,"4fa7b334-ce0d-4e88-aaae-2e0c138d049e","3150020824"
32.247406,-110.80674,2,"Columbidae","Zenaida asiatica",2020,5,3,"4fa7b334-ce0d-4e88-aaae-2e0c138d049e","3150808825"
32.247406,-110.80674,1,"Parulidae","Setophaga coronata",2020,5,3,"4fa7b334-ce0d-4e88-aaae-2e0c138d049e","3158099707"
32.247406,-110.80674,11,"Fringillidae","Spinus psaltria",2020,5,3,"4fa7b334-ce0d-4e88-aaae-2e0c138d049e","3154440702"
32.247406,-110.80674,8,"Ptilogonatidae","Phainopepla nitens",2020,5,3,"4fa7b334-ce0d-4e88-aaae-2e0c138d049e","3149602741"
32.247406,-110.80674,3,"Passeridae","Passer domesticus",2020,5,3,"4fa7b334-ce0d-4e88-aaae-2e0c138d049e","3150709771"
32.247406,-110.80674,3,"Strigidae","Bubo virginianus",2020,5,3,"4fa7b334-ce0d-4e88-aaae-2e0c138d049e","3173988658"
32.247406,-110.80674,13,"Icteridae","Quiscalus mexicanus",2020,5,3,"4fa7b334-ce0d-4e88-aaae-2e0c138d049e","3173440725"
32.247406,-110.80674,1,"Mimidae","Mimus polyglottos",2020,5,3,"4fa7b334-ce0d-4e88-aaae-2e0c138d049e","3159673589"
32.247406,-110.80674,2,"Trochilidae","Archilochus alexandri",2020,5,3,"4fa7b334-ce0d-4e88-aaae-2e0c138d049e","3163864645"
32.247406,-110.80674,10,"Tyrannidae","Pyrocephalus rubinus",2020,5,3,"4fa7b334-ce0d-4e88-aaae-2e0c138d049e","3168427744"
32.247406,-110.80674,27,"Columbidae","Zenaida macroura",2020,5,3,"4fa7b334-ce0d-4e88-aaae-2e0c138d049e","3151717846"
32.247406,-110.80674,7,"Picidae","Melanerpes uropygialis",2020,5,3,"4fa7b334-ce0d-4e88-aaae-2e0c138d049e","3158502853"
32.247406,-110.80674,6,"Emberizidae","Chondestes grammacus",2020,5,3,"4fa7b334-ce0d-4e88-aaae-2e0c138d049e","3157328729"
32.247406,-110.80674,11,"Trochilidae","Calypte anna",2020,5,3,"4fa7b334-ce0d-4e88-aaae-2e0c138d049e","3165756721"
32.247406,-110.80674,1,"Parulidae","Setophaga petechia",2020,5,3,"4fa7b334-ce0d-4e88-aaae-2e0c138d049e","3148738750"
32.247406,-110.80674,8,"Emberizidae","Melozone aberti",2020,5,3,"4fa7b334-ce0d-4e88-aaae-2e0c138d049e","3149207842"
32.247406,-110.80674,8,"Parulidae","Leiothlypis luciae",2020,5,3,"4fa7b334-ce0d-4e88-aaae-2e0c138d049e","3164584756"
32.247406,-110.80674,2,"Hirundinidae","Stelgidopteryx serripennis",2020,5,3,"4fa7b334-ce0d-4e88-aaae-2e0c138d049e","3173924774"
32.247406,-110.80674,2,"Remizidae","Auriparus flaviceps",2020,5,3,"4fa7b334-ce0d-4e88-aaae-2e0c138d049e","3147378923"
32.247406,-110.80674,6,"Fringillidae","Haemorhous mexicanus",2020,5,3,"4fa7b334-ce0d-4e88-aaae-2e0c138d049e","3150780857"
32.247406,-110.80674,3,"Accipitridae","Accipiter cooperii",2020,5,3,"4fa7b334-ce0d-4e88-aaae-2e0c138d049e","3150112884"
32.244537,-110.8055,4,"Fringillidae","Spinus psaltria",2020,5,9,"4fa7b334-ce0d-4e88-aaae-2e0c138d049e","3243497435"
32.249683,-110.805,1,"Trochilidae","Archilochus alexandri",2020,5,11,"4fa7b334-ce0d-4e88-aaae-2e0c138d049e","3232190866"
32.249683,-110.805,1,"Trochilidae","Calypte anna",2020,5,11,"4fa7b334-ce0d-4e88-aaae-2e0c138d049e","3242604843"
32.249683,-110.805,4,"Fringillidae","Spinus psaltria",2020,5,11,"4fa7b334-ce0d-4e88-aaae-2e0c138d049e","3240014949"
32.249683,-110.805,1,"Columbidae","Streptopelia decaocto",2020,5,11,"4fa7b334-ce0d-4e88-aaae-2e0c138d049e","3237212030"
32.249683,-110.805,3,"Sturnidae","Sturnus vulgaris",2020,5,11,"4fa7b334-ce0d-4e88-aaae-2e0c138d049e","3238608119"
32.249683,-110.805,1,"Tyrannidae","Myiarchus tyrannulus",2020,5,11,"4fa7b334-ce0d-4e88-aaae-2e0c138d049e","3245983105"
32.249683,-110.805,2,"Passeridae","Passer domesticus",2020,5,11,"4fa7b334-ce0d-4e88-aaae-2e0c138d049e","3300020454"
32.249683,-110.805,1,"Picidae","Melanerpes uropygialis",2020,5,11,"4fa7b334-ce0d-4e88-aaae-2e0c138d049e","3234204064"
32.249683,-110.805,1,"Remizidae","Auriparus flaviceps",2020,5,11,"4fa7b334-ce0d-4e88-aaae-2e0c138d049e","3231948027"
32.249683,-110.805,3,"Tyrannidae","Pyrocephalus rubinus",2020,5,11,"4fa7b334-ce0d-4e88-aaae-2e0c138d049e","3251318146"
32.249683,-110.805,1,"Cardinalidae","Piranga ludoviciana",2020,5,11,"4fa7b334-ce0d-4e88-aaae-2e0c138d049e","3242728130"
32.249683,-110.805,1,"Tyrannidae","Myiarchus cinerascens",2020,5,11,"4fa7b334-ce0d-4e88-aaae-2e0c138d049e","3236474019"
32.249683,-110.805,3,"Ptilogonatidae","Phainopepla nitens",2020,5,11,"4fa7b334-ce0d-4e88-aaae-2e0c138d049e","3238366973"
32.249683,-110.805,1,"Troglodytidae","Thryomanes bewickii",2020,5,11,"4fa7b334-ce0d-4e88-aaae-2e0c138d049e","3278004014"
32.249683,-110.805,3,"Columbidae","Zenaida asiatica",2020,5,11,"4fa7b334-ce0d-4e88-aaae-2e0c138d049e","3229604012"
32.249683,-110.805,1,"Parulidae","Setophaga petechia",2020,5,11,"4fa7b334-ce0d-4e88-aaae-2e0c138d049e","3236008885"
32.249683,-110.805,1,"Parulidae","Setophaga petechia",2020,5,11,"4fa7b334-ce0d-4e88-aaae-2e0c138d049e","3151281121"
32.249683,-110.805,1,"Trochilidae","Calypte anna",2020,5,11,"4fa7b334-ce0d-4e88-aaae-2e0c138d049e","3152796055"
32.249683,-110.805,1,"Emberizidae","Melozone aberti",2020,5,11,"4fa7b334-ce0d-4e88-aaae-2e0c138d049e","3166247045"
32.249683,-110.805,1,"Picidae","Melanerpes uropygialis",2020,5,11,"4fa7b334-ce0d-4e88-aaae-2e0c138d049e","3159236116"
32.249683,-110.805,1,"Fringillidae","Haemorhous mexicanus",2020,5,11,"4fa7b334-ce0d-4e88-aaae-2e0c138d049e","3162933989"
32.249683,-110.805,1,"Tyrannidae","Myiarchus cinerascens",2020,5,11,"4fa7b334-ce0d-4e88-aaae-2e0c138d049e","3161531985"
32.249683,-110.805,2,"Columbidae","Zenaida asiatica",2020,5,11,"4fa7b334-ce0d-4e88-aaae-2e0c138d049e","3164072936"
32.249683,-110.805,3,"Icteridae","Molothrus ater",2020,5,11,"4fa7b334-ce0d-4e88-aaae-2e0c138d049e","3171494845"
32.249683,-110.805,1,"Vireonidae","Vireo bellii",2020,5,11,"4fa7b334-ce0d-4e88-aaae-2e0c138d049e","3165610014"
32.249683,-110.805,1,"Parulidae","Leiothlypis luciae",2020,5,11,"4fa7b334-ce0d-4e88-aaae-2e0c138d049e","3152244092"
32.249683,-110.805,1,"Trochilidae","Archilochus alexandri",2020,5,11,"4fa7b334-ce0d-4e88-aaae-2e0c138d049e","3155371176"
32.249683,-110.805,1,"Parulidae","Setophaga petechia",2020,5,11,"4fa7b334-ce0d-4e88-aaae-2e0c138d049e","3165964789"
32.249683,-110.805,1,"Trochilidae","Calypte anna",2020,5,11,"4fa7b334-ce0d-4e88-aaae-2e0c138d049e","3152549861"
32.249683,-110.805,1,"Emberizidae","Melozone aberti",2020,5,11,"4fa7b334-ce0d-4e88-aaae-2e0c138d049e","3155699946"
32.249683,-110.805,1,"Picidae","Melanerpes uropygialis",2020,5,11,"4fa7b334-ce0d-4e88-aaae-2e0c138d049e","3154578754"
32.249683,-110.805,1,"Fringillidae","Haemorhous mexicanus",2020,5,11,"4fa7b334-ce0d-4e88-aaae-2e0c138d049e","3152402758"
32.249683,-110.805,1,"Tyrannidae","Myiarchus cinerascens",2020,5,11,"4fa7b334-ce0d-4e88-aaae-2e0c138d049e","3157725538"
32.249683,-110.805,2,"Columbidae","Zenaida asiatica",2020,5,11,"4fa7b334-ce0d-4e88-aaae-2e0c138d049e","3235537561"
32.249683,-110.805,3,"Icteridae","Molothrus ater",2020,5,11,"4fa7b334-ce0d-4e88-aaae-2e0c138d049e","3225913600"
32.249683,-110.805,1,"Vireonidae","Vireo bellii",2020,5,11,"4fa7b334-ce0d-4e88-aaae-2e0c138d049e","3264391016"
32.249683,-110.805,1,"Parulidae","Leiothlypis luciae",2020,5,11,"4fa7b334-ce0d-4e88-aaae-2e0c138d049e","3234744449"
32.249683,-110.805,1,"Trochilidae","Archilochus alexandri",2020,5,11,"4fa7b334-ce0d-4e88-aaae-2e0c138d049e","3231758495"
32.249683,-110.805,1,"Trochilidae","Archilochus alexandri",2020,5,11,"4fa7b334-ce0d-4e88-aaae-2e0c138d049e","3173976702"
32.249683,-110.805,1,"Trochilidae","Calypte anna",2020,5,11,"4fa7b334-ce0d-4e88-aaae-2e0c138d049e","3178590651"
32.249683,-110.805,4,"Fringillidae","Spinus psaltria",2020,5,11,"4fa7b334-ce0d-4e88-aaae-2e0c138d049e","3177875686"
32.249683,-110.805,1,"Columbidae","Streptopelia decaocto",2020,5,11,"4fa7b334-ce0d-4e88-aaae-2e0c138d049e","3163896542"
32.249683,-110.805,3,"Sturnidae","Sturnus vulgaris",2020,5,11,"4fa7b334-ce0d-4e88-aaae-2e0c138d049e","3167582601"
32.249683,-110.805,1,"Tyrannidae","Myiarchus tyrannulus",2020,5,11,"4fa7b334-ce0d-4e88-aaae-2e0c138d049e","3172655763"
32.249683,-110.805,2,"Passeridae","Passer domesticus",2020,5,11,"4fa7b334-ce0d-4e88-aaae-2e0c138d049e","3155534847"
32.249683,-110.805,1,"Picidae","Melanerpes uropygialis",2020,5,11,"4fa7b334-ce0d-4e88-aaae-2e0c138d049e","3154480778"
32.249683,-110.805,1,"Remizidae","Auriparus flaviceps",2020,5,11,"4fa7b334-ce0d-4e88-aaae-2e0c138d049e","3158589849"
32.249683,-110.805,3,"Tyrannidae","Pyrocephalus rubinus",2020,5,11,"4fa7b334-ce0d-4e88-aaae-2e0c138d049e","3165775869"
32.249683,-110.805,1,"Cardinalidae","Piranga ludoviciana",2020,5,11,"4fa7b334-ce0d-4e88-aaae-2e0c138d049e","3172128887"
32.249683,-110.805,1,"Tyrannidae","Myiarchus cinerascens",2020,5,11,"4fa7b334-ce0d-4e88-aaae-2e0c138d049e","3152049849"
32.249683,-110.805,3,"Ptilogonatidae","Phainopepla nitens",2020,5,11,"4fa7b334-ce0d-4e88-aaae-2e0c138d049e","3159921941"
32.249683,-110.805,1,"Troglodytidae","Thryomanes bewickii",2020,5,11,"4fa7b334-ce0d-4e88-aaae-2e0c138d049e","3169219809"
32.249683,-110.805,3,"Columbidae","Zenaida asiatica",2020,5,11,"4fa7b334-ce0d-4e88-aaae-2e0c138d049e","3173379858"
32.249683,-110.805,1,"Parulidae","Setophaga petechia",2020,5,11,"4fa7b334-ce0d-4e88-aaae-2e0c138d049e","3173082044"
32.244537,-110.8055,1,"Icteridae","Quiscalus mexicanus",2020,6,20,"4fa7b334-ce0d-4e88-aaae-2e0c138d049e","3164224242"
32.249683,-110.805,1,"Troglodytidae","Thryomanes bewickii",2020,7,25,"4fa7b334-ce0d-4e88-aaae-2e0c138d049e","3165714228"
32.249683,-110.805,1,"Columbidae","Zenaida asiatica",2020,7,25,"4fa7b334-ce0d-4e88-aaae-2e0c138d049e","3168196073"
32.249683,-110.805,1,"Tyrannidae","Pyrocephalus rubinus",2020,7,25,"4fa7b334-ce0d-4e88-aaae-2e0c138d049e","3179313120"
32.249683,-110.805,3,"Remizidae","Auriparus flaviceps",2020,7,25,"4fa7b334-ce0d-4e88-aaae-2e0c138d049e","3170747063"
32.249683,-110.805,1,"Trochilidae","Cynanthus latirostris",2020,7,25,"4fa7b334-ce0d-4e88-aaae-2e0c138d049e","3191327307"
32.249683,-110.805,1,"Emberizidae","Melozone aberti",2020,7,25,"4fa7b334-ce0d-4e88-aaae-2e0c138d049e","3197640245"
32.249683,-110.805,1,"Tyrannidae","Tyrannus vociferans",2020,7,25,"4fa7b334-ce0d-4e88-aaae-2e0c138d049e","3192861341"
32.249683,-110.805,1,"Cardinalidae","Passerina caerulea",2020,7,25,"4fa7b334-ce0d-4e88-aaae-2e0c138d049e","3183964181"
32.249683,-110.805,2,"Emberizidae","Peucaea carpalis",2020,7,25,"4fa7b334-ce0d-4e88-aaae-2e0c138d049e","3188376230"
32.249683,-110.805,2,"Columbidae","Zenaida macroura",2020,7,25,"4fa7b334-ce0d-4e88-aaae-2e0c138d049e","3186149164"
32.249683,-110.805,1,"Picidae","Melanerpes uropygialis",2020,7,25,"4fa7b334-ce0d-4e88-aaae-2e0c138d049e","3167924266"
32.249683,-110.805,1,"Tyrannidae","Myiarchus tyrannulus",2020,7,25,"4fa7b334-ce0d-4e88-aaae-2e0c138d049e","3167508155"
32.249683,-110.805,1,"Columbidae","Streptopelia decaocto",2020,7,25,"4fa7b334-ce0d-4e88-aaae-2e0c138d049e","3167758070"
32.249683,-110.805,1,"Cathartidae","Cathartes aura",2020,7,25,"4fa7b334-ce0d-4e88-aaae-2e0c138d049e","3194998060"
32.249683,-110.805,4,"Columbidae","Zenaida asiatica",2020,7,25,"4fa7b334-ce0d-4e88-aaae-2e0c138d049e","3167519044"
32.249683,-110.805,1,"Emberizidae","Melozone aberti",2020,7,25,"4fa7b334-ce0d-4e88-aaae-2e0c138d049e","3173621358"
32.249683,-110.805,1,"Vireonidae","Vireo bellii",2020,7,25,"4fa7b334-ce0d-4e88-aaae-2e0c138d049e","3172993217"
32.249683,-110.805,2,"Parulidae","Leiothlypis luciae",2020,7,25,"4fa7b334-ce0d-4e88-aaae-2e0c138d049e","3171613306"
32.249683,-110.805,1,"Picidae","Melanerpes uropygialis",2020,7,25,"4fa7b334-ce0d-4e88-aaae-2e0c138d049e","3167063516"
32.249683,-110.805,2,"Columbidae","Zenaida macroura",2020,7,25,"4fa7b334-ce0d-4e88-aaae-2e0c138d049e","3188788546"
32.249683,-110.805,1,"Columbidae","Streptopelia decaocto",2020,7,25,"4fa7b334-ce0d-4e88-aaae-2e0c138d049e","3188383364"
32.249683,-110.805,1,"Remizidae","Auriparus flaviceps",2020,7,25,"4fa7b334-ce0d-4e88-aaae-2e0c138d049e","3170066518"
32.249683,-110.805,4,"Columbidae","Zenaida asiatica",2020,7,25,"4fa7b334-ce0d-4e88-aaae-2e0c138d049e","3259648165"
32.249683,-110.805,1,"Emberizidae","Melozone aberti",2020,7,25,"4fa7b334-ce0d-4e88-aaae-2e0c138d049e","3245197220"
32.249683,-110.805,1,"Vireonidae","Vireo bellii",2020,7,25,"4fa7b334-ce0d-4e88-aaae-2e0c138d049e","3258826249"
32.249683,-110.805,2,"Parulidae","Leiothlypis luciae",2020,7,25,"4fa7b334-ce0d-4e88-aaae-2e0c138d049e","3258221289"
32.249683,-110.805,1,"Picidae","Melanerpes uropygialis",2020,7,25,"4fa7b334-ce0d-4e88-aaae-2e0c138d049e","3256275398"
32.249683,-110.805,2,"Columbidae","Zenaida macroura",2020,7,25,"4fa7b334-ce0d-4e88-aaae-2e0c138d049e","3263901293"
32.249683,-110.805,1,"Columbidae","Streptopelia decaocto",2020,7,25,"4fa7b334-ce0d-4e88-aaae-2e0c138d049e","3255815316"
32.249683,-110.805,1,"Remizidae","Auriparus flaviceps",2020,7,25,"4fa7b334-ce0d-4e88-aaae-2e0c138d049e","3249359380"
32.249683,-110.805,1,"Troglodytidae","Thryomanes bewickii",2020,7,25,"4fa7b334-ce0d-4e88-aaae-2e0c138d049e","3182248694"
32.249683,-110.805,1,"Columbidae","Zenaida asiatica",2020,7,25,"4fa7b334-ce0d-4e88-aaae-2e0c138d049e","3187404617"
32.249683,-110.805,1,"Tyrannidae","Pyrocephalus rubinus",2020,7,25,"4fa7b334-ce0d-4e88-aaae-2e0c138d049e","3188154636"
32.249683,-110.805,3,"Remizidae","Auriparus flaviceps",2020,7,25,"4fa7b334-ce0d-4e88-aaae-2e0c138d049e","3169512474"
32.249683,-110.805,1,"Trochilidae","Cynanthus latirostris",2020,7,25,"4fa7b334-ce0d-4e88-aaae-2e0c138d049e","3179416548"
32.249683,-110.805,1,"Emberizidae","Melozone aberti",2020,7,25,"4fa7b334-ce0d-4e88-aaae-2e0c138d049e","3181759503"
32.249683,-110.805,1,"Tyrannidae","Tyrannus vociferans",2020,7,25,"4fa7b334-ce0d-4e88-aaae-2e0c138d049e","3193541603"
32.249683,-110.805,1,"Cardinalidae","Passerina caerulea",2020,7,25,"4fa7b334-ce0d-4e88-aaae-2e0c138d049e","3169665623"
32.249683,-110.805,2,"Emberizidae","Peucaea carpalis",2020,7,25,"4fa7b334-ce0d-4e88-aaae-2e0c138d049e","3175048402"
32.249683,-110.805,2,"Columbidae","Zenaida macroura",2020,7,25,"4fa7b334-ce0d-4e88-aaae-2e0c138d049e","3186943552"
32.249683,-110.805,1,"Picidae","Melanerpes uropygialis",2020,7,25,"4fa7b334-ce0d-4e88-aaae-2e0c138d049e","3202915931"
32.249683,-110.805,1,"Tyrannidae","Myiarchus tyrannulus",2020,7,25,"4fa7b334-ce0d-4e88-aaae-2e0c138d049e","3171895756"
32.249683,-110.805,1,"Columbidae","Streptopelia decaocto",2020,7,25,"4fa7b334-ce0d-4e88-aaae-2e0c138d049e","3169010437"
32.249683,-110.805,1,"Cathartidae","Cathartes aura",2020,7,25,"4fa7b334-ce0d-4e88-aaae-2e0c138d049e","3173084431"
32.245502,-110.8055,3,"Trochilidae","Calypte anna",2020,9,4,"4fa7b334-ce0d-4e88-aaae-2e0c138d049e","3249424242"
32.245502,-110.8055,9,"Fringillidae","Haemorhous mexicanus",2020,9,4,"4fa7b334-ce0d-4e88-aaae-2e0c138d049e","3253091246"
32.245502,-110.8055,1,"Cardinalidae","Pheucticus melanocephalus",2020,9,4,"4fa7b334-ce0d-4e88-aaae-2e0c138d049e","3251864254"
32.245502,-110.8055,4,"Fringillidae","Spinus psaltria",2020,9,4,"4fa7b334-ce0d-4e88-aaae-2e0c138d049e","3259892195"
32.245502,-110.8055,11,"Columbidae","Zenaida macroura",2020,9,4,"4fa7b334-ce0d-4e88-aaae-2e0c138d049e","3256128091"
32.245502,-110.8055,3,"Trochilidae","Calypte anna",2020,9,4,"4fa7b334-ce0d-4e88-aaae-2e0c138d049e","3180426503"
32.245502,-110.8055,9,"Fringillidae","Haemorhous mexicanus",2020,9,4,"4fa7b334-ce0d-4e88-aaae-2e0c138d049e","3175511541"
32.245502,-110.8055,1,"Cardinalidae","Pheucticus melanocephalus",2020,9,4,"4fa7b334-ce0d-4e88-aaae-2e0c138d049e","3201827494"
32.245502,-110.8055,4,"Fringillidae","Spinus psaltria",2020,9,4,"4fa7b334-ce0d-4e88-aaae-2e0c138d049e","3178125477"
32.245502,-110.8055,11,"Columbidae","Zenaida macroura",2020,9,4,"4fa7b334-ce0d-4e88-aaae-2e0c138d049e","3177421520"
32.24517,-110.80541,22,"Fringillidae","Spinus psaltria",2020,9,15,"4fa7b334-ce0d-4e88-aaae-2e0c138d049e","3184847465"
32.24517,-110.80541,1,"Parulidae","Setophaga nigrescens",2020,9,15,"4fa7b334-ce0d-4e88-aaae-2e0c138d049e","3185615395"
32.249557,-110.80472,1,"Picidae","Melanerpes uropygialis",2020,12,5,"4fa7b334-ce0d-4e88-aaae-2e0c138d049e","3200318551"
32.249557,-110.80472,15,"Columbidae","Zenaida macroura",2020,12,5,"4fa7b334-ce0d-4e88-aaae-2e0c138d049e","3212192460"
32.249557,-110.80472,13,"Fringillidae","Spinus psaltria",2020,12,5,"4fa7b334-ce0d-4e88-aaae-2e0c138d049e","3298031584"
32.249557,-110.80472,5,"Fringillidae","Haemorhous mexicanus",2020,12,5,"4fa7b334-ce0d-4e88-aaae-2e0c138d049e","3300054581"
32.249557,-110.80472,1,"Trochilidae","Calypte anna",2020,12,5,"4fa7b334-ce0d-4e88-aaae-2e0c138d049e","3299046369"
32.249557,-110.80472,13,"Emberizidae","Zonotrichia leucophrys",2020,12,5,"4fa7b334-ce0d-4e88-aaae-2e0c138d049e","3297261429"
32.249557,-110.80472,1,"Trochilidae","Calypte costae",2020,12,5,"4fa7b334-ce0d-4e88-aaae-2e0c138d049e","3296795425"
32.249557,-110.80472,1,"Tyrannidae","Sayornis saya",2020,12,5,"4fa7b334-ce0d-4e88-aaae-2e0c138d049e","3300512358"
32.249557,-110.80472,1,"Remizidae","Auriparus flaviceps",2020,12,5,"4fa7b334-ce0d-4e88-aaae-2e0c138d049e","3299257396"
32.249557,-110.80472,1,"Ptilogonatidae","Phainopepla nitens",2020,12,5,"4fa7b334-ce0d-4e88-aaae-2e0c138d049e","3299643735"
32.249557,-110.80472,15,"Corvidae","Corvus corax",2020,12,5,"4fa7b334-ce0d-4e88-aaae-2e0c138d049e","3301167706"
32.24975,-110.80673,2,"Picidae","Dryobates scalaris",2020,12,19,"4fa7b334-ce0d-4e88-aaae-2e0c138d049e","3293553779"
32.24975,-110.80673,1,"Remizidae","Auriparus flaviceps",2020,12,19,"4fa7b334-ce0d-4e88-aaae-2e0c138d049e","3294926000"
32.24975,-110.80673,18,"Emberizidae","Zonotrichia leucophrys",2020,12,19,"4fa7b334-ce0d-4e88-aaae-2e0c138d049e","3296641022"
32.24975,-110.80673,1,"Polioptilidae","Polioptila melanura",2020,12,19,"4fa7b334-ce0d-4e88-aaae-2e0c138d049e","3291445147"
32.24975,-110.80673,1,"Columbidae","Streptopelia decaocto",2020,12,19,"4fa7b334-ce0d-4e88-aaae-2e0c138d049e","3297501159"
32.24975,-110.80673,1,"Tyrannidae","Pyrocephalus rubinus",2020,12,19,"4fa7b334-ce0d-4e88-aaae-2e0c138d049e","3293373961"
32.24975,-110.80673,1,"Cardinalidae","Cardinalis sinuatus",2020,12,19,"4fa7b334-ce0d-4e88-aaae-2e0c138d049e","3294927070"
32.24975,-110.80673,2,"Trochilidae","Calypte anna",2020,12,19,"4fa7b334-ce0d-4e88-aaae-2e0c138d049e","3296300984"
32.24975,-110.80673,5,"Fringillidae","Haemorhous mexicanus",2020,12,19,"4fa7b334-ce0d-4e88-aaae-2e0c138d049e","3296296915"
32.24975,-110.80673,1,"Fringillidae","Spinus psaltria",2020,12,19,"4fa7b334-ce0d-4e88-aaae-2e0c138d049e","3295275877"
32.24975,-110.80673,1,"Cardinalidae","Cardinalis cardinalis",2020,12,19,"4fa7b334-ce0d-4e88-aaae-2e0c138d049e","3299258880"
32.24975,-110.80673,2,"Emberizidae","Amphispiza bilineata",2020,12,19,"4fa7b334-ce0d-4e88-aaae-2e0c138d049e","3298140005"
32.24975,-110.80673,3,"Parulidae","Setophaga coronata",2020,12,19,"4fa7b334-ce0d-4e88-aaae-2e0c138d049e","3298046710"
32.24975,-110.80673,13,"Emberizidae","Melozone aberti",2020,12,19,"4fa7b334-ce0d-4e88-aaae-2e0c138d049e","3296419809"
32.24975,-110.80673,1,"Picidae","Colaptes auratus",2020,12,19,"4fa7b334-ce0d-4e88-aaae-2e0c138d049e","3301246902"
32.24975,-110.80673,1,"Icteridae","Quiscalus mexicanus",2020,12,19,"4fa7b334-ce0d-4e88-aaae-2e0c138d049e","3295704115"
32.24975,-110.80673,6,"Picidae","Melanerpes uropygialis",2020,12,19,"4fa7b334-ce0d-4e88-aaae-2e0c138d049e","3295715894"
32.24975,-110.80673,4,"Emberizidae","Peucaea carpalis",2020,12,19,"4fa7b334-ce0d-4e88-aaae-2e0c138d049e","3300586866"
32.24975,-110.80673,17,"Corvidae","Corvus corax",2020,12,19,"4fa7b334-ce0d-4e88-aaae-2e0c138d049e","3299435897"
32.24975,-110.80673,1,"Tyrannidae","Empidonax wrightii",2020,12,19,"4fa7b334-ce0d-4e88-aaae-2e0c138d049e","3299770254"
32.24975,-110.80673,1,"Ptilogonatidae","Phainopepla nitens",2020,12,19,"4fa7b334-ce0d-4e88-aaae-2e0c138d049e","3301215170"
32.24975,-110.80673,1,"Falconidae","Falco sparverius",2020,12,19,"4fa7b334-ce0d-4e88-aaae-2e0c138d049e","3206178232"
32.24975,-110.80673,1,"Strigidae","Bubo virginianus",2020,12,19,"4fa7b334-ce0d-4e88-aaae-2e0c138d049e","3213105930"
32.24975,-110.80673,2,"Accipitridae","Buteo jamaicensis",2020,12,19,"4fa7b334-ce0d-4e88-aaae-2e0c138d049e","3200725042"
32.24975,-110.80673,5,"Emberizidae","Amphispiza bilineata",2020,12,21,"4fa7b334-ce0d-4e88-aaae-2e0c138d049e","3267770161"
32.24975,-110.80673,2,"Emberizidae","Passerculus sandwichensis",2020,12,21,"4fa7b334-ce0d-4e88-aaae-2e0c138d049e","3282828095"
32.24975,-110.80673,1,"Fringillidae","Haemorhous mexicanus",2020,12,21,"4fa7b334-ce0d-4e88-aaae-2e0c138d049e","3276647936"
32.24975,-110.80673,1,"Emberizidae","Pooecetes gramineus",2020,12,21,"4fa7b334-ce0d-4e88-aaae-2e0c138d049e","3264763871"
32.24975,-110.80673,14,"Columbidae","Zenaida macroura",2020,12,21,"4fa7b334-ce0d-4e88-aaae-2e0c138d049e","3274488687"
32.24975,-110.80673,2,"Picidae","Melanerpes uropygialis",2020,12,21,"4fa7b334-ce0d-4e88-aaae-2e0c138d049e","3280628790"
32.24975,-110.80673,1,"Emberizidae","Peucaea carpalis",2020,12,21,"4fa7b334-ce0d-4e88-aaae-2e0c138d049e","3280256999"
32.24975,-110.80673,14,"Emberizidae","Zonotrichia leucophrys",2020,12,21,"4fa7b334-ce0d-4e88-aaae-2e0c138d049e","3275225092"
32.24975,-110.80673,3,"Tyrannidae","Pyrocephalus rubinus",2020,12,21,"4fa7b334-ce0d-4e88-aaae-2e0c138d049e","3267872254"
32.24975,-110.80673,1,"Mimidae","Mimus polyglottos",2020,12,21,"4fa7b334-ce0d-4e88-aaae-2e0c138d049e","3288989902"
32.24975,-110.80673,1,"Tyrannidae","Sayornis saya",2020,12,21,"4fa7b334-ce0d-4e88-aaae-2e0c138d049e","3276630916"
32.24975,-110.80673,1,"Ptilogonatidae","Phainopepla nitens",2020,12,21,"4fa7b334-ce0d-4e88-aaae-2e0c138d049e","3274609843"
32.24975,-110.80673,1,"Emberizidae","Melozone aberti",2020,12,21,"4fa7b334-ce0d-4e88-aaae-2e0c138d049e","3277418771"
32.24975,-110.80673,6,"Turdidae","Sialia mexicana",2020,12,21,"4fa7b334-ce0d-4e88-aaae-2e0c138d049e","3262393610"
32.24975,-110.80673,1,"Falconidae","Falco sparverius",2020,12,21,"4fa7b334-ce0d-4e88-aaae-2e0c138d049e","3301194954"
32.244537,-110.8055,1,"Tyrannidae","Pyrocephalus rubinus",2019,1,11,"4fa7b334-ce0d-4e88-aaae-2e0c138d049e","2659365863"
32.249683,-110.805,1,"Columbidae","Columba livia",2019,2,12,"4fa7b334-ce0d-4e88-aaae-2e0c138d049e","2658470752"
32.249683,-110.805,5,"Picidae","Melanerpes uropygialis",2019,2,12,"4fa7b334-ce0d-4e88-aaae-2e0c138d049e","2658614700"
32.249683,-110.805,1,"Columbidae","Streptopelia decaocto",2019,2,12,"4fa7b334-ce0d-4e88-aaae-2e0c138d049e","2656579679"
32.249683,-110.805,1,"Fringillidae","Haemorhous mexicanus",2019,2,12,"4fa7b334-ce0d-4e88-aaae-2e0c138d049e","2666096621"
32.249683,-110.805,1,"Parulidae","Leiothlypis celata",2019,2,12,"4fa7b334-ce0d-4e88-aaae-2e0c138d049e","2655891505"
32.249683,-110.805,1,"Ptilogonatidae","Phainopepla nitens",2019,2,12,"4fa7b334-ce0d-4e88-aaae-2e0c138d049e","2668349691"
32.249683,-110.805,3,"Trochilidae","Calypte anna",2019,2,12,"4fa7b334-ce0d-4e88-aaae-2e0c138d049e","2669581731"
32.249683,-110.805,2,"Picidae","Colaptes auratus",2019,2,12,"4fa7b334-ce0d-4e88-aaae-2e0c138d049e","2657772674"
32.249683,-110.805,1,"Sturnidae","Sturnus vulgaris",2019,2,12,"4fa7b334-ce0d-4e88-aaae-2e0c138d049e","2657551732"
32.249683,-110.805,2,"Icteridae","Quiscalus mexicanus",2019,2,12,"4fa7b334-ce0d-4e88-aaae-2e0c138d049e","2657918871"
32.249683,-110.805,3,"Columbidae","Zenaida macroura",2019,2,12,"4fa7b334-ce0d-4e88-aaae-2e0c138d049e","2656375690"
32.249683,-110.805,3,"Remizidae","Auriparus flaviceps",2019,2,12,"4fa7b334-ce0d-4e88-aaae-2e0c138d049e","2657011608"
32.249683,-110.805,1,"Picidae","Melanerpes uropygialis",2019,2,12,"4fa7b334-ce0d-4e88-aaae-2e0c138d049e","2743278506"
32.249683,-110.805,1,"Picidae","Melanerpes uropygialis",2019,2,12,"4fa7b334-ce0d-4e88-aaae-2e0c138d049e","2659465702"
32.249683,-110.805,1,"Columbidae","Columba livia",2019,2,12,"4fa7b334-ce0d-4e88-aaae-2e0c138d049e","2734889651"
32.249683,-110.805,5,"Picidae","Melanerpes uropygialis",2019,2,12,"4fa7b334-ce0d-4e88-aaae-2e0c138d049e","2728248805"
32.249683,-110.805,1,"Columbidae","Streptopelia decaocto",2019,2,12,"4fa7b334-ce0d-4e88-aaae-2e0c138d049e","2728651670"
32.249683,-110.805,1,"Fringillidae","Haemorhous mexicanus",2019,2,12,"4fa7b334-ce0d-4e88-aaae-2e0c138d049e","2734949619"
32.249683,-110.805,1,"Parulidae","Leiothlypis celata",2019,2,12,"4fa7b334-ce0d-4e88-aaae-2e0c138d049e","2734058693"
32.249683,-110.805,1,"Ptilogonatidae","Phainopepla nitens",2019,2,12,"4fa7b334-ce0d-4e88-aaae-2e0c138d049e","2757627634"
32.249683,-110.805,3,"Trochilidae","Calypte anna",2019,2,12,"4fa7b334-ce0d-4e88-aaae-2e0c138d049e","2728300502"
32.249683,-110.805,2,"Picidae","Colaptes auratus",2019,2,12,"4fa7b334-ce0d-4e88-aaae-2e0c138d049e","2733920471"
32.249683,-110.805,1,"Sturnidae","Sturnus vulgaris",2019,2,12,"4fa7b334-ce0d-4e88-aaae-2e0c138d049e","2734859571"
32.249683,-110.805,2,"Icteridae","Quiscalus mexicanus",2019,2,12,"4fa7b334-ce0d-4e88-aaae-2e0c138d049e","2737214694"
32.249683,-110.805,3,"Columbidae","Zenaida macroura",2019,2,12,"4fa7b334-ce0d-4e88-aaae-2e0c138d049e","2730185651"
32.249683,-110.805,3,"Remizidae","Auriparus flaviceps",2019,2,12,"4fa7b334-ce0d-4e88-aaae-2e0c138d049e","2742395674"
32.24552,-110.80342,1,"Columbidae","Zenaida asiatica",2019,4,7,"4fa7b334-ce0d-4e88-aaae-2e0c138d049e","2678005474"
32.24552,-110.80342,1,"Columbidae","Streptopelia decaocto",2019,4,7,"4fa7b334-ce0d-4e88-aaae-2e0c138d049e","2687092526"
32.24917,-110.80413,1,"Accipitridae","Buteo jamaicensis",2019,4,11,"4fa7b334-ce0d-4e88-aaae-2e0c138d049e","2668956699"
32.24917,-110.80413,1,"Icteridae","Icterus cucullatus",2019,4,11,"4fa7b334-ce0d-4e88-aaae-2e0c138d049e","2742909693"
32.24917,-110.80413,2,"Parulidae","Leiothlypis luciae",2019,4,11,"4fa7b334-ce0d-4e88-aaae-2e0c138d049e","2737753575"
32.24917,-110.80413,2,"Trochilidae","Archilochus alexandri",2019,4,11,"4fa7b334-ce0d-4e88-aaae-2e0c138d049e","2736102664"
32.24917,-110.80413,1,"Accipitridae","Accipiter cooperii",2019,4,11,"4fa7b334-ce0d-4e88-aaae-2e0c138d049e","2730554625"
32.24917,-110.80413,3,"Picidae","Melanerpes uropygialis",2019,4,11,"4fa7b334-ce0d-4e88-aaae-2e0c138d049e","2742279692"
32.24917,-110.80413,3,"Ptilogonatidae","Phainopepla nitens",2019,4,11,"4fa7b334-ce0d-4e88-aaae-2e0c138d049e","2732163700"
32.24917,-110.80413,3,"Fringillidae","Haemorhous mexicanus",2019,4,11,"4fa7b334-ce0d-4e88-aaae-2e0c138d049e","2735732780"
32.24917,-110.80413,3,"Trochilidae","Calypte anna",2019,4,11,"4fa7b334-ce0d-4e88-aaae-2e0c138d049e","2735083732"
32.24917,-110.80413,4,"Fringillidae","Spinus psaltria",2019,4,11,"4fa7b334-ce0d-4e88-aaae-2e0c138d049e","2742511865"
32.24917,-110.80413,2,"Tyrannidae","Myiarchus cinerascens",2019,4,11,"4fa7b334-ce0d-4e88-aaae-2e0c138d049e","2739929874"
32.24917,-110.80413,5,"Trochilidae","Cynanthus latirostris",2019,4,11,"4fa7b334-ce0d-4e88-aaae-2e0c138d049e","2772815048"
32.24917,-110.80413,2,"Tyrannidae","Pyrocephalus rubinus",2019,4,11,"4fa7b334-ce0d-4e88-aaae-2e0c138d049e","2751423090"
32.24917,-110.80413,6,"Columbidae","Zenaida macroura",2019,4,11,"4fa7b334-ce0d-4e88-aaae-2e0c138d049e","2754509903"
32.249683,-110.805,1,"Vireonidae","Vireo bellii",2019,5,6,"4fa7b334-ce0d-4e88-aaae-2e0c138d049e","2681182319"
32.249683,-110.805,1,"Emberizidae","Melozone aberti",2019,5,6,"4fa7b334-ce0d-4e88-aaae-2e0c138d049e","2676356401"
32.249683,-110.805,3,"Parulidae","Leiothlypis luciae",2019,5,6,"4fa7b334-ce0d-4e88-aaae-2e0c138d049e","2671828269"
32.249683,-110.805,2,"Accipitridae","Accipiter cooperii",2019,5,6,"4fa7b334-ce0d-4e88-aaae-2e0c138d049e","2688933214"
32.249683,-110.805,2,"Trochilidae","Calypte anna",2019,5,6,"4fa7b334-ce0d-4e88-aaae-2e0c138d049e","2685146066"
32.249683,-110.805,2,"Fringillidae","Spinus psaltria",2019,5,6,"4fa7b334-ce0d-4e88-aaae-2e0c138d049e","2742300015"
32.249683,-110.805,1,"Tyrannidae","Contopus sordidulus",2019,5,6,"4fa7b334-ce0d-4e88-aaae-2e0c138d049e","2732549050"
32.249683,-110.805,1,"Remizidae","Auriparus flaviceps",2019,5,6,"4fa7b334-ce0d-4e88-aaae-2e0c138d049e","2747309186"
32.249683,-110.805,1,"Trochilidae","Archilochus alexandri",2019,5,6,"4fa7b334-ce0d-4e88-aaae-2e0c138d049e","2735123125"
32.249683,-110.805,1,"Columbidae","Streptopelia decaocto",2019,5,6,"4fa7b334-ce0d-4e88-aaae-2e0c138d049e","2739041182"
32.249683,-110.805,1,"Hirundinidae","Stelgidopteryx serripennis",2019,5,6,"4fa7b334-ce0d-4e88-aaae-2e0c138d049e","2747730321"
32.249683,-110.805,2,"Columbidae","Zenaida asiatica",2019,5,6,"4fa7b334-ce0d-4e88-aaae-2e0c138d049e","2749454363"
32.249683,-110.805,1,"Picidae","Melanerpes uropygialis",2019,5,6,"4fa7b334-ce0d-4e88-aaae-2e0c138d049e","2673738507"
32.249683,-110.805,1,"Parulidae","Setophaga petechia",2019,5,6,"4fa7b334-ce0d-4e88-aaae-2e0c138d049e","2672671351"
32.249683,-110.805,1,"Parulidae","Leiothlypis luciae",2019,5,6,"4fa7b334-ce0d-4e88-aaae-2e0c138d049e","2671347353"
32.249683,-110.805,2,"Fringillidae","Spinus psaltria",2019,5,6,"4fa7b334-ce0d-4e88-aaae-2e0c138d049e","2687704256"
32.249683,-110.805,1,"Trochilidae","Calypte anna",2019,5,6,"4fa7b334-ce0d-4e88-aaae-2e0c138d049e","2681351130"
32.249683,-110.805,1,"Vireonidae","Vireo bellii",2019,5,6,"4fa7b334-ce0d-4e88-aaae-2e0c138d049e","2670691154"
32.249683,-110.805,10,"Sturnidae","Sturnus vulgaris",2019,5,6,"4fa7b334-ce0d-4e88-aaae-2e0c138d049e","2690594206"
32.249683,-110.805,1,"Vireonidae","Vireo bellii",2019,5,6,"4fa7b334-ce0d-4e88-aaae-2e0c138d049e","2694227317"
32.249683,-110.805,1,"Emberizidae","Melozone aberti",2019,5,6,"4fa7b334-ce0d-4e88-aaae-2e0c138d049e","2675028436"
32.249683,-110.805,3,"Parulidae","Leiothlypis luciae",2019,5,6,"4fa7b334-ce0d-4e88-aaae-2e0c138d049e","2672256258"
32.249683,-110.805,2,"Accipitridae","Accipiter cooperii",2019,5,6,"4fa7b334-ce0d-4e88-aaae-2e0c138d049e","2676016330"
32.249683,-110.805,2,"Trochilidae","Calypte anna",2019,5,6,"4fa7b334-ce0d-4e88-aaae-2e0c138d049e","2687636281"
32.249683,-110.805,2,"Fringillidae","Spinus psaltria",2019,5,6,"4fa7b334-ce0d-4e88-aaae-2e0c138d049e","2682398221"
32.249683,-110.805,1,"Tyrannidae","Contopus sordidulus",2019,5,6,"4fa7b334-ce0d-4e88-aaae-2e0c138d049e","2674605194"
32.249683,-110.805,1,"Remizidae","Auriparus flaviceps",2019,5,6,"4fa7b334-ce0d-4e88-aaae-2e0c138d049e","2672572251"
32.249683,-110.805,1,"Trochilidae","Archilochus alexandri",2019,5,6,"4fa7b334-ce0d-4e88-aaae-2e0c138d049e","2674756403"
32.249683,-110.805,1,"Columbidae","Streptopelia decaocto",2019,5,6,"4fa7b334-ce0d-4e88-aaae-2e0c138d049e","2676537429"
32.249683,-110.805,1,"Hirundinidae","Stelgidopteryx serripennis",2019,5,6,"4fa7b334-ce0d-4e88-aaae-2e0c138d049e","2683073313"
32.249683,-110.805,2,"Columbidae","Zenaida asiatica",2019,5,6,"4fa7b334-ce0d-4e88-aaae-2e0c138d049e","2696645234"
32.249683,-110.805,1,"Picidae","Melanerpes uropygialis",2019,5,6,"4fa7b334-ce0d-4e88-aaae-2e0c138d049e","2672506313"
32.249683,-110.805,1,"Parulidae","Setophaga petechia",2019,5,6,"4fa7b334-ce0d-4e88-aaae-2e0c138d049e","2676309317"
32.249683,-110.805,1,"Parulidae","Leiothlypis luciae",2019,5,6,"4fa7b334-ce0d-4e88-aaae-2e0c138d049e","2684302182"
32.249683,-110.805,2,"Fringillidae","Spinus psaltria",2019,5,6,"4fa7b334-ce0d-4e88-aaae-2e0c138d049e","2695165265"
32.249683,-110.805,1,"Trochilidae","Calypte anna",2019,5,6,"4fa7b334-ce0d-4e88-aaae-2e0c138d049e","2692996266"
32.249683,-110.805,1,"Vireonidae","Vireo bellii",2019,5,6,"4fa7b334-ce0d-4e88-aaae-2e0c138d049e","2682398222"
32.249683,-110.805,10,"Sturnidae","Sturnus vulgaris",2019,5,6,"4fa7b334-ce0d-4e88-aaae-2e0c138d049e","2674605195"
32.244537,-110.8055,1,"Odontophoridae","Callipepla gambelii",2019,7,7,"4fa7b334-ce0d-4e88-aaae-2e0c138d049e","2783122081"
32.244537,-110.8055,2,"Cuculidae","Geococcyx californianus",2019,7,8,"4fa7b334-ce0d-4e88-aaae-2e0c138d049e","2685896312"
32.244537,-110.8055,20,"Fringillidae","Spinus psaltria",2019,7,6,"4fa7b334-ce0d-4e88-aaae-2e0c138d049e","2689032214"
32.249683,-110.805,1,"Vireonidae","Vireo bellii",2019,7,25,"4fa7b334-ce0d-4e88-aaae-2e0c138d049e","2783053886"
32.249683,-110.805,1,"Trochilidae","Archilochus alexandri",2019,7,25,"4fa7b334-ce0d-4e88-aaae-2e0c138d049e","2785674865"
32.249683,-110.805,2,"Picidae","Melanerpes uropygialis",2019,7,25,"4fa7b334-ce0d-4e88-aaae-2e0c138d049e","2783592972"
32.249683,-110.805,2,"Accipitridae","Accipiter cooperii",2019,7,25,"4fa7b334-ce0d-4e88-aaae-2e0c138d049e","2783347799"
32.249683,-110.805,1,"Columbidae","Zenaida asiatica",2019,7,25,"4fa7b334-ce0d-4e88-aaae-2e0c138d049e","2790574807"
32.249683,-110.805,5,"Ptilogonatidae","Phainopepla nitens",2019,7,25,"4fa7b334-ce0d-4e88-aaae-2e0c138d049e","2790438815"
32.249683,-110.805,1,"Troglodytidae","Thryomanes bewickii",2019,7,25,"4fa7b334-ce0d-4e88-aaae-2e0c138d049e","2790573772"
32.249683,-110.805,1,"Tyrannidae","Myiarchus tyrannulus",2019,7,25,"4fa7b334-ce0d-4e88-aaae-2e0c138d049e","2703100057"
32.249683,-110.805,1,"Polioptilidae","Polioptila melanura",2019,7,25,"4fa7b334-ce0d-4e88-aaae-2e0c138d049e","2687504085"
32.249683,-110.805,1,"Columbidae","Streptopelia decaocto",2019,7,25,"4fa7b334-ce0d-4e88-aaae-2e0c138d049e","2703413139"
32.249683,-110.805,2,"Emberizidae","Melozone aberti",2019,7,25,"4fa7b334-ce0d-4e88-aaae-2e0c138d049e","2711845937"
32.249683,-110.805,5,"Remizidae","Auriparus flaviceps",2019,7,25,"4fa7b334-ce0d-4e88-aaae-2e0c138d049e","2689742953"
32.249683,-110.805,2,"Remizidae","Auriparus flaviceps",2019,7,25,"4fa7b334-ce0d-4e88-aaae-2e0c138d049e","2709952016"
32.249683,-110.805,2,"Columbidae","Zenaida macroura",2019,7,25,"4fa7b334-ce0d-4e88-aaae-2e0c138d049e","2690632147"
32.249683,-110.805,1,"Vireonidae","Vireo bellii",2019,7,25,"4fa7b334-ce0d-4e88-aaae-2e0c138d049e","2697664448"
32.249683,-110.805,1,"Trochilidae","Archilochus alexandri",2019,7,25,"4fa7b334-ce0d-4e88-aaae-2e0c138d049e","2688106609"
32.249683,-110.805,2,"Picidae","Melanerpes uropygialis",2019,7,25,"4fa7b334-ce0d-4e88-aaae-2e0c138d049e","2706613301"
32.249683,-110.805,2,"Accipitridae","Accipiter cooperii",2019,7,25,"4fa7b334-ce0d-4e88-aaae-2e0c138d049e","2693716491"
32.249683,-110.805,1,"Columbidae","Zenaida asiatica",2019,7,25,"4fa7b334-ce0d-4e88-aaae-2e0c138d049e","2691502388"
32.249683,-110.805,5,"Ptilogonatidae","Phainopepla nitens",2019,7,25,"4fa7b334-ce0d-4e88-aaae-2e0c138d049e","2690660367"
32.249683,-110.805,1,"Troglodytidae","Thryomanes bewickii",2019,7,25,"4fa7b334-ce0d-4e88-aaae-2e0c138d049e","2689732326"
32.249683,-110.805,1,"Tyrannidae","Myiarchus tyrannulus",2019,7,25,"4fa7b334-ce0d-4e88-aaae-2e0c138d049e","2704154156"
32.249683,-110.805,1,"Polioptilidae","Polioptila melanura",2019,7,25,"4fa7b334-ce0d-4e88-aaae-2e0c138d049e","2702392213"
32.249683,-110.805,1,"Columbidae","Streptopelia decaocto",2019,7,25,"4fa7b334-ce0d-4e88-aaae-2e0c138d049e","2689176410"
32.249683,-110.805,2,"Emberizidae","Melozone aberti",2019,7,25,"4fa7b334-ce0d-4e88-aaae-2e0c138d049e","2689000191"
32.249683,-110.805,5,"Remizidae","Auriparus flaviceps",2019,7,25,"4fa7b334-ce0d-4e88-aaae-2e0c138d049e","2700608378"
32.249683,-110.805,2,"Remizidae","Auriparus flaviceps",2019,7,25,"4fa7b334-ce0d-4e88-aaae-2e0c138d049e","2744195515"
32.249683,-110.805,2,"Columbidae","Zenaida macroura",2019,7,25,"4fa7b334-ce0d-4e88-aaae-2e0c138d049e","2748909625"
32.249683,-110.805,1,"Fringillidae","Haemorhous mexicanus",2019,9,6,"4fa7b334-ce0d-4e88-aaae-2e0c138d049e","2748329776"
32.249683,-110.805,1,"Columbidae","Zenaida macroura",2019,9,6,"4fa7b334-ce0d-4e88-aaae-2e0c138d049e","2780454764"
32.249683,-110.805,1,"Fringillidae","Spinus psaltria",2019,9,6,"4fa7b334-ce0d-4e88-aaae-2e0c138d049e","2765244706"
32.249683,-110.805,1,"Picidae","Melanerpes uropygialis",2019,9,6,"4fa7b334-ce0d-4e88-aaae-2e0c138d049e","2768359808"
32.249683,-110.805,1,"Trochilidae","Cynanthus latirostris",2019,9,6,"4fa7b334-ce0d-4e88-aaae-2e0c138d049e","2748532960"
32.249683,-110.805,2,"Accipitridae","Accipiter cooperii",2019,9,6,"4fa7b334-ce0d-4e88-aaae-2e0c138d049e","2757755887"
32.249683,-110.805,1,"Strigidae","Bubo virginianus",2019,9,6,"4fa7b334-ce0d-4e88-aaae-2e0c138d049e","2779687947"
32.249683,-110.805,1,"Trochilidae","Archilochus alexandri",2019,9,6,"4fa7b334-ce0d-4e88-aaae-2e0c138d049e","2752312939"
32.249683,-110.805,1,"Vireonidae","Vireo bellii",2019,9,6,"4fa7b334-ce0d-4e88-aaae-2e0c138d049e","2753811937"
32.249683,-110.805,3,"Remizidae","Auriparus flaviceps",2019,9,6,"4fa7b334-ce0d-4e88-aaae-2e0c138d049e","2776225997"
32.249683,-110.805,1,"Trochilidae","Cynanthus latirostris",2019,9,6,"4fa7b334-ce0d-4e88-aaae-2e0c138d049e","2708800034"
32.249683,-110.805,1,"Cathartidae","Cathartes aura",2019,9,6,"4fa7b334-ce0d-4e88-aaae-2e0c138d049e","2697002101"
32.249683,-110.805,1,"Remizidae","Auriparus flaviceps",2019,9,6,"4fa7b334-ce0d-4e88-aaae-2e0c138d049e","2697460223"
32.249683,-110.805,1,"Picidae","Dryobates scalaris",2019,9,6,"4fa7b334-ce0d-4e88-aaae-2e0c138d049e","2696689289"
32.249683,-110.805,1,"Fringillidae","Haemorhous mexicanus",2019,9,6,"4fa7b334-ce0d-4e88-aaae-2e0c138d049e","2794612593"
32.249683,-110.805,1,"Columbidae","Zenaida macroura",2019,9,6,"4fa7b334-ce0d-4e88-aaae-2e0c138d049e","2790382631"
32.249683,-110.805,1,"Fringillidae","Spinus psaltria",2019,9,6,"4fa7b334-ce0d-4e88-aaae-2e0c138d049e","2795337776"
32.249683,-110.805,1,"Picidae","Melanerpes uropygialis",2019,9,6,"4fa7b334-ce0d-4e88-aaae-2e0c138d049e","2795544728"
32.249683,-110.805,1,"Trochilidae","Cynanthus latirostris",2019,9,6,"4fa7b334-ce0d-4e88-aaae-2e0c138d049e","2796045911"
32.249683,-110.805,2,"Accipitridae","Accipiter cooperii",2019,9,6,"4fa7b334-ce0d-4e88-aaae-2e0c138d049e","2795601852"
32.249683,-110.805,1,"Strigidae","Bubo virginianus",2019,9,6,"4fa7b334-ce0d-4e88-aaae-2e0c138d049e","2795013827"
32.249683,-110.805,1,"Trochilidae","Archilochus alexandri",2019,9,6,"4fa7b334-ce0d-4e88-aaae-2e0c138d049e","2798844001"
32.249683,-110.805,1,"Vireonidae","Vireo bellii",2019,9,6,"4fa7b334-ce0d-4e88-aaae-2e0c138d049e","2711443623"
32.249683,-110.805,3,"Remizidae","Auriparus flaviceps",2019,9,6,"4fa7b334-ce0d-4e88-aaae-2e0c138d049e","2705085844"
32.249683,-110.805,1,"Trochilidae","Cynanthus latirostris",2019,9,6,"4fa7b334-ce0d-4e88-aaae-2e0c138d049e","2710291008"
32.249683,-110.805,1,"Cathartidae","Cathartes aura",2019,9,6,"4fa7b334-ce0d-4e88-aaae-2e0c138d049e","2694871908"
32.249683,-110.805,1,"Remizidae","Auriparus flaviceps",2019,9,6,"4fa7b334-ce0d-4e88-aaae-2e0c138d049e","2710486987"
32.249683,-110.805,1,"Picidae","Dryobates scalaris",2019,9,6,"4fa7b334-ce0d-4e88-aaae-2e0c138d049e","2718306117"
32.244537,-110.8055,7,"Fringillidae","Spinus psaltria",2019,11,20,"4fa7b334-ce0d-4e88-aaae-2e0c138d049e","2759666210"
32.24975,-110.80673,4,"Columbidae","Zenaida macroura",2019,12,14,"4fa7b334-ce0d-4e88-aaae-2e0c138d049e","2786695138"
32.24975,-110.80673,1,"Tyrannidae","Sayornis saya",2019,12,14,"4fa7b334-ce0d-4e88-aaae-2e0c138d049e","2799515180"
32.24975,-110.80673,1,"Ptilogonatidae","Phainopepla nitens",2019,12,14,"4fa7b334-ce0d-4e88-aaae-2e0c138d049e","2799027136"
32.24975,-110.80673,1,"Emberizidae","Melozone aberti",2019,12,14,"4fa7b334-ce0d-4e88-aaae-2e0c138d049e","2797929085"
32.24975,-110.80673,3,"Trochilidae","Calypte anna",2019,12,14,"4fa7b334-ce0d-4e88-aaae-2e0c138d049e","2801747024"
32.24975,-110.80673,3,"Icteridae","Quiscalus mexicanus",2019,12,14,"4fa7b334-ce0d-4e88-aaae-2e0c138d049e","2798855948"
32.24975,-110.80673,1,"Parulidae","Setophaga coronata",2019,12,14,"4fa7b334-ce0d-4e88-aaae-2e0c138d049e","2801734084"
32.24975,-110.80673,1,"Picidae","Dryobates scalaris",2019,12,14,"4fa7b334-ce0d-4e88-aaae-2e0c138d049e","2799251835"
32.24975,-110.80673,1,"Emberizidae","Peucaea carpalis",2019,12,14,"4fa7b334-ce0d-4e88-aaae-2e0c138d049e","2796198108"
32.24975,-110.80673,5,"Emberizidae","Zonotrichia leucophrys",2019,12,14,"4fa7b334-ce0d-4e88-aaae-2e0c138d049e","2792991024"
32.24975,-110.80673,1,"Regulidae","Regulus calendula",2019,12,14,"4fa7b334-ce0d-4e88-aaae-2e0c138d049e","2794336042"
32.24975,-110.80673,2,"Cuculidae","Geococcyx californianus",2019,12,14,"4fa7b334-ce0d-4e88-aaae-2e0c138d049e","2791090106"
32.24975,-110.80673,1,"Picidae","Melanerpes uropygialis",2019,12,14,"4fa7b334-ce0d-4e88-aaae-2e0c138d049e","2791800121"
32.24975,-110.80673,2,"Tyrannidae","Pyrocephalus rubinus",2019,12,14,"4fa7b334-ce0d-4e88-aaae-2e0c138d049e","2797146306"
32.24975,-110.80673,4,"Columbidae","Zenaida macroura",2019,12,14,"4fa7b334-ce0d-4e88-aaae-2e0c138d049e","2799572618"
32.24975,-110.80673,1,"Tyrannidae","Sayornis saya",2019,12,14,"4fa7b334-ce0d-4e88-aaae-2e0c138d049e","2799093574"
32.24975,-110.80673,1,"Ptilogonatidae","Phainopepla nitens",2019,12,14,"4fa7b334-ce0d-4e88-aaae-2e0c138d049e","2798022526"
32.24975,-110.80673,1,"Emberizidae","Melozone aberti",2019,12,14,"4fa7b334-ce0d-4e88-aaae-2e0c138d049e","2801756466"
32.24975,-110.80673,3,"Trochilidae","Calypte anna",2019,12,14,"4fa7b334-ce0d-4e88-aaae-2e0c138d049e","2798932389"
32.24975,-110.80673,3,"Icteridae","Quiscalus mexicanus",2019,12,14,"4fa7b334-ce0d-4e88-aaae-2e0c138d049e","2801743531"
32.24975,-110.80673,1,"Parulidae","Setophaga coronata",2019,12,14,"4fa7b334-ce0d-4e88-aaae-2e0c138d049e","2799252280"
32.24975,-110.80673,1,"Picidae","Dryobates scalaris",2019,12,14,"4fa7b334-ce0d-4e88-aaae-2e0c138d049e","2790630384"
32.24975,-110.80673,1,"Emberizidae","Peucaea carpalis",2019,12,14,"4fa7b334-ce0d-4e88-aaae-2e0c138d049e","2791202475"
32.24975,-110.80673,5,"Emberizidae","Zonotrichia leucophrys",2019,12,14,"4fa7b334-ce0d-4e88-aaae-2e0c138d049e","2792284666"
32.24975,-110.80673,1,"Regulidae","Regulus calendula",2019,12,14,"4fa7b334-ce0d-4e88-aaae-2e0c138d049e","2791286543"
32.24975,-110.80673,2,"Cuculidae","Geococcyx californianus",2019,12,14,"4fa7b334-ce0d-4e88-aaae-2e0c138d049e","2791967558"
32.24975,-110.80673,1,"Picidae","Melanerpes uropygialis",2019,12,14,"4fa7b334-ce0d-4e88-aaae-2e0c138d049e","2797146747"
32.24975,-110.80673,2,"Tyrannidae","Pyrocephalus rubinus",2019,12,14,"4fa7b334-ce0d-4e88-aaae-2e0c138d049e","2790018610"
32.244537,-110.8055,1,"Icteridae","Molothrus ater",2018,1,23,"4fa7b334-ce0d-4e88-aaae-2e0c138d049e","2107897498"
32.245827,-110.80585,1,"Odontophoridae","Callipepla gambelii",2018,4,9,"4fa7b334-ce0d-4e88-aaae-2e0c138d049e","2148241111"
32.244537,-110.8055,1,"Cuculidae","Geococcyx californianus",2018,4,10,"4fa7b334-ce0d-4e88-aaae-2e0c138d049e","2131751430"
32.244537,-110.8055,2,"Fringillidae","Haemorhous mexicanus",2018,4,10,"4fa7b334-ce0d-4e88-aaae-2e0c138d049e","2155737781"
32.244537,-110.8055,2,"Columbidae","Zenaida macroura",2018,4,10,"4fa7b334-ce0d-4e88-aaae-2e0c138d049e","2148244605"
32.244537,-110.8055,1,"Fringillidae","Spinus psaltria",2018,4,11,"4fa7b334-ce0d-4e88-aaae-2e0c138d049e","2149043545"
32.244537,-110.8055,2,"Columbidae","Zenaida macroura",2018,4,11,"4fa7b334-ce0d-4e88-aaae-2e0c138d049e","2145157561"
32.244537,-110.8055,1,"Fringillidae","Haemorhous mexicanus",2018,5,5,"4fa7b334-ce0d-4e88-aaae-2e0c138d049e","2144520424"
32.244537,-110.8055,5,"Columbidae","Zenaida macroura",2018,5,5,"4fa7b334-ce0d-4e88-aaae-2e0c138d049e","2159786750"
32.244537,-110.8055,2,"Fringillidae","Spinus psaltria",2018,5,5,"4fa7b334-ce0d-4e88-aaae-2e0c138d049e","2159796597"
32.244537,-110.8055,1,"Corvidae","Corvus corax",2018,5,5,"4fa7b334-ce0d-4e88-aaae-2e0c138d049e","2167408367"
32.245815,-110.803604,1,"Strigidae","Bubo virginianus",2018,9,17,"4fa7b334-ce0d-4e88-aaae-2e0c138d049e","2198265577"
32.244537,-110.8055,1,"Cuculidae","Geococcyx californianus",2018,10,29,"4fa7b334-ce0d-4e88-aaae-2e0c138d049e","2214521811"
32.24993,-110.80626,21,"Sturnidae","Sturnus vulgaris",2018,12,15,"4fa7b334-ce0d-4e88-aaae-2e0c138d049e","2231988862"
32.24993,-110.80626,10,"Columbidae","Zenaida macroura",2018,12,15,"4fa7b334-ce0d-4e88-aaae-2e0c138d049e","2231988864"
32.24993,-110.80626,2,"Falconidae","Falco sparverius",2018,12,15,"4fa7b334-ce0d-4e88-aaae-2e0c138d049e","2212627441"
32.24993,-110.80626,1,"Mimidae","Mimus polyglottos",2018,12,15,"4fa7b334-ce0d-4e88-aaae-2e0c138d049e","2226071809"
32.24993,-110.80626,4,"Picidae","Dryobates scalaris",2018,12,15,"4fa7b334-ce0d-4e88-aaae-2e0c138d049e","2226070940"
32.24993,-110.80626,9,"Emberizidae","Melozone aberti",2018,12,15,"4fa7b334-ce0d-4e88-aaae-2e0c138d049e","2226067401"
32.24993,-110.80626,3,"Accipitridae","Accipiter cooperii",2018,12,15,"4fa7b334-ce0d-4e88-aaae-2e0c138d049e","2226069539"
32.24993,-110.80626,11,"Ptilogonatidae","Phainopepla nitens",2018,12,15,"4fa7b334-ce0d-4e88-aaae-2e0c138d049e","2226073992"
32.24993,-110.80626,8,"Icteridae","Agelaius phoeniceus",2018,12,15,"4fa7b334-ce0d-4e88-aaae-2e0c138d049e","2212606437"
32.24993,-110.80626,10,"Fringillidae","Spinus psaltria",2018,12,15,"4fa7b334-ce0d-4e88-aaae-2e0c138d049e","2212619729"
32.24993,-110.80626,18,"Fringillidae","Haemorhous mexicanus",2018,12,15,"4fa7b334-ce0d-4e88-aaae-2e0c138d049e","2231988988"
32.24993,-110.80626,4,"Trochilidae","Calypte anna",2018,12,15,"4fa7b334-ce0d-4e88-aaae-2e0c138d049e","2212613245"
32.24993,-110.80626,7,"Corvidae","Corvus corax",2018,12,15,"4fa7b334-ce0d-4e88-aaae-2e0c138d049e","2223151738"
32.24993,-110.80626,1,"Emberizidae","Melospiza lincolnii",2018,12,15,"4fa7b334-ce0d-4e88-aaae-2e0c138d049e","2226073239"
32.24993,-110.80626,8,"Picidae","Melanerpes uropygialis",2018,12,15,"4fa7b334-ce0d-4e88-aaae-2e0c138d049e","2231988989"
32.24993,-110.80626,1,"Picidae","Colaptes auratus",2018,12,15,"4fa7b334-ce0d-4e88-aaae-2e0c138d049e","2231989049"
32.24993,-110.80626,67,"Emberizidae","Zonotrichia leucophrys",2018,12,15,"4fa7b334-ce0d-4e88-aaae-2e0c138d049e","2223150844"
32.24993,-110.80626,1,"Parulidae","Leiothlypis celata",2018,12,15,"4fa7b334-ce0d-4e88-aaae-2e0c138d049e","2223152013"
32.24993,-110.80626,7,"Regulidae","Regulus calendula",2018,12,15,"4fa7b334-ce0d-4e88-aaae-2e0c138d049e","2223151702"
32.24993,-110.80626,2,"Cardinalidae","Cardinalis sinuatus",2018,12,15,"4fa7b334-ce0d-4e88-aaae-2e0c138d049e","2226067560"
32.24993,-110.80626,1,"Vireonidae","Vireo huttoni",2018,12,15,"4fa7b334-ce0d-4e88-aaae-2e0c138d049e","2226070534"
32.24993,-110.80626,3,"Icteridae","Quiscalus mexicanus",2018,12,15,"4fa7b334-ce0d-4e88-aaae-2e0c138d049e","2231988993"
32.24993,-110.80626,12,"Remizidae","Auriparus flaviceps",2018,12,15,"4fa7b334-ce0d-4e88-aaae-2e0c138d049e","2223152334"
32.24993,-110.80626,5,"Polioptilidae","Polioptila melanura",2018,12,15,"4fa7b334-ce0d-4e88-aaae-2e0c138d049e","2231988980"
32.24993,-110.80626,2,"Troglodytidae","Troglodytes aedon",2018,12,15,"4fa7b334-ce0d-4e88-aaae-2e0c138d049e","2223151274"
32.24993,-110.80626,3,"Emberizidae","Peucaea carpalis",2018,12,15,"4fa7b334-ce0d-4e88-aaae-2e0c138d049e","2212607042"
32.24993,-110.80626,10,"Parulidae","Setophaga coronata",2018,12,15,"4fa7b334-ce0d-4e88-aaae-2e0c138d049e","2231988863"
32.24993,-110.80626,3,"Fringillidae","Spinus lawrencei",2018,12,15,"4fa7b334-ce0d-4e88-aaae-2e0c138d049e","2226074709"
32.24993,-110.80626,12,"Odontophoridae","Callipepla gambelii",2018,12,15,"4fa7b334-ce0d-4e88-aaae-2e0c138d049e","2226074458"
32.24917,-110.80413,1,"Accipitridae","Accipiter cooperii",2018,12,10,"4fa7b334-ce0d-4e88-aaae-2e0c138d049e","2223290934"
32.24917,-110.80413,1,"Tyrannidae","Pyrocephalus rubinus",2018,12,10,"4fa7b334-ce0d-4e88-aaae-2e0c138d049e","2223298957"
32.24917,-110.80413,8,"Picidae","Melanerpes uropygialis",2018,12,10,"4fa7b334-ce0d-4e88-aaae-2e0c138d049e","2226220325"
32.24917,-110.80413,1,"Mimidae","Mimus polyglottos",2018,12,10,"4fa7b334-ce0d-4e88-aaae-2e0c138d049e","2212798507"
32.24917,-110.80413,1,"Cardinalidae","Cardinalis sinuatus",2018,12,10,"4fa7b334-ce0d-4e88-aaae-2e0c138d049e","2226219110"
32.24917,-110.80413,1,"Tyrannidae","Sayornis saya",2018,12,10,"4fa7b334-ce0d-4e88-aaae-2e0c138d049e","2223293098"
32.24917,-110.80413,1,"Emberizidae","Melozone aberti",2018,12,10,"4fa7b334-ce0d-4e88-aaae-2e0c138d049e","2223290159"
32.24917,-110.80413,1,"Picidae","Dryobates scalaris",2018,12,10,"4fa7b334-ce0d-4e88-aaae-2e0c138d049e","2223284866"
32.24917,-110.80413,1,"Falconidae","Falco sparverius",2018,12,10,"4fa7b334-ce0d-4e88-aaae-2e0c138d049e","2232034852"
32.24917,-110.80413,10,"Corvidae","Corvus corax",2018,12,10,"4fa7b334-ce0d-4e88-aaae-2e0c138d049e","2212798375"
32.24917,-110.80413,4,"Remizidae","Auriparus flaviceps",2018,12,10,"4fa7b334-ce0d-4e88-aaae-2e0c138d049e","2212798523"
32.24917,-110.80413,6,"Emberizidae","Zonotrichia leucophrys",2018,12,10,"4fa7b334-ce0d-4e88-aaae-2e0c138d049e","2232034765"
32.24917,-110.80413,1,"Ptilogonatidae","Phainopepla nitens",2018,12,10,"4fa7b334-ce0d-4e88-aaae-2e0c138d049e","2212798508"
32.244537,-110.8055,1,"Picidae","Dryobates scalaris",2017,2,6,"4fa7b334-ce0d-4e88-aaae-2e0c138d049e","2038694638"
32.244537,-110.8055,1,"Fringillidae","Spinus psaltria",2017,4,16,"4fa7b334-ce0d-4e88-aaae-2e0c138d049e","2056068357"
32.244537,-110.8055,1,"Sturnidae","Sturnus vulgaris",2017,4,17,"4fa7b334-ce0d-4e88-aaae-2e0c138d049e","2044856825"
32.245827,-110.80585,2,"Odontophoridae","Callipepla gambelii",2017,4,19,"4fa7b334-ce0d-4e88-aaae-2e0c138d049e","2045508096"
32.245827,-110.80585,1,"Columbidae","Zenaida macroura",2017,4,19,"4fa7b334-ce0d-4e88-aaae-2e0c138d049e","2055947323"
32.244537,-110.8055,1,"Cuculidae","Geococcyx californianus",2017,5,5,"4fa7b334-ce0d-4e88-aaae-2e0c138d049e","2068381744"
32.244537,-110.8055,1,"Icteridae","Quiscalus mexicanus",2017,5,7,"4fa7b334-ce0d-4e88-aaae-2e0c138d049e","2063099056"
32.244537,-110.8055,1,"Emberizidae","Melozone aberti",2017,7,7,"4fa7b334-ce0d-4e88-aaae-2e0c138d049e","2067612128"
32.244537,-110.8055,1,"Trochilidae","Cynanthus latirostris",2017,7,8,"4fa7b334-ce0d-4e88-aaae-2e0c138d049e","2067773743"
32.244537,-110.8055,2,"Trochilidae","Cynanthus latirostris",2017,7,9,"4fa7b334-ce0d-4e88-aaae-2e0c138d049e","2067960391"
32.244537,-110.8055,2,"Fringillidae","Spinus psaltria",2017,7,24,"4fa7b334-ce0d-4e88-aaae-2e0c138d049e","2088309056"
32.244537,-110.8055,1,"Accipitridae","Accipiter cooperii",2017,9,23,"4fa7b334-ce0d-4e88-aaae-2e0c138d049e","2082355525"
32.244537,-110.8055,2,"Picidae","Melanerpes uropygialis",2017,11,6,"4fa7b334-ce0d-4e88-aaae-2e0c138d049e","2111014906"
