"decimalLatitude","decimalLongitude","individualCount","family","species","year","month","day","datasetKey","datasetName","gbifID"
32.191723,-110.810295,1,"Accipitridae","Buteo jamaicensis",2021,1,19,"4fa7b334-ce0d-4e88-aaae-2e0c138d049e",NA,"3676503688"
32.191723,-110.810295,4,"Columbidae","Columba livia",2021,1,24,"4fa7b334-ce0d-4e88-aaae-2e0c138d049e",NA,"3627109849"
32.191723,-110.810295,2,"Accipitridae","Buteo jamaicensis",2021,1,24,"4fa7b334-ce0d-4e88-aaae-2e0c138d049e",NA,"3665225895"
32.191723,-110.810295,1,"Accipitridae","Buteo jamaicensis",2021,4,27,"4fa7b334-ce0d-4e88-aaae-2e0c138d049e",NA,"3629063384"
32.191723,-110.810295,1,"Accipitridae","Buteo jamaicensis",2021,9,21,"4fa7b334-ce0d-4e88-aaae-2e0c138d049e",NA,"3581717235"
32.191723,-110.810295,1,"Accipitridae","Accipiter cooperii",2021,10,21,"4fa7b334-ce0d-4e88-aaae-2e0c138d049e",NA,"3545482953"
32.191723,-110.810295,1,"Columbidae","Columba livia",2021,10,21,"4fa7b334-ce0d-4e88-aaae-2e0c138d049e",NA,"3581462179"
32.191723,-110.810295,1,"Corvidae","Corvus corax",2021,10,29,"4fa7b334-ce0d-4e88-aaae-2e0c138d049e",NA,"3533367631"
32.191723,-110.810295,1,"Accipitridae","Accipiter cooperii",2020,1,4,"4fa7b334-ce0d-4e88-aaae-2e0c138d049e",NA,"3134326901"
32.191723,-110.810295,1,"Falconidae","Falco sparverius",2020,1,6,"4fa7b334-ce0d-4e88-aaae-2e0c138d049e",NA,"3219543903"
32.191723,-110.810295,14,"Columbidae","Columba livia",2020,1,6,"4fa7b334-ce0d-4e88-aaae-2e0c138d049e",NA,"3219190905"
32.191723,-110.810295,1,"Accipitridae","Accipiter cooperii",2020,1,17,"4fa7b334-ce0d-4e88-aaae-2e0c138d049e",NA,"3219991487"
32.191723,-110.810295,1,"Accipitridae","Accipiter cooperii",2020,1,23,"4fa7b334-ce0d-4e88-aaae-2e0c138d049e",NA,"3140057625"
32.191723,-110.810295,1,"Columbidae","Zenaida macroura",2020,1,23,"4fa7b334-ce0d-4e88-aaae-2e0c138d049e",NA,"3138660615"
32.191723,-110.810295,8,"Columbidae","Columba livia",2020,1,23,"4fa7b334-ce0d-4e88-aaae-2e0c138d049e",NA,"3147908509"
32.191723,-110.810295,1,"Falconidae","Falco sparverius",2020,1,31,"4fa7b334-ce0d-4e88-aaae-2e0c138d049e",NA,"3220801303"
32.191723,-110.810295,2,"Columbidae","Columba livia",2020,1,31,"4fa7b334-ce0d-4e88-aaae-2e0c138d049e",NA,"3219075264"
32.191723,-110.810295,1,"Accipitridae","Buteo jamaicensis",2020,2,3,"4fa7b334-ce0d-4e88-aaae-2e0c138d049e",NA,"3223631820"
32.191723,-110.810295,1,"Accipitridae","Buteo jamaicensis",2020,6,29,"4fa7b334-ce0d-4e88-aaae-2e0c138d049e",NA,"3249006078"
32.191723,-110.810295,1,"Accipitridae","Buteo jamaicensis",2020,10,23,"4fa7b334-ce0d-4e88-aaae-2e0c138d049e",NA,"3189099409"
32.191723,-110.810295,24,"Columbidae","Columba livia",2020,10,23,"4fa7b334-ce0d-4e88-aaae-2e0c138d049e",NA,"3208926548"
32.191723,-110.810295,3,"Corvidae","Corvus corax",2019,1,1,"4fa7b334-ce0d-4e88-aaae-2e0c138d049e",NA,"2653834650"
32.191723,-110.810295,6,"Columbidae","Columba livia",2019,1,1,"4fa7b334-ce0d-4e88-aaae-2e0c138d049e",NA,"2653784682"
32.187054,-110.80689,1,"Troglodytidae","Campylorhynchus brunneicapillus",2019,1,24,"4fa7b334-ce0d-4e88-aaae-2e0c138d049e",NA,"2732611027"
32.187054,-110.80689,2,"Trochilidae","Calypte anna",2019,1,24,"4fa7b334-ce0d-4e88-aaae-2e0c138d049e",NA,"2728432071"
32.187054,-110.80689,1,"Ptilogonatidae","Phainopepla nitens",2019,1,24,"4fa7b334-ce0d-4e88-aaae-2e0c138d049e",NA,"2729686115"
32.187054,-110.80689,1,"Picidae","Colaptes auratus",2019,1,24,"4fa7b334-ce0d-4e88-aaae-2e0c138d049e",NA,"2729467153"
32.187054,-110.80689,2,"Picidae","Melanerpes uropygialis",2019,1,24,"4fa7b334-ce0d-4e88-aaae-2e0c138d049e",NA,"2728924998"
32.187054,-110.80689,1,"Remizidae","Auriparus flaviceps",2019,1,24,"4fa7b334-ce0d-4e88-aaae-2e0c138d049e",NA,"2733716042"
32.187054,-110.80689,1,"Corvidae","Corvus corax",2019,1,24,"4fa7b334-ce0d-4e88-aaae-2e0c138d049e",NA,"2732811019"
32.187054,-110.80689,2,"Columbidae","Zenaida macroura",2019,1,24,"4fa7b334-ce0d-4e88-aaae-2e0c138d049e",NA,"2733673091"
32.187054,-110.80689,1,"Accipitridae","Buteo jamaicensis",2019,1,24,"4fa7b334-ce0d-4e88-aaae-2e0c138d049e",NA,"2728940974"
32.191723,-110.810295,2,"Accipitridae","Buteo jamaicensis",2019,10,21,"4fa7b334-ce0d-4e88-aaae-2e0c138d049e",NA,"2705590591"
32.191723,-110.810295,9,"Columbidae","Columba livia",2019,10,21,"4fa7b334-ce0d-4e88-aaae-2e0c138d049e",NA,"2704496619"
32.191723,-110.810295,1,"Accipitridae","Buteo jamaicensis",2019,12,9,"4fa7b334-ce0d-4e88-aaae-2e0c138d049e",NA,"2722250291"
32.191723,-110.810295,2,"Corvidae","Corvus corax",2019,12,28,"4fa7b334-ce0d-4e88-aaae-2e0c138d049e",NA,"2714801466"
32.191723,-110.810295,1,"Accipitridae","Accipiter cooperii",2019,12,28,"4fa7b334-ce0d-4e88-aaae-2e0c138d049e",NA,"2721802648"
32.191723,-110.810295,6,"Columbidae","Columba livia",2019,12,28,"4fa7b334-ce0d-4e88-aaae-2e0c138d049e",NA,"2709329673"
32.191723,-110.810295,2,"Falconidae","Falco sparverius",2019,12,28,"4fa7b334-ce0d-4e88-aaae-2e0c138d049e",NA,"2724159898"
32.191723,-110.810295,1,"Ptilogonatidae","Phainopepla nitens",2019,12,29,"4fa7b334-ce0d-4e88-aaae-2e0c138d049e",NA,"2795635542"
32.191723,-110.810295,1,"Accipitridae","Buteo jamaicensis",2019,12,29,"4fa7b334-ce0d-4e88-aaae-2e0c138d049e",NA,"2792668680"
32.191723,-110.810295,1,"Columbidae","Zenaida macroura",2019,12,29,"4fa7b334-ce0d-4e88-aaae-2e0c138d049e",NA,"2795180542"
32.191723,-110.810295,22,"Columbidae","Columba livia",2019,12,29,"4fa7b334-ce0d-4e88-aaae-2e0c138d049e",NA,"2790820771"
32.191723,-110.810295,1,"Picidae","Melanerpes uropygialis",2019,12,29,"4fa7b334-ce0d-4e88-aaae-2e0c138d049e",NA,"2789471484"
32.191723,-110.810295,1,"Accipitridae","Buteo jamaicensis",2018,3,23,"4fa7b334-ce0d-4e88-aaae-2e0c138d049e",NA,"2125112376"
32.191723,-110.810295,2,"Corvidae","Corvus corax",2018,3,23,"4fa7b334-ce0d-4e88-aaae-2e0c138d049e",NA,"2149938994"
32.191723,-110.810295,1,"Accipitridae","Buteo jamaicensis",2018,7,29,"4fa7b334-ce0d-4e88-aaae-2e0c138d049e",NA,"2190571472"
32.191723,-110.810295,2,"Cathartidae","Cathartes aura",2018,10,7,"4fa7b334-ce0d-4e88-aaae-2e0c138d049e",NA,"2192261463"
32.191723,-110.810295,1,"Accipitridae","Accipiter cooperii",2018,10,13,"4fa7b334-ce0d-4e88-aaae-2e0c138d049e",NA,"2209596002"
32.191723,-110.810295,8,"Columbidae","Columba livia",2018,10,17,"4fa7b334-ce0d-4e88-aaae-2e0c138d049e",NA,"2207838369"
32.191723,-110.810295,1,"Accipitridae","Accipiter cooperii",2018,10,17,"4fa7b334-ce0d-4e88-aaae-2e0c138d049e",NA,"2195690467"
32.191723,-110.810295,1,"Accipitridae","Buteo jamaicensis",2018,11,14,"4fa7b334-ce0d-4e88-aaae-2e0c138d049e",NA,"2204189723"
32.191723,-110.810295,17,"Columbidae","Columba livia",2018,11,16,"4fa7b334-ce0d-4e88-aaae-2e0c138d049e",NA,"2216563262"
32.191723,-110.810295,1,"Accipitridae","Buteo jamaicensis",2018,11,16,"4fa7b334-ce0d-4e88-aaae-2e0c138d049e",NA,"2204578448"
32.18866,-110.80911,1,"Caprimulgidae","Chordeiles acutipennis",2017,7,15,"4fa7b334-ce0d-4e88-aaae-2e0c138d049e",NA,"2081427646"
32.18866,-110.80911,1,"Columbidae","Columba livia",2017,8,12,"4fa7b334-ce0d-4e88-aaae-2e0c138d049e",NA,"2085696155"
32.18866,-110.80911,2,"Fringillidae","Spinus psaltria",2017,8,18,"4fa7b334-ce0d-4e88-aaae-2e0c138d049e",NA,"2075468616"
32.18866,-110.80911,1,"Columbidae","Zenaida macroura",2017,8,18,"4fa7b334-ce0d-4e88-aaae-2e0c138d049e",NA,"2087184990"
32.18866,-110.80911,1,"Columbidae","Columba livia",2017,8,18,"4fa7b334-ce0d-4e88-aaae-2e0c138d049e",NA,"2075465814"
32.191723,-110.810295,6,"Columbidae","Columba livia",2017,11,21,"4fa7b334-ce0d-4e88-aaae-2e0c138d049e",NA,"2106350906"
32.191723,-110.810295,1,"Accipitridae","Buteo jamaicensis",2017,11,21,"4fa7b334-ce0d-4e88-aaae-2e0c138d049e",NA,"2114785792"
