"decimalLatitude","decimalLongitude","individualCount","family","species","year","month","day","datasetKey","gbifID"
32.15662,-110.98599,1,"Columbidae","Columba livia",2021,12,10,"4fa7b334-ce0d-4e88-aaae-2e0c138d049e","3680723533"
32.15662,-110.98599,2,"Columbidae","Zenaida macroura",2021,12,10,"4fa7b334-ce0d-4e88-aaae-2e0c138d049e","3694415357"
32.15701,-110.98597,1,"Columbidae","Zenaida macroura",2020,12,14,"4fa7b334-ce0d-4e88-aaae-2e0c138d049e","3297308337"
32.15701,-110.98597,1,"Falconidae","Falco peregrinus",2020,12,14,"4fa7b334-ce0d-4e88-aaae-2e0c138d049e","3299152399"
32.15701,-110.98597,1,"Columbidae","Zenaida macroura",2020,12,14,"4fa7b334-ce0d-4e88-aaae-2e0c138d049e","3298187469"
32.15701,-110.98597,1,"Falconidae","Falco peregrinus",2020,12,14,"4fa7b334-ce0d-4e88-aaae-2e0c138d049e","3286859243"
32.162582,-110.98557,1,"Ptilogonatidae","Phainopepla nitens",2018,5,2,"4fa7b334-ce0d-4e88-aaae-2e0c138d049e","2154731418"
