"decimalLatitude","decimalLongitude","individualCount","family","species","year","month","day","datasetKey","datasetName","gbifID"
32.24437,-110.95156,4,"Trochilidae","Calypte anna",2021,2,12,"4fa7b334-ce0d-4e88-aaae-2e0c138d049e",NA,"3589981226"
32.24437,-110.95156,1,"Trochilidae","Cynanthus latirostris",2021,2,12,"4fa7b334-ce0d-4e88-aaae-2e0c138d049e",NA,"3590141726"
32.24437,-110.95156,2,"Remizidae","Auriparus flaviceps",2021,2,12,"4fa7b334-ce0d-4e88-aaae-2e0c138d049e",NA,"3614781658"
32.24438,-110.95144,4,"Trochilidae","Calypte anna",2021,2,13,"4fa7b334-ce0d-4e88-aaae-2e0c138d049e",NA,"3590276427"
32.24438,-110.95144,1,"Remizidae","Auriparus flaviceps",2021,2,14,"4fa7b334-ce0d-4e88-aaae-2e0c138d049e",NA,"3593343475"
32.24438,-110.95144,1,"Trochilidae","Calypte anna",2021,2,14,"4fa7b334-ce0d-4e88-aaae-2e0c138d049e",NA,"3590166573"
32.24438,-110.95144,1,"Fringillidae","Haemorhous mexicanus",2021,2,14,"4fa7b334-ce0d-4e88-aaae-2e0c138d049e",NA,"3590277105"
32.24606,-110.9451,2,"Accipitridae","Accipiter cooperii",2021,5,1,"4fa7b334-ce0d-4e88-aaae-2e0c138d049e",NA,"3569740072"
32.24606,-110.9451,20,"Columbidae","Columba livia",2021,5,1,"4fa7b334-ce0d-4e88-aaae-2e0c138d049e",NA,"3517646588"
32.24606,-110.9451,3,"Fringillidae","Spinus psaltria",2021,5,1,"4fa7b334-ce0d-4e88-aaae-2e0c138d049e",NA,"3525755788"
32.24606,-110.9451,1,"Cardinalidae","Cardinalis cardinalis",2021,5,1,"4fa7b334-ce0d-4e88-aaae-2e0c138d049e",NA,"3530338932"
32.24606,-110.9451,1,"Strigidae","Bubo virginianus",2021,5,1,"4fa7b334-ce0d-4e88-aaae-2e0c138d049e",NA,"3540672695"
32.24606,-110.9451,1,"Icteridae","Quiscalus mexicanus",2021,5,1,"4fa7b334-ce0d-4e88-aaae-2e0c138d049e",NA,"3537747251"
32.24606,-110.9451,2,"Trochilidae","Calypte anna",2021,5,1,"4fa7b334-ce0d-4e88-aaae-2e0c138d049e",NA,"3540931287"
32.24606,-110.9451,1,"Accipitridae","Buteo jamaicensis",2021,5,1,"4fa7b334-ce0d-4e88-aaae-2e0c138d049e",NA,"3551559634"
32.24606,-110.9451,2,"Parulidae","Leiothlypis luciae",2021,5,1,"4fa7b334-ce0d-4e88-aaae-2e0c138d049e",NA,"3559246321"
32.24606,-110.9451,2,"Columbidae","Zenaida asiatica",2021,5,1,"4fa7b334-ce0d-4e88-aaae-2e0c138d049e",NA,"3565924648"
32.24606,-110.9451,2,"Accipitridae","Accipiter cooperii",2021,5,1,"4fa7b334-ce0d-4e88-aaae-2e0c138d049e",NA,"3550337056"
32.24606,-110.9451,20,"Columbidae","Columba livia",2021,5,1,"4fa7b334-ce0d-4e88-aaae-2e0c138d049e",NA,"3554033675"
32.24606,-110.9451,3,"Fringillidae","Spinus psaltria",2021,5,1,"4fa7b334-ce0d-4e88-aaae-2e0c138d049e",NA,"3563766961"
32.24606,-110.9451,1,"Cardinalidae","Cardinalis cardinalis",2021,5,1,"4fa7b334-ce0d-4e88-aaae-2e0c138d049e",NA,"3555785911"
32.24606,-110.9451,1,"Strigidae","Bubo virginianus",2021,5,1,"4fa7b334-ce0d-4e88-aaae-2e0c138d049e",NA,"3570389233"
32.24606,-110.9451,1,"Icteridae","Quiscalus mexicanus",2021,5,1,"4fa7b334-ce0d-4e88-aaae-2e0c138d049e",NA,"3568879856"
32.24606,-110.9451,2,"Trochilidae","Calypte anna",2021,5,1,"4fa7b334-ce0d-4e88-aaae-2e0c138d049e",NA,"3558718257"
32.24606,-110.9451,1,"Accipitridae","Buteo jamaicensis",2021,5,1,"4fa7b334-ce0d-4e88-aaae-2e0c138d049e",NA,"3553384726"
32.24606,-110.9451,2,"Parulidae","Leiothlypis luciae",2021,5,1,"4fa7b334-ce0d-4e88-aaae-2e0c138d049e",NA,"3555670033"
32.24606,-110.9451,2,"Columbidae","Zenaida asiatica",2021,5,1,"4fa7b334-ce0d-4e88-aaae-2e0c138d049e",NA,"3565300114"
32.24955,-110.945465,2,"Fringillidae","Haemorhous mexicanus",2021,6,27,"4fa7b334-ce0d-4e88-aaae-2e0c138d049e",NA,"3628546934"
32.24955,-110.945465,1,"Icteridae","Quiscalus mexicanus",2021,6,27,"4fa7b334-ce0d-4e88-aaae-2e0c138d049e",NA,"3627969962"
32.24955,-110.945465,1,"Passeridae","Passer domesticus",2021,6,27,"4fa7b334-ce0d-4e88-aaae-2e0c138d049e",NA,"3624844684"
32.250168,-110.959465,5,"Icteridae","Quiscalus mexicanus",2021,10,31,"4fa7b334-ce0d-4e88-aaae-2e0c138d049e",NA,"3639811146"
32.250168,-110.959465,1,"Accipitridae","Buteo jamaicensis",2021,10,31,"4fa7b334-ce0d-4e88-aaae-2e0c138d049e",NA,"3645859531"
32.250168,-110.959465,50,"Columbidae","Columba livia",2021,10,31,"4fa7b334-ce0d-4e88-aaae-2e0c138d049e",NA,"3644167078"
32.245605,-110.9441,1,"Accipitridae","Accipiter striatus",2021,12,14,"4fa7b334-ce0d-4e88-aaae-2e0c138d049e",NA,"3655400262"
32.245556,-110.957855,1,"Columbidae","Columba livia",2020,1,1,"4fa7b334-ce0d-4e88-aaae-2e0c138d049e",NA,"3131803982"
32.245556,-110.957855,2,"Trochilidae","Calypte anna",2020,1,1,"4fa7b334-ce0d-4e88-aaae-2e0c138d049e",NA,"3131837935"
32.245556,-110.957855,1,"Trochilidae","Cynanthus latirostris",2020,1,1,"4fa7b334-ce0d-4e88-aaae-2e0c138d049e",NA,"3131891952"
32.245556,-110.957855,2,"Fringillidae","Haemorhous mexicanus",2020,1,1,"4fa7b334-ce0d-4e88-aaae-2e0c138d049e",NA,"3131824940"
32.245556,-110.957855,7,"Passeridae","Passer domesticus",2020,1,1,"4fa7b334-ce0d-4e88-aaae-2e0c138d049e",NA,"3131893943"
32.245556,-110.957855,4,"Fringillidae","Spinus psaltria",2020,1,2,"4fa7b334-ce0d-4e88-aaae-2e0c138d049e",NA,"3235480397"
32.245556,-110.957855,2,"Trochilidae","Calypte anna",2020,1,5,"4fa7b334-ce0d-4e88-aaae-2e0c138d049e",NA,"3138842482"
32.245556,-110.957855,10,"Passeridae","Passer domesticus",2020,1,6,"4fa7b334-ce0d-4e88-aaae-2e0c138d049e",NA,"3132192993"
32.245556,-110.957855,2,"Trochilidae","Calypte anna",2020,1,6,"4fa7b334-ce0d-4e88-aaae-2e0c138d049e",NA,"3139346954"
32.245556,-110.957855,1,"Remizidae","Auriparus flaviceps",2020,1,6,"4fa7b334-ce0d-4e88-aaae-2e0c138d049e",NA,"3133795976"
32.245556,-110.957855,2,"Fringillidae","Haemorhous mexicanus",2020,1,6,"4fa7b334-ce0d-4e88-aaae-2e0c138d049e",NA,"3134802017"
32.245556,-110.957855,4,"Fringillidae","Spinus psaltria",2020,1,6,"4fa7b334-ce0d-4e88-aaae-2e0c138d049e",NA,"3137967989"
32.245556,-110.957855,2,"Trochilidae","Cynanthus latirostris",2020,1,8,"4fa7b334-ce0d-4e88-aaae-2e0c138d049e",NA,"3146446775"
32.245556,-110.957855,15,"Passeridae","Passer domesticus",2020,1,8,"4fa7b334-ce0d-4e88-aaae-2e0c138d049e",NA,"3136111746"
32.245556,-110.957855,5,"Fringillidae","Haemorhous mexicanus",2020,1,8,"4fa7b334-ce0d-4e88-aaae-2e0c138d049e",NA,"3140747800"
32.245556,-110.957855,2,"Trochilidae","Calypte anna",2020,1,8,"4fa7b334-ce0d-4e88-aaae-2e0c138d049e",NA,"3142782806"
32.245556,-110.957855,4,"Fringillidae","Spinus psaltria",2020,1,8,"4fa7b334-ce0d-4e88-aaae-2e0c138d049e",NA,"3133090789"
32.245556,-110.957855,3,"Fringillidae","Spinus psaltria",2020,1,9,"4fa7b334-ce0d-4e88-aaae-2e0c138d049e",NA,"3134166331"
32.245556,-110.957855,1,"Picidae","Melanerpes uropygialis",2020,1,9,"4fa7b334-ce0d-4e88-aaae-2e0c138d049e",NA,"3132399321"
32.245556,-110.957855,2,"Trochilidae","Cynanthus latirostris",2020,1,9,"4fa7b334-ce0d-4e88-aaae-2e0c138d049e",NA,"3135972293"
32.245556,-110.957855,3,"Fringillidae","Haemorhous mexicanus",2020,1,9,"4fa7b334-ce0d-4e88-aaae-2e0c138d049e",NA,"3134988291"
32.245556,-110.957855,15,"Passeridae","Passer domesticus",2020,1,9,"4fa7b334-ce0d-4e88-aaae-2e0c138d049e",NA,"3133338295"
32.245556,-110.957855,3,"Trochilidae","Calypte anna",2020,1,9,"4fa7b334-ce0d-4e88-aaae-2e0c138d049e",NA,"3132575280"
32.245556,-110.957855,1,"Fringillidae","Haemorhous mexicanus",2020,1,10,"4fa7b334-ce0d-4e88-aaae-2e0c138d049e",NA,"3138519514"
32.245556,-110.957855,17,"Passeridae","Passer domesticus",2020,1,10,"4fa7b334-ce0d-4e88-aaae-2e0c138d049e",NA,"3145019523"
32.245556,-110.957855,2,"Fringillidae","Spinus psaltria",2020,1,10,"4fa7b334-ce0d-4e88-aaae-2e0c138d049e",NA,"3132304499"
32.245556,-110.957855,2,"Trochilidae","Calypte anna",2020,1,10,"4fa7b334-ce0d-4e88-aaae-2e0c138d049e",NA,"3143827507"
32.245556,-110.957855,2,"Trochilidae","Cynanthus latirostris",2020,1,11,"4fa7b334-ce0d-4e88-aaae-2e0c138d049e",NA,"3134601144"
32.245556,-110.957855,2,"Fringillidae","Haemorhous mexicanus",2020,1,11,"4fa7b334-ce0d-4e88-aaae-2e0c138d049e",NA,"3139741209"
32.245556,-110.957855,4,"Fringillidae","Spinus psaltria",2020,1,11,"4fa7b334-ce0d-4e88-aaae-2e0c138d049e",NA,"3142350167"
32.245556,-110.957855,2,"Picidae","Melanerpes uropygialis",2020,1,11,"4fa7b334-ce0d-4e88-aaae-2e0c138d049e",NA,"3132391202"
32.245556,-110.957855,3,"Trochilidae","Calypte anna",2020,1,11,"4fa7b334-ce0d-4e88-aaae-2e0c138d049e",NA,"3142417198"
32.245556,-110.957855,21,"Passeridae","Passer domesticus",2020,1,11,"4fa7b334-ce0d-4e88-aaae-2e0c138d049e",NA,"3132368236"
32.245556,-110.957855,1,"Fringillidae","Haemorhous mexicanus",2020,1,12,"4fa7b334-ce0d-4e88-aaae-2e0c138d049e",NA,"3133202787"
32.245556,-110.957855,15,"Passeridae","Passer domesticus",2020,1,12,"4fa7b334-ce0d-4e88-aaae-2e0c138d049e",NA,"3145854752"
32.245556,-110.957855,1,"Cuculidae","Geococcyx californianus",2020,1,12,"4fa7b334-ce0d-4e88-aaae-2e0c138d049e",NA,"3219578717"
32.245556,-110.957855,17,"Passeridae","Passer domesticus",2020,1,13,"4fa7b334-ce0d-4e88-aaae-2e0c138d049e",NA,"3219523210"
32.245556,-110.957855,1,"Picidae","Melanerpes uropygialis",2020,1,13,"4fa7b334-ce0d-4e88-aaae-2e0c138d049e",NA,"3217013216"
32.245556,-110.957855,2,"Fringillidae","Haemorhous mexicanus",2020,1,13,"4fa7b334-ce0d-4e88-aaae-2e0c138d049e",NA,"3239140625"
32.245556,-110.957855,3,"Trochilidae","Calypte anna",2020,1,13,"4fa7b334-ce0d-4e88-aaae-2e0c138d049e",NA,"3219579155"
32.245556,-110.957855,1,"Picidae","Melanerpes uropygialis",2020,1,16,"4fa7b334-ce0d-4e88-aaae-2e0c138d049e",NA,"3138722382"
32.245556,-110.957855,3,"Trochilidae","Calypte anna",2020,1,16,"4fa7b334-ce0d-4e88-aaae-2e0c138d049e",NA,"3132573329"
32.245556,-110.957855,17,"Passeridae","Passer domesticus",2020,1,16,"4fa7b334-ce0d-4e88-aaae-2e0c138d049e",NA,"3145850348"
32.245556,-110.957855,1,"Remizidae","Auriparus flaviceps",2020,1,16,"4fa7b334-ce0d-4e88-aaae-2e0c138d049e",NA,"3138580374"
32.245556,-110.957855,3,"Fringillidae","Haemorhous mexicanus",2020,1,16,"4fa7b334-ce0d-4e88-aaae-2e0c138d049e",NA,"3133011357"
32.245556,-110.957855,1,"Troglodytidae","Campylorhynchus brunneicapillus",2020,1,16,"4fa7b334-ce0d-4e88-aaae-2e0c138d049e",NA,"3141200334"
32.245556,-110.957855,1,"Fringillidae","Spinus psaltria",2020,1,16,"4fa7b334-ce0d-4e88-aaae-2e0c138d049e",NA,"3147766270"
32.245556,-110.957855,1,"Trochilidae","Cynanthus latirostris",2020,1,16,"4fa7b334-ce0d-4e88-aaae-2e0c138d049e",NA,"3132461290"
32.245556,-110.957855,2,"Remizidae","Auriparus flaviceps",2020,1,21,"4fa7b334-ce0d-4e88-aaae-2e0c138d049e",NA,"3221102820"
32.245556,-110.957855,2,"Trochilidae","Calypte anna",2020,1,21,"4fa7b334-ce0d-4e88-aaae-2e0c138d049e",NA,"3219112864"
32.245556,-110.957855,1,"Fringillidae","Haemorhous mexicanus",2020,1,21,"4fa7b334-ce0d-4e88-aaae-2e0c138d049e",NA,"3220499794"
32.245556,-110.957855,2,"Passeridae","Passer domesticus",2020,1,21,"4fa7b334-ce0d-4e88-aaae-2e0c138d049e",NA,"3218125846"
32.245556,-110.957855,1,"Picidae","Melanerpes uropygialis",2020,1,21,"4fa7b334-ce0d-4e88-aaae-2e0c138d049e",NA,"3222260850"
32.245556,-110.957855,2,"Trochilidae","Calypte anna",2020,1,22,"4fa7b334-ce0d-4e88-aaae-2e0c138d049e",NA,"3139291187"
32.245556,-110.957855,1,"Picidae","Melanerpes uropygialis",2020,1,22,"4fa7b334-ce0d-4e88-aaae-2e0c138d049e",NA,"3134250199"
32.245556,-110.957855,10,"Passeridae","Passer domesticus",2020,1,22,"4fa7b334-ce0d-4e88-aaae-2e0c138d049e",NA,"3142960156"
32.245556,-110.957855,3,"Trochilidae","Calypte anna",2020,1,27,"4fa7b334-ce0d-4e88-aaae-2e0c138d049e",NA,"3133554785"
32.245556,-110.957855,5,"Passeridae","Passer domesticus",2020,1,27,"4fa7b334-ce0d-4e88-aaae-2e0c138d049e",NA,"3134705720"
32.245556,-110.957855,3,"Trochilidae","Calypte anna",2020,1,28,"4fa7b334-ce0d-4e88-aaae-2e0c138d049e",NA,"3229555079"
32.245556,-110.957855,2,"Passeridae","Passer domesticus",2020,1,28,"4fa7b334-ce0d-4e88-aaae-2e0c138d049e",NA,"3234116086"
32.245556,-110.957855,2,"Passeridae","Passer domesticus",2020,1,29,"4fa7b334-ce0d-4e88-aaae-2e0c138d049e",NA,"3217844572"
32.245556,-110.957855,3,"Trochilidae","Calypte anna",2020,1,29,"4fa7b334-ce0d-4e88-aaae-2e0c138d049e",NA,"3224519529"
32.245556,-110.957855,2,"Trochilidae","Calypte anna",2020,2,2,"4fa7b334-ce0d-4e88-aaae-2e0c138d049e",NA,"3230990387"
32.245556,-110.957855,1,"Fringillidae","Haemorhous mexicanus",2020,2,2,"4fa7b334-ce0d-4e88-aaae-2e0c138d049e",NA,"3234653374"
32.245556,-110.957855,3,"Trochilidae","Calypte anna",2020,2,6,"4fa7b334-ce0d-4e88-aaae-2e0c138d049e",NA,"3272973172"
32.245556,-110.957855,1,"Remizidae","Auriparus flaviceps",2020,2,6,"4fa7b334-ce0d-4e88-aaae-2e0c138d049e",NA,"3255693147"
32.245556,-110.957855,1,"Fringillidae","Spinus psaltria",2020,2,12,"4fa7b334-ce0d-4e88-aaae-2e0c138d049e",NA,"3135882646"
32.245556,-110.957855,15,"Passeridae","Passer domesticus",2020,2,12,"4fa7b334-ce0d-4e88-aaae-2e0c138d049e",NA,"3151950773"
32.245556,-110.957855,1,"Trochilidae","Calypte anna",2020,2,12,"4fa7b334-ce0d-4e88-aaae-2e0c138d049e",NA,"3134989785"
32.245556,-110.957855,2,"Trochilidae","Calypte anna",2020,2,14,"4fa7b334-ce0d-4e88-aaae-2e0c138d049e",NA,"3138621799"
32.245556,-110.957855,3,"Trochilidae","Calypte anna",2020,2,20,"4fa7b334-ce0d-4e88-aaae-2e0c138d049e",NA,"3217643441"
32.245556,-110.957855,2,"Trochilidae","Calypte anna",2020,2,23,"4fa7b334-ce0d-4e88-aaae-2e0c138d049e",NA,"3151712022"
32.245556,-110.957855,2,"Trochilidae","Calypte anna",2020,2,27,"4fa7b334-ce0d-4e88-aaae-2e0c138d049e",NA,"3220660930"
32.24731,-110.94893,3,"Columbidae","Columba livia",2020,3,31,"4fa7b334-ce0d-4e88-aaae-2e0c138d049e",NA,"3293436097"
32.24731,-110.94893,9,"Passeridae","Passer domesticus",2020,3,31,"4fa7b334-ce0d-4e88-aaae-2e0c138d049e",NA,"3285536097"
32.24731,-110.94893,2,"Troglodytidae","Campylorhynchus brunneicapillus",2020,3,31,"4fa7b334-ce0d-4e88-aaae-2e0c138d049e",NA,"3297836208"
32.24731,-110.94893,1,"Accipitridae","Accipiter cooperii",2020,3,31,"4fa7b334-ce0d-4e88-aaae-2e0c138d049e",NA,"3296174370"
32.24731,-110.94893,1,"Emberizidae","Melozone aberti",2020,3,31,"4fa7b334-ce0d-4e88-aaae-2e0c138d049e",NA,"3294494388"
32.24731,-110.94893,6,"Columbidae","Zenaida macroura",2020,3,31,"4fa7b334-ce0d-4e88-aaae-2e0c138d049e",NA,"3290410481"
32.24731,-110.94893,1,"Mimidae","Toxostoma curvirostre",2020,3,31,"4fa7b334-ce0d-4e88-aaae-2e0c138d049e",NA,"3290316473"
32.24731,-110.94893,1,"Fringillidae","Haemorhous mexicanus",2020,3,31,"4fa7b334-ce0d-4e88-aaae-2e0c138d049e",NA,"3293008328"
32.24731,-110.94893,1,"Tyrannidae","Pyrocephalus rubinus",2020,3,31,"4fa7b334-ce0d-4e88-aaae-2e0c138d049e",NA,"3296938422"
32.24731,-110.94893,1,"Remizidae","Auriparus flaviceps",2020,3,31,"4fa7b334-ce0d-4e88-aaae-2e0c138d049e",NA,"3298990415"
32.24731,-110.94893,1,"Trochilidae","Calypte costae",2020,3,31,"4fa7b334-ce0d-4e88-aaae-2e0c138d049e",NA,"3292658144"
32.24731,-110.94893,1,"Mimidae","Mimus polyglottos",2020,3,31,"4fa7b334-ce0d-4e88-aaae-2e0c138d049e",NA,"3294331360"
32.24731,-110.94893,5,"Picidae","Melanerpes uropygialis",2020,3,31,"4fa7b334-ce0d-4e88-aaae-2e0c138d049e",NA,"3296114342"
32.24731,-110.94893,2,"Columbidae","Zenaida asiatica",2020,3,31,"4fa7b334-ce0d-4e88-aaae-2e0c138d049e",NA,"3290525422"
32.24731,-110.94893,2,"Parulidae","Leiothlypis luciae",2020,3,31,"4fa7b334-ce0d-4e88-aaae-2e0c138d049e",NA,"3297874353"
32.24731,-110.94893,4,"Fringillidae","Haemorhous mexicanus",2020,3,30,"4fa7b334-ce0d-4e88-aaae-2e0c138d049e",NA,"3297432340"
32.24731,-110.94893,2,"Mimidae","Mimus polyglottos",2020,3,30,"4fa7b334-ce0d-4e88-aaae-2e0c138d049e",NA,"3290387382"
32.24731,-110.94893,1,"Mimidae","Toxostoma curvirostre",2020,3,30,"4fa7b334-ce0d-4e88-aaae-2e0c138d049e",NA,"3295630273"
32.24731,-110.94893,2,"Emberizidae","Melozone aberti",2020,3,30,"4fa7b334-ce0d-4e88-aaae-2e0c138d049e",NA,"3295705219"
32.24731,-110.94893,2,"Parulidae","Leiothlypis luciae",2020,3,30,"4fa7b334-ce0d-4e88-aaae-2e0c138d049e",NA,"3294513197"
32.24731,-110.94893,2,"Vireonidae","Vireo plumbeus",2020,3,30,"4fa7b334-ce0d-4e88-aaae-2e0c138d049e",NA,"3299062244"
32.24731,-110.94893,3,"Columbidae","Zenaida macroura",2020,3,30,"4fa7b334-ce0d-4e88-aaae-2e0c138d049e",NA,"3297812370"
32.24731,-110.94893,2,"Trochilidae","Archilochus alexandri",2020,3,30,"4fa7b334-ce0d-4e88-aaae-2e0c138d049e",NA,"3297559105"
32.24731,-110.94893,1,"Accipitridae","Accipiter cooperii",2020,3,30,"4fa7b334-ce0d-4e88-aaae-2e0c138d049e",NA,"3295755140"
32.24731,-110.94893,7,"Passeridae","Passer domesticus",2020,3,30,"4fa7b334-ce0d-4e88-aaae-2e0c138d049e",NA,"3299047185"
32.24731,-110.94893,2,"Fringillidae","Spinus psaltria",2020,3,30,"4fa7b334-ce0d-4e88-aaae-2e0c138d049e",NA,"3297262251"
32.24731,-110.94893,1,"Trochilidae","Cynanthus latirostris",2020,3,30,"4fa7b334-ce0d-4e88-aaae-2e0c138d049e",NA,"3296796260"
32.24731,-110.94893,2,"Picidae","Melanerpes uropygialis",2020,3,30,"4fa7b334-ce0d-4e88-aaae-2e0c138d049e",NA,"3300513178"
32.24731,-110.94893,1,"Columbidae","Zenaida asiatica",2020,3,30,"4fa7b334-ce0d-4e88-aaae-2e0c138d049e",NA,"3299258214"
32.24784,-110.947136,1,"Picidae","Melanerpes uropygialis",2020,3,19,"4fa7b334-ce0d-4e88-aaae-2e0c138d049e",NA,"3262278535"
32.24784,-110.947136,1,"Picidae","Melanerpes uropygialis",2020,3,19,"4fa7b334-ce0d-4e88-aaae-2e0c138d049e",NA,"3252184520"
32.247658,-110.94714,1,"Parulidae","Setophaga petechia",2020,3,21,"4fa7b334-ce0d-4e88-aaae-2e0c138d049e",NA,"3160400185"
32.247658,-110.94714,1,"Parulidae","Setophaga petechia",2020,3,21,"4fa7b334-ce0d-4e88-aaae-2e0c138d049e",NA,"3138386274"
32.24788,-110.954155,6,"Columbidae","Columba livia",2020,3,26,"4fa7b334-ce0d-4e88-aaae-2e0c138d049e",NA,"3160365122"
32.24788,-110.954155,2,"Falconidae","Falco sparverius",2020,3,26,"4fa7b334-ce0d-4e88-aaae-2e0c138d049e",NA,"3145100001"
32.24788,-110.954155,2,"Fringillidae","Spinus psaltria",2020,3,26,"4fa7b334-ce0d-4e88-aaae-2e0c138d049e",NA,"3139722138"
32.24788,-110.954155,2,"Parulidae","Leiothlypis luciae",2020,3,26,"4fa7b334-ce0d-4e88-aaae-2e0c138d049e",NA,"3141391152"
32.24788,-110.954155,14,"Pelecanidae","Pelecanus erythrorhynchos",2020,3,26,"4fa7b334-ce0d-4e88-aaae-2e0c138d049e",NA,"3140579206"
32.24788,-110.954155,20,"Columbidae","Zenaida macroura",2020,3,26,"4fa7b334-ce0d-4e88-aaae-2e0c138d049e",NA,"3141161167"
32.24788,-110.954155,5,"Columbidae","Zenaida asiatica",2020,3,26,"4fa7b334-ce0d-4e88-aaae-2e0c138d049e",NA,"3159050127"
32.24788,-110.954155,3,"Mimidae","Mimus polyglottos",2020,3,26,"4fa7b334-ce0d-4e88-aaae-2e0c138d049e",NA,"3151698125"
32.24788,-110.954155,2,"Picidae","Melanerpes uropygialis",2020,3,26,"4fa7b334-ce0d-4e88-aaae-2e0c138d049e",NA,"3139205106"
32.24731,-110.94893,4,"Fringillidae","Haemorhous mexicanus",2020,3,30,"4fa7b334-ce0d-4e88-aaae-2e0c138d049e",NA,"3147041440"
32.24731,-110.94893,2,"Mimidae","Mimus polyglottos",2020,3,30,"4fa7b334-ce0d-4e88-aaae-2e0c138d049e",NA,"3139805347"
32.24731,-110.94893,1,"Mimidae","Toxostoma curvirostre",2020,3,30,"4fa7b334-ce0d-4e88-aaae-2e0c138d049e",NA,"3160534371"
32.24731,-110.94893,2,"Emberizidae","Melozone aberti",2020,3,30,"4fa7b334-ce0d-4e88-aaae-2e0c138d049e",NA,"3163100393"
32.24731,-110.94893,2,"Parulidae","Leiothlypis luciae",2020,3,30,"4fa7b334-ce0d-4e88-aaae-2e0c138d049e",NA,"3144959306"
32.24731,-110.94893,2,"Vireonidae","Vireo plumbeus",2020,3,30,"4fa7b334-ce0d-4e88-aaae-2e0c138d049e",NA,"3139727248"
32.24731,-110.94893,3,"Columbidae","Zenaida macroura",2020,3,30,"4fa7b334-ce0d-4e88-aaae-2e0c138d049e",NA,"3149774310"
32.24731,-110.94893,2,"Trochilidae","Archilochus alexandri",2020,3,30,"4fa7b334-ce0d-4e88-aaae-2e0c138d049e",NA,"3142633280"
32.24731,-110.94893,1,"Accipitridae","Accipiter cooperii",2020,3,30,"4fa7b334-ce0d-4e88-aaae-2e0c138d049e",NA,"3143260198"
32.24731,-110.94893,7,"Passeridae","Passer domesticus",2020,3,30,"4fa7b334-ce0d-4e88-aaae-2e0c138d049e",NA,"3140709208"
32.24731,-110.94893,2,"Fringillidae","Spinus psaltria",2020,3,30,"4fa7b334-ce0d-4e88-aaae-2e0c138d049e",NA,"3144892195"
32.24731,-110.94893,1,"Trochilidae","Cynanthus latirostris",2020,3,30,"4fa7b334-ce0d-4e88-aaae-2e0c138d049e",NA,"3153308231"
32.24731,-110.94893,2,"Picidae","Melanerpes uropygialis",2020,3,30,"4fa7b334-ce0d-4e88-aaae-2e0c138d049e",NA,"3156010128"
32.24731,-110.94893,1,"Columbidae","Zenaida asiatica",2020,3,30,"4fa7b334-ce0d-4e88-aaae-2e0c138d049e",NA,"3139756183"
32.24731,-110.94893,3,"Columbidae","Columba livia",2020,3,31,"4fa7b334-ce0d-4e88-aaae-2e0c138d049e",NA,"3152340939"
32.24731,-110.94893,9,"Passeridae","Passer domesticus",2020,3,31,"4fa7b334-ce0d-4e88-aaae-2e0c138d049e",NA,"3145483877"
32.24731,-110.94893,2,"Troglodytidae","Campylorhynchus brunneicapillus",2020,3,31,"4fa7b334-ce0d-4e88-aaae-2e0c138d049e",NA,"3152134858"
32.24731,-110.94893,1,"Accipitridae","Accipiter cooperii",2020,3,31,"4fa7b334-ce0d-4e88-aaae-2e0c138d049e",NA,"3159688878"
32.24731,-110.94893,1,"Emberizidae","Melozone aberti",2020,3,31,"4fa7b334-ce0d-4e88-aaae-2e0c138d049e",NA,"3156504978"
32.24731,-110.94893,6,"Columbidae","Zenaida macroura",2020,3,31,"4fa7b334-ce0d-4e88-aaae-2e0c138d049e",NA,"3139552036"
32.24731,-110.94893,1,"Mimidae","Toxostoma curvirostre",2020,3,31,"4fa7b334-ce0d-4e88-aaae-2e0c138d049e",NA,"3145498927"
32.24731,-110.94893,1,"Fringillidae","Haemorhous mexicanus",2020,3,31,"4fa7b334-ce0d-4e88-aaae-2e0c138d049e",NA,"3145351794"
32.24731,-110.94893,1,"Tyrannidae","Pyrocephalus rubinus",2020,3,31,"4fa7b334-ce0d-4e88-aaae-2e0c138d049e",NA,"3141422848"
32.24731,-110.94893,1,"Remizidae","Auriparus flaviceps",2020,3,31,"4fa7b334-ce0d-4e88-aaae-2e0c138d049e",NA,"3144959846"
32.24731,-110.94893,1,"Trochilidae","Calypte costae",2020,3,31,"4fa7b334-ce0d-4e88-aaae-2e0c138d049e",NA,"3139987796"
32.24731,-110.94893,1,"Mimidae","Mimus polyglottos",2020,3,31,"4fa7b334-ce0d-4e88-aaae-2e0c138d049e",NA,"3149774845"
32.24731,-110.94893,5,"Picidae","Melanerpes uropygialis",2020,3,31,"4fa7b334-ce0d-4e88-aaae-2e0c138d049e",NA,"3142902826"
32.24731,-110.94893,2,"Columbidae","Zenaida asiatica",2020,3,31,"4fa7b334-ce0d-4e88-aaae-2e0c138d049e",NA,"3143581739"
32.24731,-110.94893,2,"Parulidae","Leiothlypis luciae",2020,3,31,"4fa7b334-ce0d-4e88-aaae-2e0c138d049e",NA,"3140973751"
32.24731,-110.94893,1,"Falconidae","Falco sparverius",2020,4,2,"4fa7b334-ce0d-4e88-aaae-2e0c138d049e",NA,"3284038074"
32.24731,-110.94893,1,"Parulidae","Leiothlypis luciae",2020,4,2,"4fa7b334-ce0d-4e88-aaae-2e0c138d049e",NA,"3275986053"
32.24731,-110.94893,1,"Trochilidae","Calypte anna",2020,4,2,"4fa7b334-ce0d-4e88-aaae-2e0c138d049e",NA,"3282651154"
32.24731,-110.94893,1,"Columbidae","Columba livia",2020,4,2,"4fa7b334-ce0d-4e88-aaae-2e0c138d049e",NA,"3291935057"
32.24731,-110.94893,1,"Accipitridae","Accipiter cooperii",2020,4,2,"4fa7b334-ce0d-4e88-aaae-2e0c138d049e",NA,"3291929055"
32.24731,-110.94893,1,"Picidae","Melanerpes uropygialis",2020,4,2,"4fa7b334-ce0d-4e88-aaae-2e0c138d049e",NA,"3270929046"
32.24731,-110.94893,1,"Tyrannidae","Pyrocephalus rubinus",2020,4,2,"4fa7b334-ce0d-4e88-aaae-2e0c138d049e",NA,"3276669261"
32.24731,-110.94893,1,"Fringillidae","Haemorhous mexicanus",2020,4,2,"4fa7b334-ce0d-4e88-aaae-2e0c138d049e",NA,"3285056499"
32.24731,-110.94893,1,"Remizidae","Auriparus flaviceps",2020,4,2,"4fa7b334-ce0d-4e88-aaae-2e0c138d049e",NA,"3278414411"
32.24731,-110.94893,1,"Columbidae","Zenaida asiatica",2020,4,2,"4fa7b334-ce0d-4e88-aaae-2e0c138d049e",NA,"3291753143"
32.24731,-110.94893,1,"Columbidae","Zenaida macroura",2020,4,2,"4fa7b334-ce0d-4e88-aaae-2e0c138d049e",NA,"3291718293"
32.24731,-110.94893,1,"Mimidae","Mimus polyglottos",2020,4,2,"4fa7b334-ce0d-4e88-aaae-2e0c138d049e",NA,"3287264370"
32.24731,-110.94893,1,"Trochilidae","Cynanthus latirostris",2020,4,2,"4fa7b334-ce0d-4e88-aaae-2e0c138d049e",NA,"3290401163"
32.24731,-110.94893,1,"Emberizidae","Melozone aberti",2020,4,2,"4fa7b334-ce0d-4e88-aaae-2e0c138d049e",NA,"3284325122"
32.24731,-110.94893,1,"Fringillidae","Spinus psaltria",2020,4,2,"4fa7b334-ce0d-4e88-aaae-2e0c138d049e",NA,"3290639089"
32.24731,-110.94893,1,"Passeridae","Passer domesticus",2020,4,2,"4fa7b334-ce0d-4e88-aaae-2e0c138d049e",NA,"3294508335"
32.24731,-110.94893,2,"Columbidae","Streptopelia decaocto",2020,4,1,"4fa7b334-ce0d-4e88-aaae-2e0c138d049e",NA,"3292374147"
32.24731,-110.94893,1,"Tyrannidae","Pyrocephalus rubinus",2020,4,1,"4fa7b334-ce0d-4e88-aaae-2e0c138d049e",NA,"3286757419"
32.24731,-110.94893,1,"Accipitridae","Accipiter cooperii",2020,4,1,"4fa7b334-ce0d-4e88-aaae-2e0c138d049e",NA,"3283198439"
32.24731,-110.94893,3,"Picidae","Melanerpes uropygialis",2020,4,1,"4fa7b334-ce0d-4e88-aaae-2e0c138d049e",NA,"3297200333"
32.24731,-110.94893,1,"Remizidae","Auriparus flaviceps",2020,4,1,"4fa7b334-ce0d-4e88-aaae-2e0c138d049e",NA,"3286699056"
32.24731,-110.94893,1,"Columbidae","Zenaida asiatica",2020,4,1,"4fa7b334-ce0d-4e88-aaae-2e0c138d049e",NA,"3287326111"
32.24731,-110.94893,2,"Parulidae","Leiothlypis luciae",2020,4,1,"4fa7b334-ce0d-4e88-aaae-2e0c138d049e",NA,"3290907171"
32.24731,-110.94893,1,"Trochilidae","Calypte costae",2020,4,1,"4fa7b334-ce0d-4e88-aaae-2e0c138d049e",NA,"3293249078"
32.24731,-110.94893,8,"Passeridae","Passer domesticus",2020,4,1,"4fa7b334-ce0d-4e88-aaae-2e0c138d049e",NA,"3292413218"
32.24731,-110.94893,1,"Emberizidae","Melozone aberti",2020,4,1,"4fa7b334-ce0d-4e88-aaae-2e0c138d049e",NA,"3297553193"
32.24731,-110.94893,2,"Mimidae","Toxostoma curvirostre",2020,4,1,"4fa7b334-ce0d-4e88-aaae-2e0c138d049e",NA,"3297481011"
32.24731,-110.94893,1,"Troglodytidae","Campylorhynchus brunneicapillus",2020,4,1,"4fa7b334-ce0d-4e88-aaae-2e0c138d049e",NA,"3293331281"
32.24731,-110.94893,4,"Fringillidae","Haemorhous mexicanus",2020,4,1,"4fa7b334-ce0d-4e88-aaae-2e0c138d049e",NA,"3289312290"
32.24731,-110.94893,1,"Trochilidae","Calypte anna",2020,4,1,"4fa7b334-ce0d-4e88-aaae-2e0c138d049e",NA,"3288762185"
32.24731,-110.94893,2,"Mimidae","Mimus polyglottos",2020,4,1,"4fa7b334-ce0d-4e88-aaae-2e0c138d049e",NA,"3288563182"
32.24731,-110.94893,3,"Columbidae","Zenaida macroura",2020,4,1,"4fa7b334-ce0d-4e88-aaae-2e0c138d049e",NA,"3293328166"
32.24731,-110.94893,2,"Columbidae","Streptopelia decaocto",2020,4,1,"4fa7b334-ce0d-4e88-aaae-2e0c138d049e",NA,"3157713514"
32.24731,-110.94893,1,"Tyrannidae","Pyrocephalus rubinus",2020,4,1,"4fa7b334-ce0d-4e88-aaae-2e0c138d049e",NA,"3150688385"
32.24731,-110.94893,1,"Accipitridae","Accipiter cooperii",2020,4,1,"4fa7b334-ce0d-4e88-aaae-2e0c138d049e",NA,"3148087417"
32.24731,-110.94893,3,"Picidae","Melanerpes uropygialis",2020,4,1,"4fa7b334-ce0d-4e88-aaae-2e0c138d049e",NA,"3156083475"
32.24731,-110.94893,1,"Remizidae","Auriparus flaviceps",2020,4,1,"4fa7b334-ce0d-4e88-aaae-2e0c138d049e",NA,"3142771498"
32.24731,-110.94893,1,"Columbidae","Zenaida asiatica",2020,4,1,"4fa7b334-ce0d-4e88-aaae-2e0c138d049e",NA,"3142739536"
32.24731,-110.94893,2,"Parulidae","Leiothlypis luciae",2020,4,1,"4fa7b334-ce0d-4e88-aaae-2e0c138d049e",NA,"3152591504"
32.24731,-110.94893,1,"Trochilidae","Calypte costae",2020,4,1,"4fa7b334-ce0d-4e88-aaae-2e0c138d049e",NA,"3145873485"
32.24731,-110.94893,8,"Passeridae","Passer domesticus",2020,4,1,"4fa7b334-ce0d-4e88-aaae-2e0c138d049e",NA,"3154843428"
32.24731,-110.94893,1,"Emberizidae","Melozone aberti",2020,4,1,"4fa7b334-ce0d-4e88-aaae-2e0c138d049e",NA,"3148061459"
32.24731,-110.94893,2,"Mimidae","Toxostoma curvirostre",2020,4,1,"4fa7b334-ce0d-4e88-aaae-2e0c138d049e",NA,"3152166463"
32.24731,-110.94893,1,"Troglodytidae","Campylorhynchus brunneicapillus",2020,4,1,"4fa7b334-ce0d-4e88-aaae-2e0c138d049e",NA,"3139530201"
32.24731,-110.94893,4,"Fringillidae","Haemorhous mexicanus",2020,4,1,"4fa7b334-ce0d-4e88-aaae-2e0c138d049e",NA,"3154414250"
32.24731,-110.94893,1,"Trochilidae","Calypte anna",2020,4,1,"4fa7b334-ce0d-4e88-aaae-2e0c138d049e",NA,"3145769277"
32.24731,-110.94893,2,"Mimidae","Mimus polyglottos",2020,4,1,"4fa7b334-ce0d-4e88-aaae-2e0c138d049e",NA,"3144869462"
32.24731,-110.94893,3,"Columbidae","Zenaida macroura",2020,4,1,"4fa7b334-ce0d-4e88-aaae-2e0c138d049e",NA,"3153957409"
32.24731,-110.94893,1,"Falconidae","Falco sparverius",2020,4,2,"4fa7b334-ce0d-4e88-aaae-2e0c138d049e",NA,"3222670210"
32.24731,-110.94893,1,"Parulidae","Leiothlypis luciae",2020,4,2,"4fa7b334-ce0d-4e88-aaae-2e0c138d049e",NA,"3232148198"
32.24731,-110.94893,1,"Trochilidae","Calypte anna",2020,4,2,"4fa7b334-ce0d-4e88-aaae-2e0c138d049e",NA,"3225616250"
32.24731,-110.94893,1,"Columbidae","Columba livia",2020,4,2,"4fa7b334-ce0d-4e88-aaae-2e0c138d049e",NA,"3222424333"
32.24731,-110.94893,1,"Accipitridae","Accipiter cooperii",2020,4,2,"4fa7b334-ce0d-4e88-aaae-2e0c138d049e",NA,"3225991306"
32.24731,-110.94893,1,"Picidae","Melanerpes uropygialis",2020,4,2,"4fa7b334-ce0d-4e88-aaae-2e0c138d049e",NA,"3229237423"
32.24731,-110.94893,1,"Tyrannidae","Pyrocephalus rubinus",2020,4,2,"4fa7b334-ce0d-4e88-aaae-2e0c138d049e",NA,"3225051277"
32.24731,-110.94893,1,"Fringillidae","Haemorhous mexicanus",2020,4,2,"4fa7b334-ce0d-4e88-aaae-2e0c138d049e",NA,"3224324373"
32.24731,-110.94893,1,"Remizidae","Auriparus flaviceps",2020,4,2,"4fa7b334-ce0d-4e88-aaae-2e0c138d049e",NA,"3224190264"
32.24731,-110.94893,1,"Columbidae","Zenaida asiatica",2020,4,2,"4fa7b334-ce0d-4e88-aaae-2e0c138d049e",NA,"3222092351"
32.24731,-110.94893,1,"Columbidae","Zenaida macroura",2020,4,2,"4fa7b334-ce0d-4e88-aaae-2e0c138d049e",NA,"3225816226"
32.24731,-110.94893,1,"Mimidae","Mimus polyglottos",2020,4,2,"4fa7b334-ce0d-4e88-aaae-2e0c138d049e",NA,"3299277704"
32.24731,-110.94893,1,"Trochilidae","Cynanthus latirostris",2020,4,2,"4fa7b334-ce0d-4e88-aaae-2e0c138d049e",NA,"3230704352"
32.24731,-110.94893,1,"Emberizidae","Melozone aberti",2020,4,2,"4fa7b334-ce0d-4e88-aaae-2e0c138d049e",NA,"3227721459"
32.24731,-110.94893,1,"Fringillidae","Spinus psaltria",2020,4,2,"4fa7b334-ce0d-4e88-aaae-2e0c138d049e",NA,"3223022436"
32.24731,-110.94893,1,"Passeridae","Passer domesticus",2020,4,2,"4fa7b334-ce0d-4e88-aaae-2e0c138d049e",NA,"3230197398"
32.247932,-110.951294,1,"Mimidae","Mimus polyglottos",2020,5,4,"4fa7b334-ce0d-4e88-aaae-2e0c138d049e",NA,"3147948859"
32.247932,-110.951294,3,"Columbidae","Zenaida asiatica",2020,5,4,"4fa7b334-ce0d-4e88-aaae-2e0c138d049e",NA,"3166906881"
32.247932,-110.951294,2,"Columbidae","Zenaida macroura",2020,5,4,"4fa7b334-ce0d-4e88-aaae-2e0c138d049e",NA,"3165091779"
32.247932,-110.951294,1,"Picidae","Melanerpes uropygialis",2020,5,4,"4fa7b334-ce0d-4e88-aaae-2e0c138d049e",NA,"3149575879"
32.247932,-110.951294,1,"Tyrannidae","Myiarchus cinerascens",2020,5,4,"4fa7b334-ce0d-4e88-aaae-2e0c138d049e",NA,"3166538853"
32.247932,-110.951294,1,"Mimidae","Toxostoma curvirostre",2020,5,4,"4fa7b334-ce0d-4e88-aaae-2e0c138d049e",NA,"3177878958"
32.247932,-110.951294,3,"Passeridae","Passer domesticus",2020,5,4,"4fa7b334-ce0d-4e88-aaae-2e0c138d049e",NA,"3168343451"
32.247932,-110.951294,1,"Remizidae","Auriparus flaviceps",2020,5,4,"4fa7b334-ce0d-4e88-aaae-2e0c138d049e",NA,"3169359423"
32.247932,-110.951294,2,"Fringillidae","Haemorhous mexicanus",2020,5,4,"4fa7b334-ce0d-4e88-aaae-2e0c138d049e",NA,"3154625514"
32.247932,-110.951294,1,"Tyrannidae","Pyrocephalus rubinus",2020,5,4,"4fa7b334-ce0d-4e88-aaae-2e0c138d049e",NA,"3149047613"
32.247932,-110.951294,1,"Mimidae","Mimus polyglottos",2020,5,4,"4fa7b334-ce0d-4e88-aaae-2e0c138d049e",NA,"3165368736"
32.247932,-110.951294,3,"Columbidae","Zenaida asiatica",2020,5,4,"4fa7b334-ce0d-4e88-aaae-2e0c138d049e",NA,"3156018753"
32.247932,-110.951294,2,"Columbidae","Zenaida macroura",2020,5,4,"4fa7b334-ce0d-4e88-aaae-2e0c138d049e",NA,"3155094846"
32.247932,-110.951294,1,"Picidae","Melanerpes uropygialis",2020,5,4,"4fa7b334-ce0d-4e88-aaae-2e0c138d049e",NA,"3165995799"
32.247932,-110.951294,1,"Tyrannidae","Myiarchus cinerascens",2020,5,4,"4fa7b334-ce0d-4e88-aaae-2e0c138d049e",NA,"3170984736"
32.247932,-110.951294,1,"Mimidae","Toxostoma curvirostre",2020,5,4,"4fa7b334-ce0d-4e88-aaae-2e0c138d049e",NA,"3150544741"
32.247932,-110.951294,3,"Passeridae","Passer domesticus",2020,5,4,"4fa7b334-ce0d-4e88-aaae-2e0c138d049e",NA,"3168636429"
32.247932,-110.951294,1,"Remizidae","Auriparus flaviceps",2020,5,4,"4fa7b334-ce0d-4e88-aaae-2e0c138d049e",NA,"3162923584"
32.247932,-110.951294,2,"Fringillidae","Haemorhous mexicanus",2020,5,4,"4fa7b334-ce0d-4e88-aaae-2e0c138d049e",NA,"3149050516"
32.247932,-110.951294,1,"Tyrannidae","Pyrocephalus rubinus",2020,5,4,"4fa7b334-ce0d-4e88-aaae-2e0c138d049e",NA,"3151704657"
32.243587,-110.954575,3,"Ardeidae","Nycticorax nycticorax",2020,5,27,"4fa7b334-ce0d-4e88-aaae-2e0c138d049e",NA,"3177942321"
32.243587,-110.954575,1,"Tyrannidae","Pyrocephalus rubinus",2020,5,27,"4fa7b334-ce0d-4e88-aaae-2e0c138d049e",NA,"3171782520"
32.250004,-110.9451,35,"Columbidae","Columba livia",2020,11,24,"4fa7b334-ce0d-4e88-aaae-2e0c138d049e",NA,"3205874935"
32.245872,-110.95,2,"Mimidae","Toxostoma curvirostre",2019,1,26,"4fa7b334-ce0d-4e88-aaae-2e0c138d049e",NA,"2734028944"
32.245872,-110.95,1,"Columbidae","Zenaida macroura",2019,1,26,"4fa7b334-ce0d-4e88-aaae-2e0c138d049e",NA,"2734535904"
32.245872,-110.95,1,"Remizidae","Auriparus flaviceps",2019,1,26,"4fa7b334-ce0d-4e88-aaae-2e0c138d049e",NA,"2734691933"
32.245872,-110.95,2,"Troglodytidae","Campylorhynchus brunneicapillus",2019,1,26,"4fa7b334-ce0d-4e88-aaae-2e0c138d049e",NA,"2731480910"
32.245872,-110.95,1,"Mimidae","Mimus polyglottos",2019,1,26,"4fa7b334-ce0d-4e88-aaae-2e0c138d049e",NA,"2732152909"
32.245872,-110.95,2,"Picidae","Melanerpes uropygialis",2019,1,26,"4fa7b334-ce0d-4e88-aaae-2e0c138d049e",NA,"2732463913"
32.245872,-110.95,1,"Trochilidae","Calypte anna",2019,1,26,"4fa7b334-ce0d-4e88-aaae-2e0c138d049e",NA,"2732194966"
32.245872,-110.95,2,"Mimidae","Toxostoma curvirostre",2019,1,26,"4fa7b334-ce0d-4e88-aaae-2e0c138d049e",NA,"2746270951"
32.245872,-110.95,1,"Columbidae","Zenaida macroura",2019,1,26,"4fa7b334-ce0d-4e88-aaae-2e0c138d049e",NA,"2742433948"
32.245872,-110.95,1,"Remizidae","Auriparus flaviceps",2019,1,26,"4fa7b334-ce0d-4e88-aaae-2e0c138d049e",NA,"2740291923"
32.245872,-110.95,2,"Troglodytidae","Campylorhynchus brunneicapillus",2019,1,26,"4fa7b334-ce0d-4e88-aaae-2e0c138d049e",NA,"2736792854"
32.245872,-110.95,1,"Mimidae","Mimus polyglottos",2019,1,26,"4fa7b334-ce0d-4e88-aaae-2e0c138d049e",NA,"2737267879"
32.245872,-110.95,2,"Picidae","Melanerpes uropygialis",2019,1,26,"4fa7b334-ce0d-4e88-aaae-2e0c138d049e",NA,"2749506681"
32.245872,-110.95,1,"Trochilidae","Calypte anna",2019,1,26,"4fa7b334-ce0d-4e88-aaae-2e0c138d049e",NA,"2741903631"
32.243362,-110.951096,2,"Mimidae","Toxostoma curvirostre",2019,3,1,"4fa7b334-ce0d-4e88-aaae-2e0c138d049e",NA,"2674193765"
32.243362,-110.951096,10,"Passeridae","Passer domesticus",2019,3,1,"4fa7b334-ce0d-4e88-aaae-2e0c138d049e",NA,"2736956640"
32.243362,-110.951096,1,"Columbidae","Zenaida macroura",2019,3,1,"4fa7b334-ce0d-4e88-aaae-2e0c138d049e",NA,"2729375791"
32.243362,-110.951096,2,"Fringillidae","Spinus psaltria",2019,3,1,"4fa7b334-ce0d-4e88-aaae-2e0c138d049e",NA,"2728703703"
32.245728,-110.95782,2,"Fringillidae","Spinus psaltria",2019,5,20,"4fa7b334-ce0d-4e88-aaae-2e0c138d049e",NA,"2791665292"
32.245728,-110.95782,2,"Remizidae","Auriparus flaviceps",2019,5,20,"4fa7b334-ce0d-4e88-aaae-2e0c138d049e",NA,"2760296197"
32.245728,-110.95782,5,"Fringillidae","Haemorhous mexicanus",2019,5,20,"4fa7b334-ce0d-4e88-aaae-2e0c138d049e",NA,"2768671233"
32.245728,-110.95782,1,"Trochilidae","Calypte anna",2019,5,20,"4fa7b334-ce0d-4e88-aaae-2e0c138d049e",NA,"2760845277"
32.245728,-110.95782,1,"Mimidae","Mimus polyglottos",2019,5,20,"4fa7b334-ce0d-4e88-aaae-2e0c138d049e",NA,"2764826219"
32.245728,-110.95782,10,"Columbidae","Zenaida macroura",2019,5,20,"4fa7b334-ce0d-4e88-aaae-2e0c138d049e",NA,"2758179231"
32.245728,-110.95782,1,"Picidae","Melanerpes uropygialis",2019,5,20,"4fa7b334-ce0d-4e88-aaae-2e0c138d049e",NA,"2759497300"
32.245728,-110.95782,6,"Columbidae","Zenaida asiatica",2019,5,20,"4fa7b334-ce0d-4e88-aaae-2e0c138d049e",NA,"2770594499"
32.245728,-110.95782,2,"Passeridae","Passer domesticus",2019,5,23,"4fa7b334-ce0d-4e88-aaae-2e0c138d049e",NA,"2765842667"
32.245728,-110.95782,2,"Columbidae","Zenaida asiatica",2019,5,23,"4fa7b334-ce0d-4e88-aaae-2e0c138d049e",NA,"2771452623"
32.245728,-110.95782,5,"Fringillidae","Haemorhous mexicanus",2019,5,23,"4fa7b334-ce0d-4e88-aaae-2e0c138d049e",NA,"2781519612"
32.245728,-110.95782,1,"Remizidae","Auriparus flaviceps",2019,5,24,"4fa7b334-ce0d-4e88-aaae-2e0c138d049e",NA,"2785490683"
32.245728,-110.95782,3,"Fringillidae","Haemorhous mexicanus",2019,5,24,"4fa7b334-ce0d-4e88-aaae-2e0c138d049e",NA,"2777372633"
32.245728,-110.95782,5,"Passeridae","Passer domesticus",2019,5,24,"4fa7b334-ce0d-4e88-aaae-2e0c138d049e",NA,"2778723723"
32.245728,-110.95782,3,"Columbidae","Zenaida asiatica",2019,5,24,"4fa7b334-ce0d-4e88-aaae-2e0c138d049e",NA,"2776975785"
32.245728,-110.95782,1,"Mimidae","Mimus polyglottos",2019,5,24,"4fa7b334-ce0d-4e88-aaae-2e0c138d049e",NA,"2789244471"
32.245728,-110.95782,3,"Fringillidae","Haemorhous mexicanus",2019,5,27,"4fa7b334-ce0d-4e88-aaae-2e0c138d049e",NA,"2678657096"
32.245728,-110.95782,1,"Columbidae","Zenaida asiatica",2019,5,27,"4fa7b334-ce0d-4e88-aaae-2e0c138d049e",NA,"2680256185"
32.245728,-110.95782,5,"Passeridae","Passer domesticus",2019,5,27,"4fa7b334-ce0d-4e88-aaae-2e0c138d049e",NA,"2694377114"
32.245728,-110.95782,5,"Passeridae","Passer domesticus",2019,5,28,"4fa7b334-ce0d-4e88-aaae-2e0c138d049e",NA,"2774469015"
32.245728,-110.95782,1,"Columbidae","Zenaida asiatica",2019,5,28,"4fa7b334-ce0d-4e88-aaae-2e0c138d049e",NA,"2741627196"
32.245728,-110.95782,1,"Columbidae","Zenaida asiatica",2019,5,29,"4fa7b334-ce0d-4e88-aaae-2e0c138d049e",NA,"2699859713"
32.245728,-110.95782,2,"Fringillidae","Haemorhous mexicanus",2019,5,29,"4fa7b334-ce0d-4e88-aaae-2e0c138d049e",NA,"2681379747"
32.245728,-110.95782,3,"Passeridae","Passer domesticus",2019,5,29,"4fa7b334-ce0d-4e88-aaae-2e0c138d049e",NA,"2683847805"
32.24979,-110.9569,1,"Falconidae","Falco sparverius",2019,8,6,"4fa7b334-ce0d-4e88-aaae-2e0c138d049e",NA,"2767592743"
32.24979,-110.9569,10,"Columbidae","Columba livia",2019,8,6,"4fa7b334-ce0d-4e88-aaae-2e0c138d049e",NA,"2772121855"
32.24979,-110.9569,1,"Falconidae","Falco sparverius",2019,8,6,"4fa7b334-ce0d-4e88-aaae-2e0c138d049e",NA,"2780158889"
32.24979,-110.9569,10,"Columbidae","Columba livia",2019,8,6,"4fa7b334-ce0d-4e88-aaae-2e0c138d049e",NA,"2779004945"
32.24834,-110.94917,1,"Falconidae","Falco sparverius",2019,8,10,"4fa7b334-ce0d-4e88-aaae-2e0c138d049e",NA,"2786273714"
32.24834,-110.94917,1,"Picidae","Melanerpes uropygialis",2019,8,10,"4fa7b334-ce0d-4e88-aaae-2e0c138d049e",NA,"2798822675"
32.24834,-110.94917,1,"Tyrannidae","Pyrocephalus rubinus",2019,8,10,"4fa7b334-ce0d-4e88-aaae-2e0c138d049e",NA,"2787992708"
32.24834,-110.94917,10,"Fringillidae","Haemorhous mexicanus",2019,8,10,"4fa7b334-ce0d-4e88-aaae-2e0c138d049e",NA,"2798617820"
32.24834,-110.94917,1,"Troglodytidae","Campylorhynchus brunneicapillus",2019,8,10,"4fa7b334-ce0d-4e88-aaae-2e0c138d049e",NA,"2789166592"
32.24834,-110.94917,2,"Columbidae","Columba livia",2019,8,10,"4fa7b334-ce0d-4e88-aaae-2e0c138d049e",NA,"2773058619"
32.24834,-110.94917,1,"Mimidae","Toxostoma curvirostre",2019,8,10,"4fa7b334-ce0d-4e88-aaae-2e0c138d049e",NA,"2772576836"
32.24834,-110.94917,2,"Mimidae","Mimus polyglottos",2019,8,10,"4fa7b334-ce0d-4e88-aaae-2e0c138d049e",NA,"2774828805"
32.24834,-110.94917,20,"Columbidae","Zenaida asiatica",2019,8,10,"4fa7b334-ce0d-4e88-aaae-2e0c138d049e",NA,"2773244775"
32.245728,-110.95782,3,"Fringillidae","Haemorhous mexicanus",2019,8,19,"4fa7b334-ce0d-4e88-aaae-2e0c138d049e",NA,"2693196076"
32.245728,-110.95782,1,"Columbidae","Zenaida asiatica",2019,8,19,"4fa7b334-ce0d-4e88-aaae-2e0c138d049e",NA,"2688996045"
32.245728,-110.95782,1,"Trochilidae","Cynanthus latirostris",2019,8,19,"4fa7b334-ce0d-4e88-aaae-2e0c138d049e",NA,"2709512027"
32.245728,-110.95782,3,"Trochilidae","Calypte anna",2019,8,19,"4fa7b334-ce0d-4e88-aaae-2e0c138d049e",NA,"2702265809"
32.245728,-110.95782,1,"Columbidae","Zenaida macroura",2019,8,19,"4fa7b334-ce0d-4e88-aaae-2e0c138d049e",NA,"2690152885"
32.245728,-110.95782,1,"Trochilidae","Calypte anna",2019,9,2,"4fa7b334-ce0d-4e88-aaae-2e0c138d049e",NA,"2706190670"
32.245728,-110.95782,2,"Fringillidae","Haemorhous mexicanus",2019,9,2,"4fa7b334-ce0d-4e88-aaae-2e0c138d049e",NA,"2698465586"
32.245556,-110.957855,1,"Trochilidae","Calypte anna",2019,9,17,"4fa7b334-ce0d-4e88-aaae-2e0c138d049e",NA,"2769677315"
32.245556,-110.957855,3,"Passeridae","Passer domesticus",2019,9,17,"4fa7b334-ce0d-4e88-aaae-2e0c138d049e",NA,"2768242505"
32.245556,-110.957855,3,"Trochilidae","Cynanthus latirostris",2019,9,17,"4fa7b334-ce0d-4e88-aaae-2e0c138d049e",NA,"2763157490"
32.245556,-110.957855,5,"Fringillidae","Haemorhous mexicanus",2019,9,17,"4fa7b334-ce0d-4e88-aaae-2e0c138d049e",NA,"2761838424"
32.245556,-110.957855,2,"Picidae","Melanerpes uropygialis",2019,9,17,"4fa7b334-ce0d-4e88-aaae-2e0c138d049e",NA,"2780936429"
32.245556,-110.957855,4,"Columbidae","Columba livia",2019,9,17,"4fa7b334-ce0d-4e88-aaae-2e0c138d049e",NA,"2757498484"
32.245728,-110.95782,1,"Passeridae","Passer domesticus",2019,9,18,"4fa7b334-ce0d-4e88-aaae-2e0c138d049e",NA,"2712719073"
32.245728,-110.95782,3,"Trochilidae","Calypte anna",2019,9,18,"4fa7b334-ce0d-4e88-aaae-2e0c138d049e",NA,"2696981990"
32.245728,-110.95782,2,"Picidae","Melanerpes uropygialis",2019,9,18,"4fa7b334-ce0d-4e88-aaae-2e0c138d049e",NA,"2718445004"
32.245728,-110.95782,2,"Trochilidae","Cynanthus latirostris",2019,9,18,"4fa7b334-ce0d-4e88-aaae-2e0c138d049e",NA,"2698697089"
32.245728,-110.95782,1,"Remizidae","Auriparus flaviceps",2019,9,18,"4fa7b334-ce0d-4e88-aaae-2e0c138d049e",NA,"2700430815"
32.245728,-110.95782,1,"Fringillidae","Spinus psaltria",2019,9,18,"4fa7b334-ce0d-4e88-aaae-2e0c138d049e",NA,"2698392096"
32.245728,-110.95782,5,"Fringillidae","Haemorhous mexicanus",2019,9,18,"4fa7b334-ce0d-4e88-aaae-2e0c138d049e",NA,"2693353044"
32.245728,-110.95782,1,"Emberizidae","Zonotrichia leucophrys",2019,9,22,"4fa7b334-ce0d-4e88-aaae-2e0c138d049e",NA,"2696994694"
32.245728,-110.95782,2,"Passeridae","Passer domesticus",2019,9,22,"4fa7b334-ce0d-4e88-aaae-2e0c138d049e",NA,"2700433583"
32.245728,-110.95782,3,"Fringillidae","Haemorhous mexicanus",2019,9,22,"4fa7b334-ce0d-4e88-aaae-2e0c138d049e",NA,"2699522608"
32.245728,-110.95782,5,"Fringillidae","Haemorhous mexicanus",2019,9,23,"4fa7b334-ce0d-4e88-aaae-2e0c138d049e",NA,"2713214746"
32.245728,-110.95782,1,"Emberizidae","Zonotrichia leucophrys",2019,9,23,"4fa7b334-ce0d-4e88-aaae-2e0c138d049e",NA,"2700614803"
32.245728,-110.95782,1,"Trochilidae","Cynanthus latirostris",2019,9,23,"4fa7b334-ce0d-4e88-aaae-2e0c138d049e",NA,"2712573893"
32.245728,-110.95782,2,"Trochilidae","Calypte anna",2019,9,23,"4fa7b334-ce0d-4e88-aaae-2e0c138d049e",NA,"2697454746"
32.245728,-110.95782,8,"Passeridae","Passer domesticus",2019,9,23,"4fa7b334-ce0d-4e88-aaae-2e0c138d049e",NA,"2711661868"
32.245728,-110.95782,3,"Fringillidae","Haemorhous mexicanus",2019,10,7,"4fa7b334-ce0d-4e88-aaae-2e0c138d049e",NA,"2715172340"
32.245728,-110.95782,1,"Fringillidae","Spinus psaltria",2019,10,7,"4fa7b334-ce0d-4e88-aaae-2e0c138d049e",NA,"2699563201"
32.245728,-110.95782,4,"Passeridae","Passer domesticus",2019,10,7,"4fa7b334-ce0d-4e88-aaae-2e0c138d049e",NA,"2714297385"
32.245728,-110.95782,2,"Picidae","Melanerpes uropygialis",2019,10,7,"4fa7b334-ce0d-4e88-aaae-2e0c138d049e",NA,"2701626115"
32.245728,-110.95782,1,"Parulidae","Setophaga coronata",2019,10,10,"4fa7b334-ce0d-4e88-aaae-2e0c138d049e",NA,"2715015879"
32.245728,-110.95782,2,"Fringillidae","Spinus psaltria",2019,10,11,"4fa7b334-ce0d-4e88-aaae-2e0c138d049e",NA,"2714814518"
32.245728,-110.95782,1,"Fringillidae","Haemorhous mexicanus",2019,10,11,"4fa7b334-ce0d-4e88-aaae-2e0c138d049e",NA,"2702513352"
32.245728,-110.95782,10,"Passeridae","Passer domesticus",2019,10,14,"4fa7b334-ce0d-4e88-aaae-2e0c138d049e",NA,"2721170125"
32.245728,-110.95782,5,"Fringillidae","Haemorhous mexicanus",2019,10,14,"4fa7b334-ce0d-4e88-aaae-2e0c138d049e",NA,"2715803221"
32.245728,-110.95782,2,"Fringillidae","Spinus psaltria",2019,10,14,"4fa7b334-ce0d-4e88-aaae-2e0c138d049e",NA,"2703654357"
32.245728,-110.95782,1,"Mimidae","Toxostoma curvirostre",2019,10,14,"4fa7b334-ce0d-4e88-aaae-2e0c138d049e",NA,"2704340492"
32.245728,-110.95782,2,"Picidae","Melanerpes uropygialis",2019,10,14,"4fa7b334-ce0d-4e88-aaae-2e0c138d049e",NA,"2703306553"
32.245728,-110.95782,1,"Trochilidae","Calypte anna",2019,10,16,"4fa7b334-ce0d-4e88-aaae-2e0c138d049e",NA,"2795853261"
32.245728,-110.95782,3,"Passeridae","Passer domesticus",2019,10,16,"4fa7b334-ce0d-4e88-aaae-2e0c138d049e",NA,"2774414137"
32.245728,-110.95782,1,"Fringillidae","Spinus psaltria",2019,10,16,"4fa7b334-ce0d-4e88-aaae-2e0c138d049e",NA,"2758613253"
32.245728,-110.95782,3,"Fringillidae","Haemorhous mexicanus",2019,10,22,"4fa7b334-ce0d-4e88-aaae-2e0c138d049e",NA,"2781408710"
32.245728,-110.95782,2,"Picidae","Melanerpes uropygialis",2019,10,22,"4fa7b334-ce0d-4e88-aaae-2e0c138d049e",NA,"2785834654"
32.245728,-110.95782,2,"Trochilidae","Calypte anna",2019,10,22,"4fa7b334-ce0d-4e88-aaae-2e0c138d049e",NA,"2762704836"
32.245728,-110.95782,1,"Columbidae","Zenaida macroura",2019,10,22,"4fa7b334-ce0d-4e88-aaae-2e0c138d049e",NA,"2751123808"
32.245728,-110.95782,10,"Passeridae","Passer domesticus",2019,10,22,"4fa7b334-ce0d-4e88-aaae-2e0c138d049e",NA,"2783974817"
32.245728,-110.95782,3,"Fringillidae","Spinus psaltria",2019,10,22,"4fa7b334-ce0d-4e88-aaae-2e0c138d049e",NA,"2781520713"
32.246887,-110.950485,1,"Mimidae","Mimus polyglottos",2018,4,9,"4fa7b334-ce0d-4e88-aaae-2e0c138d049e",NA,"2131101139"
32.246887,-110.950485,1,"Accipitridae","Accipiter cooperii",2018,4,9,"4fa7b334-ce0d-4e88-aaae-2e0c138d049e",NA,"2131093389"
32.246887,-110.950485,1,"Troglodytidae","Campylorhynchus brunneicapillus",2018,4,9,"4fa7b334-ce0d-4e88-aaae-2e0c138d049e",NA,"2143574973"
32.246887,-110.950485,3,"Fringillidae","Haemorhous mexicanus",2018,4,9,"4fa7b334-ce0d-4e88-aaae-2e0c138d049e",NA,"2147376466"
32.246887,-110.950485,2,"Columbidae","Zenaida asiatica",2018,4,9,"4fa7b334-ce0d-4e88-aaae-2e0c138d049e",NA,"2143572636"
32.246887,-110.950485,1,"Passeridae","Passer domesticus",2018,4,9,"4fa7b334-ce0d-4e88-aaae-2e0c138d049e",NA,"2143583736"
32.246887,-110.950485,1,"Emberizidae","Junco hyemalis",2018,4,9,"4fa7b334-ce0d-4e88-aaae-2e0c138d049e",NA,"2147361728"
32.246887,-110.950485,1,"Picidae","Melanerpes uropygialis",2018,4,9,"4fa7b334-ce0d-4e88-aaae-2e0c138d049e",NA,"2155068562"
32.246887,-110.950485,1,"Columbidae","Zenaida macroura",2018,4,9,"4fa7b334-ce0d-4e88-aaae-2e0c138d049e",NA,"2131107313"
32.24386,-110.94853,1,"Columbidae","Streptopelia decaocto",2018,5,23,"4fa7b334-ce0d-4e88-aaae-2e0c138d049e",NA,"2178618049"
32.24386,-110.94853,1,"Passeridae","Passer domesticus",2018,5,25,"4fa7b334-ce0d-4e88-aaae-2e0c138d049e",NA,"2179257268"
32.246223,-110.95043,1,"Mimidae","Toxostoma curvirostre",2018,8,7,"4fa7b334-ce0d-4e88-aaae-2e0c138d049e",NA,"2200658377"
32.246223,-110.95043,1,"Remizidae","Auriparus flaviceps",2018,8,7,"4fa7b334-ce0d-4e88-aaae-2e0c138d049e",NA,"2188496693"
32.246223,-110.95043,2,"Columbidae","Zenaida asiatica",2018,8,7,"4fa7b334-ce0d-4e88-aaae-2e0c138d049e",NA,"2192717935"
32.246223,-110.95043,1,"Trochilidae","Calypte costae",2018,8,7,"4fa7b334-ce0d-4e88-aaae-2e0c138d049e",NA,"2200660978"
32.24834,-110.94917,1,"Strigidae","Bubo virginianus",2018,10,23,"4fa7b334-ce0d-4e88-aaae-2e0c138d049e",NA,"2222167949"
32.247944,-110.95128,1,"Tyrannidae","Pyrocephalus rubinus",2017,5,15,"4fa7b334-ce0d-4e88-aaae-2e0c138d049e",NA,"2065648308"
32.247944,-110.95128,2,"Picidae","Melanerpes uropygialis",2017,5,15,"4fa7b334-ce0d-4e88-aaae-2e0c138d049e",NA,"2066065581"
32.247944,-110.95128,1,"Troglodytidae","Campylorhynchus brunneicapillus",2017,5,15,"4fa7b334-ce0d-4e88-aaae-2e0c138d049e",NA,"2065650515"
32.247944,-110.95128,1,"Columbidae","Zenaida macroura",2017,5,15,"4fa7b334-ce0d-4e88-aaae-2e0c138d049e",NA,"2053616327"
32.247944,-110.95128,1,"Fringillidae","Haemorhous mexicanus",2017,5,15,"4fa7b334-ce0d-4e88-aaae-2e0c138d049e",NA,"2053597452"
32.247944,-110.95128,6,"Columbidae","Zenaida asiatica",2017,5,15,"4fa7b334-ce0d-4e88-aaae-2e0c138d049e",NA,"2071531591"
32.247944,-110.95128,6,"Passeridae","Passer domesticus",2017,5,15,"4fa7b334-ce0d-4e88-aaae-2e0c138d049e",NA,"2065645587"
32.247944,-110.95128,1,"Mimidae","Mimus polyglottos",2017,5,15,"4fa7b334-ce0d-4e88-aaae-2e0c138d049e",NA,"2066035677"
32.247944,-110.95128,1,"Fringillidae","Spinus psaltria",2017,5,15,"4fa7b334-ce0d-4e88-aaae-2e0c138d049e",NA,"2071556909"
32.247383,-110.94826,1,"Emberizidae","Melozone aberti",2017,7,21,"4fa7b334-ce0d-4e88-aaae-2e0c138d049e",NA,"2081668592"
32.247383,-110.94826,3,"Columbidae","Columba livia",2017,7,21,"4fa7b334-ce0d-4e88-aaae-2e0c138d049e",NA,"2081677430"
32.247383,-110.94826,6,"Passeridae","Passer domesticus",2017,7,21,"4fa7b334-ce0d-4e88-aaae-2e0c138d049e",NA,"2070222014"
32.247383,-110.94826,3,"Columbidae","Zenaida asiatica",2017,7,21,"4fa7b334-ce0d-4e88-aaae-2e0c138d049e",NA,"2082258296"
32.246596,-110.946622,NA,"Trochilidae","Cynanthus latirostris",2021,4,5,"50c9509d-22c7-4a22-a47d-8c48425ef4a7","iNaturalist research-grade observations","3079874845"
32.245817,-110.945567,NA,"Mimidae","Mimus polyglottos",2021,4,5,"50c9509d-22c7-4a22-a47d-8c48425ef4a7","iNaturalist research-grade observations","3079871810"
32.24813,-110.946029,NA,"Picidae","Melanerpes uropygialis",2021,4,5,"50c9509d-22c7-4a22-a47d-8c48425ef4a7","iNaturalist research-grade observations","3079893840"
32.247535,-110.94635,NA,"Tyrannidae","Pyrocephalus rubinus",2021,5,14,"50c9509d-22c7-4a22-a47d-8c48425ef4a7","iNaturalist research-grade observations","3994122963"
32.247397,-110.944697,NA,"Accipitridae","Accipiter cooperii",2021,5,15,"50c9509d-22c7-4a22-a47d-8c48425ef4a7","iNaturalist research-grade observations","3994310999"
32.247553,-110.944517,NA,"Trochilidae","Calypte anna",2021,5,17,"50c9509d-22c7-4a22-a47d-8c48425ef4a7","iNaturalist research-grade observations","3994246980"
32.247787,-110.946694,NA,"Accipitridae","Accipiter cooperii",2021,5,14,"50c9509d-22c7-4a22-a47d-8c48425ef4a7","iNaturalist research-grade observations","3994337971"
32.246426,-110.949746,NA,"Accipitridae","Accipiter cooperii",2021,8,2,"50c9509d-22c7-4a22-a47d-8c48425ef4a7","iNaturalist research-grade observations","3457140638"
32.243313,-110.944676,NA,"Tyrannidae","Pyrocephalus rubinus",2021,11,25,"50c9509d-22c7-4a22-a47d-8c48425ef4a7","iNaturalist research-grade observations","3456140930"
32.247598,-110.944577,NA,"Accipitridae","Accipiter cooperii",2021,11,16,"50c9509d-22c7-4a22-a47d-8c48425ef4a7","iNaturalist research-grade observations","3456297251"
32.248908,-110.954982,NA,"Accipitridae","Accipiter cooperii",2020,9,15,"50c9509d-22c7-4a22-a47d-8c48425ef4a7","iNaturalist research-grade observations","3039356730"
32.247525,-110.944793,NA,"Accipitridae","Accipiter cooperii",2020,12,22,"50c9509d-22c7-4a22-a47d-8c48425ef4a7","iNaturalist research-grade observations","3456569432"
32.247453,-110.944594,NA,"Tyrannidae","Pyrocephalus rubinus",2020,12,8,"50c9509d-22c7-4a22-a47d-8c48425ef4a7","iNaturalist research-grade observations","4009943699"
32.243562,-110.950448,NA,"Picidae","Melanerpes uropygialis",2017,5,7,"50c9509d-22c7-4a22-a47d-8c48425ef4a7","iNaturalist research-grade observations","1562908398"
