"decimalLatitude","decimalLongitude","individualCount","family","species","year","month","day","datasetKey","datasetName","gbifID"
32.25063,-110.85268,70,"Cathartidae","Cathartes aura",2021,3,21,"4fa7b334-ce0d-4e88-aaae-2e0c138d049e",NA,"3551718748"
32.248142,-110.84991,1,"Corvidae","Corvus corax",2019,8,20,"4fa7b334-ce0d-4e88-aaae-2e0c138d049e",NA,"2690153125"
32.249504,-110.850006,1,"Accipitridae","Buteo swainsoni",2018,4,23,"4fa7b334-ce0d-4e88-aaae-2e0c138d049e",NA,"2138151573"
32.248142,-110.84991,1,"Accipitridae","Buteo jamaicensis",2018,9,27,"4fa7b334-ce0d-4e88-aaae-2e0c138d049e",NA,"2205062065"
32.248142,-110.84991,15,"Icteridae","Quiscalus mexicanus",2018,9,27,"4fa7b334-ce0d-4e88-aaae-2e0c138d049e",NA,"2201196530"
32.248142,-110.84991,6,"Columbidae","Columba livia",2018,9,27,"4fa7b334-ce0d-4e88-aaae-2e0c138d049e",NA,"2213814860"
32.248142,-110.84991,1,"Accipitridae","Buteo jamaicensis",2018,9,27,"4fa7b334-ce0d-4e88-aaae-2e0c138d049e",NA,"2201194560"
32.248142,-110.84991,15,"Icteridae","Quiscalus mexicanus",2018,9,27,"4fa7b334-ce0d-4e88-aaae-2e0c138d049e",NA,"2201196930"
32.248142,-110.84991,6,"Columbidae","Columba livia",2018,9,27,"4fa7b334-ce0d-4e88-aaae-2e0c138d049e",NA,"2205062064"
32.248348,-110.849858,NA,"Emberizidae","Chondestes grammacus",2020,8,19,"50c9509d-22c7-4a22-a47d-8c48425ef4a7","iNaturalist research-grade observations","2850883652"
