"decimalLatitude","decimalLongitude","individualCount","family","species","year","month","day","datasetKey","datasetName","gbifID","lifeStage"
32.214626,-110.83935,1,"Tyrannidae","Tyrannus vociferans",2021,2,4,"4fa7b334-ce0d-4e88-aaae-2e0c138d049e",NA,"3520440395",NA
32.214626,-110.83935,1,"Accipitridae","Buteo jamaicensis",2021,2,4,"4fa7b334-ce0d-4e88-aaae-2e0c138d049e",NA,"3514448416",NA
32.216045,-110.83896,1,"Tyrannidae","Pyrocephalus rubinus",2021,3,1,"4fa7b334-ce0d-4e88-aaae-2e0c138d049e",NA,"3512735481",NA
32.216045,-110.83896,18,"Fringillidae","Haemorhous mexicanus",2021,3,1,"4fa7b334-ce0d-4e88-aaae-2e0c138d049e",NA,"3509613999",NA
32.216045,-110.83896,7,"Columbidae","Zenaida macroura",2021,3,1,"4fa7b334-ce0d-4e88-aaae-2e0c138d049e",NA,"3507441437",NA
32.216045,-110.83896,2,"Corvidae","Corvus corax",2021,3,11,"4fa7b334-ce0d-4e88-aaae-2e0c138d049e",NA,"3510167963",NA
32.216045,-110.83896,1,"Cathartidae","Cathartes aura",2021,3,11,"4fa7b334-ce0d-4e88-aaae-2e0c138d049e",NA,"3510384604",NA
32.216045,-110.83896,1,"Cathartidae","Cathartes aura",2021,3,11,"4fa7b334-ce0d-4e88-aaae-2e0c138d049e",NA,"3516740727",NA
32.216045,-110.83896,2,"Corvidae","Corvus corax",2021,3,11,"4fa7b334-ce0d-4e88-aaae-2e0c138d049e",NA,"3512756642",NA
32.216045,-110.83896,1,"Tyrannidae","Pyrocephalus rubinus",2021,3,30,"4fa7b334-ce0d-4e88-aaae-2e0c138d049e",NA,"3514053932",NA
32.216045,-110.83896,1,"Cathartidae","Cathartes aura",2021,3,30,"4fa7b334-ce0d-4e88-aaae-2e0c138d049e",NA,"3515105859",NA
32.216045,-110.83896,1,"Corvidae","Corvus corax",2021,3,30,"4fa7b334-ce0d-4e88-aaae-2e0c138d049e",NA,"3517388938",NA
32.216045,-110.83896,2,"Fringillidae","Spinus psaltria",2021,4,1,"4fa7b334-ce0d-4e88-aaae-2e0c138d049e",NA,"3654345630",NA
32.216045,-110.83896,1,"Columbidae","Columba livia",2021,4,1,"4fa7b334-ce0d-4e88-aaae-2e0c138d049e",NA,"3602630679",NA
32.214527,-110.83594,2,"Mimidae","Toxostoma curvirostre",2021,4,17,"4fa7b334-ce0d-4e88-aaae-2e0c138d049e",NA,"3516752940",NA
32.216045,-110.83896,1,"Tyrannidae","Pyrocephalus rubinus",2021,9,9,"4fa7b334-ce0d-4e88-aaae-2e0c138d049e",NA,"3619495594",NA
32.216045,-110.83896,1,"Accipitridae","Accipiter cooperii",2021,9,9,"4fa7b334-ce0d-4e88-aaae-2e0c138d049e",NA,"3621850594",NA
32.216045,-110.83896,4,"Corvidae","Corvus corax",2021,9,9,"4fa7b334-ce0d-4e88-aaae-2e0c138d049e",NA,"3611747711",NA
32.216045,-110.83896,1,"Tyrannidae","Sayornis saya",2020,2,1,"4fa7b334-ce0d-4e88-aaae-2e0c138d049e",NA,"3229787872",NA
32.216045,-110.83896,46,"Icteridae","Euphagus cyanocephalus",2020,2,1,"4fa7b334-ce0d-4e88-aaae-2e0c138d049e",NA,"3238695839",NA
32.216045,-110.83896,1,"Tyrannidae","Tyrannus vociferans",2020,2,1,"4fa7b334-ce0d-4e88-aaae-2e0c138d049e",NA,"3231872846",NA
32.219986,-110.83988,1,"Trochilidae","Calypte costae",2020,2,7,"4fa7b334-ce0d-4e88-aaae-2e0c138d049e",NA,"3134227274",NA
32.216045,-110.83896,1,"Accipitridae","Buteo jamaicensis",2020,2,8,"4fa7b334-ce0d-4e88-aaae-2e0c138d049e",NA,"3233600862",NA
32.216045,-110.83896,1,"Trochilidae","Calypte anna",2020,2,8,"4fa7b334-ce0d-4e88-aaae-2e0c138d049e",NA,"3230466822",NA
32.216045,-110.83896,1,"Remizidae","Auriparus flaviceps",2020,2,8,"4fa7b334-ce0d-4e88-aaae-2e0c138d049e",NA,"3221621974",NA
32.219482,-110.83374,4,"Columbidae","Zenaida asiatica",2020,2,14,"4fa7b334-ce0d-4e88-aaae-2e0c138d049e",NA,"3232014267",NA
32.219482,-110.83374,2,"Trochilidae","Calypte anna",2020,2,14,"4fa7b334-ce0d-4e88-aaae-2e0c138d049e",NA,"3234178247",NA
32.216045,-110.83896,1,"Accipitridae","Buteo jamaicensis",2020,2,15,"4fa7b334-ce0d-4e88-aaae-2e0c138d049e",NA,"3144711318",NA
32.216045,-110.83896,1,"Tyrannidae","Pyrocephalus rubinus",2020,3,3,"4fa7b334-ce0d-4e88-aaae-2e0c138d049e",NA,"3150111272",NA
32.216045,-110.83896,1,"Accipitridae","Accipiter cooperii",2020,3,7,"4fa7b334-ce0d-4e88-aaae-2e0c138d049e",NA,"3154901076",NA
32.216045,-110.83896,2,"Tyrannidae","Pyrocephalus rubinus",2020,3,7,"4fa7b334-ce0d-4e88-aaae-2e0c138d049e",NA,"3148450045",NA
32.216045,-110.83896,1,"Sturnidae","Sturnus vulgaris",2020,3,7,"4fa7b334-ce0d-4e88-aaae-2e0c138d049e",NA,"3153502083",NA
32.216045,-110.83896,3,"Columbidae","Columba livia",2020,8,4,"4fa7b334-ce0d-4e88-aaae-2e0c138d049e",NA,"3174160596",NA
32.216045,-110.83896,2,"Corvidae","Corvus corax",2020,8,4,"4fa7b334-ce0d-4e88-aaae-2e0c138d049e",NA,"3171558726",NA
32.216045,-110.83896,2,"Accipitridae","Accipiter cooperii",2020,8,4,"4fa7b334-ce0d-4e88-aaae-2e0c138d049e",NA,"3175934925",NA
32.216045,-110.83896,2,"Columbidae","Zenaida macroura",2020,8,4,"4fa7b334-ce0d-4e88-aaae-2e0c138d049e",NA,"3182634784",NA
32.216045,-110.83896,1,"Columbidae","Zenaida asiatica",2020,8,4,"4fa7b334-ce0d-4e88-aaae-2e0c138d049e",NA,"3167928682",NA
32.216045,-110.83896,1,"Columbidae","Streptopelia decaocto",2020,8,4,"4fa7b334-ce0d-4e88-aaae-2e0c138d049e",NA,"3190259614",NA
32.216045,-110.83896,1,"Tyrannidae","Sayornis saya",2020,8,6,"4fa7b334-ce0d-4e88-aaae-2e0c138d049e",NA,"3265074531",NA
32.216045,-110.83896,2,"Fringillidae","Haemorhous mexicanus",2020,8,6,"4fa7b334-ce0d-4e88-aaae-2e0c138d049e",NA,"3278300568",NA
32.216045,-110.83896,2,"Icteridae","Quiscalus mexicanus",2020,8,6,"4fa7b334-ce0d-4e88-aaae-2e0c138d049e",NA,"3270912568",NA
32.216045,-110.83896,1,"Remizidae","Auriparus flaviceps",2020,8,11,"4fa7b334-ce0d-4e88-aaae-2e0c138d049e",NA,"3171777359",NA
32.216045,-110.83896,11,"Columbidae","Zenaida macroura",2020,8,11,"4fa7b334-ce0d-4e88-aaae-2e0c138d049e",NA,"3184368199",NA
32.216045,-110.83896,1,"Accipitridae","Accipiter cooperii",2020,8,11,"4fa7b334-ce0d-4e88-aaae-2e0c138d049e",NA,"3180674286",NA
32.216045,-110.83896,2,"Fringillidae","Haemorhous mexicanus",2020,8,13,"4fa7b334-ce0d-4e88-aaae-2e0c138d049e",NA,"3278142289",NA
32.216045,-110.83896,3,"Columbidae","Zenaida macroura",2020,8,13,"4fa7b334-ce0d-4e88-aaae-2e0c138d049e",NA,"3276244175",NA
32.216045,-110.83896,2,"Sturnidae","Sturnus vulgaris",2020,8,13,"4fa7b334-ce0d-4e88-aaae-2e0c138d049e",NA,"3286784199",NA
32.216045,-110.83896,1,"Accipitridae","Accipiter cooperii",2020,8,13,"4fa7b334-ce0d-4e88-aaae-2e0c138d049e",NA,"3300106472",NA
32.216045,-110.83896,2,"Emberizidae","Calamospiza melanocorys",2020,8,20,"4fa7b334-ce0d-4e88-aaae-2e0c138d049e",NA,"3174216403",NA
32.216045,-110.83896,1,"Tyrannidae","Pyrocephalus rubinus",2020,8,20,"4fa7b334-ce0d-4e88-aaae-2e0c138d049e",NA,"3176433373",NA
32.216045,-110.83896,12,"Emberizidae","Chondestes grammacus",2020,8,20,"4fa7b334-ce0d-4e88-aaae-2e0c138d049e",NA,"3185966508",NA
32.216045,-110.83896,3,"Tyrannidae","Tyrannus verticalis",2020,8,20,"4fa7b334-ce0d-4e88-aaae-2e0c138d049e",NA,"3176694237",NA
32.216045,-110.83896,2,"Columbidae","Zenaida macroura",2020,8,20,"4fa7b334-ce0d-4e88-aaae-2e0c138d049e",NA,"3199622304",NA
32.216045,-110.83896,2,"Columbidae","Zenaida macroura",2020,8,27,"4fa7b334-ce0d-4e88-aaae-2e0c138d049e",NA,"3260185276",NA
32.216045,-110.83896,32,"Emberizidae","Chondestes grammacus",2020,8,27,"4fa7b334-ce0d-4e88-aaae-2e0c138d049e",NA,"3271483256",NA
32.216045,-110.83896,1,"Tyrannidae","Sayornis saya",2020,8,27,"4fa7b334-ce0d-4e88-aaae-2e0c138d049e",NA,"3255585185",NA
32.216045,-110.83896,2,"Accipitridae","Accipiter cooperii",2020,8,27,"4fa7b334-ce0d-4e88-aaae-2e0c138d049e",NA,"3268067963",NA
32.216045,-110.83896,3,"Columbidae","Zenaida macroura",2020,9,10,"4fa7b334-ce0d-4e88-aaae-2e0c138d049e",NA,"3291919927",NA
32.216045,-110.83896,1,"Tyrannidae","Pyrocephalus rubinus",2020,9,10,"4fa7b334-ce0d-4e88-aaae-2e0c138d049e",NA,"3186147739",NA
32.216045,-110.83896,1,"Accipitridae","Accipiter cooperii",2020,9,12,"4fa7b334-ce0d-4e88-aaae-2e0c138d049e",NA,"3276413234",NA
32.216045,-110.83896,1,"Columbidae","Zenaida macroura",2020,9,12,"4fa7b334-ce0d-4e88-aaae-2e0c138d049e",NA,"3276250367",NA
32.216045,-110.83896,1,"Tyrannidae","Pyrocephalus rubinus",2020,9,12,"4fa7b334-ce0d-4e88-aaae-2e0c138d049e",NA,"3276993322",NA
32.216045,-110.83896,1,"Trochilidae","Calypte anna",2020,9,12,"4fa7b334-ce0d-4e88-aaae-2e0c138d049e",NA,"3277069357",NA
32.216045,-110.83896,14,"Columbidae","Columba livia",2020,9,12,"4fa7b334-ce0d-4e88-aaae-2e0c138d049e",NA,"3183629502",NA
32.216045,-110.83896,8,"Fringillidae","Haemorhous mexicanus",2020,9,15,"4fa7b334-ce0d-4e88-aaae-2e0c138d049e",NA,"3283188991",NA
32.216045,-110.83896,1,"Accipitridae","Accipiter cooperii",2020,9,15,"4fa7b334-ce0d-4e88-aaae-2e0c138d049e",NA,"3285902171",NA
32.216045,-110.83896,1,"Tyrannidae","Pyrocephalus rubinus",2020,9,29,"4fa7b334-ce0d-4e88-aaae-2e0c138d049e",NA,"3211782990",NA
32.216045,-110.83896,8,"Fringillidae","Haemorhous mexicanus",2020,9,29,"4fa7b334-ce0d-4e88-aaae-2e0c138d049e",NA,"3178353293",NA
32.216045,-110.83896,7,"Columbidae","Zenaida macroura",2020,9,29,"4fa7b334-ce0d-4e88-aaae-2e0c138d049e",NA,"3204999497",NA
32.216045,-110.83896,1,"Accipitridae","Accipiter cooperii",2020,9,29,"4fa7b334-ce0d-4e88-aaae-2e0c138d049e",NA,"3184646392",NA
32.216045,-110.83896,1,"Tyrannidae","Pyrocephalus rubinus",2020,10,29,"4fa7b334-ce0d-4e88-aaae-2e0c138d049e",NA,"3198902909",NA
32.216045,-110.83896,6,"Fringillidae","Haemorhous mexicanus",2020,10,29,"4fa7b334-ce0d-4e88-aaae-2e0c138d049e",NA,"3207832826",NA
32.216045,-110.83896,22,"Sturnidae","Sturnus vulgaris",2020,10,29,"4fa7b334-ce0d-4e88-aaae-2e0c138d049e",NA,"3211496772",NA
32.216045,-110.83896,3,"Tyrannidae","Pyrocephalus rubinus",2020,10,6,"4fa7b334-ce0d-4e88-aaae-2e0c138d049e",NA,"3201351712",NA
32.216045,-110.83896,26,"Columbidae","Zenaida macroura",2020,10,6,"4fa7b334-ce0d-4e88-aaae-2e0c138d049e",NA,"3200531690",NA
32.216045,-110.83896,1,"Accipitridae","Accipiter cooperii",2020,10,6,"4fa7b334-ce0d-4e88-aaae-2e0c138d049e",NA,"3206356697",NA
32.216045,-110.83896,3,"Corvidae","Corvus corax",2020,11,7,"4fa7b334-ce0d-4e88-aaae-2e0c138d049e",NA,"3213623872",NA
32.216045,-110.83896,24,"Columbidae","Columba livia",2020,11,7,"4fa7b334-ce0d-4e88-aaae-2e0c138d049e",NA,"3203771693",NA
32.216045,-110.83896,1,"Columbidae","Zenaida macroura",2020,11,7,"4fa7b334-ce0d-4e88-aaae-2e0c138d049e",NA,"3210336545",NA
32.216045,-110.83896,1,"Ptilogonatidae","Phainopepla nitens",2020,11,12,"4fa7b334-ce0d-4e88-aaae-2e0c138d049e",NA,"3187985461",NA
32.216045,-110.83896,1,"Accipitridae","Accipiter cooperii",2020,11,12,"4fa7b334-ce0d-4e88-aaae-2e0c138d049e",NA,"3208563603",NA
32.216045,-110.83896,1,"Anatidae","Chen caerulescens",2020,11,12,"4fa7b334-ce0d-4e88-aaae-2e0c138d049e",NA,"3201177319",NA
32.216045,-110.83896,2,"Tyrannidae","Pyrocephalus rubinus",2020,11,12,"4fa7b334-ce0d-4e88-aaae-2e0c138d049e",NA,"3282113368",NA
32.216045,-110.83896,1,"Sturnidae","Sturnus vulgaris",2020,11,14,"4fa7b334-ce0d-4e88-aaae-2e0c138d049e",NA,"3210115768",NA
32.216045,-110.83896,1,"Picidae","Melanerpes uropygialis",2020,11,14,"4fa7b334-ce0d-4e88-aaae-2e0c138d049e",NA,"3191780752",NA
32.216045,-110.83896,1,"Tyrannidae","Pyrocephalus rubinus",2020,11,14,"4fa7b334-ce0d-4e88-aaae-2e0c138d049e",NA,"3191332759",NA
32.216045,-110.83896,1,"Anatidae","Chen caerulescens",2020,11,14,"4fa7b334-ce0d-4e88-aaae-2e0c138d049e",NA,"3196509876",NA
32.216045,-110.83896,1,"Tyrannidae","Sayornis nigricans",2020,11,14,"4fa7b334-ce0d-4e88-aaae-2e0c138d049e",NA,"3193008026",NA
32.216045,-110.83896,2,"Columbidae","Columba livia",2020,11,14,"4fa7b334-ce0d-4e88-aaae-2e0c138d049e",NA,"3198845890",NA
32.216045,-110.83896,1,"Ptilogonatidae","Phainopepla nitens",2020,11,14,"4fa7b334-ce0d-4e88-aaae-2e0c138d049e",NA,"3213288643",NA
32.214626,-110.83935,2,"Fringillidae","Haemorhous mexicanus",2020,11,16,"4fa7b334-ce0d-4e88-aaae-2e0c138d049e",NA,"3201137892",NA
32.214626,-110.83935,1,"Columbidae","Zenaida macroura",2020,11,16,"4fa7b334-ce0d-4e88-aaae-2e0c138d049e",NA,"3194777895",NA
32.214626,-110.83935,1,"Anatidae","Chen caerulescens",2020,11,16,"4fa7b334-ce0d-4e88-aaae-2e0c138d049e",NA,"3195701708",NA
32.214626,-110.83935,1,"Mimidae","Mimus polyglottos",2020,11,16,"4fa7b334-ce0d-4e88-aaae-2e0c138d049e",NA,"3202975559",NA
32.22068,-110.84092,1,"Accipitridae","Parabuteo unicinctus",2020,11,21,"4fa7b334-ce0d-4e88-aaae-2e0c138d049e",NA,"3198600119",NA
32.216045,-110.83896,1,"Accipitridae","Accipiter cooperii",2019,9,21,"4fa7b334-ce0d-4e88-aaae-2e0c138d049e",NA,"2696828785",NA
32.216045,-110.83896,1,"Cuculidae","Geococcyx californianus",2019,9,21,"4fa7b334-ce0d-4e88-aaae-2e0c138d049e",NA,"2699243900",NA
32.216045,-110.83896,1,"Falconidae","Falco sparverius",2019,9,21,"4fa7b334-ce0d-4e88-aaae-2e0c138d049e",NA,"2698658949",NA
32.216045,-110.83896,1,"Columbidae","Zenaida macroura",2019,9,26,"4fa7b334-ce0d-4e88-aaae-2e0c138d049e",NA,"2716254966",NA
32.216045,-110.83896,6,"Columbidae","Columba livia",2019,9,26,"4fa7b334-ce0d-4e88-aaae-2e0c138d049e",NA,"2714645069",NA
32.216045,-110.83896,1,"Tyrannidae","Pyrocephalus rubinus",2019,9,26,"4fa7b334-ce0d-4e88-aaae-2e0c138d049e",NA,"2698595001",NA
32.216045,-110.83896,1,"Tyrannidae","Pyrocephalus rubinus",2019,10,19,"4fa7b334-ce0d-4e88-aaae-2e0c138d049e",NA,"2703271321",NA
32.216045,-110.83896,1,"Accipitridae","Buteo jamaicensis",2019,10,19,"4fa7b334-ce0d-4e88-aaae-2e0c138d049e",NA,"2721524108",NA
32.216045,-110.83896,52,"Columbidae","Columba livia",2019,10,19,"4fa7b334-ce0d-4e88-aaae-2e0c138d049e",NA,"2700812051",NA
32.216045,-110.83896,1,"Tyrannidae","Pyrocephalus rubinus",2019,10,26,"4fa7b334-ce0d-4e88-aaae-2e0c138d049e",NA,"2790340284",NA
32.216045,-110.83896,34,"Sturnidae","Sturnus vulgaris",2019,10,26,"4fa7b334-ce0d-4e88-aaae-2e0c138d049e",NA,"2789040245",NA
32.216045,-110.83896,42,"Columbidae","Columba livia",2019,10,26,"4fa7b334-ce0d-4e88-aaae-2e0c138d049e",NA,"2787931177",NA
32.216045,-110.83896,1,"Accipitridae","Accipiter cooperii",2019,11,9,"4fa7b334-ce0d-4e88-aaae-2e0c138d049e",NA,"2799053272",NA
32.216045,-110.83896,1,"Falconidae","Falco sparverius",2019,11,9,"4fa7b334-ce0d-4e88-aaae-2e0c138d049e",NA,"2796737420",NA
32.216045,-110.83896,24,"Columbidae","Columba livia",2019,11,9,"4fa7b334-ce0d-4e88-aaae-2e0c138d049e",NA,"2799381554",NA
32.216045,-110.83896,50,"Columbidae","Columba livia",2019,11,16,"4fa7b334-ce0d-4e88-aaae-2e0c138d049e",NA,"2783557448",NA
32.216045,-110.83896,1,"Tyrannidae","Pyrocephalus rubinus",2019,11,16,"4fa7b334-ce0d-4e88-aaae-2e0c138d049e",NA,"2798350397",NA
32.216045,-110.83896,1,"Accipitridae","Accipiter cooperii",2019,11,23,"4fa7b334-ce0d-4e88-aaae-2e0c138d049e",NA,"2767289621",NA
32.216045,-110.83896,30,"Columbidae","Columba livia",2019,11,23,"4fa7b334-ce0d-4e88-aaae-2e0c138d049e",NA,"2784068467",NA
32.216045,-110.83896,1,"Falconidae","Falco sparverius",2019,11,23,"4fa7b334-ce0d-4e88-aaae-2e0c138d049e",NA,"2782586517",NA
32.216045,-110.83896,16,"Columbidae","Zenaida macroura",2019,11,23,"4fa7b334-ce0d-4e88-aaae-2e0c138d049e",NA,"2778164621",NA
32.216045,-110.83896,1,"Picidae","Melanerpes uropygialis",2019,11,23,"4fa7b334-ce0d-4e88-aaae-2e0c138d049e",NA,"2779377572",NA
32.21864,-110.83556,22,"Columbidae","Zenaida macroura",2017,1,8,"4fa7b334-ce0d-4e88-aaae-2e0c138d049e",NA,"2029871724",NA
32.21864,-110.83556,1,"Corvidae","Corvus corax",2017,1,8,"4fa7b334-ce0d-4e88-aaae-2e0c138d049e",NA,"2029870755",NA
32.21864,-110.83556,1,"Troglodytidae","Campylorhynchus brunneicapillus",2017,1,8,"4fa7b334-ce0d-4e88-aaae-2e0c138d049e",NA,"2037065360",NA
32.21864,-110.83556,1,"Fringillidae","Haemorhous mexicanus",2017,1,8,"4fa7b334-ce0d-4e88-aaae-2e0c138d049e",NA,"2032423215",NA
32.21864,-110.83556,1,"Picidae","Melanerpes uropygialis",2017,1,8,"4fa7b334-ce0d-4e88-aaae-2e0c138d049e",NA,"2032417452",NA
32.216045,-110.83896,1,"Turdidae","Sialia mexicana",2017,2,2,"4fa7b334-ce0d-4e88-aaae-2e0c138d049e",NA,"2036289111",NA
32.216045,-110.83896,1,"Mimidae","Mimus polyglottos",2017,2,2,"4fa7b334-ce0d-4e88-aaae-2e0c138d049e",NA,"2037992507",NA
32.21864,-110.83556,1,"Picidae","Melanerpes uropygialis",2017,2,5,"4fa7b334-ce0d-4e88-aaae-2e0c138d049e",NA,"2043200094",NA
32.21864,-110.83556,3,"Corvidae","Corvus corax",2017,2,5,"4fa7b334-ce0d-4e88-aaae-2e0c138d049e",NA,"2043163075",NA
32.21864,-110.83556,6,"Columbidae","Zenaida macroura",2017,2,5,"4fa7b334-ce0d-4e88-aaae-2e0c138d049e",NA,"2038661341",NA
32.21864,-110.83556,1,"Columbidae","Streptopelia decaocto",2017,2,5,"4fa7b334-ce0d-4e88-aaae-2e0c138d049e",NA,"2038673314",NA
32.21864,-110.83556,1,"Falconidae","Falco sparverius",2017,2,5,"4fa7b334-ce0d-4e88-aaae-2e0c138d049e",NA,"2031301114",NA
32.21864,-110.83556,1,"Trochilidae","Calypte anna",2017,2,5,"4fa7b334-ce0d-4e88-aaae-2e0c138d049e",NA,"2043162568",NA
32.21864,-110.83556,4,"Passeridae","Passer domesticus",2017,2,5,"4fa7b334-ce0d-4e88-aaae-2e0c138d049e",NA,"2043166524",NA
32.21864,-110.83556,4,"Columbidae","Zenaida macroura",2017,2,18,"4fa7b334-ce0d-4e88-aaae-2e0c138d049e",NA,"2032459273",NA
32.21864,-110.83556,2,"Picidae","Melanerpes uropygialis",2017,2,18,"4fa7b334-ce0d-4e88-aaae-2e0c138d049e",NA,"2039951131",NA
32.21864,-110.83556,2,"Fringillidae","Haemorhous mexicanus",2017,2,18,"4fa7b334-ce0d-4e88-aaae-2e0c138d049e",NA,"2032459137",NA
32.21864,-110.83556,1,"Trochilidae","Calypte anna",2017,2,18,"4fa7b334-ce0d-4e88-aaae-2e0c138d049e",NA,"2045736378",NA
32.21864,-110.83556,2,"Columbidae","Streptopelia decaocto",2017,2,18,"4fa7b334-ce0d-4e88-aaae-2e0c138d049e",NA,"2032455927",NA
32.21864,-110.83556,4,"Corvidae","Corvus corax",2017,2,18,"4fa7b334-ce0d-4e88-aaae-2e0c138d049e",NA,"2039933889",NA
32.21864,-110.83556,1,"Accipitridae","Accipiter cooperii",2017,2,19,"4fa7b334-ce0d-4e88-aaae-2e0c138d049e",NA,"2045721365",NA
32.21864,-110.83556,4,"Corvidae","Corvus corax",2017,2,19,"4fa7b334-ce0d-4e88-aaae-2e0c138d049e",NA,"2032453570",NA
32.21864,-110.83556,1,"Accipitridae","Buteo jamaicensis",2017,2,19,"4fa7b334-ce0d-4e88-aaae-2e0c138d049e",NA,"2045718469",NA
32.21864,-110.83556,1,"Columbidae","Streptopelia decaocto",2017,2,19,"4fa7b334-ce0d-4e88-aaae-2e0c138d049e",NA,"2032454126",NA
32.21864,-110.83556,2,"Fringillidae","Haemorhous mexicanus",2017,2,19,"4fa7b334-ce0d-4e88-aaae-2e0c138d049e",NA,"2045724071",NA
32.21864,-110.83556,2,"Columbidae","Zenaida macroura",2017,2,19,"4fa7b334-ce0d-4e88-aaae-2e0c138d049e",NA,"2032456430",NA
32.21864,-110.83556,1,"Picidae","Melanerpes uropygialis",2017,2,19,"4fa7b334-ce0d-4e88-aaae-2e0c138d049e",NA,"2039954415",NA
32.21864,-110.83556,2,"Fringillidae","Spinus psaltria",2017,2,19,"4fa7b334-ce0d-4e88-aaae-2e0c138d049e",NA,"2040769691",NA
32.21864,-110.83556,1,"Trochilidae","Calypte anna",2017,2,22,"4fa7b334-ce0d-4e88-aaae-2e0c138d049e",NA,"2041694287",NA
32.21864,-110.83556,3,"Columbidae","Zenaida macroura",2017,2,22,"4fa7b334-ce0d-4e88-aaae-2e0c138d049e",NA,"2040979627",NA
32.21864,-110.83556,1,"Picidae","Melanerpes uropygialis",2017,2,22,"4fa7b334-ce0d-4e88-aaae-2e0c138d049e",NA,"2040983091",NA
32.21864,-110.83556,2,"Columbidae","Streptopelia decaocto",2017,2,22,"4fa7b334-ce0d-4e88-aaae-2e0c138d049e",NA,"2040983018",NA
32.21864,-110.83556,3,"Corvidae","Corvus corax",2017,2,22,"4fa7b334-ce0d-4e88-aaae-2e0c138d049e",NA,"2040995456",NA
32.21864,-110.83556,2,"Passeridae","Passer domesticus",2017,2,22,"4fa7b334-ce0d-4e88-aaae-2e0c138d049e",NA,"2041691700",NA
32.21864,-110.83556,1,"Mimidae","Mimus polyglottos",2017,2,22,"4fa7b334-ce0d-4e88-aaae-2e0c138d049e",NA,"2046692646",NA
32.21864,-110.83556,2,"Mimidae","Mimus polyglottos",2017,3,4,"4fa7b334-ce0d-4e88-aaae-2e0c138d049e",NA,"2050233041",NA
32.21864,-110.83556,4,"Fringillidae","Haemorhous mexicanus",2017,3,4,"4fa7b334-ce0d-4e88-aaae-2e0c138d049e",NA,"2035110930",NA
32.21864,-110.83556,2,"Columbidae","Zenaida macroura",2017,3,4,"4fa7b334-ce0d-4e88-aaae-2e0c138d049e",NA,"2044155748",NA
32.21864,-110.83556,2,"Corvidae","Corvus corax",2017,3,4,"4fa7b334-ce0d-4e88-aaae-2e0c138d049e",NA,"2050233029",NA
32.21864,-110.83556,1,"Trochilidae","Calypte anna",2017,3,4,"4fa7b334-ce0d-4e88-aaae-2e0c138d049e",NA,"2050238070",NA
32.21864,-110.83556,1,"Picidae","Melanerpes uropygialis",2017,3,4,"4fa7b334-ce0d-4e88-aaae-2e0c138d049e",NA,"2035105848",NA
32.21864,-110.83556,1,"Columbidae","Streptopelia decaocto",2017,3,4,"4fa7b334-ce0d-4e88-aaae-2e0c138d049e",NA,"2044163633",NA
32.21864,-110.83556,1,"Accipitridae","Accipiter cooperii",2017,3,4,"4fa7b334-ce0d-4e88-aaae-2e0c138d049e",NA,"2044155047",NA
32.21864,-110.83556,1,"Remizidae","Auriparus flaviceps",2017,3,4,"4fa7b334-ce0d-4e88-aaae-2e0c138d049e",NA,"2044157336",NA
32.21864,-110.83556,1,"Columbidae","Zenaida asiatica",2017,3,4,"4fa7b334-ce0d-4e88-aaae-2e0c138d049e",NA,"2050233047",NA
32.21864,-110.83556,2,"Fringillidae","Spinus psaltria",2017,3,4,"4fa7b334-ce0d-4e88-aaae-2e0c138d049e",NA,"2035108343",NA
32.21864,-110.83556,1,"Remizidae","Auriparus flaviceps",2017,3,17,"4fa7b334-ce0d-4e88-aaae-2e0c138d049e",NA,"2046387653",NA
32.21864,-110.83556,1,"Corvidae","Corvus corax",2017,3,17,"4fa7b334-ce0d-4e88-aaae-2e0c138d049e",NA,"2052657027",NA
32.21864,-110.83556,1,"Parulidae","Leiothlypis luciae",2017,3,17,"4fa7b334-ce0d-4e88-aaae-2e0c138d049e",NA,"2037530148",NA
32.21864,-110.83556,1,"Remizidae","Auriparus flaviceps",2017,3,17,"4fa7b334-ce0d-4e88-aaae-2e0c138d049e",NA,"2046401278",NA
32.21864,-110.83556,1,"Columbidae","Zenaida asiatica",2017,3,17,"4fa7b334-ce0d-4e88-aaae-2e0c138d049e",NA,"2047548652",NA
32.21864,-110.83556,1,"Picidae","Melanerpes uropygialis",2017,3,17,"4fa7b334-ce0d-4e88-aaae-2e0c138d049e",NA,"2046382189",NA
32.21864,-110.83556,1,"Corvidae","Corvus corax",2017,3,17,"4fa7b334-ce0d-4e88-aaae-2e0c138d049e",NA,"2046398122",NA
32.21864,-110.83556,1,"Columbidae","Streptopelia decaocto",2017,3,17,"4fa7b334-ce0d-4e88-aaae-2e0c138d049e",NA,"2046390073",NA
32.21864,-110.83556,5,"Columbidae","Zenaida macroura",2017,3,17,"4fa7b334-ce0d-4e88-aaae-2e0c138d049e",NA,"2052661028",NA
32.21864,-110.83556,3,"Columbidae","Zenaida macroura",2017,3,18,"4fa7b334-ce0d-4e88-aaae-2e0c138d049e",NA,"2038304650",NA
32.21864,-110.83556,8,"Fringillidae","Haemorhous mexicanus",2017,3,18,"4fa7b334-ce0d-4e88-aaae-2e0c138d049e",NA,"2048248936",NA
32.21864,-110.83556,1,"Cardinalidae","Cardinalis cardinalis",2017,3,18,"4fa7b334-ce0d-4e88-aaae-2e0c138d049e",NA,"2047070600",NA
32.21864,-110.83556,1,"Picidae","Melanerpes uropygialis",2017,3,18,"4fa7b334-ce0d-4e88-aaae-2e0c138d049e",NA,"2053492351",NA
32.21864,-110.83556,4,"Corvidae","Corvus corax",2017,3,18,"4fa7b334-ce0d-4e88-aaae-2e0c138d049e",NA,"2053488429",NA
32.21864,-110.83556,2,"Accipitridae","Accipiter cooperii",2017,3,22,"4fa7b334-ce0d-4e88-aaae-2e0c138d049e",NA,"2048607265",NA
32.21864,-110.83556,2,"Corvidae","Corvus corax",2017,3,22,"4fa7b334-ce0d-4e88-aaae-2e0c138d049e",NA,"2048621215",NA
32.21864,-110.83556,3,"Fringillidae","Haemorhous mexicanus",2017,3,26,"4fa7b334-ce0d-4e88-aaae-2e0c138d049e",NA,"2049257447",NA
32.21864,-110.83556,1,"Mimidae","Toxostoma curvirostre",2017,3,26,"4fa7b334-ce0d-4e88-aaae-2e0c138d049e",NA,"2050374186",NA
32.21864,-110.83556,3,"Columbidae","Zenaida macroura",2017,3,26,"4fa7b334-ce0d-4e88-aaae-2e0c138d049e",NA,"2050359753",NA
32.21864,-110.83556,1,"Columbidae","Zenaida asiatica",2017,3,26,"4fa7b334-ce0d-4e88-aaae-2e0c138d049e",NA,"2040207363",NA
32.21864,-110.83556,2,"Columbidae","Streptopelia decaocto",2017,3,26,"4fa7b334-ce0d-4e88-aaae-2e0c138d049e",NA,"2055781801",NA
32.21864,-110.83556,1,"Cardinalidae","Cardinalis cardinalis",2017,3,26,"4fa7b334-ce0d-4e88-aaae-2e0c138d049e",NA,"2049276899",NA
32.21864,-110.83556,1,"Trochilidae","Calypte anna",2017,4,9,"4fa7b334-ce0d-4e88-aaae-2e0c138d049e",NA,"2053772485",NA
32.21864,-110.83556,4,"Columbidae","Zenaida macroura",2017,4,9,"4fa7b334-ce0d-4e88-aaae-2e0c138d049e",NA,"2042577171",NA
32.21864,-110.83556,2,"Fringillidae","Spinus psaltria",2017,4,9,"4fa7b334-ce0d-4e88-aaae-2e0c138d049e",NA,"2053788286",NA
32.21864,-110.83556,2,"Emberizidae","Zonotrichia leucophrys",2017,4,9,"4fa7b334-ce0d-4e88-aaae-2e0c138d049e",NA,"2042571302",NA
32.21864,-110.83556,1,"Mimidae","Mimus polyglottos",2017,4,9,"4fa7b334-ce0d-4e88-aaae-2e0c138d049e",NA,"2059381590",NA
32.21864,-110.83556,2,"Columbidae","Zenaida asiatica",2017,4,9,"4fa7b334-ce0d-4e88-aaae-2e0c138d049e",NA,"2042570748",NA
32.21864,-110.83556,6,"Fringillidae","Haemorhous mexicanus",2017,4,9,"4fa7b334-ce0d-4e88-aaae-2e0c138d049e",NA,"2042567018",NA
32.21864,-110.83556,2,"Corvidae","Corvus corax",2017,4,9,"4fa7b334-ce0d-4e88-aaae-2e0c138d049e",NA,"2059392542",NA
32.21864,-110.83556,1,"Picidae","Melanerpes uropygialis",2017,4,9,"4fa7b334-ce0d-4e88-aaae-2e0c138d049e",NA,"2059399157",NA
32.21864,-110.83556,4,"Columbidae","Streptopelia decaocto",2017,4,9,"4fa7b334-ce0d-4e88-aaae-2e0c138d049e",NA,"2059377086",NA
32.21864,-110.83556,1,"Cardinalidae","Cardinalis cardinalis",2017,5,7,"4fa7b334-ce0d-4e88-aaae-2e0c138d049e",NA,"2050531032",NA
32.21864,-110.83556,3,"Columbidae","Streptopelia decaocto",2017,5,7,"4fa7b334-ce0d-4e88-aaae-2e0c138d049e",NA,"2068724004",NA
32.21864,-110.83556,1,"Accipitridae","Accipiter cooperii",2017,5,7,"4fa7b334-ce0d-4e88-aaae-2e0c138d049e",NA,"2063020094",NA
32.21864,-110.83556,1,"Tyrannidae","Myiarchus tyrannulus",2017,5,7,"4fa7b334-ce0d-4e88-aaae-2e0c138d049e",NA,"2068712998",NA
32.21864,-110.83556,5,"Fringillidae","Haemorhous mexicanus",2017,5,7,"4fa7b334-ce0d-4e88-aaae-2e0c138d049e",NA,"2063033512",NA
32.21864,-110.83556,4,"Columbidae","Zenaida asiatica",2017,5,7,"4fa7b334-ce0d-4e88-aaae-2e0c138d049e",NA,"2050547744",NA
32.21864,-110.83556,1,"Picidae","Melanerpes uropygialis",2017,5,7,"4fa7b334-ce0d-4e88-aaae-2e0c138d049e",NA,"2063032900",NA
32.21864,-110.83556,1,"Mimidae","Toxostoma curvirostre",2017,5,7,"4fa7b334-ce0d-4e88-aaae-2e0c138d049e",NA,"2050535231",NA
32.21864,-110.83556,3,"Passeridae","Passer domesticus",2017,5,7,"4fa7b334-ce0d-4e88-aaae-2e0c138d049e",NA,"2063036266",NA
32.21864,-110.83556,2,"Fringillidae","Spinus psaltria",2017,5,7,"4fa7b334-ce0d-4e88-aaae-2e0c138d049e",NA,"2062626178",NA
32.21864,-110.83556,1,"Mimidae","Mimus polyglottos",2017,5,7,"4fa7b334-ce0d-4e88-aaae-2e0c138d049e",NA,"2050531065",NA
32.21864,-110.83556,5,"Columbidae","Zenaida macroura",2017,5,7,"4fa7b334-ce0d-4e88-aaae-2e0c138d049e",NA,"2062632844",NA
32.21864,-110.83556,1,"Tyrannidae","Myiarchus tyrannulus",2017,5,13,"4fa7b334-ce0d-4e88-aaae-2e0c138d049e",NA,"2071466334",NA
32.21864,-110.83556,1,"Fringillidae","Spinus psaltria",2017,5,13,"4fa7b334-ce0d-4e88-aaae-2e0c138d049e",NA,"2071483063",NA
32.21864,-110.83556,1,"Picidae","Melanerpes uropygialis",2017,5,13,"4fa7b334-ce0d-4e88-aaae-2e0c138d049e",NA,"2065557614",NA
32.21864,-110.83556,1,"Accipitridae","Accipiter cooperii",2017,5,13,"4fa7b334-ce0d-4e88-aaae-2e0c138d049e",NA,"2053503498",NA
32.21864,-110.83556,2,"Columbidae","Streptopelia decaocto",2017,5,13,"4fa7b334-ce0d-4e88-aaae-2e0c138d049e",NA,"2071474434",NA
32.21864,-110.83556,1,"Mimidae","Mimus polyglottos",2017,5,13,"4fa7b334-ce0d-4e88-aaae-2e0c138d049e",NA,"2065567181",NA
32.21864,-110.83556,2,"Fringillidae","Haemorhous mexicanus",2017,5,13,"4fa7b334-ce0d-4e88-aaae-2e0c138d049e",NA,"2071478834",NA
32.21864,-110.83556,3,"Columbidae","Zenaida macroura",2017,5,13,"4fa7b334-ce0d-4e88-aaae-2e0c138d049e",NA,"2071474633",NA
32.21864,-110.83556,3,"Columbidae","Zenaida asiatica",2017,5,13,"4fa7b334-ce0d-4e88-aaae-2e0c138d049e",NA,"2053502558",NA
32.21864,-110.83556,6,"Fringillidae","Haemorhous mexicanus",2017,5,20,"4fa7b334-ce0d-4e88-aaae-2e0c138d049e",NA,"2055949413",NA
32.21864,-110.83556,2,"Mimidae","Mimus polyglottos",2017,5,20,"4fa7b334-ce0d-4e88-aaae-2e0c138d049e",NA,"2055954810",NA
32.21864,-110.83556,1,"Corvidae","Corvus corax",2017,5,20,"4fa7b334-ce0d-4e88-aaae-2e0c138d049e",NA,"2069093154",NA
32.21864,-110.83556,3,"Columbidae","Zenaida macroura",2017,5,20,"4fa7b334-ce0d-4e88-aaae-2e0c138d049e",NA,"2069106204",NA
32.21864,-110.83556,2,"Columbidae","Columba livia",2017,5,20,"4fa7b334-ce0d-4e88-aaae-2e0c138d049e",NA,"2055955385",NA
32.21864,-110.83556,2,"Picidae","Melanerpes uropygialis",2017,5,20,"4fa7b334-ce0d-4e88-aaae-2e0c138d049e",NA,"2055950093",NA
32.21864,-110.83556,2,"Columbidae","Streptopelia decaocto",2017,5,20,"4fa7b334-ce0d-4e88-aaae-2e0c138d049e",NA,"2074702606",NA
32.21864,-110.83556,1,"Cuculidae","Geococcyx californianus",2017,5,20,"4fa7b334-ce0d-4e88-aaae-2e0c138d049e",NA,"2074704877",NA
32.21864,-110.83556,6,"Columbidae","Zenaida asiatica",2017,5,20,"4fa7b334-ce0d-4e88-aaae-2e0c138d049e",NA,"2055949918",NA
32.21864,-110.83556,1,"Tyrannidae","Myiarchus tyrannulus",2017,5,27,"4fa7b334-ce0d-4e88-aaae-2e0c138d049e",NA,"2071392591",NA
32.21864,-110.83556,1,"Accipitridae","Accipiter cooperii",2017,5,27,"4fa7b334-ce0d-4e88-aaae-2e0c138d049e",NA,"2071405675",NA
32.21864,-110.83556,2,"Columbidae","Zenaida asiatica",2017,5,27,"4fa7b334-ce0d-4e88-aaae-2e0c138d049e",NA,"2071413524",NA
32.21864,-110.83556,2,"Columbidae","Streptopelia decaocto",2017,6,3,"4fa7b334-ce0d-4e88-aaae-2e0c138d049e",NA,"2078662765",NA
32.21864,-110.83556,2,"Fringillidae","Haemorhous mexicanus",2017,6,3,"4fa7b334-ce0d-4e88-aaae-2e0c138d049e",NA,"2078662780",NA
32.21864,-110.83556,1,"Corvidae","Corvus corax",2017,6,3,"4fa7b334-ce0d-4e88-aaae-2e0c138d049e",NA,"2078667519",NA
32.21864,-110.83556,3,"Columbidae","Zenaida macroura",2017,6,3,"4fa7b334-ce0d-4e88-aaae-2e0c138d049e",NA,"2072969307",NA
32.21864,-110.83556,2,"Picidae","Melanerpes uropygialis",2017,6,3,"4fa7b334-ce0d-4e88-aaae-2e0c138d049e",NA,"2060068079",NA
32.21864,-110.83556,1,"Tyrannidae","Myiarchus tyrannulus",2017,6,3,"4fa7b334-ce0d-4e88-aaae-2e0c138d049e",NA,"2060075200",NA
32.21864,-110.83556,3,"Passeridae","Passer domesticus",2017,6,3,"4fa7b334-ce0d-4e88-aaae-2e0c138d049e",NA,"2073075698",NA
32.21864,-110.83556,2,"Columbidae","Zenaida asiatica",2017,6,3,"4fa7b334-ce0d-4e88-aaae-2e0c138d049e",NA,"2073074847",NA
32.21864,-110.83556,1,"Fringillidae","Spinus psaltria",2017,7,29,"4fa7b334-ce0d-4e88-aaae-2e0c138d049e",NA,"2083941390",NA
32.21864,-110.83556,3,"Columbidae","Zenaida macroura",2017,7,29,"4fa7b334-ce0d-4e88-aaae-2e0c138d049e",NA,"2072035893",NA
32.21864,-110.83556,1,"Mimidae","Mimus polyglottos",2017,7,29,"4fa7b334-ce0d-4e88-aaae-2e0c138d049e",NA,"2083442830",NA
32.21864,-110.83556,2,"Columbidae","Zenaida asiatica",2017,7,29,"4fa7b334-ce0d-4e88-aaae-2e0c138d049e",NA,"2072037663",NA
32.21864,-110.83556,1,"Trochilidae","Calypte anna",2017,7,29,"4fa7b334-ce0d-4e88-aaae-2e0c138d049e",NA,"2083933633",NA
32.21864,-110.83556,1,"Corvidae","Corvus corax",2017,7,29,"4fa7b334-ce0d-4e88-aaae-2e0c138d049e",NA,"2083936205",NA
32.21864,-110.83556,1,"Cardinalidae","Cardinalis cardinalis",2017,8,13,"4fa7b334-ce0d-4e88-aaae-2e0c138d049e",NA,"2092038611",NA
32.21864,-110.83556,2,"Fringillidae","Spinus psaltria",2017,8,13,"4fa7b334-ce0d-4e88-aaae-2e0c138d049e",NA,"2086483948",NA
32.21864,-110.83556,1,"Picidae","Melanerpes uropygialis",2017,8,13,"4fa7b334-ce0d-4e88-aaae-2e0c138d049e",NA,"2074833328",NA
32.21864,-110.83556,4,"Columbidae","Zenaida asiatica",2017,8,13,"4fa7b334-ce0d-4e88-aaae-2e0c138d049e",NA,"2086008272",NA
32.21864,-110.83556,2,"Columbidae","Zenaida macroura",2017,8,13,"4fa7b334-ce0d-4e88-aaae-2e0c138d049e",NA,"2086480909",NA
32.216045,-110.83896,2,"Picidae","Melanerpes uropygialis",2017,9,9,"4fa7b334-ce0d-4e88-aaae-2e0c138d049e",NA,"2080146403",NA
32.216045,-110.83896,1,"Falconidae","Falco sparverius",2017,9,9,"4fa7b334-ce0d-4e88-aaae-2e0c138d049e",NA,"2091949419",NA
32.216045,-110.83896,3,"Corvidae","Corvus corax",2017,9,17,"4fa7b334-ce0d-4e88-aaae-2e0c138d049e",NA,"2092751248",NA
32.21864,-110.83556,1,"Picidae","Melanerpes uropygialis",2017,9,17,"4fa7b334-ce0d-4e88-aaae-2e0c138d049e",NA,"2099566872",NA
32.21864,-110.83556,1,"Cardinalidae","Cardinalis cardinalis",2017,9,17,"4fa7b334-ce0d-4e88-aaae-2e0c138d049e",NA,"2081327845",NA
32.21864,-110.83556,2,"Columbidae","Zenaida macroura",2017,9,17,"4fa7b334-ce0d-4e88-aaae-2e0c138d049e",NA,"2081300447",NA
32.216045,-110.83896,1,"Accipitridae","Buteo jamaicensis",2017,12,5,"4fa7b334-ce0d-4e88-aaae-2e0c138d049e",NA,"2109734333",NA
32.219845,-110.834019,NA,"Columbidae","Zenaida macroura",2021,2,14,"50c9509d-22c7-4a22-a47d-8c48425ef4a7","iNaturalist research-grade observations","3044766130",NA
32.21985,-110.833936,NA,"Mimidae","Mimus polyglottos",2021,2,14,"50c9509d-22c7-4a22-a47d-8c48425ef4a7","iNaturalist research-grade observations","3044760152",NA
32.219927,-110.834089,NA,"Ptilogonatidae","Phainopepla nitens",2021,2,14,"50c9509d-22c7-4a22-a47d-8c48425ef4a7","iNaturalist research-grade observations","3044767143",NA
32.219906,-110.834084,NA,"Trochilidae","Calypte anna",2021,4,8,"50c9509d-22c7-4a22-a47d-8c48425ef4a7","iNaturalist research-grade observations","3090519084",NA
32.219917,-110.834124,NA,"Tyrannidae","Pyrocephalus rubinus",2021,4,8,"50c9509d-22c7-4a22-a47d-8c48425ef4a7","iNaturalist research-grade observations","3090815126","Adult"
32.220009,-110.834042,NA,"Parulidae","Leiothlypis luciae",2021,5,15,"50c9509d-22c7-4a22-a47d-8c48425ef4a7","iNaturalist research-grade observations","3118381958",NA
32.220017,-110.833987,NA,"Parulidae","Leiothlypis luciae",2021,5,15,"50c9509d-22c7-4a22-a47d-8c48425ef4a7","iNaturalist research-grade observations","3118251995",NA
32.219889,-110.833904,NA,"Tyrannidae","Contopus sordidulus",2021,5,21,"50c9509d-22c7-4a22-a47d-8c48425ef4a7","iNaturalist research-grade observations","3124810714",NA
32.219859,-110.833994,NA,"Trochilidae","Calypte anna",2021,5,23,"50c9509d-22c7-4a22-a47d-8c48425ef4a7","iNaturalist research-grade observations","3124710785",NA
32.219879,-110.833918,NA,"Emberizidae","Melozone aberti",2021,5,21,"50c9509d-22c7-4a22-a47d-8c48425ef4a7","iNaturalist research-grade observations","3124720545",NA
32.219906,-110.833895,NA,"Tyrannidae","Myiarchus tyrannulus",2021,5,30,"50c9509d-22c7-4a22-a47d-8c48425ef4a7","iNaturalist research-grade observations","3355498521",NA
32.21993,-110.834107,NA,"Cardinalidae","Cardinalis cardinalis",2021,5,31,"50c9509d-22c7-4a22-a47d-8c48425ef4a7","iNaturalist research-grade observations","3302244745","Adult"
32.219857,-110.834043,NA,"Fringillidae","Spinus psaltria",2021,5,31,"50c9509d-22c7-4a22-a47d-8c48425ef4a7","iNaturalist research-grade observations","3301953882",NA
32.219865,-110.834043,NA,"Trochilidae","Cynanthus latirostris",2021,5,31,"50c9509d-22c7-4a22-a47d-8c48425ef4a7","iNaturalist research-grade observations","3325575438",NA
32.219831,-110.834012,NA,"Picidae","Melanerpes uropygialis",2021,5,31,"50c9509d-22c7-4a22-a47d-8c48425ef4a7","iNaturalist research-grade observations","3302530186",NA
32.219974,-110.834151,NA,"Trochilidae","Archilochus alexandri",2021,5,31,"50c9509d-22c7-4a22-a47d-8c48425ef4a7","iNaturalist research-grade observations","3302349664",NA
32.219872,-110.833987,NA,"Columbidae","Zenaida macroura",2021,6,1,"50c9509d-22c7-4a22-a47d-8c48425ef4a7","iNaturalist research-grade observations","3302564058",NA
32.219964,-110.833994,NA,"Trochilidae","Calypte anna",2021,6,1,"50c9509d-22c7-4a22-a47d-8c48425ef4a7","iNaturalist research-grade observations","3302466873",NA
32.219863,-110.834041,NA,"Fringillidae","Spinus psaltria",2021,6,3,"50c9509d-22c7-4a22-a47d-8c48425ef4a7","iNaturalist research-grade observations","3302195715",NA
32.219891,-110.834027,NA,"Trochilidae","Calypte anna",2021,6,3,"50c9509d-22c7-4a22-a47d-8c48425ef4a7","iNaturalist research-grade observations","3302372723",NA
32.219817,-110.834093,NA,"Tyrannidae","Myiarchus tyrannulus",2021,6,4,"50c9509d-22c7-4a22-a47d-8c48425ef4a7","iNaturalist research-grade observations","3302475847",NA
32.220005,-110.834229,NA,"Accipitridae","Accipiter cooperii",2021,6,4,"50c9509d-22c7-4a22-a47d-8c48425ef4a7","iNaturalist research-grade observations","3302040795",NA
32.219973,-110.834039,NA,"Tyrannidae","Pyrocephalus rubinus",2021,6,21,"50c9509d-22c7-4a22-a47d-8c48425ef4a7","iNaturalist research-grade observations","3314276568",NA
32.219867,-110.833921,NA,"Remizidae","Auriparus flaviceps",2021,6,25,"50c9509d-22c7-4a22-a47d-8c48425ef4a7","iNaturalist research-grade observations","3325692518",NA
32.219891,-110.833915,NA,"Picidae","Dryobates scalaris",2021,6,25,"50c9509d-22c7-4a22-a47d-8c48425ef4a7","iNaturalist research-grade observations","3320846690",NA
32.219885,-110.833914,NA,"Mimidae","Toxostoma curvirostre",2021,7,23,"50c9509d-22c7-4a22-a47d-8c48425ef4a7","iNaturalist research-grade observations","3335188695",NA
32.219809,-110.834052,NA,"Tyrannidae","Myiarchus tyrannulus",2021,7,23,"50c9509d-22c7-4a22-a47d-8c48425ef4a7","iNaturalist research-grade observations","3902072675",NA
32.219995,-110.834228,NA,"Accipitridae","Accipiter cooperii",2021,9,10,"50c9509d-22c7-4a22-a47d-8c48425ef4a7","iNaturalist research-grade observations","3384313774",NA
32.219885,-110.833943,NA,"Passeridae","Passer domesticus",2021,10,22,"50c9509d-22c7-4a22-a47d-8c48425ef4a7","iNaturalist research-grade observations","3399032826",NA
32.219857,-110.83403,NA,"Trochilidae","Cynanthus latirostris",2021,10,22,"50c9509d-22c7-4a22-a47d-8c48425ef4a7","iNaturalist research-grade observations","3398847974",NA
32.219869,-110.834014,NA,"Trochilidae","Calypte anna",2021,10,22,"50c9509d-22c7-4a22-a47d-8c48425ef4a7","iNaturalist research-grade observations","3398838949",NA
32.219855,-110.83402,NA,"Trochilidae","Cynanthus latirostris",2021,11,27,"50c9509d-22c7-4a22-a47d-8c48425ef4a7","iNaturalist research-grade observations","3455422110",NA
32.219981,-110.834237,NA,"Accipitridae","Accipiter cooperii",2021,11,27,"50c9509d-22c7-4a22-a47d-8c48425ef4a7","iNaturalist research-grade observations","3455781117",NA
32.219761,-110.834064,NA,"Cuculidae","Geococcyx californianus",2020,4,25,"50c9509d-22c7-4a22-a47d-8c48425ef4a7","iNaturalist research-grade observations","2611206679",NA
32.219842,-110.834222,NA,"Accipitridae","Accipiter cooperii",2020,4,20,"50c9509d-22c7-4a22-a47d-8c48425ef4a7","iNaturalist research-grade observations","2619907786",NA
32.219822,-110.834153,NA,"Mimidae","Mimus polyglottos",2020,4,30,"50c9509d-22c7-4a22-a47d-8c48425ef4a7","iNaturalist research-grade observations","2611095804",NA
32.219909,-110.834003,NA,"Parulidae","Leiothlypis luciae",2020,5,16,"50c9509d-22c7-4a22-a47d-8c48425ef4a7","iNaturalist research-grade observations","2626412001",NA
32.219944,-110.833994,NA,"Tyrannidae","Myiarchus tyrannulus",2020,5,16,"50c9509d-22c7-4a22-a47d-8c48425ef4a7","iNaturalist research-grade observations","2626402140",NA
32.219946,-110.833984,NA,"Mimidae","Toxostoma curvirostre",2020,5,16,"50c9509d-22c7-4a22-a47d-8c48425ef4a7","iNaturalist research-grade observations","2626480251",NA
32.21993,-110.833961,NA,"Tyrannidae","Tyrannus verticalis",2020,5,16,"50c9509d-22c7-4a22-a47d-8c48425ef4a7","iNaturalist research-grade observations","2626338221",NA
32.219909,-110.833951,NA,"Trochilidae","Calypte anna",2020,5,16,"50c9509d-22c7-4a22-a47d-8c48425ef4a7","iNaturalist research-grade observations","2626435426",NA
32.219978,-110.834055,NA,"Trochilidae","Archilochus alexandri",2020,5,21,"50c9509d-22c7-4a22-a47d-8c48425ef4a7","iNaturalist research-grade observations","3325549341",NA
32.219945,-110.834052,NA,"Picidae","Dryobates scalaris",2020,5,21,"50c9509d-22c7-4a22-a47d-8c48425ef4a7","iNaturalist research-grade observations","2633983101",NA
32.219956,-110.834033,NA,"Accipitridae","Parabuteo unicinctus",2020,5,25,"50c9509d-22c7-4a22-a47d-8c48425ef4a7","iNaturalist research-grade observations","2634277860",NA
32.21974,-110.834053,NA,"Emberizidae","Pipilo chlorurus",2020,9,21,"50c9509d-22c7-4a22-a47d-8c48425ef4a7","iNaturalist research-grade observations","2868324471",NA
32.219792,-110.834118,NA,"Tyrannidae","Pyrocephalus rubinus",2020,9,21,"50c9509d-22c7-4a22-a47d-8c48425ef4a7","iNaturalist research-grade observations","2868394419",NA
32.219966,-110.834182,NA,"Accipitridae","Accipiter cooperii",2020,9,30,"50c9509d-22c7-4a22-a47d-8c48425ef4a7","iNaturalist research-grade observations","2873995790",NA
32.219923,-110.834062,NA,"Fringillidae","Haemorhous mexicanus",2020,10,2,"50c9509d-22c7-4a22-a47d-8c48425ef4a7","iNaturalist research-grade observations","2883137926",NA
32.220408,-110.834069,NA,"Accipitridae","Accipiter cooperii",2020,11,13,"50c9509d-22c7-4a22-a47d-8c48425ef4a7","iNaturalist research-grade observations","2988514969",NA
32.219876,-110.834287,NA,"Parulidae","Setophaga coronata",2020,11,15,"50c9509d-22c7-4a22-a47d-8c48425ef4a7","iNaturalist research-grade observations","2988372150",NA
32.219715,-110.834011,NA,"Accipitridae","Accipiter cooperii",2020,11,15,"50c9509d-22c7-4a22-a47d-8c48425ef4a7","iNaturalist research-grade observations","2988317175",NA
32.220043,-110.834059,NA,"Fringillidae","Haemorhous mexicanus",2020,11,15,"50c9509d-22c7-4a22-a47d-8c48425ef4a7","iNaturalist research-grade observations","2988347134",NA
32.220087,-110.833907,NA,"Cardinalidae","Cardinalis cardinalis",2020,11,15,"50c9509d-22c7-4a22-a47d-8c48425ef4a7","iNaturalist research-grade observations","2988273137",NA
32.215279,-110.83746,NA,"Columbidae","Zenaida macroura",2017,4,21,"50c9509d-22c7-4a22-a47d-8c48425ef4a7","iNaturalist research-grade observations","1562889850",NA
