"decimalLatitude","decimalLongitude","individualCount","family","species","year","month","day","datasetKey","gbifID"
32.137703,-110.911064,5,"Passeridae","Passer domesticus",2021,4,24,"4fa7b334-ce0d-4e88-aaae-2e0c138d049e","3567673048"
32.137703,-110.911064,2,"Parulidae","Leiothlypis luciae",2021,4,24,"4fa7b334-ce0d-4e88-aaae-2e0c138d049e","3563931092"
32.137703,-110.911064,2,"Columbidae","Zenaida macroura",2021,4,24,"4fa7b334-ce0d-4e88-aaae-2e0c138d049e","3548663963"
32.137703,-110.911064,1,"Cardinalidae","Cardinalis cardinalis",2021,4,24,"4fa7b334-ce0d-4e88-aaae-2e0c138d049e","3539525624"
32.137703,-110.911064,1,"Troglodytidae","Campylorhynchus brunneicapillus",2021,4,24,"4fa7b334-ce0d-4e88-aaae-2e0c138d049e","3619167226"
32.137703,-110.911064,2,"Columbidae","Columba livia",2021,4,24,"4fa7b334-ce0d-4e88-aaae-2e0c138d049e","3523376888"
32.137703,-110.911064,1,"Mimidae","Mimus polyglottos",2021,4,24,"4fa7b334-ce0d-4e88-aaae-2e0c138d049e","3522568817"
32.137703,-110.911064,5,"Passeridae","Passer domesticus",2021,4,24,"4fa7b334-ce0d-4e88-aaae-2e0c138d049e","3608321106"
32.137703,-110.911064,2,"Parulidae","Leiothlypis luciae",2021,4,24,"4fa7b334-ce0d-4e88-aaae-2e0c138d049e","3598601442"
32.137703,-110.911064,2,"Columbidae","Zenaida macroura",2021,4,24,"4fa7b334-ce0d-4e88-aaae-2e0c138d049e","3641860240"
32.137703,-110.911064,1,"Cardinalidae","Cardinalis cardinalis",2021,4,24,"4fa7b334-ce0d-4e88-aaae-2e0c138d049e","3637894755"
32.137703,-110.911064,1,"Troglodytidae","Campylorhynchus brunneicapillus",2021,4,24,"4fa7b334-ce0d-4e88-aaae-2e0c138d049e","3633173132"
32.137703,-110.911064,2,"Columbidae","Columba livia",2021,4,24,"4fa7b334-ce0d-4e88-aaae-2e0c138d049e","3637318127"
32.137703,-110.911064,1,"Mimidae","Mimus polyglottos",2021,4,24,"4fa7b334-ce0d-4e88-aaae-2e0c138d049e","3685609879"
32.137703,-110.911064,3,"Columbidae","Zenaida asiatica",2020,5,13,"4fa7b334-ce0d-4e88-aaae-2e0c138d049e","3262853628"
32.137703,-110.911064,1,"Picidae","Melanerpes uropygialis",2020,5,13,"4fa7b334-ce0d-4e88-aaae-2e0c138d049e","3249659552"
32.137703,-110.911064,6,"Columbidae","Columba livia",2020,5,13,"4fa7b334-ce0d-4e88-aaae-2e0c138d049e","3241155574"
32.137703,-110.911064,1,"Tyrannidae","Pyrocephalus rubinus",2020,5,13,"4fa7b334-ce0d-4e88-aaae-2e0c138d049e","3254372623"
32.137703,-110.911064,1,"Columbidae","Zenaida macroura",2020,5,13,"4fa7b334-ce0d-4e88-aaae-2e0c138d049e","3246832711"
32.137703,-110.911064,1,"Parulidae","Leiothlypis luciae",2020,5,13,"4fa7b334-ce0d-4e88-aaae-2e0c138d049e","3245321613"
32.137703,-110.911064,1,"Columbidae","Streptopelia decaocto",2020,5,13,"4fa7b334-ce0d-4e88-aaae-2e0c138d049e","3256937594"
32.137703,-110.911064,4,"Passeridae","Passer domesticus",2020,5,13,"4fa7b334-ce0d-4e88-aaae-2e0c138d049e","3254942693"
32.137703,-110.911064,1,"Polioptilidae","Polioptila melanura",2020,5,13,"4fa7b334-ce0d-4e88-aaae-2e0c138d049e","3251502801"
32.137703,-110.911064,3,"Columbidae","Zenaida asiatica",2020,5,13,"4fa7b334-ce0d-4e88-aaae-2e0c138d049e","3281125784"
32.137703,-110.911064,1,"Picidae","Melanerpes uropygialis",2020,5,13,"4fa7b334-ce0d-4e88-aaae-2e0c138d049e","3269070733"
32.137703,-110.911064,6,"Columbidae","Columba livia",2020,5,13,"4fa7b334-ce0d-4e88-aaae-2e0c138d049e","3258959735"
32.137703,-110.911064,1,"Tyrannidae","Pyrocephalus rubinus",2020,5,13,"4fa7b334-ce0d-4e88-aaae-2e0c138d049e","3259228783"
32.137703,-110.911064,1,"Columbidae","Zenaida macroura",2020,5,13,"4fa7b334-ce0d-4e88-aaae-2e0c138d049e","3273838818"
32.137703,-110.911064,1,"Parulidae","Leiothlypis luciae",2020,5,13,"4fa7b334-ce0d-4e88-aaae-2e0c138d049e","3282720896"
32.137703,-110.911064,1,"Columbidae","Streptopelia decaocto",2020,5,13,"4fa7b334-ce0d-4e88-aaae-2e0c138d049e","3289714904"
32.137703,-110.911064,4,"Passeridae","Passer domesticus",2020,5,13,"4fa7b334-ce0d-4e88-aaae-2e0c138d049e","3272615745"
32.137703,-110.911064,1,"Polioptilidae","Polioptila melanura",2020,5,13,"4fa7b334-ce0d-4e88-aaae-2e0c138d049e","3275811956"
32.134254,-110.91028,1,"Picidae","Melanerpes uropygialis",2019,7,10,"4fa7b334-ce0d-4e88-aaae-2e0c138d049e","2776212993"
32.134254,-110.91028,1,"Emberizidae","Amphispiza bilineata",2019,7,10,"4fa7b334-ce0d-4e88-aaae-2e0c138d049e","2773602903"
32.134254,-110.91028,1,"Picidae","Melanerpes uropygialis",2019,7,10,"4fa7b334-ce0d-4e88-aaae-2e0c138d049e","2710854157"
32.134254,-110.91028,1,"Emberizidae","Amphispiza bilineata",2019,7,10,"4fa7b334-ce0d-4e88-aaae-2e0c138d049e","2711382918"
