"decimalLatitude","decimalLongitude","individualCount","family","species","year","month","day","datasetKey","gbifID"
32.206387,-110.78978,26,"Columbidae","Columba livia",2021,1,1,"4fa7b334-ce0d-4e88-aaae-2e0c138d049e","3504151862"
32.206387,-110.78978,1,"Accipitridae","Buteo jamaicensis",2021,1,1,"4fa7b334-ce0d-4e88-aaae-2e0c138d049e","3504420849"
32.206387,-110.78978,5,"Columbidae","Zenaida macroura",2021,1,1,"4fa7b334-ce0d-4e88-aaae-2e0c138d049e","3577664037"
32.206387,-110.78978,1,"Falconidae","Falco sparverius",2021,1,4,"4fa7b334-ce0d-4e88-aaae-2e0c138d049e","3513077770"
32.206387,-110.78978,9,"Columbidae","Columba livia",2021,1,4,"4fa7b334-ce0d-4e88-aaae-2e0c138d049e","3516406442"
32.206387,-110.78978,1,"Accipitridae","Accipiter cooperii",2021,1,4,"4fa7b334-ce0d-4e88-aaae-2e0c138d049e","3523362124"
32.2124,-110.79189,NA,"Trochilidae","Calypte anna",2021,1,19,"4fa7b334-ce0d-4e88-aaae-2e0c138d049e","3600495869"
32.2124,-110.79189,1,"Accipitridae","Accipiter cooperii",2021,1,19,"4fa7b334-ce0d-4e88-aaae-2e0c138d049e","3598670329"
32.2124,-110.79189,1,"Columbidae","Zenaida macroura",2021,1,19,"4fa7b334-ce0d-4e88-aaae-2e0c138d049e","3604515606"
32.2124,-110.79189,NA,"Trochilidae","Cynanthus latirostris",2021,1,19,"4fa7b334-ce0d-4e88-aaae-2e0c138d049e","3604507682"
32.2124,-110.79189,NA,"Trochilidae","Calypte costae",2021,1,19,"4fa7b334-ce0d-4e88-aaae-2e0c138d049e","3616631578"
32.21252,-110.79179,4,"Passeridae","Passer domesticus",2021,3,8,"4fa7b334-ce0d-4e88-aaae-2e0c138d049e","3524509775"
32.21252,-110.79179,3,"Columbidae","Streptopelia decaocto",2021,3,8,"4fa7b334-ce0d-4e88-aaae-2e0c138d049e","3516875195"
32.21252,-110.79179,2,"Columbidae","Zenaida macroura",2021,3,8,"4fa7b334-ce0d-4e88-aaae-2e0c138d049e","3518123561"
32.21252,-110.79179,1,"Emberizidae","Melospiza lincolnii",2021,3,8,"4fa7b334-ce0d-4e88-aaae-2e0c138d049e","3512188878"
32.21252,-110.79179,2,"Mimidae","Toxostoma curvirostre",2021,3,8,"4fa7b334-ce0d-4e88-aaae-2e0c138d049e","3509843028"
32.21252,-110.79179,2,"Fringillidae","Spinus psaltria",2021,3,8,"4fa7b334-ce0d-4e88-aaae-2e0c138d049e","3509985737"
32.21252,-110.79179,2,"Picidae","Melanerpes uropygialis",2021,3,8,"4fa7b334-ce0d-4e88-aaae-2e0c138d049e","3510237982"
32.21252,-110.79179,2,"Trochilidae","Calypte anna",2021,3,8,"4fa7b334-ce0d-4e88-aaae-2e0c138d049e","3508251384"
32.21252,-110.79179,3,"Trochilidae","Calypte costae",2021,3,8,"4fa7b334-ce0d-4e88-aaae-2e0c138d049e","3538289156"
32.21252,-110.79179,1,"Trochilidae","Cynanthus latirostris",2021,3,8,"4fa7b334-ce0d-4e88-aaae-2e0c138d049e","3537141271"
32.21252,-110.79179,3,"Fringillidae","Haemorhous mexicanus",2021,3,8,"4fa7b334-ce0d-4e88-aaae-2e0c138d049e","3528760895"
32.21252,-110.79179,4,"Passeridae","Passer domesticus",2021,3,8,"4fa7b334-ce0d-4e88-aaae-2e0c138d049e","3524086587"
32.21252,-110.79179,3,"Columbidae","Streptopelia decaocto",2021,3,8,"4fa7b334-ce0d-4e88-aaae-2e0c138d049e","3518086868"
32.21252,-110.79179,2,"Columbidae","Zenaida macroura",2021,3,8,"4fa7b334-ce0d-4e88-aaae-2e0c138d049e","3516946413"
32.21252,-110.79179,1,"Emberizidae","Melospiza lincolnii",2021,3,8,"4fa7b334-ce0d-4e88-aaae-2e0c138d049e","3511834706"
32.21252,-110.79179,2,"Mimidae","Toxostoma curvirostre",2021,3,8,"4fa7b334-ce0d-4e88-aaae-2e0c138d049e","3511048913"
32.21252,-110.79179,2,"Fringillidae","Spinus psaltria",2021,3,8,"4fa7b334-ce0d-4e88-aaae-2e0c138d049e","3508830720"
32.21252,-110.79179,2,"Picidae","Melanerpes uropygialis",2021,3,8,"4fa7b334-ce0d-4e88-aaae-2e0c138d049e","3510019836"
32.21252,-110.79179,2,"Trochilidae","Calypte anna",2021,3,8,"4fa7b334-ce0d-4e88-aaae-2e0c138d049e","3535106483"
32.21252,-110.79179,3,"Trochilidae","Calypte costae",2021,3,8,"4fa7b334-ce0d-4e88-aaae-2e0c138d049e","3533890946"
32.21252,-110.79179,1,"Trochilidae","Cynanthus latirostris",2021,3,8,"4fa7b334-ce0d-4e88-aaae-2e0c138d049e","3528676005"
32.21252,-110.79179,3,"Fringillidae","Haemorhous mexicanus",2021,3,8,"4fa7b334-ce0d-4e88-aaae-2e0c138d049e","3528081606"
32.21252,-110.79179,4,"Passeridae","Passer domesticus",2021,3,8,"4fa7b334-ce0d-4e88-aaae-2e0c138d049e","3508252228"
32.21252,-110.79179,3,"Columbidae","Streptopelia decaocto",2021,3,8,"4fa7b334-ce0d-4e88-aaae-2e0c138d049e","3538541777"
32.21252,-110.79179,2,"Columbidae","Zenaida macroura",2021,3,8,"4fa7b334-ce0d-4e88-aaae-2e0c138d049e","3537451954"
32.21252,-110.79179,1,"Emberizidae","Melospiza lincolnii",2021,3,8,"4fa7b334-ce0d-4e88-aaae-2e0c138d049e","3528990628"
32.21252,-110.79179,2,"Mimidae","Toxostoma curvirostre",2021,3,8,"4fa7b334-ce0d-4e88-aaae-2e0c138d049e","3520434571"
32.21252,-110.79179,2,"Fringillidae","Spinus psaltria",2021,3,8,"4fa7b334-ce0d-4e88-aaae-2e0c138d049e","3522572944"
32.21252,-110.79179,2,"Picidae","Melanerpes uropygialis",2021,3,8,"4fa7b334-ce0d-4e88-aaae-2e0c138d049e","3517374434"
32.21252,-110.79179,2,"Trochilidae","Calypte anna",2021,3,8,"4fa7b334-ce0d-4e88-aaae-2e0c138d049e","3604493835"
32.21252,-110.79179,3,"Trochilidae","Calypte costae",2021,3,8,"4fa7b334-ce0d-4e88-aaae-2e0c138d049e","3604589005"
32.21252,-110.79179,1,"Trochilidae","Cynanthus latirostris",2021,3,8,"4fa7b334-ce0d-4e88-aaae-2e0c138d049e","3613361662"
32.21252,-110.79179,3,"Fringillidae","Haemorhous mexicanus",2021,3,8,"4fa7b334-ce0d-4e88-aaae-2e0c138d049e","3658279616"
32.206387,-110.78978,1,"Falconidae","Falco sparverius",2021,3,23,"4fa7b334-ce0d-4e88-aaae-2e0c138d049e","3606347961"
32.206387,-110.78978,5,"Columbidae","Columba livia",2021,3,23,"4fa7b334-ce0d-4e88-aaae-2e0c138d049e","3620379510"
32.212437,-110.7919,12,"Passeridae","Passer domesticus",2021,5,25,"4fa7b334-ce0d-4e88-aaae-2e0c138d049e","3571089754"
32.212437,-110.7919,2,"Icteridae","Icterus cucullatus",2021,5,25,"4fa7b334-ce0d-4e88-aaae-2e0c138d049e","3575648449"
32.212437,-110.7919,2,"Fringillidae","Haemorhous mexicanus",2021,5,25,"4fa7b334-ce0d-4e88-aaae-2e0c138d049e","3574411929"
32.212437,-110.7919,1,"Remizidae","Auriparus flaviceps",2021,5,25,"4fa7b334-ce0d-4e88-aaae-2e0c138d049e","3543642876"
32.212437,-110.7919,12,"Passeridae","Passer domesticus",2021,5,25,"4fa7b334-ce0d-4e88-aaae-2e0c138d049e","3630118299"
32.212437,-110.7919,2,"Icteridae","Icterus cucullatus",2021,5,25,"4fa7b334-ce0d-4e88-aaae-2e0c138d049e","3642328558"
32.212437,-110.7919,2,"Fringillidae","Haemorhous mexicanus",2021,5,25,"4fa7b334-ce0d-4e88-aaae-2e0c138d049e","3633700009"
32.212437,-110.7919,1,"Remizidae","Auriparus flaviceps",2021,5,25,"4fa7b334-ce0d-4e88-aaae-2e0c138d049e","3639701659"
32.212437,-110.7919,12,"Passeridae","Passer domesticus",2021,5,25,"4fa7b334-ce0d-4e88-aaae-2e0c138d049e","3621057358"
32.212437,-110.7919,2,"Icteridae","Icterus cucullatus",2021,5,25,"4fa7b334-ce0d-4e88-aaae-2e0c138d049e","3606834033"
32.212437,-110.7919,2,"Fringillidae","Haemorhous mexicanus",2021,5,25,"4fa7b334-ce0d-4e88-aaae-2e0c138d049e","3644667649"
32.212437,-110.7919,1,"Remizidae","Auriparus flaviceps",2021,5,25,"4fa7b334-ce0d-4e88-aaae-2e0c138d049e","3611592379"
32.212437,-110.7919,12,"Passeridae","Passer domesticus",2021,5,25,"4fa7b334-ce0d-4e88-aaae-2e0c138d049e","3610009522"
32.212437,-110.7919,2,"Icteridae","Icterus cucullatus",2021,5,25,"4fa7b334-ce0d-4e88-aaae-2e0c138d049e","3617732912"
32.212437,-110.7919,2,"Fringillidae","Haemorhous mexicanus",2021,5,25,"4fa7b334-ce0d-4e88-aaae-2e0c138d049e","3601655020"
32.212437,-110.7919,1,"Remizidae","Auriparus flaviceps",2021,5,25,"4fa7b334-ce0d-4e88-aaae-2e0c138d049e","3604713856"
32.206387,-110.78978,1,"Accipitridae","Accipiter cooperii",2021,6,6,"4fa7b334-ce0d-4e88-aaae-2e0c138d049e","3641052366"
32.206387,-110.78978,1,"Corvidae","Corvus corax",2021,6,13,"4fa7b334-ce0d-4e88-aaae-2e0c138d049e","3646359250"
32.21252,-110.79172,5,"Fringillidae","Haemorhous mexicanus",2021,8,30,"4fa7b334-ce0d-4e88-aaae-2e0c138d049e","3580290223"
32.21252,-110.79172,3,"Trochilidae","Calypte costae",2021,8,30,"4fa7b334-ce0d-4e88-aaae-2e0c138d049e","3577984164"
32.21252,-110.79172,5,"Fringillidae","Spinus psaltria",2021,8,30,"4fa7b334-ce0d-4e88-aaae-2e0c138d049e","3546051060"
32.21252,-110.79172,3,"Trochilidae","Calypte anna",2021,8,30,"4fa7b334-ce0d-4e88-aaae-2e0c138d049e","3544688963"
32.21252,-110.79172,2,"Trochilidae","Cynanthus latirostris",2021,8,30,"4fa7b334-ce0d-4e88-aaae-2e0c138d049e","3542478845"
32.21252,-110.79172,5,"Fringillidae","Haemorhous mexicanus",2021,8,30,"4fa7b334-ce0d-4e88-aaae-2e0c138d049e","3564120102"
32.21252,-110.79172,3,"Trochilidae","Calypte costae",2021,8,30,"4fa7b334-ce0d-4e88-aaae-2e0c138d049e","3572733699"
32.21252,-110.79172,5,"Fringillidae","Spinus psaltria",2021,8,30,"4fa7b334-ce0d-4e88-aaae-2e0c138d049e","3571497589"
32.21252,-110.79172,3,"Trochilidae","Calypte anna",2021,8,30,"4fa7b334-ce0d-4e88-aaae-2e0c138d049e","3570106209"
32.21252,-110.79172,2,"Trochilidae","Cynanthus latirostris",2021,8,30,"4fa7b334-ce0d-4e88-aaae-2e0c138d049e","3539374242"
32.206387,-110.78978,6,"Columbidae","Columba livia",2021,9,16,"4fa7b334-ce0d-4e88-aaae-2e0c138d049e","3669042319"
32.206387,-110.78978,1,"Falconidae","Falco sparverius",2021,9,16,"4fa7b334-ce0d-4e88-aaae-2e0c138d049e","3629516210"
32.212337,-110.79177,1,"Cardinalidae","Cardinalis sinuatus",2021,10,17,"4fa7b334-ce0d-4e88-aaae-2e0c138d049e","3572342686"
32.212337,-110.79177,1,"Passeridae","Passer domesticus",2021,10,17,"4fa7b334-ce0d-4e88-aaae-2e0c138d049e","3580811903"
32.212337,-110.79177,1,"Fringillidae","Spinus psaltria",2021,10,17,"4fa7b334-ce0d-4e88-aaae-2e0c138d049e","3583417826"
32.212337,-110.79177,1,"Trochilidae","Cynanthus latirostris",2021,10,17,"4fa7b334-ce0d-4e88-aaae-2e0c138d049e","3547626411"
32.212337,-110.79177,1,"Trochilidae","Calypte costae",2021,10,17,"4fa7b334-ce0d-4e88-aaae-2e0c138d049e","3550055852"
32.212337,-110.79177,4,"Trochilidae","Calypte anna",2021,10,17,"4fa7b334-ce0d-4e88-aaae-2e0c138d049e","3557152681"
32.206387,-110.78978,1,"Accipitridae","Buteo jamaicensis",2021,10,31,"4fa7b334-ce0d-4e88-aaae-2e0c138d049e","3558285042"
32.206387,-110.78978,16,"Columbidae","Columba livia",2021,10,31,"4fa7b334-ce0d-4e88-aaae-2e0c138d049e","3670931895"
32.206387,-110.78978,4,"Columbidae","Zenaida macroura",2021,10,31,"4fa7b334-ce0d-4e88-aaae-2e0c138d049e","3573337693"
32.206387,-110.78978,1,"Accipitridae","Buteo jamaicensis",2021,11,2,"4fa7b334-ce0d-4e88-aaae-2e0c138d049e","3654634057"
32.206387,-110.78978,13,"Columbidae","Zenaida macroura",2021,11,3,"4fa7b334-ce0d-4e88-aaae-2e0c138d049e","3579475411"
32.206387,-110.78978,106,"Columbidae","Columba livia",2021,11,3,"4fa7b334-ce0d-4e88-aaae-2e0c138d049e","3581149390"
32.206387,-110.78978,66,"Columbidae","Columba livia",2021,11,11,"4fa7b334-ce0d-4e88-aaae-2e0c138d049e","3551234417"
32.206387,-110.78978,1,"Accipitridae","Parabuteo unicinctus",2021,11,15,"4fa7b334-ce0d-4e88-aaae-2e0c138d049e","3547472796"
32.206387,-110.78978,2,"Corvidae","Corvus corax",2021,11,15,"4fa7b334-ce0d-4e88-aaae-2e0c138d049e","3554860437"
32.206387,-110.78978,1,"Accipitridae","Buteo jamaicensis",2021,11,15,"4fa7b334-ce0d-4e88-aaae-2e0c138d049e","3553863739"
32.206387,-110.78978,1,"Falconidae","Falco sparverius",2021,11,15,"4fa7b334-ce0d-4e88-aaae-2e0c138d049e","3547591349"
32.206387,-110.78978,17,"Columbidae","Columba livia",2021,11,15,"4fa7b334-ce0d-4e88-aaae-2e0c138d049e","3557435309"
32.206387,-110.78978,4,"Columbidae","Zenaida macroura",2021,11,16,"4fa7b334-ce0d-4e88-aaae-2e0c138d049e","3585853093"
32.206387,-110.78978,113,"Columbidae","Columba livia",2021,11,16,"4fa7b334-ce0d-4e88-aaae-2e0c138d049e","3582135563"
32.206387,-110.78978,1,"Corvidae","Corvus corax",2021,11,16,"4fa7b334-ce0d-4e88-aaae-2e0c138d049e","3575556625"
32.206387,-110.78978,9,"Columbidae","Columba livia",2021,11,17,"4fa7b334-ce0d-4e88-aaae-2e0c138d049e","3546783721"
32.206387,-110.78978,2,"Accipitridae","Accipiter cooperii",2021,11,17,"4fa7b334-ce0d-4e88-aaae-2e0c138d049e","3542840945"
32.206387,-110.78978,1,"Mimidae","Mimus polyglottos",2021,11,16,"4fa7b334-ce0d-4e88-aaae-2e0c138d049e","3646682500"
32.206387,-110.78978,12,"Columbidae","Zenaida macroura",2021,11,16,"4fa7b334-ce0d-4e88-aaae-2e0c138d049e","3657114601"
32.206387,-110.78978,67,"Columbidae","Columba livia",2021,11,16,"4fa7b334-ce0d-4e88-aaae-2e0c138d049e","3655028733"
32.206387,-110.78978,1,"Mimidae","Mimus polyglottos",2021,11,17,"4fa7b334-ce0d-4e88-aaae-2e0c138d049e","3564705615"
32.206387,-110.78978,22,"Columbidae","Zenaida macroura",2021,11,17,"4fa7b334-ce0d-4e88-aaae-2e0c138d049e","3571582666"
32.206387,-110.78978,108,"Columbidae","Columba livia",2021,11,17,"4fa7b334-ce0d-4e88-aaae-2e0c138d049e","3569101582"
32.206387,-110.78978,1,"Corvidae","Corvus corax",2021,11,18,"4fa7b334-ce0d-4e88-aaae-2e0c138d049e","3692548075"
32.206387,-110.78978,13,"Columbidae","Zenaida macroura",2021,11,18,"4fa7b334-ce0d-4e88-aaae-2e0c138d049e","3687198257"
32.206387,-110.78978,114,"Columbidae","Columba livia",2021,11,18,"4fa7b334-ce0d-4e88-aaae-2e0c138d049e","3662341379"
32.206387,-110.78978,1,"Ptilogonatidae","Phainopepla nitens",2021,11,18,"4fa7b334-ce0d-4e88-aaae-2e0c138d049e","3689227414"
32.206387,-110.78978,111,"Columbidae","Columba livia",2021,11,18,"4fa7b334-ce0d-4e88-aaae-2e0c138d049e","3690714733"
32.206387,-110.78978,1,"Picidae","Melanerpes uropygialis",2021,11,21,"4fa7b334-ce0d-4e88-aaae-2e0c138d049e","3617759292"
32.206387,-110.78978,1,"Accipitridae","Accipiter cooperii",2021,11,21,"4fa7b334-ce0d-4e88-aaae-2e0c138d049e","3630491388"
32.206387,-110.78978,2,"Columbidae","Columba livia",2021,11,21,"4fa7b334-ce0d-4e88-aaae-2e0c138d049e","3628665265"
32.206387,-110.78978,86,"Columbidae","Columba livia",2021,11,24,"4fa7b334-ce0d-4e88-aaae-2e0c138d049e","3551190231"
32.206387,-110.78978,11,"Columbidae","Zenaida macroura",2021,11,24,"4fa7b334-ce0d-4e88-aaae-2e0c138d049e","3579595991"
32.206387,-110.78978,8,"Columbidae","Columba livia",2021,11,25,"4fa7b334-ce0d-4e88-aaae-2e0c138d049e","3564314529"
32.206387,-110.78978,1,"Accipitridae","Accipiter cooperii",2021,11,25,"4fa7b334-ce0d-4e88-aaae-2e0c138d049e","3566583531"
32.206387,-110.78978,6,"Columbidae","Zenaida macroura",2021,11,25,"4fa7b334-ce0d-4e88-aaae-2e0c138d049e","3572433378"
32.206387,-110.78978,16,"Columbidae","Columba livia",2021,12,3,"4fa7b334-ce0d-4e88-aaae-2e0c138d049e","3688957053"
32.206387,-110.78978,1,"Corvidae","Corvus corax",2021,12,3,"4fa7b334-ce0d-4e88-aaae-2e0c138d049e","3688799335"
32.206387,-110.78978,3,"Accipitridae","Accipiter cooperii",2021,12,10,"4fa7b334-ce0d-4e88-aaae-2e0c138d049e","3562913700"
32.206387,-110.78978,24,"Columbidae","Columba livia",2021,12,10,"4fa7b334-ce0d-4e88-aaae-2e0c138d049e","3553616798"
32.206387,-110.78978,2,"Corvidae","Corvus corax",2021,12,17,"4fa7b334-ce0d-4e88-aaae-2e0c138d049e","3574797046"
32.206387,-110.78978,8,"Columbidae","Zenaida macroura",2021,12,17,"4fa7b334-ce0d-4e88-aaae-2e0c138d049e","3603720225"
32.206387,-110.78978,23,"Columbidae","Columba livia",2021,12,17,"4fa7b334-ce0d-4e88-aaae-2e0c138d049e","3551518325"
32.206387,-110.78978,1,"Corvidae","Corvus corax",2021,12,22,"4fa7b334-ce0d-4e88-aaae-2e0c138d049e","3581791383"
32.206387,-110.78978,4,"Columbidae","Zenaida macroura",2021,12,22,"4fa7b334-ce0d-4e88-aaae-2e0c138d049e","3583332633"
32.206387,-110.78978,4,"Accipitridae","Parabuteo unicinctus",2021,12,30,"4fa7b334-ce0d-4e88-aaae-2e0c138d049e","3585816062"
32.206387,-110.78978,3,"Accipitridae","Parabuteo unicinctus",2021,12,30,"4fa7b334-ce0d-4e88-aaae-2e0c138d049e","3650884156"
32.206387,-110.78978,3,"Columbidae","Zenaida macroura",2021,12,30,"4fa7b334-ce0d-4e88-aaae-2e0c138d049e","3650470706"
32.206387,-110.78978,1,"Accipitridae","Buteo jamaicensis",2020,1,3,"4fa7b334-ce0d-4e88-aaae-2e0c138d049e","3139229149"
32.206387,-110.78978,4,"Columbidae","Columba livia",2020,1,3,"4fa7b334-ce0d-4e88-aaae-2e0c138d049e","3141568119"
32.206387,-110.78978,24,"Columbidae","Columba livia",2020,1,7,"4fa7b334-ce0d-4e88-aaae-2e0c138d049e","3217523792"
32.206387,-110.78978,4,"Corvidae","Corvus corax",2020,1,7,"4fa7b334-ce0d-4e88-aaae-2e0c138d049e","3219824836"
32.206387,-110.78978,2,"Ptilogonatidae","Phainopepla nitens",2020,1,8,"4fa7b334-ce0d-4e88-aaae-2e0c138d049e","3142991698"
32.206387,-110.78978,8,"Columbidae","Columba livia",2020,1,8,"4fa7b334-ce0d-4e88-aaae-2e0c138d049e","3144267733"
32.206387,-110.78978,1,"Accipitridae","Accipiter cooperii",2020,1,8,"4fa7b334-ce0d-4e88-aaae-2e0c138d049e","3134636798"
32.211826,-110.79163,2,"Trochilidae","Cynanthus latirostris",2020,1,9,"4fa7b334-ce0d-4e88-aaae-2e0c138d049e","3141380169"
32.211826,-110.79163,8,"Trochilidae","Calypte anna",2020,1,9,"4fa7b334-ce0d-4e88-aaae-2e0c138d049e","3132527220"
32.211826,-110.79163,2,"Trochilidae","Calypte costae",2020,1,9,"4fa7b334-ce0d-4e88-aaae-2e0c138d049e","3132388205"
32.212463,-110.79184,2,"Trochilidae","Calypte costae",2020,1,9,"4fa7b334-ce0d-4e88-aaae-2e0c138d049e","3145194160"
32.212463,-110.79184,2,"Trochilidae","Cynanthus latirostris",2020,1,9,"4fa7b334-ce0d-4e88-aaae-2e0c138d049e","3142913166"
32.212463,-110.79184,1,"Columbidae","Zenaida macroura",2020,1,9,"4fa7b334-ce0d-4e88-aaae-2e0c138d049e","3143951170"
32.212463,-110.79184,4,"Trochilidae","Calypte anna",2020,1,9,"4fa7b334-ce0d-4e88-aaae-2e0c138d049e","3134062130"
32.21252,-110.79176,2,"Fringillidae","Spinus psaltria",2020,2,21,"4fa7b334-ce0d-4e88-aaae-2e0c138d049e","3135213458"
32.21252,-110.79176,2,"Columbidae","Zenaida macroura",2020,2,21,"4fa7b334-ce0d-4e88-aaae-2e0c138d049e","3139854483"
32.21252,-110.79176,2,"Trochilidae","Calypte anna",2020,2,21,"4fa7b334-ce0d-4e88-aaae-2e0c138d049e","3139513356"
32.21252,-110.79176,5,"Passeridae","Passer domesticus",2020,2,21,"4fa7b334-ce0d-4e88-aaae-2e0c138d049e","3136520369"
32.21252,-110.79176,3,"Trochilidae","Calypte costae",2020,2,21,"4fa7b334-ce0d-4e88-aaae-2e0c138d049e","3147674354"
32.21252,-110.79176,3,"Columbidae","Streptopelia decaocto",2020,2,21,"4fa7b334-ce0d-4e88-aaae-2e0c138d049e","3145090413"
32.21252,-110.79176,1,"Picidae","Melanerpes uropygialis",2020,2,21,"4fa7b334-ce0d-4e88-aaae-2e0c138d049e","3239976369"
32.21252,-110.79176,1,"Trochilidae","Cynanthus latirostris",2020,2,21,"4fa7b334-ce0d-4e88-aaae-2e0c138d049e","3228079341"
32.21252,-110.79176,1,"Falconidae","Falco peregrinus",2020,2,21,"4fa7b334-ce0d-4e88-aaae-2e0c138d049e","3140672443"
32.21252,-110.79176,1,"Columbidae","Columba livia",2020,2,21,"4fa7b334-ce0d-4e88-aaae-2e0c138d049e","3135913416"
32.21252,-110.79176,1,"Accipitridae","Accipiter cooperii",2020,2,21,"4fa7b334-ce0d-4e88-aaae-2e0c138d049e","3135241493"
32.206387,-110.78978,1,"Columbidae","Zenaida asiatica",2020,7,16,"4fa7b334-ce0d-4e88-aaae-2e0c138d049e","3176356931"
32.206387,-110.78978,1,"Accipitridae","Buteo jamaicensis",2020,7,16,"4fa7b334-ce0d-4e88-aaae-2e0c138d049e","3167022703"
32.206387,-110.78978,2,"Cathartidae","Cathartes aura",2020,9,26,"4fa7b334-ce0d-4e88-aaae-2e0c138d049e","3293537561"
32.206387,-110.78978,22,"Columbidae","Columba livia",2020,11,9,"4fa7b334-ce0d-4e88-aaae-2e0c138d049e","3195315754"
32.206387,-110.78978,1,"Accipitridae","Buteo jamaicensis",2020,11,9,"4fa7b334-ce0d-4e88-aaae-2e0c138d049e","3204530574"
32.206387,-110.78978,2,"Accipitridae","Accipiter cooperii",2020,11,9,"4fa7b334-ce0d-4e88-aaae-2e0c138d049e","3209389638"
32.206387,-110.78978,100,"Columbidae","Columba livia",2020,11,10,"4fa7b334-ce0d-4e88-aaae-2e0c138d049e","3273988155"
32.206387,-110.78978,50,"Columbidae","Columba livia",2020,11,18,"4fa7b334-ce0d-4e88-aaae-2e0c138d049e","3204390227"
32.206387,-110.78978,1,"Falconidae","Falco sparverius",2020,11,18,"4fa7b334-ce0d-4e88-aaae-2e0c138d049e","3209340172"
32.212357,-110.792175,3,"Trochilidae","Calypte costae",2020,11,20,"4fa7b334-ce0d-4e88-aaae-2e0c138d049e","3281810012"
32.212357,-110.792175,8,"Passeridae","Passer domesticus",2020,11,20,"4fa7b334-ce0d-4e88-aaae-2e0c138d049e","3280648306"
32.212357,-110.792175,10,"Columbidae","Zenaida macroura",2020,11,20,"4fa7b334-ce0d-4e88-aaae-2e0c138d049e","3277627314"
32.212357,-110.792175,1,"Remizidae","Auriparus flaviceps",2020,11,20,"4fa7b334-ce0d-4e88-aaae-2e0c138d049e","3276932345"
32.212357,-110.792175,1,"Parulidae","Leiothlypis celata",2020,11,20,"4fa7b334-ce0d-4e88-aaae-2e0c138d049e","3286118306"
32.212357,-110.792175,4,"Trochilidae","Calypte anna",2020,11,20,"4fa7b334-ce0d-4e88-aaae-2e0c138d049e","3301195665"
32.212357,-110.792175,3,"Trochilidae","Cynanthus latirostris",2020,11,20,"4fa7b334-ce0d-4e88-aaae-2e0c138d049e","3271795378"
32.206387,-110.78978,3,"Corvidae","Corvus corax",2020,11,25,"4fa7b334-ce0d-4e88-aaae-2e0c138d049e","3257662294"
32.206387,-110.78978,3,"Columbidae","Columba livia",2020,11,25,"4fa7b334-ce0d-4e88-aaae-2e0c138d049e","3283756293"
32.206387,-110.78978,1,"Columbidae","Columba livia",2020,11,30,"4fa7b334-ce0d-4e88-aaae-2e0c138d049e","3192584482"
32.206387,-110.78978,1,"Accipitridae","Accipiter cooperii",2020,11,30,"4fa7b334-ce0d-4e88-aaae-2e0c138d049e","3213730406"
32.206387,-110.78978,1,"Ptilogonatidae","Phainopepla nitens",2020,12,18,"4fa7b334-ce0d-4e88-aaae-2e0c138d049e","3289246324"
32.206387,-110.78978,20,"Columbidae","Columba livia",2020,12,18,"4fa7b334-ce0d-4e88-aaae-2e0c138d049e","3294314256"
32.206387,-110.78978,1,"Corvidae","Corvus corax",2020,12,18,"4fa7b334-ce0d-4e88-aaae-2e0c138d049e","3295580260"
32.211826,-110.79163,20,"Trochilidae","Calypte anna",2019,1,6,"4fa7b334-ce0d-4e88-aaae-2e0c138d049e","2653606547"
32.211826,-110.79163,1,"Remizidae","Auriparus flaviceps",2019,1,6,"4fa7b334-ce0d-4e88-aaae-2e0c138d049e","2661131546"
32.211826,-110.79163,30,"Columbidae","Zenaida macroura",2019,1,6,"4fa7b334-ce0d-4e88-aaae-2e0c138d049e","2658303643"
32.211826,-110.79163,1,"Accipitridae","Accipiter cooperii",2019,1,6,"4fa7b334-ce0d-4e88-aaae-2e0c138d049e","2655313678"
32.211826,-110.79163,1,"Picidae","Melanerpes uropygialis",2019,1,6,"4fa7b334-ce0d-4e88-aaae-2e0c138d049e","2653307583"
32.211826,-110.79163,6,"Fringillidae","Haemorhous mexicanus",2019,1,6,"4fa7b334-ce0d-4e88-aaae-2e0c138d049e","2658535500"
32.211826,-110.79163,30,"Passeridae","Passer domesticus",2019,1,6,"4fa7b334-ce0d-4e88-aaae-2e0c138d049e","2654301548"
32.211826,-110.79163,1,"Mimidae","Toxostoma curvirostre",2019,1,6,"4fa7b334-ce0d-4e88-aaae-2e0c138d049e","2655015507"
32.211826,-110.79163,4,"Trochilidae","Calypte costae",2019,1,6,"4fa7b334-ce0d-4e88-aaae-2e0c138d049e","2655120442"
32.211826,-110.79163,3,"Trochilidae","Cynanthus latirostris",2019,1,6,"4fa7b334-ce0d-4e88-aaae-2e0c138d049e","2653882507"
32.211815,-110.79143,4,"Trochilidae","Calypte costae",2019,1,6,"4fa7b334-ce0d-4e88-aaae-2e0c138d049e","2654895814"
32.211815,-110.79143,30,"Passeridae","Passer domesticus",2019,1,6,"4fa7b334-ce0d-4e88-aaae-2e0c138d049e","2655811816"
32.211815,-110.79143,1,"Mimidae","Toxostoma curvirostre",2019,1,6,"4fa7b334-ce0d-4e88-aaae-2e0c138d049e","2655297740"
32.211815,-110.79143,6,"Fringillidae","Haemorhous mexicanus",2019,1,6,"4fa7b334-ce0d-4e88-aaae-2e0c138d049e","2653612721"
32.211815,-110.79143,1,"Picidae","Melanerpes uropygialis",2019,1,6,"4fa7b334-ce0d-4e88-aaae-2e0c138d049e","2661492834"
32.211815,-110.79143,1,"Accipitridae","Accipiter cooperii",2019,1,6,"4fa7b334-ce0d-4e88-aaae-2e0c138d049e","2658664756"
32.211815,-110.79143,1,"Remizidae","Auriparus flaviceps",2019,1,6,"4fa7b334-ce0d-4e88-aaae-2e0c138d049e","2655722662"
32.211815,-110.79143,3,"Trochilidae","Cynanthus latirostris",2019,1,6,"4fa7b334-ce0d-4e88-aaae-2e0c138d049e","2662629957"
32.211815,-110.79143,20,"Trochilidae","Calypte anna",2019,1,6,"4fa7b334-ce0d-4e88-aaae-2e0c138d049e","2659981994"
32.211815,-110.79143,30,"Columbidae","Zenaida macroura",2019,1,6,"4fa7b334-ce0d-4e88-aaae-2e0c138d049e","2654552855"
32.206387,-110.78978,1,"Accipitridae","Accipiter cooperii",2019,2,10,"4fa7b334-ce0d-4e88-aaae-2e0c138d049e","2656534571"
32.206387,-110.78978,1,"Corvidae","Corvus corax",2019,2,10,"4fa7b334-ce0d-4e88-aaae-2e0c138d049e","2657424474"
32.206387,-110.78978,5,"Columbidae","Columba livia",2019,2,10,"4fa7b334-ce0d-4e88-aaae-2e0c138d049e","2655273535"
32.206387,-110.78978,1,"Cathartidae","Cathartes aura",2019,4,2,"4fa7b334-ce0d-4e88-aaae-2e0c138d049e","2749190933"
32.206387,-110.78978,5,"Columbidae","Columba livia",2019,4,2,"4fa7b334-ce0d-4e88-aaae-2e0c138d049e","2734753034"
32.206387,-110.78978,3,"Columbidae","Zenaida asiatica",2019,5,16,"4fa7b334-ce0d-4e88-aaae-2e0c138d049e","2745055488"
32.206387,-110.78978,1,"Accipitridae","Accipiter cooperii",2019,5,16,"4fa7b334-ce0d-4e88-aaae-2e0c138d049e","2753534676"
32.206387,-110.78978,1,"Picidae","Melanerpes uropygialis",2019,5,19,"4fa7b334-ce0d-4e88-aaae-2e0c138d049e","2791499236"
32.206387,-110.78978,1,"Accipitridae","Buteo jamaicensis",2019,5,19,"4fa7b334-ce0d-4e88-aaae-2e0c138d049e","2776608089"
32.206387,-110.78978,2,"Columbidae","Zenaida macroura",2019,5,19,"4fa7b334-ce0d-4e88-aaae-2e0c138d049e","2758021099"
32.212437,-110.7919,1,"Trochilidae","Calypte costae",2019,7,25,"4fa7b334-ce0d-4e88-aaae-2e0c138d049e","2766942652"
32.212437,-110.7919,1,"Columbidae","Zenaida asiatica",2019,7,25,"4fa7b334-ce0d-4e88-aaae-2e0c138d049e","2787642472"
32.212437,-110.7919,3,"Trochilidae","Cynanthus latirostris",2019,7,25,"4fa7b334-ce0d-4e88-aaae-2e0c138d049e","2786424470"
32.212437,-110.7919,1,"Trochilidae","Archilochus alexandri",2019,7,25,"4fa7b334-ce0d-4e88-aaae-2e0c138d049e","2784444399"
32.212437,-110.7919,3,"Trochilidae","Calypte anna",2019,7,25,"4fa7b334-ce0d-4e88-aaae-2e0c138d049e","2798156358"
32.212437,-110.7919,2,"Fringillidae","Spinus psaltria",2019,7,25,"4fa7b334-ce0d-4e88-aaae-2e0c138d049e","2770345417"
32.212437,-110.7919,1,"Fringillidae","Haemorhous mexicanus",2019,7,25,"4fa7b334-ce0d-4e88-aaae-2e0c138d049e","2767569447"
32.212437,-110.7919,1,"Trochilidae","Calypte costae",2019,7,25,"4fa7b334-ce0d-4e88-aaae-2e0c138d049e","2762454029"
32.212437,-110.7919,1,"Columbidae","Zenaida asiatica",2019,7,25,"4fa7b334-ce0d-4e88-aaae-2e0c138d049e","2762756034"
32.212437,-110.7919,3,"Trochilidae","Cynanthus latirostris",2019,7,25,"4fa7b334-ce0d-4e88-aaae-2e0c138d049e","2761567251"
32.212437,-110.7919,1,"Trochilidae","Archilochus alexandri",2019,7,25,"4fa7b334-ce0d-4e88-aaae-2e0c138d049e","2760262980"
32.212437,-110.7919,3,"Trochilidae","Calypte anna",2019,7,25,"4fa7b334-ce0d-4e88-aaae-2e0c138d049e","2760889946"
32.212437,-110.7919,2,"Fringillidae","Spinus psaltria",2019,7,25,"4fa7b334-ce0d-4e88-aaae-2e0c138d049e","2761034981"
32.212437,-110.7919,1,"Fringillidae","Haemorhous mexicanus",2019,7,25,"4fa7b334-ce0d-4e88-aaae-2e0c138d049e","2769285080"
32.211826,-110.79163,2,"Trochilidae","Cynanthus latirostris",2019,8,9,"4fa7b334-ce0d-4e88-aaae-2e0c138d049e","2767279954"
32.211826,-110.79163,1,"Fringillidae","Haemorhous mexicanus",2019,8,9,"4fa7b334-ce0d-4e88-aaae-2e0c138d049e","2764250701"
32.211826,-110.79163,2,"Trochilidae","Calypte anna",2019,8,9,"4fa7b334-ce0d-4e88-aaae-2e0c138d049e","2758592538"
32.211826,-110.79163,2,"Columbidae","Zenaida asiatica",2019,8,9,"4fa7b334-ce0d-4e88-aaae-2e0c138d049e","2755599784"
32.211826,-110.79163,1,"Trochilidae","Calypte costae",2019,8,9,"4fa7b334-ce0d-4e88-aaae-2e0c138d049e","2744590639"
32.211826,-110.79163,1,"Ptilogonatidae","Phainopepla nitens",2019,8,9,"4fa7b334-ce0d-4e88-aaae-2e0c138d049e","2764440820"
32.206387,-110.78978,1,"Caprimulgidae","Chordeiles acutipennis",2019,9,3,"4fa7b334-ce0d-4e88-aaae-2e0c138d049e","2695845303"
32.206387,-110.78978,1,"Accipitridae","Buteo jamaicensis",2019,11,17,"4fa7b334-ce0d-4e88-aaae-2e0c138d049e","2771263926"
32.206387,-110.78978,1,"Accipitridae","Buteo jamaicensis",2019,12,11,"4fa7b334-ce0d-4e88-aaae-2e0c138d049e","2712675403"
32.206387,-110.78978,1,"Accipitridae","Buteo jamaicensis",2019,12,14,"4fa7b334-ce0d-4e88-aaae-2e0c138d049e","2712829421"
32.206387,-110.78978,1,"Accipitridae","Accipiter cooperii",2019,12,14,"4fa7b334-ce0d-4e88-aaae-2e0c138d049e","2722443370"
32.206387,-110.78978,1,"Accipitridae","Buteo jamaicensis",2019,12,15,"4fa7b334-ce0d-4e88-aaae-2e0c138d049e","2721815880"
32.212444,-110.79165,1,"Mimidae","Mimus polyglottos",2018,1,18,"4fa7b334-ce0d-4e88-aaae-2e0c138d049e","3656967223"
32.212444,-110.79165,15,"Passeridae","Passer domesticus",2018,1,18,"4fa7b334-ce0d-4e88-aaae-2e0c138d049e","3652667958"
32.212444,-110.79165,3,"Trochilidae","Cynanthus latirostris",2018,1,18,"4fa7b334-ce0d-4e88-aaae-2e0c138d049e","3658794400"
32.212444,-110.79165,2,"Trochilidae","Calypte anna",2018,1,18,"4fa7b334-ce0d-4e88-aaae-2e0c138d049e","3635203280"
32.212444,-110.79165,1,"Picidae","Melanerpes uropygialis",2018,1,18,"4fa7b334-ce0d-4e88-aaae-2e0c138d049e","3631830258"
32.212444,-110.79165,3,"Trochilidae","Calypte costae",2018,1,18,"4fa7b334-ce0d-4e88-aaae-2e0c138d049e","3637547579"
32.212444,-110.79165,1,"Mimidae","Mimus polyglottos",2018,1,18,"4fa7b334-ce0d-4e88-aaae-2e0c138d049e","2130251677"
32.212444,-110.79165,15,"Passeridae","Passer domesticus",2018,1,18,"4fa7b334-ce0d-4e88-aaae-2e0c138d049e","2130252490"
32.212444,-110.79165,3,"Trochilidae","Cynanthus latirostris",2018,1,18,"4fa7b334-ce0d-4e88-aaae-2e0c138d049e","2121907786"
32.212444,-110.79165,2,"Trochilidae","Calypte anna",2018,1,18,"4fa7b334-ce0d-4e88-aaae-2e0c138d049e","2121917355"
32.212444,-110.79165,1,"Picidae","Melanerpes uropygialis",2018,1,18,"4fa7b334-ce0d-4e88-aaae-2e0c138d049e","2121909566"
32.212444,-110.79165,3,"Trochilidae","Calypte costae",2018,1,18,"4fa7b334-ce0d-4e88-aaae-2e0c138d049e","2121913490"
32.21243,-110.79262,2,"Remizidae","Auriparus flaviceps",2018,3,6,"4fa7b334-ce0d-4e88-aaae-2e0c138d049e","2144448372"
32.21243,-110.79262,2,"Trochilidae","Calypte costae",2018,3,6,"4fa7b334-ce0d-4e88-aaae-2e0c138d049e","2119655763"
32.21243,-110.79262,1,"Trochilidae","Cynanthus latirostris",2018,3,6,"4fa7b334-ce0d-4e88-aaae-2e0c138d049e","2136670390"
32.21243,-110.79262,12,"Passeridae","Passer domesticus",2018,3,6,"4fa7b334-ce0d-4e88-aaae-2e0c138d049e","2136684369"
32.21243,-110.79262,2,"Trochilidae","Calypte anna",2018,3,6,"4fa7b334-ce0d-4e88-aaae-2e0c138d049e","2144445808"
32.21243,-110.79262,4,"Columbidae","Zenaida macroura",2018,3,6,"4fa7b334-ce0d-4e88-aaae-2e0c138d049e","2136693484"
32.21243,-110.79262,2,"Remizidae","Auriparus flaviceps",2018,3,6,"4fa7b334-ce0d-4e88-aaae-2e0c138d049e","2119698133"
32.21243,-110.79262,2,"Trochilidae","Calypte costae",2018,3,6,"4fa7b334-ce0d-4e88-aaae-2e0c138d049e","2119702941"
32.21243,-110.79262,1,"Trochilidae","Cynanthus latirostris",2018,3,6,"4fa7b334-ce0d-4e88-aaae-2e0c138d049e","2132974917"
32.21243,-110.79262,12,"Passeridae","Passer domesticus",2018,3,6,"4fa7b334-ce0d-4e88-aaae-2e0c138d049e","2144509993"
32.21243,-110.79262,2,"Trochilidae","Calypte anna",2018,3,6,"4fa7b334-ce0d-4e88-aaae-2e0c138d049e","2144507612"
32.21243,-110.79262,4,"Columbidae","Zenaida macroura",2018,3,6,"4fa7b334-ce0d-4e88-aaae-2e0c138d049e","2132973761"
32.211826,-110.79163,2,"Trochilidae","Cynanthus latirostris",2018,6,17,"4fa7b334-ce0d-4e88-aaae-2e0c138d049e","2179482877"
32.211826,-110.79163,1,"Trochilidae","Archilochus alexandri",2018,6,17,"4fa7b334-ce0d-4e88-aaae-2e0c138d049e","2179479182"
32.211826,-110.79163,1,"Remizidae","Auriparus flaviceps",2018,6,17,"4fa7b334-ce0d-4e88-aaae-2e0c138d049e","2179475953"
32.211826,-110.79163,2,"Trochilidae","Calypte anna",2018,6,17,"4fa7b334-ce0d-4e88-aaae-2e0c138d049e","2186958450"
32.211826,-110.79163,3,"Passeridae","Passer domesticus",2018,6,17,"4fa7b334-ce0d-4e88-aaae-2e0c138d049e","2186956975"
32.211826,-110.79163,2,"Trochilidae","Calypte costae",2018,6,17,"4fa7b334-ce0d-4e88-aaae-2e0c138d049e","2175254645"
32.211826,-110.79163,4,"Columbidae","Zenaida asiatica",2018,6,17,"4fa7b334-ce0d-4e88-aaae-2e0c138d049e","2179462405"
32.211826,-110.79163,2,"Trochilidae","Cynanthus latirostris",2018,6,17,"4fa7b334-ce0d-4e88-aaae-2e0c138d049e","2187243220"
32.211826,-110.79163,1,"Trochilidae","Archilochus alexandri",2018,6,17,"4fa7b334-ce0d-4e88-aaae-2e0c138d049e","2187245762"
32.211826,-110.79163,1,"Remizidae","Auriparus flaviceps",2018,6,17,"4fa7b334-ce0d-4e88-aaae-2e0c138d049e","2187248942"
32.211826,-110.79163,2,"Trochilidae","Calypte anna",2018,6,17,"4fa7b334-ce0d-4e88-aaae-2e0c138d049e","2187237717"
32.211826,-110.79163,3,"Passeridae","Passer domesticus",2018,6,17,"4fa7b334-ce0d-4e88-aaae-2e0c138d049e","2164546177"
32.211826,-110.79163,2,"Trochilidae","Calypte costae",2018,6,17,"4fa7b334-ce0d-4e88-aaae-2e0c138d049e","2164548055"
32.211826,-110.79163,4,"Columbidae","Zenaida asiatica",2018,6,17,"4fa7b334-ce0d-4e88-aaae-2e0c138d049e","2187239215"
32.206387,-110.78978,1,"Cathartidae","Cathartes aura",2018,7,20,"4fa7b334-ce0d-4e88-aaae-2e0c138d049e","2184695423"
32.212822,-110.79324,4,"Fringillidae","Spinus psaltria",2018,8,24,"4fa7b334-ce0d-4e88-aaae-2e0c138d049e","2180883493"
32.212822,-110.79324,5,"Fringillidae","Haemorhous mexicanus",2018,8,24,"4fa7b334-ce0d-4e88-aaae-2e0c138d049e","2204498198"
32.212822,-110.79324,10,"Columbidae","Zenaida macroura",2018,8,24,"4fa7b334-ce0d-4e88-aaae-2e0c138d049e","2204507002"
32.212822,-110.79324,1,"Accipitridae","Accipiter cooperii",2018,8,24,"4fa7b334-ce0d-4e88-aaae-2e0c138d049e","2204502888"
32.212822,-110.79324,1,"Troglodytidae","Campylorhynchus brunneicapillus",2018,8,24,"4fa7b334-ce0d-4e88-aaae-2e0c138d049e","2204498190"
32.212822,-110.79324,1,"Trochilidae","Cynanthus latirostris",2018,8,24,"4fa7b334-ce0d-4e88-aaae-2e0c138d049e","2204499704"
32.212822,-110.79324,2,"Trochilidae","Calypte anna",2018,8,24,"4fa7b334-ce0d-4e88-aaae-2e0c138d049e","2192397181"
32.212822,-110.79324,1,"Mimidae","Toxostoma curvirostre",2018,8,24,"4fa7b334-ce0d-4e88-aaae-2e0c138d049e","2192386511"
32.212822,-110.79324,2,"Picidae","Melanerpes uropygialis",2018,8,24,"4fa7b334-ce0d-4e88-aaae-2e0c138d049e","2192385459"
32.212822,-110.79324,3,"Columbidae","Zenaida macroura",2018,8,25,"4fa7b334-ce0d-4e88-aaae-2e0c138d049e","2204852875"
32.212822,-110.79324,2,"Fringillidae","Haemorhous mexicanus",2018,8,25,"4fa7b334-ce0d-4e88-aaae-2e0c138d049e","2181160214"
32.212822,-110.79324,1,"Ptilogonatidae","Phainopepla nitens",2018,8,25,"4fa7b334-ce0d-4e88-aaae-2e0c138d049e","2181164838"
32.212822,-110.79324,1,"Falconidae","Falco sparverius",2018,8,25,"4fa7b334-ce0d-4e88-aaae-2e0c138d049e","2204843399"
32.212822,-110.79324,4,"Fringillidae","Spinus psaltria",2018,8,25,"4fa7b334-ce0d-4e88-aaae-2e0c138d049e","2192617171"
32.212822,-110.79324,4,"Odontophoridae","Callipepla gambelii",2018,8,25,"4fa7b334-ce0d-4e88-aaae-2e0c138d049e","2192648727"
32.212822,-110.79324,1,"Troglodytidae","Campylorhynchus brunneicapillus",2018,8,25,"4fa7b334-ce0d-4e88-aaae-2e0c138d049e","2181175800"
32.212822,-110.79324,1,"Mimidae","Toxostoma curvirostre",2018,8,25,"4fa7b334-ce0d-4e88-aaae-2e0c138d049e","2204844445"
32.212822,-110.79324,2,"Trochilidae","Calypte anna",2018,8,25,"4fa7b334-ce0d-4e88-aaae-2e0c138d049e","2196956683"
32.212822,-110.79324,2,"Corvidae","Corvus corax",2018,8,24,"4fa7b334-ce0d-4e88-aaae-2e0c138d049e","2204496856"
32.212822,-110.79324,1,"Cuculidae","Geococcyx californianus",2018,8,27,"4fa7b334-ce0d-4e88-aaae-2e0c138d049e","2181512762"
32.212822,-110.79324,1,"Ptilogonatidae","Phainopepla nitens",2018,8,27,"4fa7b334-ce0d-4e88-aaae-2e0c138d049e","2197351504"
32.212822,-110.79324,1,"Picidae","Melanerpes uropygialis",2018,8,27,"4fa7b334-ce0d-4e88-aaae-2e0c138d049e","2205223591"
32.212822,-110.79324,3,"Fringillidae","Spinus psaltria",2018,8,27,"4fa7b334-ce0d-4e88-aaae-2e0c138d049e","2205226077"
32.212822,-110.79324,5,"Columbidae","Zenaida macroura",2018,8,27,"4fa7b334-ce0d-4e88-aaae-2e0c138d049e","2197350644"
32.212822,-110.79324,2,"Cardinalidae","Cardinalis cardinalis",2018,8,27,"4fa7b334-ce0d-4e88-aaae-2e0c138d049e","2181508481"
32.212822,-110.79324,7,"Fringillidae","Haemorhous mexicanus",2018,9,5,"4fa7b334-ce0d-4e88-aaae-2e0c138d049e","2199558732"
32.212822,-110.79324,1,"Mimidae","Toxostoma curvirostre",2018,9,5,"4fa7b334-ce0d-4e88-aaae-2e0c138d049e","2195353718"
32.212822,-110.79324,2,"Picidae","Melanerpes uropygialis",2018,9,5,"4fa7b334-ce0d-4e88-aaae-2e0c138d049e","2199552342"
32.212822,-110.79324,2,"Trochilidae","Calypte anna",2018,9,5,"4fa7b334-ce0d-4e88-aaae-2e0c138d049e","2183643656"
32.212822,-110.79324,1,"Accipitridae","Accipiter cooperii",2018,9,5,"4fa7b334-ce0d-4e88-aaae-2e0c138d049e","2183655272"
32.212822,-110.79324,1,"Falconidae","Falco sparverius",2018,9,5,"4fa7b334-ce0d-4e88-aaae-2e0c138d049e","2195352083"
32.212822,-110.79324,8,"Columbidae","Zenaida macroura",2018,9,5,"4fa7b334-ce0d-4e88-aaae-2e0c138d049e","2183653726"
32.212822,-110.79324,4,"Fringillidae","Spinus psaltria",2018,9,5,"4fa7b334-ce0d-4e88-aaae-2e0c138d049e","2183643952"
32.212822,-110.79324,1,"Ptilogonatidae","Phainopepla nitens",2018,9,5,"4fa7b334-ce0d-4e88-aaae-2e0c138d049e","2207679411"
32.21288,-110.79343,3,"Trochilidae","Calypte anna",2018,10,19,"4fa7b334-ce0d-4e88-aaae-2e0c138d049e","2211286206"
32.21288,-110.79343,1,"Picidae","Melanerpes uropygialis",2018,10,19,"4fa7b334-ce0d-4e88-aaae-2e0c138d049e","2220571294"
32.21288,-110.79343,3,"Corvidae","Corvus corax",2018,10,19,"4fa7b334-ce0d-4e88-aaae-2e0c138d049e","2211268089"
32.21288,-110.79343,1,"Mimidae","Mimus polyglottos",2018,10,19,"4fa7b334-ce0d-4e88-aaae-2e0c138d049e","2208061606"
32.21288,-110.79343,3,"Columbidae","Zenaida macroura",2018,10,19,"4fa7b334-ce0d-4e88-aaae-2e0c138d049e","2211312283"
32.21288,-110.79343,2,"Fringillidae","Haemorhous mexicanus",2018,10,19,"4fa7b334-ce0d-4e88-aaae-2e0c138d049e","2220576596"
32.21288,-110.79343,1,"Tyrannidae","Sayornis saya",2018,10,19,"4fa7b334-ce0d-4e88-aaae-2e0c138d049e","2195790896"
32.21288,-110.79343,1,"Accipitridae","Accipiter cooperii",2018,10,19,"4fa7b334-ce0d-4e88-aaae-2e0c138d049e","2211284101"
32.21288,-110.79343,4,"Fringillidae","Spinus psaltria",2018,10,19,"4fa7b334-ce0d-4e88-aaae-2e0c138d049e","2220584826"
32.21288,-110.79343,1,"Mimidae","Toxostoma curvirostre",2018,10,19,"4fa7b334-ce0d-4e88-aaae-2e0c138d049e","2195792395"
32.206387,-110.78978,1,"Corvidae","Corvus corax",2018,10,21,"4fa7b334-ce0d-4e88-aaae-2e0c138d049e","2212001298"
32.206387,-110.78978,22,"Columbidae","Columba livia",2018,10,21,"4fa7b334-ce0d-4e88-aaae-2e0c138d049e","2196702624"
32.206387,-110.78978,1,"Corvidae","Corvus corax",2018,10,25,"4fa7b334-ce0d-4e88-aaae-2e0c138d049e","2222392723"
32.206387,-110.78978,1,"Accipitridae","Buteo jamaicensis",2018,10,25,"4fa7b334-ce0d-4e88-aaae-2e0c138d049e","2210280060"
32.206387,-110.78978,1,"Accipitridae","Buteo jamaicensis",2018,10,26,"4fa7b334-ce0d-4e88-aaae-2e0c138d049e","2222543562"
32.206387,-110.78978,2,"Corvidae","Corvus corax",2018,10,26,"4fa7b334-ce0d-4e88-aaae-2e0c138d049e","2198210266"
32.206387,-110.78978,12,"Columbidae","Columba livia",2018,10,26,"4fa7b334-ce0d-4e88-aaae-2e0c138d049e","2210470642"
32.206387,-110.78978,4,"Columbidae","Zenaida macroura",2018,10,26,"4fa7b334-ce0d-4e88-aaae-2e0c138d049e","2213501412"
32.206387,-110.78978,1,"Mimidae","Mimus polyglottos",2018,10,26,"4fa7b334-ce0d-4e88-aaae-2e0c138d049e","2222543382"
32.206387,-110.78978,1,"Accipitridae","Accipiter cooperii",2018,11,2,"4fa7b334-ce0d-4e88-aaae-2e0c138d049e","2216712609"
32.206387,-110.78978,8,"Columbidae","Columba livia",2018,11,2,"4fa7b334-ce0d-4e88-aaae-2e0c138d049e","2213735256"
32.206387,-110.78978,1,"Picidae","Melanerpes uropygialis",2018,11,11,"4fa7b334-ce0d-4e88-aaae-2e0c138d049e","2215388271"
32.206387,-110.78978,1,"Accipitridae","Accipiter cooperii",2018,11,11,"4fa7b334-ce0d-4e88-aaae-2e0c138d049e","2203330364"
32.206387,-110.78978,1,"Mimidae","Mimus polyglottos",2018,11,11,"4fa7b334-ce0d-4e88-aaae-2e0c138d049e","2218104159"
32.206387,-110.78978,22,"Columbidae","Columba livia",2018,11,11,"4fa7b334-ce0d-4e88-aaae-2e0c138d049e","2203309763"
32.206387,-110.78978,3,"Columbidae","Zenaida macroura",2018,11,11,"4fa7b334-ce0d-4e88-aaae-2e0c138d049e","2215395433"
32.206387,-110.78978,1,"Emberizidae","Zonotrichia leucophrys",2018,11,11,"4fa7b334-ce0d-4e88-aaae-2e0c138d049e","2226587316"
32.206387,-110.78978,1,"Corvidae","Corvus corax",2018,11,11,"4fa7b334-ce0d-4e88-aaae-2e0c138d049e","2218096782"
32.206387,-110.78978,2,"Columbidae","Columba livia",2018,11,12,"4fa7b334-ce0d-4e88-aaae-2e0c138d049e","2218709722"
32.206387,-110.78978,1,"Accipitridae","Buteo jamaicensis",2018,11,12,"4fa7b334-ce0d-4e88-aaae-2e0c138d049e","2218704521"
32.206387,-110.78978,1,"Columbidae","Zenaida macroura",2018,11,12,"4fa7b334-ce0d-4e88-aaae-2e0c138d049e","2218705515"
32.206387,-110.78978,1,"Accipitridae","Buteo jamaicensis",2018,11,19,"4fa7b334-ce0d-4e88-aaae-2e0c138d049e","2220469355"
32.206387,-110.78978,3,"Columbidae","Zenaida macroura",2018,11,19,"4fa7b334-ce0d-4e88-aaae-2e0c138d049e","2220474621"
32.206387,-110.78978,6,"Columbidae","Columba livia",2018,11,20,"4fa7b334-ce0d-4e88-aaae-2e0c138d049e","2206007777"
32.206387,-110.78978,1,"Accipitridae","Parabuteo unicinctus",2018,11,20,"4fa7b334-ce0d-4e88-aaae-2e0c138d049e","2220858218"
32.206387,-110.78978,3,"Columbidae","Columba livia",2018,11,22,"4fa7b334-ce0d-4e88-aaae-2e0c138d049e","2221475103"
32.206387,-110.78978,32,"Columbidae","Zenaida macroura",2018,11,22,"4fa7b334-ce0d-4e88-aaae-2e0c138d049e","2229403876"
32.206387,-110.78978,1,"Corvidae","Corvus corax",2018,11,22,"4fa7b334-ce0d-4e88-aaae-2e0c138d049e","2229398521"
32.206387,-110.78978,1,"Accipitridae","Buteo jamaicensis",2018,11,22,"4fa7b334-ce0d-4e88-aaae-2e0c138d049e","2218870864"
32.206387,-110.78978,1,"Accipitridae","Accipiter cooperii",2018,11,22,"4fa7b334-ce0d-4e88-aaae-2e0c138d049e","2221482887"
32.206387,-110.78978,2,"Mimidae","Mimus polyglottos",2018,11,22,"4fa7b334-ce0d-4e88-aaae-2e0c138d049e","2229405296"
32.206387,-110.78978,1,"Ptilogonatidae","Phainopepla nitens",2018,11,22,"4fa7b334-ce0d-4e88-aaae-2e0c138d049e","2206755742"
32.206387,-110.78978,1,"Accipitridae","Parabuteo unicinctus",2018,11,29,"4fa7b334-ce0d-4e88-aaae-2e0c138d049e","2208807777"
32.212368,-110.792046,1,"Trochilidae","Calypte costae",2018,12,10,"4fa7b334-ce0d-4e88-aaae-2e0c138d049e","2232605264"
32.212368,-110.792046,2,"Trochilidae","Cynanthus latirostris",2018,12,10,"4fa7b334-ce0d-4e88-aaae-2e0c138d049e","2232604892"
32.212368,-110.792046,6,"Trochilidae","Calypte anna",2018,12,10,"4fa7b334-ce0d-4e88-aaae-2e0c138d049e","2232605318"
32.212368,-110.792046,1,"Trochilidae","Calypte costae",2018,12,10,"4fa7b334-ce0d-4e88-aaae-2e0c138d049e","2224942225"
32.212368,-110.792046,2,"Trochilidae","Cynanthus latirostris",2018,12,10,"4fa7b334-ce0d-4e88-aaae-2e0c138d049e","2227783599"
32.212368,-110.792046,6,"Trochilidae","Calypte anna",2018,12,10,"4fa7b334-ce0d-4e88-aaae-2e0c138d049e","2214865673"
32.206387,-110.78978,1,"Accipitridae","Accipiter cooperii",2018,12,30,"4fa7b334-ce0d-4e88-aaae-2e0c138d049e","2229105821"
32.206387,-110.78978,1,"Columbidae","Zenaida macroura",2018,12,30,"4fa7b334-ce0d-4e88-aaae-2e0c138d049e","2229105817"
32.211826,-110.79163,1,"Trochilidae","Cynanthus latirostris",2017,7,7,"4fa7b334-ce0d-4e88-aaae-2e0c138d049e","2079543837"
32.211826,-110.79163,4,"Fringillidae","Haemorhous mexicanus",2017,7,7,"4fa7b334-ce0d-4e88-aaae-2e0c138d049e","2080115675"
32.211826,-110.79163,4,"Fringillidae","Spinus psaltria",2017,7,7,"4fa7b334-ce0d-4e88-aaae-2e0c138d049e","2085305323"
32.211826,-110.79163,1,"Icteridae","Icterus cucullatus",2017,7,7,"4fa7b334-ce0d-4e88-aaae-2e0c138d049e","2079539469"
32.211826,-110.79163,2,"Columbidae","Zenaida macroura",2017,7,7,"4fa7b334-ce0d-4e88-aaae-2e0c138d049e","2080121339"
32.211826,-110.79163,2,"Trochilidae","Archilochus alexandri",2017,7,7,"4fa7b334-ce0d-4e88-aaae-2e0c138d049e","2085303850"
32.211826,-110.79163,2,"Trochilidae","Calypte costae",2017,7,7,"4fa7b334-ce0d-4e88-aaae-2e0c138d049e","2079518918"
32.211826,-110.79163,2,"Trochilidae","Calypte anna",2017,7,7,"4fa7b334-ce0d-4e88-aaae-2e0c138d049e","2067635725"
32.211826,-110.79163,1,"Troglodytidae","Campylorhynchus brunneicapillus",2017,7,7,"4fa7b334-ce0d-4e88-aaae-2e0c138d049e","2079528287"
32.211826,-110.79163,6,"Passeridae","Passer domesticus",2017,7,7,"4fa7b334-ce0d-4e88-aaae-2e0c138d049e","2067637128"
32.211826,-110.79163,2,"Columbidae","Streptopelia decaocto",2017,7,7,"4fa7b334-ce0d-4e88-aaae-2e0c138d049e","2079533554"
32.211826,-110.79163,1,"Trochilidae","Cynanthus latirostris",2017,7,7,"4fa7b334-ce0d-4e88-aaae-2e0c138d049e","2068331238"
32.211826,-110.79163,4,"Fringillidae","Haemorhous mexicanus",2017,7,7,"4fa7b334-ce0d-4e88-aaae-2e0c138d049e","2080754436"
32.211826,-110.79163,4,"Fringillidae","Spinus psaltria",2017,7,7,"4fa7b334-ce0d-4e88-aaae-2e0c138d049e","2080849836"
32.211826,-110.79163,1,"Icteridae","Icterus cucullatus",2017,7,7,"4fa7b334-ce0d-4e88-aaae-2e0c138d049e","2086198264"
32.211826,-110.79163,2,"Columbidae","Zenaida macroura",2017,7,7,"4fa7b334-ce0d-4e88-aaae-2e0c138d049e","2086201313"
32.211826,-110.79163,2,"Trochilidae","Archilochus alexandri",2017,7,7,"4fa7b334-ce0d-4e88-aaae-2e0c138d049e","2086193610"
32.211826,-110.79163,2,"Trochilidae","Calypte costae",2017,7,7,"4fa7b334-ce0d-4e88-aaae-2e0c138d049e","2068340798"
32.211826,-110.79163,2,"Trochilidae","Calypte anna",2017,7,7,"4fa7b334-ce0d-4e88-aaae-2e0c138d049e","2080747744"
32.211826,-110.79163,1,"Troglodytidae","Campylorhynchus brunneicapillus",2017,7,7,"4fa7b334-ce0d-4e88-aaae-2e0c138d049e","2086196011"
32.211826,-110.79163,6,"Passeridae","Passer domesticus",2017,7,7,"4fa7b334-ce0d-4e88-aaae-2e0c138d049e","2080279985"
32.211826,-110.79163,2,"Columbidae","Streptopelia decaocto",2017,7,7,"4fa7b334-ce0d-4e88-aaae-2e0c138d049e","2086194905"
32.212257,-110.79186,2,"Trochilidae","Archilochus alexandri",2017,9,28,"4fa7b334-ce0d-4e88-aaae-2e0c138d049e","2101755881"
32.212257,-110.79186,2,"Columbidae","Zenaida macroura",2017,9,28,"4fa7b334-ce0d-4e88-aaae-2e0c138d049e","2083384640"
32.212257,-110.79186,2,"Trochilidae","Cynanthus latirostris",2017,9,28,"4fa7b334-ce0d-4e88-aaae-2e0c138d049e","2095550013"
32.212257,-110.79186,6,"Trochilidae","Calypte anna",2017,9,28,"4fa7b334-ce0d-4e88-aaae-2e0c138d049e","2095559828"
32.212257,-110.79186,6,"Passeridae","Passer domesticus",2017,9,28,"4fa7b334-ce0d-4e88-aaae-2e0c138d049e","2095571099"
32.212257,-110.79186,1,"Trochilidae","Selasphorus platycercus",2017,9,28,"4fa7b334-ce0d-4e88-aaae-2e0c138d049e","2095550024"
32.212257,-110.79186,1,"Trochilidae","Calypte costae",2017,9,28,"4fa7b334-ce0d-4e88-aaae-2e0c138d049e","2095551531"
32.212257,-110.79186,1,"Fringillidae","Spinus psaltria",2017,9,28,"4fa7b334-ce0d-4e88-aaae-2e0c138d049e","2083361991"
32.212257,-110.79186,1,"Falconidae","Falco sparverius",2017,9,28,"4fa7b334-ce0d-4e88-aaae-2e0c138d049e","2101753151"
32.210663,-110.79139,2,"Trochilidae","Cynanthus latirostris",2017,10,21,"4fa7b334-ce0d-4e88-aaae-2e0c138d049e","2099600923"
32.210663,-110.79139,2,"Trochilidae","Calypte costae",2017,10,21,"4fa7b334-ce0d-4e88-aaae-2e0c138d049e","2099592038"
32.210663,-110.79139,3,"Trochilidae","Calypte anna",2017,10,21,"4fa7b334-ce0d-4e88-aaae-2e0c138d049e","2088659570"
32.206387,-110.78978,1,"Accipitridae","Buteo jamaicensis",2017,11,1,"4fa7b334-ce0d-4e88-aaae-2e0c138d049e","2101804462"
32.206387,-110.78978,16,"Columbidae","Columba livia",2017,11,1,"4fa7b334-ce0d-4e88-aaae-2e0c138d049e","2101800700"
