"decimalLatitude","decimalLongitude","individualCount","family","species","year","month","day","datasetKey","datasetName","gbifID"
32.257908,-110.881386,1,"Accipitridae","Parabuteo unicinctus",2020,7,1,"4fa7b334-ce0d-4e88-aaae-2e0c138d049e",NA,"3163054859"
32.257908,-110.881386,2,"Accipitridae","Parabuteo unicinctus",2020,7,4,"4fa7b334-ce0d-4e88-aaae-2e0c138d049e",NA,"3169039581"
32.257908,-110.881386,1,"Accipitridae","Parabuteo unicinctus",2020,7,9,"4fa7b334-ce0d-4e88-aaae-2e0c138d049e",NA,"3261301367"
32.257908,-110.881386,1,"Accipitridae","Parabuteo unicinctus",2020,7,16,"4fa7b334-ce0d-4e88-aaae-2e0c138d049e",NA,"3190176562"
32.257908,-110.881386,1,"Accipitridae","Parabuteo unicinctus",2020,7,20,"4fa7b334-ce0d-4e88-aaae-2e0c138d049e",NA,"3278361595"
32.257908,-110.881386,1,"Accipitridae","Parabuteo unicinctus",2020,7,24,"4fa7b334-ce0d-4e88-aaae-2e0c138d049e",NA,"3263496430"
32.257908,-110.881386,1,"Accipitridae","Parabuteo unicinctus",2020,8,10,"4fa7b334-ce0d-4e88-aaae-2e0c138d049e",NA,"3174910954"
32.257908,-110.881386,1,"Accipitridae","Parabuteo unicinctus",2020,9,8,"4fa7b334-ce0d-4e88-aaae-2e0c138d049e",NA,"3202475154"
32.257908,-110.881386,3,"Accipitridae","Parabuteo unicinctus",2020,9,26,"4fa7b334-ce0d-4e88-aaae-2e0c138d049e",NA,"3207196139"
