"decimalLatitude","decimalLongitude","individualCount","family","species","year","month","day","datasetKey","gbifID"
32.16678,-110.99981,2,"Picidae","Melanerpes uropygialis",2021,11,19,"4fa7b334-ce0d-4e88-aaae-2e0c138d049e","3548218539"
32.16678,-110.99981,36,"Columbidae","Zenaida macroura",2021,11,19,"4fa7b334-ce0d-4e88-aaae-2e0c138d049e","3549522868"
32.16678,-110.99981,18,"Columbidae","Columba livia",2021,11,19,"4fa7b334-ce0d-4e88-aaae-2e0c138d049e","3536246216"
32.16678,-110.99981,1,"Trochilidae","Calypte anna",2021,11,19,"4fa7b334-ce0d-4e88-aaae-2e0c138d049e","3540759733"
32.16678,-110.99981,2,"Cuculidae","Geococcyx californianus",2021,11,19,"4fa7b334-ce0d-4e88-aaae-2e0c138d049e","3554750388"
32.16678,-110.99981,2,"Picidae","Melanerpes uropygialis",2021,11,19,"4fa7b334-ce0d-4e88-aaae-2e0c138d049e","3688945744"
32.16678,-110.99981,36,"Columbidae","Zenaida macroura",2021,11,19,"4fa7b334-ce0d-4e88-aaae-2e0c138d049e","3688376646"
32.16678,-110.99981,18,"Columbidae","Columba livia",2021,11,19,"4fa7b334-ce0d-4e88-aaae-2e0c138d049e","3688571912"
32.16678,-110.99981,1,"Trochilidae","Calypte anna",2021,11,19,"4fa7b334-ce0d-4e88-aaae-2e0c138d049e","3666458722"
32.16678,-110.99981,2,"Cuculidae","Geococcyx californianus",2021,11,19,"4fa7b334-ce0d-4e88-aaae-2e0c138d049e","3668573446"
32.16612,-111.00341,1,"Trochilidae","Calypte anna",2021,11,21,"4fa7b334-ce0d-4e88-aaae-2e0c138d049e","3662323450"
32.16612,-111.00341,1,"Cuculidae","Geococcyx californianus",2021,11,21,"4fa7b334-ce0d-4e88-aaae-2e0c138d049e","3660612460"
32.16612,-111.00341,17,"Columbidae","Zenaida macroura",2021,11,21,"4fa7b334-ce0d-4e88-aaae-2e0c138d049e","3662432286"
32.16612,-111.00341,2,"Picidae","Melanerpes uropygialis",2021,11,21,"4fa7b334-ce0d-4e88-aaae-2e0c138d049e","3666294334"
32.16612,-111.00341,2,"Emberizidae","Zonotrichia leucophrys",2021,11,21,"4fa7b334-ce0d-4e88-aaae-2e0c138d049e","3676748943"
32.16612,-111.00341,1,"Trochilidae","Calypte anna",2021,11,21,"4fa7b334-ce0d-4e88-aaae-2e0c138d049e","3554186808"
32.16612,-111.00341,1,"Cuculidae","Geococcyx californianus",2021,11,21,"4fa7b334-ce0d-4e88-aaae-2e0c138d049e","3558754529"
32.16612,-111.00341,17,"Columbidae","Zenaida macroura",2021,11,21,"4fa7b334-ce0d-4e88-aaae-2e0c138d049e","3568956877"
32.16612,-111.00341,2,"Picidae","Melanerpes uropygialis",2021,11,21,"4fa7b334-ce0d-4e88-aaae-2e0c138d049e","3572006957"
32.16612,-111.00341,2,"Emberizidae","Zonotrichia leucophrys",2021,11,21,"4fa7b334-ce0d-4e88-aaae-2e0c138d049e","3569962738"
32.16553,-110.99506,34,"Columbidae","Zenaida macroura",2021,11,23,"4fa7b334-ce0d-4e88-aaae-2e0c138d049e","3649521887"
32.16553,-110.99506,49,"Columbidae","Columba livia",2021,11,23,"4fa7b334-ce0d-4e88-aaae-2e0c138d049e","3665255994"
32.16553,-110.99506,1,"Tyrannidae","Pyrocephalus rubinus",2021,11,23,"4fa7b334-ce0d-4e88-aaae-2e0c138d049e","3634278252"
32.16553,-110.99506,1,"Accipitridae","Accipiter cooperii",2021,11,23,"4fa7b334-ce0d-4e88-aaae-2e0c138d049e","3649364221"
32.16553,-110.99506,3,"Picidae","Melanerpes uropygialis",2021,11,23,"4fa7b334-ce0d-4e88-aaae-2e0c138d049e","3644320250"
32.16553,-110.99506,2,"Fringillidae","Haemorhous mexicanus",2021,11,23,"4fa7b334-ce0d-4e88-aaae-2e0c138d049e","3653444949"
32.16553,-110.99506,2,"Passeridae","Passer domesticus",2021,11,23,"4fa7b334-ce0d-4e88-aaae-2e0c138d049e","3647891397"
32.165222,-110.99592,1,"Picidae","Colaptes auratus",2021,11,23,"4fa7b334-ce0d-4e88-aaae-2e0c138d049e","3659547181"
32.165222,-110.99592,30,"Columbidae","Zenaida macroura",2021,11,23,"4fa7b334-ce0d-4e88-aaae-2e0c138d049e","3657362713"
32.165222,-110.99592,2,"Emberizidae","Spizella passerina",2021,11,23,"4fa7b334-ce0d-4e88-aaae-2e0c138d049e","3655310107"
32.165222,-110.99592,1,"Picidae","Colaptes auratus",2021,11,23,"4fa7b334-ce0d-4e88-aaae-2e0c138d049e","3649164383"
32.165222,-110.99592,30,"Columbidae","Zenaida macroura",2021,11,23,"4fa7b334-ce0d-4e88-aaae-2e0c138d049e","3644312373"
32.165222,-110.99592,2,"Emberizidae","Spizella passerina",2021,11,23,"4fa7b334-ce0d-4e88-aaae-2e0c138d049e","3647719553"
32.16553,-110.99506,34,"Columbidae","Zenaida macroura",2021,11,23,"4fa7b334-ce0d-4e88-aaae-2e0c138d049e","3647104281"
32.16553,-110.99506,49,"Columbidae","Columba livia",2021,11,23,"4fa7b334-ce0d-4e88-aaae-2e0c138d049e","3644308080"
32.16553,-110.99506,1,"Tyrannidae","Pyrocephalus rubinus",2021,11,23,"4fa7b334-ce0d-4e88-aaae-2e0c138d049e","3645146526"
32.16553,-110.99506,1,"Accipitridae","Accipiter cooperii",2021,11,23,"4fa7b334-ce0d-4e88-aaae-2e0c138d049e","3651936396"
32.16553,-110.99506,3,"Picidae","Melanerpes uropygialis",2021,11,23,"4fa7b334-ce0d-4e88-aaae-2e0c138d049e","3654598826"
32.16553,-110.99506,2,"Fringillidae","Haemorhous mexicanus",2021,11,23,"4fa7b334-ce0d-4e88-aaae-2e0c138d049e","3662425779"
32.16553,-110.99506,2,"Passeridae","Passer domesticus",2021,11,23,"4fa7b334-ce0d-4e88-aaae-2e0c138d049e","3659861087"
32.167957,-110.99504,1,"Accipitridae","Accipiter cooperii",2020,4,6,"4fa7b334-ce0d-4e88-aaae-2e0c138d049e","3225542958"
32.167957,-110.99504,1,"Columbidae","Streptopelia decaocto",2020,4,6,"4fa7b334-ce0d-4e88-aaae-2e0c138d049e","3222805052"
32.167957,-110.99504,1,"Mimidae","Mimus polyglottos",2020,4,6,"4fa7b334-ce0d-4e88-aaae-2e0c138d049e","3223675054"
32.167957,-110.99504,2,"Picidae","Melanerpes uropygialis",2020,4,6,"4fa7b334-ce0d-4e88-aaae-2e0c138d049e","3229744016"
32.167957,-110.99504,9,"Fringillidae","Haemorhous mexicanus",2020,4,6,"4fa7b334-ce0d-4e88-aaae-2e0c138d049e","3221863986"
32.167957,-110.99504,2,"Tyrannidae","Pyrocephalus rubinus",2020,4,6,"4fa7b334-ce0d-4e88-aaae-2e0c138d049e","3232616923"
32.167957,-110.99504,2,"Tyrannidae","Sayornis nigricans",2020,4,6,"4fa7b334-ce0d-4e88-aaae-2e0c138d049e","3232110903"
32.167957,-110.99504,6,"Columbidae","Zenaida macroura",2020,4,6,"4fa7b334-ce0d-4e88-aaae-2e0c138d049e","3229658854"
32.167957,-110.99504,2,"Icteridae","Quiscalus mexicanus",2020,4,6,"4fa7b334-ce0d-4e88-aaae-2e0c138d049e","3230167916"
32.167957,-110.99504,1,"Tyrannidae","Myiarchus cinerascens",2020,4,6,"4fa7b334-ce0d-4e88-aaae-2e0c138d049e","3235964854"
32.167957,-110.99504,1,"Mimidae","Toxostoma curvirostre",2020,4,6,"4fa7b334-ce0d-4e88-aaae-2e0c138d049e","3228497811"
32.167957,-110.99504,1,"Trochilidae","Archilochus alexandri",2020,4,6,"4fa7b334-ce0d-4e88-aaae-2e0c138d049e","3236717926"
32.167957,-110.99504,2,"Trochilidae","Calypte anna",2020,4,6,"4fa7b334-ce0d-4e88-aaae-2e0c138d049e","3227966815"
32.167957,-110.99504,2,"Strigidae","Bubo virginianus",2020,4,6,"4fa7b334-ce0d-4e88-aaae-2e0c138d049e","3223264913"
32.167957,-110.99504,8,"Passeridae","Passer domesticus",2020,4,6,"4fa7b334-ce0d-4e88-aaae-2e0c138d049e","3230709932"
32.168377,-111.00255,1,"Cuculidae","Geococcyx californianus",2020,5,9,"4fa7b334-ce0d-4e88-aaae-2e0c138d049e","3164950809"
32.168377,-111.00255,1,"Tyrannidae","Pyrocephalus rubinus",2020,5,9,"4fa7b334-ce0d-4e88-aaae-2e0c138d049e","3169145741"
32.16653,-110.998474,1,"Columbidae","Zenaida asiatica",2020,5,11,"4fa7b334-ce0d-4e88-aaae-2e0c138d049e","3150464854"
32.166542,-110.998535,2,"Picidae","Melanerpes uropygialis",2020,6,10,"4fa7b334-ce0d-4e88-aaae-2e0c138d049e","3190104033"
32.166542,-110.998535,1,"Passeridae","Passer domesticus",2020,6,15,"4fa7b334-ce0d-4e88-aaae-2e0c138d049e","3180125394"
32.166542,-110.998535,3,"Mimidae","Mimus polyglottos",2020,6,15,"4fa7b334-ce0d-4e88-aaae-2e0c138d049e","3256166418"
32.1665,-110.99872,3,"Strigidae","Bubo virginianus",2020,6,22,"4fa7b334-ce0d-4e88-aaae-2e0c138d049e","3269678891"
32.166348,-110.99854,1,"Odontophoridae","Callipepla gambelii",2020,7,2,"4fa7b334-ce0d-4e88-aaae-2e0c138d049e","3165175701"
32.166874,-110.99875,1,"Troglodytidae","Campylorhynchus brunneicapillus",2019,2,8,"4fa7b334-ce0d-4e88-aaae-2e0c138d049e","2743850498"
32.166874,-110.99875,4,"Passeridae","Passer domesticus",2019,2,8,"4fa7b334-ce0d-4e88-aaae-2e0c138d049e","2743898403"
32.166676,-111.00161,2,"Picidae","Melanerpes uropygialis",2019,11,3,"4fa7b334-ce0d-4e88-aaae-2e0c138d049e","2774391829"
32.166676,-111.00161,1,"Troglodytidae","Campylorhynchus brunneicapillus",2019,11,3,"4fa7b334-ce0d-4e88-aaae-2e0c138d049e","2785329047"
32.166676,-111.00161,2,"Mimidae","Toxostoma curvirostre",2019,11,3,"4fa7b334-ce0d-4e88-aaae-2e0c138d049e","2761900073"
32.169025,-110.99891,3,"Columbidae","Streptopelia decaocto",2018,4,6,"4fa7b334-ce0d-4e88-aaae-2e0c138d049e","2142653919"
32.169025,-110.99891,3,"Fringillidae","Haemorhous mexicanus",2018,4,6,"4fa7b334-ce0d-4e88-aaae-2e0c138d049e","2146495931"
32.169025,-110.99891,1,"Picidae","Melanerpes uropygialis",2018,4,6,"4fa7b334-ce0d-4e88-aaae-2e0c138d049e","2130124705"
32.16736,-110.99838,4,"Caprimulgidae","Chordeiles acutipennis",2018,5,1,"4fa7b334-ce0d-4e88-aaae-2e0c138d049e","2154277504"
32.16548,-110.996315,2,"Corvidae","Corvus corax",2018,8,12,"4fa7b334-ce0d-4e88-aaae-2e0c138d049e","2193807836"
32.16548,-110.996315,1,"Vireonidae","Vireo gilvus",2018,8,12,"4fa7b334-ce0d-4e88-aaae-2e0c138d049e","2201746942"
32.16548,-110.996315,2,"Fringillidae","Spinus psaltria",2018,8,12,"4fa7b334-ce0d-4e88-aaae-2e0c138d049e","2178098154"
32.16548,-110.996315,4,"Columbidae","Zenaida macroura",2018,8,12,"4fa7b334-ce0d-4e88-aaae-2e0c138d049e","2189538441"
32.16548,-110.996315,1,"Trochilidae","Calypte anna",2018,8,12,"4fa7b334-ce0d-4e88-aaae-2e0c138d049e","2178103731"
32.16548,-110.996315,1,"Remizidae","Auriparus flaviceps",2018,8,12,"4fa7b334-ce0d-4e88-aaae-2e0c138d049e","2189543095"
32.16548,-110.996315,2,"Tyrannidae","Pyrocephalus rubinus",2018,8,12,"4fa7b334-ce0d-4e88-aaae-2e0c138d049e","2201742287"
32.16548,-110.996315,1,"Picidae","Melanerpes uropygialis",2018,8,12,"4fa7b334-ce0d-4e88-aaae-2e0c138d049e","2189536424"
32.16548,-110.996315,1,"Falconidae","Falco sparverius",2018,8,12,"4fa7b334-ce0d-4e88-aaae-2e0c138d049e","2193808690"
32.16548,-110.996315,2,"Columbidae","Streptopelia decaocto",2018,8,12,"4fa7b334-ce0d-4e88-aaae-2e0c138d049e","2193809698"
32.16548,-110.996315,10,"Fringillidae","Haemorhous mexicanus",2018,8,12,"4fa7b334-ce0d-4e88-aaae-2e0c138d049e","2193810254"
32.16548,-110.996315,4,"Troglodytidae","Campylorhynchus brunneicapillus",2018,8,12,"4fa7b334-ce0d-4e88-aaae-2e0c138d049e","2189531919"
32.169327,-111.00496,1,"Cathartidae","Cathartes aura",2017,10,28,"4fa7b334-ce0d-4e88-aaae-2e0c138d049e","2108840516"
