"decimalLatitude","decimalLongitude","individualCount","family","species","year","month","day","datasetKey","gbifID"
32.228905,-110.85622,2,"Picidae","Melanerpes uropygialis",2021,1,8,"4fa7b334-ce0d-4e88-aaae-2e0c138d049e","3615060304"
32.228905,-110.85622,1,"Accipitridae","Accipiter cooperii",2021,1,8,"4fa7b334-ce0d-4e88-aaae-2e0c138d049e","3618528672"
32.228905,-110.85622,2,"Fringillidae","Haemorhous mexicanus",2021,1,8,"4fa7b334-ce0d-4e88-aaae-2e0c138d049e","3627259145"
32.228905,-110.85622,22,"Columbidae","Zenaida macroura",2021,1,8,"4fa7b334-ce0d-4e88-aaae-2e0c138d049e","3623331606"
32.228905,-110.85622,2,"Trochilidae","Calypte anna",2021,1,12,"4fa7b334-ce0d-4e88-aaae-2e0c138d049e","3524854179"
32.228905,-110.85622,2,"Ptilogonatidae","Phainopepla nitens",2021,1,12,"4fa7b334-ce0d-4e88-aaae-2e0c138d049e","3529943493"
32.228905,-110.85622,1,"Remizidae","Auriparus flaviceps",2021,1,12,"4fa7b334-ce0d-4e88-aaae-2e0c138d049e","3530359585"
32.228905,-110.85622,2,"Polioptilidae","Polioptila melanura",2021,1,12,"4fa7b334-ce0d-4e88-aaae-2e0c138d049e","3529673620"
32.228905,-110.85622,1,"Trochilidae","Calypte costae",2021,1,12,"4fa7b334-ce0d-4e88-aaae-2e0c138d049e","3545998745"
32.228905,-110.85622,1,"Cardinalidae","Cardinalis sinuatus",2021,1,12,"4fa7b334-ce0d-4e88-aaae-2e0c138d049e","3552070884"
32.228905,-110.85622,50,"Columbidae","Zenaida macroura",2021,1,12,"4fa7b334-ce0d-4e88-aaae-2e0c138d049e","3559538010"
32.228905,-110.85622,2,"Picidae","Melanerpes uropygialis",2021,1,12,"4fa7b334-ce0d-4e88-aaae-2e0c138d049e","3552377222"
32.228905,-110.85622,3,"Emberizidae","Zonotrichia leucophrys",2021,1,12,"4fa7b334-ce0d-4e88-aaae-2e0c138d049e","3546770661"
32.228905,-110.85622,1,"Parulidae","Setophaga coronata",2021,1,12,"4fa7b334-ce0d-4e88-aaae-2e0c138d049e","3548297177"
32.228905,-110.85622,12,"Odontophoridae","Callipepla gambelii",2021,1,12,"4fa7b334-ce0d-4e88-aaae-2e0c138d049e","3518932745"
32.228905,-110.85622,1,"Accipitridae","Parabuteo unicinctus",2021,1,12,"4fa7b334-ce0d-4e88-aaae-2e0c138d049e","3520770138"
32.228905,-110.85622,1,"Accipitridae","Accipiter cooperii",2021,1,12,"4fa7b334-ce0d-4e88-aaae-2e0c138d049e","3529492368"
32.228905,-110.85622,15,"Fringillidae","Haemorhous mexicanus",2021,1,12,"4fa7b334-ce0d-4e88-aaae-2e0c138d049e","3531660541"
32.228905,-110.85622,2,"Mimidae","Mimus polyglottos",2021,1,12,"4fa7b334-ce0d-4e88-aaae-2e0c138d049e","3538493646"
32.228905,-110.85622,1,"Mimidae","Toxostoma curvirostre",2021,1,12,"4fa7b334-ce0d-4e88-aaae-2e0c138d049e","3543618643"
32.228905,-110.85622,1,"Parulidae","Setophaga coronata",2021,1,15,"4fa7b334-ce0d-4e88-aaae-2e0c138d049e","3511899065"
32.228905,-110.85622,2,"Passeridae","Passer domesticus",2021,1,15,"4fa7b334-ce0d-4e88-aaae-2e0c138d049e","3512260488"
32.228905,-110.85622,3,"Picidae","Melanerpes uropygialis",2021,1,15,"4fa7b334-ce0d-4e88-aaae-2e0c138d049e","3516613800"
32.228905,-110.85622,33,"Columbidae","Zenaida macroura",2021,1,15,"4fa7b334-ce0d-4e88-aaae-2e0c138d049e","3521910988"
32.23551,-110.84941,1,"Falconidae","Falco mexicanus",2021,1,17,"4fa7b334-ce0d-4e88-aaae-2e0c138d049e","3598776557"
32.23551,-110.84941,1,"Falconidae","Falco mexicanus",2021,1,17,"4fa7b334-ce0d-4e88-aaae-2e0c138d049e","3600643562"
32.228905,-110.85622,1,"Accipitridae","Accipiter striatus",2021,1,19,"4fa7b334-ce0d-4e88-aaae-2e0c138d049e","3505162521"
32.228905,-110.85622,3,"Picidae","Melanerpes uropygialis",2021,1,19,"4fa7b334-ce0d-4e88-aaae-2e0c138d049e","3506586793"
32.228905,-110.85622,2,"Odontophoridae","Callipepla gambelii",2021,1,19,"4fa7b334-ce0d-4e88-aaae-2e0c138d049e","3505856783"
32.228905,-110.85622,3,"Emberizidae","Zonotrichia leucophrys",2021,1,19,"4fa7b334-ce0d-4e88-aaae-2e0c138d049e","3508113512"
32.228905,-110.85622,1,"Ptilogonatidae","Phainopepla nitens",2021,1,19,"4fa7b334-ce0d-4e88-aaae-2e0c138d049e","3511148941"
32.228905,-110.85622,1,"Accipitridae","Parabuteo unicinctus",2021,1,19,"4fa7b334-ce0d-4e88-aaae-2e0c138d049e","3513540169"
32.228905,-110.85622,2,"Remizidae","Auriparus flaviceps",2021,1,19,"4fa7b334-ce0d-4e88-aaae-2e0c138d049e","3587569775"
32.228905,-110.85622,2,"Fringillidae","Haemorhous mexicanus",2021,1,19,"4fa7b334-ce0d-4e88-aaae-2e0c138d049e","3587186042"
32.228905,-110.85622,1,"Fringillidae","Spinus psaltria",2021,1,19,"4fa7b334-ce0d-4e88-aaae-2e0c138d049e","3587271146"
32.228905,-110.85622,1,"Cuculidae","Geococcyx californianus",2021,1,19,"4fa7b334-ce0d-4e88-aaae-2e0c138d049e","3586809196"
32.228905,-110.85622,1,"Trochilidae","Calypte anna",2021,1,19,"4fa7b334-ce0d-4e88-aaae-2e0c138d049e","3586827929"
32.228905,-110.85622,50,"Columbidae","Zenaida macroura",2021,1,19,"4fa7b334-ce0d-4e88-aaae-2e0c138d049e","3587175479"
32.228905,-110.85622,2,"Polioptilidae","Polioptila melanura",2021,1,19,"4fa7b334-ce0d-4e88-aaae-2e0c138d049e","3586927786"
32.228905,-110.85622,2,"Trochilidae","Calypte anna",2021,1,12,"4fa7b334-ce0d-4e88-aaae-2e0c138d049e","3634192803"
32.228905,-110.85622,2,"Ptilogonatidae","Phainopepla nitens",2021,1,12,"4fa7b334-ce0d-4e88-aaae-2e0c138d049e","3639532159"
32.228905,-110.85622,1,"Remizidae","Auriparus flaviceps",2021,1,12,"4fa7b334-ce0d-4e88-aaae-2e0c138d049e","3638011379"
32.228905,-110.85622,2,"Polioptilidae","Polioptila melanura",2021,1,12,"4fa7b334-ce0d-4e88-aaae-2e0c138d049e","3647940480"
32.228905,-110.85622,1,"Trochilidae","Calypte costae",2021,1,12,"4fa7b334-ce0d-4e88-aaae-2e0c138d049e","3610875864"
32.228905,-110.85622,1,"Cardinalidae","Cardinalis sinuatus",2021,1,12,"4fa7b334-ce0d-4e88-aaae-2e0c138d049e","3616186370"
32.228905,-110.85622,50,"Columbidae","Zenaida macroura",2021,1,12,"4fa7b334-ce0d-4e88-aaae-2e0c138d049e","3661213591"
32.228905,-110.85622,2,"Picidae","Melanerpes uropygialis",2021,1,12,"4fa7b334-ce0d-4e88-aaae-2e0c138d049e","3661812173"
32.228905,-110.85622,3,"Emberizidae","Zonotrichia leucophrys",2021,1,12,"4fa7b334-ce0d-4e88-aaae-2e0c138d049e","3664978567"
32.228905,-110.85622,1,"Parulidae","Setophaga coronata",2021,1,12,"4fa7b334-ce0d-4e88-aaae-2e0c138d049e","3665473539"
32.228905,-110.85622,12,"Odontophoridae","Callipepla gambelii",2021,1,12,"4fa7b334-ce0d-4e88-aaae-2e0c138d049e","3666191383"
32.228905,-110.85622,1,"Accipitridae","Parabuteo unicinctus",2021,1,12,"4fa7b334-ce0d-4e88-aaae-2e0c138d049e","3669025842"
32.228905,-110.85622,1,"Accipitridae","Accipiter cooperii",2021,1,12,"4fa7b334-ce0d-4e88-aaae-2e0c138d049e","3670095245"
32.228905,-110.85622,15,"Fringillidae","Haemorhous mexicanus",2021,1,12,"4fa7b334-ce0d-4e88-aaae-2e0c138d049e","3672559428"
32.228905,-110.85622,2,"Mimidae","Mimus polyglottos",2021,1,12,"4fa7b334-ce0d-4e88-aaae-2e0c138d049e","3660347967"
32.228905,-110.85622,1,"Mimidae","Toxostoma curvirostre",2021,1,12,"4fa7b334-ce0d-4e88-aaae-2e0c138d049e","3660545963"
32.2307,-110.85755,2,"Accipitridae","Parabuteo unicinctus",2021,2,6,"4fa7b334-ce0d-4e88-aaae-2e0c138d049e","3596245310"
32.228905,-110.85622,1,"Accipitridae","Accipiter cooperii",2021,2,9,"4fa7b334-ce0d-4e88-aaae-2e0c138d049e","3675299458"
32.228905,-110.85622,1,"Odontophoridae","Callipepla gambelii",2021,2,9,"4fa7b334-ce0d-4e88-aaae-2e0c138d049e","3673888994"
32.228905,-110.85622,1,"Mimidae","Toxostoma curvirostre",2021,2,9,"4fa7b334-ce0d-4e88-aaae-2e0c138d049e","3670321500"
32.228905,-110.85622,3,"Picidae","Melanerpes uropygialis",2021,2,9,"4fa7b334-ce0d-4e88-aaae-2e0c138d049e","3671662048"
32.228905,-110.85622,2,"Fringillidae","Haemorhous mexicanus",2021,2,9,"4fa7b334-ce0d-4e88-aaae-2e0c138d049e","3668654218"
32.228905,-110.85622,13,"Columbidae","Zenaida macroura",2021,2,9,"4fa7b334-ce0d-4e88-aaae-2e0c138d049e","3670941178"
32.228905,-110.85622,2,"Columbidae","Columba livia",2021,2,9,"4fa7b334-ce0d-4e88-aaae-2e0c138d049e","3670778783"
32.228905,-110.85622,2,"Accipitridae","Parabuteo unicinctus",2021,2,9,"4fa7b334-ce0d-4e88-aaae-2e0c138d049e","3522703213"
32.23284,-110.85531,5,"Columbidae","Zenaida macroura",2021,2,14,"4fa7b334-ce0d-4e88-aaae-2e0c138d049e","3665978149"
32.23284,-110.85531,2,"Emberizidae","Zonotrichia leucophrys",2021,2,14,"4fa7b334-ce0d-4e88-aaae-2e0c138d049e","3687233516"
32.23284,-110.85531,1,"Picidae","Melanerpes uropygialis",2021,2,14,"4fa7b334-ce0d-4e88-aaae-2e0c138d049e","3680150448"
32.23284,-110.85531,1,"Trochilidae","Cynanthus latirostris",2021,2,14,"4fa7b334-ce0d-4e88-aaae-2e0c138d049e","3678861746"
32.23284,-110.85531,7,"Fringillidae","Haemorhous mexicanus",2021,2,14,"4fa7b334-ce0d-4e88-aaae-2e0c138d049e","3676425959"
32.23284,-110.85531,2,"Accipitridae","Parabuteo unicinctus",2021,2,14,"4fa7b334-ce0d-4e88-aaae-2e0c138d049e","3678869603"
32.23284,-110.85531,2,"Cardinalidae","Cardinalis cardinalis",2021,2,14,"4fa7b334-ce0d-4e88-aaae-2e0c138d049e","3673550514"
32.23284,-110.85531,4,"Passeridae","Passer domesticus",2021,2,14,"4fa7b334-ce0d-4e88-aaae-2e0c138d049e","3675761492"
32.23284,-110.85531,1,"Emberizidae","Melozone aberti",2021,2,15,"4fa7b334-ce0d-4e88-aaae-2e0c138d049e","3669503069"
32.23284,-110.85531,9,"Fringillidae","Haemorhous mexicanus",2021,2,15,"4fa7b334-ce0d-4e88-aaae-2e0c138d049e","3671102883"
32.23284,-110.85531,2,"Emberizidae","Zonotrichia leucophrys",2021,2,15,"4fa7b334-ce0d-4e88-aaae-2e0c138d049e","3676574366"
32.23284,-110.85531,1,"Trochilidae","Calypte anna",2021,2,15,"4fa7b334-ce0d-4e88-aaae-2e0c138d049e","3680318685"
32.23284,-110.85531,1,"Odontophoridae","Callipepla gambelii",2021,2,15,"4fa7b334-ce0d-4e88-aaae-2e0c138d049e","3507540679"
32.23284,-110.85531,1,"Cardinalidae","Cardinalis cardinalis",2021,2,15,"4fa7b334-ce0d-4e88-aaae-2e0c138d049e","3507506210"
32.23284,-110.85531,6,"Passeridae","Passer domesticus",2021,2,15,"4fa7b334-ce0d-4e88-aaae-2e0c138d049e","3506857223"
32.23284,-110.85531,2,"Columbidae","Zenaida macroura",2021,2,15,"4fa7b334-ce0d-4e88-aaae-2e0c138d049e","3512437893"
32.228905,-110.85622,1,"Emberizidae","Melozone aberti",2021,3,15,"4fa7b334-ce0d-4e88-aaae-2e0c138d049e","3645443938"
32.228905,-110.85622,1,"Picidae","Melanerpes uropygialis",2021,3,15,"4fa7b334-ce0d-4e88-aaae-2e0c138d049e","3640209159"
32.228905,-110.85622,1,"Tyrannidae","Pyrocephalus rubinus",2021,3,15,"4fa7b334-ce0d-4e88-aaae-2e0c138d049e","3636875596"
32.228905,-110.85622,1,"Strigidae","Bubo virginianus",2021,3,15,"4fa7b334-ce0d-4e88-aaae-2e0c138d049e","3632186355"
32.228905,-110.85622,1,"Trochilidae","Cynanthus latirostris",2021,3,15,"4fa7b334-ce0d-4e88-aaae-2e0c138d049e","3626655123"
32.228905,-110.85622,1,"Columbidae","Zenaida macroura",2021,3,15,"4fa7b334-ce0d-4e88-aaae-2e0c138d049e","3629138674"
32.228905,-110.85622,1,"Accipitridae","Parabuteo unicinctus",2021,3,31,"4fa7b334-ce0d-4e88-aaae-2e0c138d049e","3619623476"
32.228905,-110.85622,8,"Columbidae","Zenaida macroura",2021,4,1,"4fa7b334-ce0d-4e88-aaae-2e0c138d049e","3609194223"
32.228905,-110.85622,1,"Picidae","Melanerpes uropygialis",2021,4,1,"4fa7b334-ce0d-4e88-aaae-2e0c138d049e","3616419641"
32.228905,-110.85622,4,"Fringillidae","Haemorhous mexicanus",2021,4,1,"4fa7b334-ce0d-4e88-aaae-2e0c138d049e","3531598812"
32.228905,-110.85622,1,"Mimidae","Toxostoma curvirostre",2021,4,1,"4fa7b334-ce0d-4e88-aaae-2e0c138d049e","3534919521"
32.228905,-110.85622,2,"Columbidae","Zenaida asiatica",2021,4,1,"4fa7b334-ce0d-4e88-aaae-2e0c138d049e","3601410090"
32.235672,-110.85789,2,"Parulidae","Setophaga petechia",2021,4,20,"4fa7b334-ce0d-4e88-aaae-2e0c138d049e","3693029795"
32.235672,-110.85789,1,"Parulidae","Leiothlypis luciae",2021,4,20,"4fa7b334-ce0d-4e88-aaae-2e0c138d049e","3682192275"
32.235672,-110.85789,1,"Remizidae","Auriparus flaviceps",2021,4,20,"4fa7b334-ce0d-4e88-aaae-2e0c138d049e","3514952795"
32.235672,-110.85789,1,"Picidae","Melanerpes uropygialis",2021,4,20,"4fa7b334-ce0d-4e88-aaae-2e0c138d049e","3527464323"
32.228905,-110.85622,NA,"Fringillidae","Haemorhous mexicanus",2021,4,29,"4fa7b334-ce0d-4e88-aaae-2e0c138d049e","3641075191"
32.228905,-110.85622,6,"Emberizidae","Chondestes grammacus",2021,4,29,"4fa7b334-ce0d-4e88-aaae-2e0c138d049e","3637077005"
32.228905,-110.85622,2,"Odontophoridae","Callipepla gambelii",2021,4,29,"4fa7b334-ce0d-4e88-aaae-2e0c138d049e","3605022233"
32.23121,-110.85236,1,"Mimidae","Mimus polyglottos",2021,4,26,"4fa7b334-ce0d-4e88-aaae-2e0c138d049e","3605894244"
32.23121,-110.85236,1,"Picidae","Melanerpes uropygialis",2021,4,26,"4fa7b334-ce0d-4e88-aaae-2e0c138d049e","3608651086"
32.23121,-110.85236,1,"Trochilidae","Calypte anna",2021,4,26,"4fa7b334-ce0d-4e88-aaae-2e0c138d049e","3614630809"
32.23121,-110.85236,5,"Fringillidae","Haemorhous mexicanus",2021,4,26,"4fa7b334-ce0d-4e88-aaae-2e0c138d049e","3525511524"
32.23121,-110.85236,1,"Ptilogonatidae","Phainopepla nitens",2021,4,26,"4fa7b334-ce0d-4e88-aaae-2e0c138d049e","3524776733"
32.23121,-110.85236,2,"Accipitridae","Accipiter cooperii",2021,4,26,"4fa7b334-ce0d-4e88-aaae-2e0c138d049e","3568701301"
32.23121,-110.85236,4,"Columbidae","Zenaida asiatica",2021,4,26,"4fa7b334-ce0d-4e88-aaae-2e0c138d049e","3560383900"
32.23121,-110.85236,9,"Columbidae","Zenaida macroura",2021,4,26,"4fa7b334-ce0d-4e88-aaae-2e0c138d049e","3564813079"
32.23121,-110.85236,2,"Passeridae","Passer domesticus",2021,4,26,"4fa7b334-ce0d-4e88-aaae-2e0c138d049e","3556272948"
32.228905,-110.85622,1,"Tyrannidae","Tyrannus verticalis",2021,5,4,"4fa7b334-ce0d-4e88-aaae-2e0c138d049e","3625360726"
32.228905,-110.85622,7,"Columbidae","Zenaida macroura",2021,5,4,"4fa7b334-ce0d-4e88-aaae-2e0c138d049e","3629553984"
32.228905,-110.85622,5,"Picidae","Melanerpes uropygialis",2021,5,4,"4fa7b334-ce0d-4e88-aaae-2e0c138d049e","3634688880"
32.228905,-110.85622,2,"Columbidae","Zenaida asiatica",2021,5,4,"4fa7b334-ce0d-4e88-aaae-2e0c138d049e","3634796666"
32.228905,-110.85622,12,"Fringillidae","Haemorhous mexicanus",2021,5,4,"4fa7b334-ce0d-4e88-aaae-2e0c138d049e","3642706712"
32.228905,-110.85622,1,"Odontophoridae","Callipepla gambelii",2021,5,4,"4fa7b334-ce0d-4e88-aaae-2e0c138d049e","3686221841"
32.228905,-110.85622,1,"Parulidae","Leiothlypis luciae",2021,5,4,"4fa7b334-ce0d-4e88-aaae-2e0c138d049e","3688041911"
32.228905,-110.85622,1,"Cardinalidae","Cardinalis cardinalis",2021,5,4,"4fa7b334-ce0d-4e88-aaae-2e0c138d049e","3690227209"
32.228905,-110.85622,1,"Mimidae","Mimus polyglottos",2021,5,4,"4fa7b334-ce0d-4e88-aaae-2e0c138d049e","3654475081"
32.228905,-110.85622,2,"Passeridae","Passer domesticus",2021,5,24,"4fa7b334-ce0d-4e88-aaae-2e0c138d049e","3614991510"
32.228905,-110.85622,9,"Columbidae","Zenaida macroura",2021,5,24,"4fa7b334-ce0d-4e88-aaae-2e0c138d049e","3624620123"
32.228905,-110.85622,2,"Picidae","Melanerpes uropygialis",2021,5,24,"4fa7b334-ce0d-4e88-aaae-2e0c138d049e","3632051741"
32.228905,-110.85622,1,"Columbidae","Streptopelia decaocto",2021,5,24,"4fa7b334-ce0d-4e88-aaae-2e0c138d049e","3628111442"
32.228905,-110.85622,3,"Columbidae","Zenaida asiatica",2021,5,24,"4fa7b334-ce0d-4e88-aaae-2e0c138d049e","3635719227"
32.228905,-110.85622,1,"Sturnidae","Sturnus vulgaris",2021,6,1,"4fa7b334-ce0d-4e88-aaae-2e0c138d049e","3671868339"
32.228905,-110.85622,5,"Columbidae","Zenaida macroura",2021,6,1,"4fa7b334-ce0d-4e88-aaae-2e0c138d049e","3672976854"
32.228905,-110.85622,1,"Columbidae","Zenaida asiatica",2021,6,1,"4fa7b334-ce0d-4e88-aaae-2e0c138d049e","3676836226"
32.228905,-110.85622,1,"Accipitridae","Parabuteo unicinctus",2021,6,1,"4fa7b334-ce0d-4e88-aaae-2e0c138d049e","3675281125"
32.228905,-110.85622,3,"Picidae","Melanerpes uropygialis",2021,6,1,"4fa7b334-ce0d-4e88-aaae-2e0c138d049e","3677351684"
32.228905,-110.85622,2,"Passeridae","Passer domesticus",2021,6,1,"4fa7b334-ce0d-4e88-aaae-2e0c138d049e","3673905805"
32.228905,-110.85622,1,"Icteridae","Quiscalus mexicanus",2021,6,1,"4fa7b334-ce0d-4e88-aaae-2e0c138d049e","3676621790"
32.228905,-110.85622,1,"Fringillidae","Spinus psaltria",2021,6,8,"4fa7b334-ce0d-4e88-aaae-2e0c138d049e","3531208941"
32.228905,-110.85622,2,"Columbidae","Zenaida asiatica",2021,6,8,"4fa7b334-ce0d-4e88-aaae-2e0c138d049e","3526110324"
32.228905,-110.85622,1,"Passeridae","Passer domesticus",2021,6,8,"4fa7b334-ce0d-4e88-aaae-2e0c138d049e","3549261441"
32.228905,-110.85622,7,"Columbidae","Zenaida macroura",2021,6,8,"4fa7b334-ce0d-4e88-aaae-2e0c138d049e","3548650456"
32.228905,-110.85622,1,"Fringillidae","Haemorhous mexicanus",2021,6,8,"4fa7b334-ce0d-4e88-aaae-2e0c138d049e","3594874628"
32.228905,-110.85622,2,"Picidae","Melanerpes uropygialis",2021,6,8,"4fa7b334-ce0d-4e88-aaae-2e0c138d049e","3593339888"
32.228905,-110.85622,1,"Accipitridae","Parabuteo unicinctus",2021,6,8,"4fa7b334-ce0d-4e88-aaae-2e0c138d049e","3596626493"
32.228905,-110.85622,5,"Fringillidae","Haemorhous mexicanus",2021,6,26,"4fa7b334-ce0d-4e88-aaae-2e0c138d049e","3608366605"
32.228905,-110.85622,6,"Columbidae","Zenaida macroura",2021,6,26,"4fa7b334-ce0d-4e88-aaae-2e0c138d049e","3616903259"
32.228905,-110.85622,1,"Tyrannidae","Pyrocephalus rubinus",2021,6,26,"4fa7b334-ce0d-4e88-aaae-2e0c138d049e","3607886920"
32.228905,-110.85622,2,"Parulidae","Leiothlypis luciae",2021,6,26,"4fa7b334-ce0d-4e88-aaae-2e0c138d049e","3602510690"
32.228905,-110.85622,1,"Icteridae","Molothrus aeneus",2021,6,26,"4fa7b334-ce0d-4e88-aaae-2e0c138d049e","3606181692"
32.228905,-110.85622,2,"Columbidae","Zenaida asiatica",2021,6,26,"4fa7b334-ce0d-4e88-aaae-2e0c138d049e","3634420223"
32.228905,-110.85622,4,"Picidae","Melanerpes uropygialis",2021,6,26,"4fa7b334-ce0d-4e88-aaae-2e0c138d049e","3650372036"
32.228905,-110.85622,1,"Mimidae","Mimus polyglottos",2021,6,26,"4fa7b334-ce0d-4e88-aaae-2e0c138d049e","3633905573"
32.228905,-110.85622,1,"Mimidae","Toxostoma curvirostre",2021,6,26,"4fa7b334-ce0d-4e88-aaae-2e0c138d049e","3626749372"
32.235672,-110.85789,1,"Corvidae","Corvus corax",2021,7,19,"4fa7b334-ce0d-4e88-aaae-2e0c138d049e","3667752644"
32.235672,-110.85789,1,"Corvidae","Corvus corax",2021,7,19,"4fa7b334-ce0d-4e88-aaae-2e0c138d049e","3669305380"
32.228905,-110.85622,3,"Fringillidae","Haemorhous mexicanus",2021,8,15,"4fa7b334-ce0d-4e88-aaae-2e0c138d049e","3543718817"
32.228905,-110.85622,1,"Remizidae","Auriparus flaviceps",2021,8,15,"4fa7b334-ce0d-4e88-aaae-2e0c138d049e","3533363247"
32.228905,-110.85622,43,"Columbidae","Zenaida macroura",2021,8,15,"4fa7b334-ce0d-4e88-aaae-2e0c138d049e","3539521074"
32.228905,-110.85622,1,"Mimidae","Mimus polyglottos",2021,8,15,"4fa7b334-ce0d-4e88-aaae-2e0c138d049e","3570216613"
32.228905,-110.85622,1,"Tyrannidae","Pyrocephalus rubinus",2021,9,30,"4fa7b334-ce0d-4e88-aaae-2e0c138d049e","3656322684"
32.228905,-110.85622,1,"Mimidae","Toxostoma curvirostre",2021,9,30,"4fa7b334-ce0d-4e88-aaae-2e0c138d049e","3660552926"
32.228905,-110.85622,2,"Columbidae","Zenaida macroura",2021,9,30,"4fa7b334-ce0d-4e88-aaae-2e0c138d049e","3664845527"
32.228905,-110.85622,1,"Picidae","Melanerpes uropygialis",2021,9,30,"4fa7b334-ce0d-4e88-aaae-2e0c138d049e","3660664298"
32.235527,-110.85784,15,"Columbidae","Columba livia",2021,10,9,"4fa7b334-ce0d-4e88-aaae-2e0c138d049e","3534546845"
32.235527,-110.85784,2,"Icteridae","Quiscalus mexicanus",2021,10,9,"4fa7b334-ce0d-4e88-aaae-2e0c138d049e","3561276230"
32.228905,-110.85622,2,"Mimidae","Mimus polyglottos",2021,10,28,"4fa7b334-ce0d-4e88-aaae-2e0c138d049e","3688038557"
32.228905,-110.85622,12,"Columbidae","Zenaida macroura",2021,12,12,"4fa7b334-ce0d-4e88-aaae-2e0c138d049e","3561873717"
32.228905,-110.85622,3,"Remizidae","Auriparus flaviceps",2021,12,12,"4fa7b334-ce0d-4e88-aaae-2e0c138d049e","3560032928"
32.228905,-110.85622,2,"Fringillidae","Spinus psaltria",2021,12,12,"4fa7b334-ce0d-4e88-aaae-2e0c138d049e","3575024945"
32.228905,-110.85622,8,"Picidae","Melanerpes uropygialis",2021,12,12,"4fa7b334-ce0d-4e88-aaae-2e0c138d049e","3573149715"
32.228905,-110.85622,7,"Fringillidae","Haemorhous mexicanus",2021,12,12,"4fa7b334-ce0d-4e88-aaae-2e0c138d049e","3574609667"
32.228905,-110.85622,8,"Odontophoridae","Callipepla gambelii",2021,12,12,"4fa7b334-ce0d-4e88-aaae-2e0c138d049e","3578948483"
32.228905,-110.85622,7,"Passeridae","Passer domesticus",2021,12,12,"4fa7b334-ce0d-4e88-aaae-2e0c138d049e","3572761909"
32.228905,-110.85622,1,"Accipitridae","Accipiter cooperii",2021,12,12,"4fa7b334-ce0d-4e88-aaae-2e0c138d049e","3583280238"
32.228905,-110.85622,4,"Emberizidae","Melozone aberti",2021,12,12,"4fa7b334-ce0d-4e88-aaae-2e0c138d049e","3583807141"
32.228905,-110.85622,2,"Parulidae","Setophaga coronata",2021,12,12,"4fa7b334-ce0d-4e88-aaae-2e0c138d049e","3585987511"
32.228905,-110.85622,1,"Sturnidae","Sturnus vulgaris",2021,12,12,"4fa7b334-ce0d-4e88-aaae-2e0c138d049e","3552781967"
32.228905,-110.85622,4,"Trochilidae","Calypte anna",2021,12,12,"4fa7b334-ce0d-4e88-aaae-2e0c138d049e","3556659848"
32.228905,-110.85622,12,"Columbidae","Zenaida macroura",2021,12,12,"4fa7b334-ce0d-4e88-aaae-2e0c138d049e","3665446972"
32.228905,-110.85622,3,"Remizidae","Auriparus flaviceps",2021,12,12,"4fa7b334-ce0d-4e88-aaae-2e0c138d049e","3667743608"
32.228905,-110.85622,2,"Fringillidae","Spinus psaltria",2021,12,12,"4fa7b334-ce0d-4e88-aaae-2e0c138d049e","3667200648"
32.228905,-110.85622,8,"Picidae","Melanerpes uropygialis",2021,12,12,"4fa7b334-ce0d-4e88-aaae-2e0c138d049e","3666894668"
32.228905,-110.85622,7,"Fringillidae","Haemorhous mexicanus",2021,12,12,"4fa7b334-ce0d-4e88-aaae-2e0c138d049e","3673554271"
32.228905,-110.85622,8,"Odontophoridae","Callipepla gambelii",2021,12,12,"4fa7b334-ce0d-4e88-aaae-2e0c138d049e","3671620597"
32.228905,-110.85622,7,"Passeridae","Passer domesticus",2021,12,12,"4fa7b334-ce0d-4e88-aaae-2e0c138d049e","3671827523"
32.228905,-110.85622,1,"Accipitridae","Accipiter cooperii",2021,12,12,"4fa7b334-ce0d-4e88-aaae-2e0c138d049e","3670338339"
32.228905,-110.85622,4,"Emberizidae","Melozone aberti",2021,12,12,"4fa7b334-ce0d-4e88-aaae-2e0c138d049e","3662299909"
32.228905,-110.85622,2,"Parulidae","Setophaga coronata",2021,12,12,"4fa7b334-ce0d-4e88-aaae-2e0c138d049e","3662688022"
32.228905,-110.85622,1,"Sturnidae","Sturnus vulgaris",2021,12,12,"4fa7b334-ce0d-4e88-aaae-2e0c138d049e","3665485596"
32.228905,-110.85622,4,"Trochilidae","Calypte anna",2021,12,12,"4fa7b334-ce0d-4e88-aaae-2e0c138d049e","3668254617"
32.228905,-110.85622,1,"Strigidae","Bubo virginianus",2020,1,22,"4fa7b334-ce0d-4e88-aaae-2e0c138d049e","3134485186"
32.228905,-110.85622,1,"Tyrannidae","Pyrocephalus rubinus",2020,2,2,"4fa7b334-ce0d-4e88-aaae-2e0c138d049e","3221422521"
32.228905,-110.85622,9,"Columbidae","Zenaida macroura",2020,2,2,"4fa7b334-ce0d-4e88-aaae-2e0c138d049e","3219997567"
32.228905,-110.85622,1,"Mimidae","Mimus polyglottos",2020,2,2,"4fa7b334-ce0d-4e88-aaae-2e0c138d049e","3221993521"
32.228905,-110.85622,1,"Corvidae","Corvus corax",2020,2,2,"4fa7b334-ce0d-4e88-aaae-2e0c138d049e","3227618544"
32.228905,-110.85622,1,"Fringillidae","Haemorhous mexicanus",2020,2,2,"4fa7b334-ce0d-4e88-aaae-2e0c138d049e","3221445465"
32.228905,-110.85622,2,"Picidae","Melanerpes uropygialis",2020,2,2,"4fa7b334-ce0d-4e88-aaae-2e0c138d049e","3218681511"
32.228905,-110.85622,2,"Passeridae","Passer domesticus",2020,2,2,"4fa7b334-ce0d-4e88-aaae-2e0c138d049e","3223371529"
32.228905,-110.85622,1,"Trochilidae","Calypte anna",2020,4,24,"4fa7b334-ce0d-4e88-aaae-2e0c138d049e","3223027576"
32.228905,-110.85622,2,"Corvidae","Corvus corax",2020,4,24,"4fa7b334-ce0d-4e88-aaae-2e0c138d049e","3232099625"
32.228905,-110.85622,2,"Columbidae","Zenaida asiatica",2020,4,24,"4fa7b334-ce0d-4e88-aaae-2e0c138d049e","3241016690"
32.228905,-110.85622,14,"Columbidae","Zenaida macroura",2020,4,24,"4fa7b334-ce0d-4e88-aaae-2e0c138d049e","3225220719"
32.228905,-110.85622,2,"Picidae","Melanerpes uropygialis",2020,4,24,"4fa7b334-ce0d-4e88-aaae-2e0c138d049e","3226383747"
32.228905,-110.85622,4,"Columbidae","Columba livia",2020,4,24,"4fa7b334-ce0d-4e88-aaae-2e0c138d049e","3228187666"
32.228905,-110.85622,2,"Emberizidae","Melozone aberti",2020,4,24,"4fa7b334-ce0d-4e88-aaae-2e0c138d049e","3233761699"
32.228905,-110.85622,1,"Accipitridae","Accipiter cooperii",2020,4,24,"4fa7b334-ce0d-4e88-aaae-2e0c138d049e","3231952664"
32.23121,-110.85236,1,"Fringillidae","Haemorhous mexicanus",2020,5,10,"4fa7b334-ce0d-4e88-aaae-2e0c138d049e","3154875936"
32.23121,-110.85236,2,"Mimidae","Toxostoma curvirostre",2020,5,10,"4fa7b334-ce0d-4e88-aaae-2e0c138d049e","3157296849"
32.23121,-110.85236,1,"Passeridae","Passer domesticus",2020,5,10,"4fa7b334-ce0d-4e88-aaae-2e0c138d049e","3167004107"
32.23121,-110.85236,2,"Picidae","Melanerpes uropygialis",2020,5,10,"4fa7b334-ce0d-4e88-aaae-2e0c138d049e","3162727014"
32.23121,-110.85236,4,"Columbidae","Zenaida asiatica",2020,5,10,"4fa7b334-ce0d-4e88-aaae-2e0c138d049e","3171334945"
32.23121,-110.85236,1,"Ptilogonatidae","Phainopepla nitens",2020,5,10,"4fa7b334-ce0d-4e88-aaae-2e0c138d049e","3162517813"
32.23121,-110.85236,7,"Columbidae","Zenaida macroura",2020,5,10,"4fa7b334-ce0d-4e88-aaae-2e0c138d049e","3173651998"
32.228905,-110.85622,3,"Strigidae","Bubo virginianus",2020,5,20,"4fa7b334-ce0d-4e88-aaae-2e0c138d049e","3167950605"
32.228905,-110.85622,2,"Tyrannidae","Pyrocephalus rubinus",2020,5,20,"4fa7b334-ce0d-4e88-aaae-2e0c138d049e","3163810505"
32.228905,-110.85622,1,"Remizidae","Auriparus flaviceps",2020,5,20,"4fa7b334-ce0d-4e88-aaae-2e0c138d049e","3172367430"
32.228905,-110.85622,5,"Fringillidae","Spinus psaltria",2020,5,20,"4fa7b334-ce0d-4e88-aaae-2e0c138d049e","3157750427"
32.228905,-110.85622,5,"Picidae","Melanerpes uropygialis",2020,5,20,"4fa7b334-ce0d-4e88-aaae-2e0c138d049e","3157174502"
32.228905,-110.85622,19,"Columbidae","Zenaida macroura",2020,5,20,"4fa7b334-ce0d-4e88-aaae-2e0c138d049e","3154959361"
32.228905,-110.85622,2,"Mimidae","Mimus polyglottos",2020,5,20,"4fa7b334-ce0d-4e88-aaae-2e0c138d049e","3176471472"
32.228905,-110.85622,1,"Parulidae","Leiothlypis luciae",2020,5,20,"4fa7b334-ce0d-4e88-aaae-2e0c138d049e","3157028361"
32.228905,-110.85622,2,"Cardinalidae","Cardinalis cardinalis",2020,5,20,"4fa7b334-ce0d-4e88-aaae-2e0c138d049e","3157793471"
32.228905,-110.85622,4,"Fringillidae","Haemorhous mexicanus",2020,5,20,"4fa7b334-ce0d-4e88-aaae-2e0c138d049e","3154662430"
32.228905,-110.85622,1,"Mimidae","Toxostoma curvirostre",2020,5,20,"4fa7b334-ce0d-4e88-aaae-2e0c138d049e","3158020373"
32.228905,-110.85622,1,"Tyrannidae","Myiarchus tyrannulus",2020,5,20,"4fa7b334-ce0d-4e88-aaae-2e0c138d049e","3162099579"
32.228905,-110.85622,11,"Columbidae","Zenaida asiatica",2020,5,20,"4fa7b334-ce0d-4e88-aaae-2e0c138d049e","3155932515"
32.228905,-110.85622,1,"Passeridae","Passer domesticus",2020,5,20,"4fa7b334-ce0d-4e88-aaae-2e0c138d049e","3154415555"
32.228905,-110.85622,3,"Columbidae","Zenaida macroura",2020,6,17,"4fa7b334-ce0d-4e88-aaae-2e0c138d049e","3285274560"
32.228905,-110.85622,1,"Picidae","Melanerpes uropygialis",2020,6,17,"4fa7b334-ce0d-4e88-aaae-2e0c138d049e","3258219606"
32.228905,-110.85622,2,"Tyrannidae","Pyrocephalus rubinus",2020,6,17,"4fa7b334-ce0d-4e88-aaae-2e0c138d049e","3272529536"
32.228905,-110.85622,1,"Cardinalidae","Cardinalis cardinalis",2020,6,17,"4fa7b334-ce0d-4e88-aaae-2e0c138d049e","3262953626"
32.228905,-110.85622,1,"Accipitridae","Parabuteo unicinctus",2020,6,17,"4fa7b334-ce0d-4e88-aaae-2e0c138d049e","3267248173"
32.228905,-110.85622,3,"Picidae","Melanerpes uropygialis",2020,7,1,"4fa7b334-ce0d-4e88-aaae-2e0c138d049e","3166021152"
32.228905,-110.85622,1,"Remizidae","Auriparus flaviceps",2020,7,1,"4fa7b334-ce0d-4e88-aaae-2e0c138d049e","3175270266"
32.228905,-110.85622,2,"Tyrannidae","Tyrannus vociferans",2020,7,1,"4fa7b334-ce0d-4e88-aaae-2e0c138d049e","3174351081"
32.228905,-110.85622,3,"Tyrannidae","Pyrocephalus rubinus",2020,7,1,"4fa7b334-ce0d-4e88-aaae-2e0c138d049e","3170132045"
32.228905,-110.85622,1,"Mimidae","Mimus polyglottos",2020,7,1,"4fa7b334-ce0d-4e88-aaae-2e0c138d049e","3180023037"
32.228905,-110.85622,3,"Sturnidae","Sturnus vulgaris",2020,7,1,"4fa7b334-ce0d-4e88-aaae-2e0c138d049e","3191084009"
32.228905,-110.85622,13,"Columbidae","Zenaida macroura",2020,7,1,"4fa7b334-ce0d-4e88-aaae-2e0c138d049e","3162485093"
32.228905,-110.85622,2,"Accipitridae","Parabuteo unicinctus",2020,7,1,"4fa7b334-ce0d-4e88-aaae-2e0c138d049e","3187242164"
32.228905,-110.85622,2,"Trochilidae","Calypte anna",2020,7,1,"4fa7b334-ce0d-4e88-aaae-2e0c138d049e","3178934196"
32.228905,-110.85622,3,"Sturnidae","Sturnus vulgaris",2020,7,7,"4fa7b334-ce0d-4e88-aaae-2e0c138d049e","3265749670"
32.228905,-110.85622,1,"Trochilidae","Calypte anna",2020,7,7,"4fa7b334-ce0d-4e88-aaae-2e0c138d049e","3265611640"
32.228905,-110.85622,2,"Mimidae","Mimus polyglottos",2020,7,7,"4fa7b334-ce0d-4e88-aaae-2e0c138d049e","3268247661"
32.228905,-110.85622,1,"Accipitridae","Accipiter cooperii",2020,7,7,"4fa7b334-ce0d-4e88-aaae-2e0c138d049e","3274500400"
32.228905,-110.85622,1,"Mimidae","Toxostoma curvirostre",2020,7,7,"4fa7b334-ce0d-4e88-aaae-2e0c138d049e","3265582518"
32.228905,-110.85622,1,"Passeridae","Passer domesticus",2020,7,7,"4fa7b334-ce0d-4e88-aaae-2e0c138d049e","3276315584"
32.228905,-110.85622,6,"Columbidae","Zenaida asiatica",2020,7,7,"4fa7b334-ce0d-4e88-aaae-2e0c138d049e","3278040422"
32.228905,-110.85622,1,"Odontophoridae","Callipepla gambelii",2020,7,7,"4fa7b334-ce0d-4e88-aaae-2e0c138d049e","3266864657"
32.228905,-110.85622,1,"Accipitridae","Parabuteo unicinctus",2020,7,7,"4fa7b334-ce0d-4e88-aaae-2e0c138d049e","3262432582"
32.228905,-110.85622,1,"Picidae","Dryobates scalaris",2020,7,7,"4fa7b334-ce0d-4e88-aaae-2e0c138d049e","3279418716"
32.228905,-110.85622,3,"Picidae","Melanerpes uropygialis",2020,7,7,"4fa7b334-ce0d-4e88-aaae-2e0c138d049e","3264185721"
32.228905,-110.85622,7,"Columbidae","Zenaida macroura",2020,7,7,"4fa7b334-ce0d-4e88-aaae-2e0c138d049e","3268136704"
32.228905,-110.85622,1,"Trochilidae","Cynanthus latirostris",2020,7,7,"4fa7b334-ce0d-4e88-aaae-2e0c138d049e","3284591698"
32.228905,-110.85622,2,"Emberizidae","Melozone aberti",2020,7,7,"4fa7b334-ce0d-4e88-aaae-2e0c138d049e","3260831542"
32.228905,-110.85622,7,"Fringillidae","Haemorhous mexicanus",2020,7,7,"4fa7b334-ce0d-4e88-aaae-2e0c138d049e","3268978789"
32.228905,-110.85622,2,"Tyrannidae","Myiarchus tyrannulus",2020,7,7,"4fa7b334-ce0d-4e88-aaae-2e0c138d049e","3268469500"
32.228905,-110.85622,2,"Cardinalidae","Cardinalis cardinalis",2020,7,7,"4fa7b334-ce0d-4e88-aaae-2e0c138d049e","3273517480"
32.228905,-110.85622,2,"Tyrannidae","Pyrocephalus rubinus",2020,7,7,"4fa7b334-ce0d-4e88-aaae-2e0c138d049e","3275244497"
32.228905,-110.85622,2,"Tyrannidae","Tyrannus vociferans",2020,7,7,"4fa7b334-ce0d-4e88-aaae-2e0c138d049e","3269510605"
32.228905,-110.85622,1,"Remizidae","Auriparus flaviceps",2020,7,7,"4fa7b334-ce0d-4e88-aaae-2e0c138d049e","3168158895"
32.228905,-110.85622,2,"Columbidae","Zenaida asiatica",2020,7,7,"4fa7b334-ce0d-4e88-aaae-2e0c138d049e","3173931176"
32.228905,-110.85622,1,"Picidae","Melanerpes uropygialis",2020,7,7,"4fa7b334-ce0d-4e88-aaae-2e0c138d049e","3182419129"
32.228905,-110.85622,1,"Cardinalidae","Cardinalis cardinalis",2020,7,7,"4fa7b334-ce0d-4e88-aaae-2e0c138d049e","3184815050"
32.228905,-110.85622,4,"Columbidae","Zenaida macroura",2020,7,7,"4fa7b334-ce0d-4e88-aaae-2e0c138d049e","3166882145"
32.228905,-110.85622,1,"Passeridae","Passer domesticus",2020,7,8,"4fa7b334-ce0d-4e88-aaae-2e0c138d049e","3190943960"
32.228905,-110.85622,1,"Cardinalidae","Cardinalis cardinalis",2020,7,8,"4fa7b334-ce0d-4e88-aaae-2e0c138d049e","3185357970"
32.228905,-110.85622,1,"Accipitridae","Accipiter cooperii",2020,7,8,"4fa7b334-ce0d-4e88-aaae-2e0c138d049e","3166665996"
32.228905,-110.85622,2,"Mimidae","Mimus polyglottos",2020,7,8,"4fa7b334-ce0d-4e88-aaae-2e0c138d049e","3188613063"
32.228905,-110.85622,1,"Odontophoridae","Callipepla gambelii",2020,7,8,"4fa7b334-ce0d-4e88-aaae-2e0c138d049e","3190731139"
32.228905,-110.85622,1,"Accipitridae","Parabuteo unicinctus",2020,7,8,"4fa7b334-ce0d-4e88-aaae-2e0c138d049e","3164861073"
32.228905,-110.85622,2,"Columbidae","Zenaida asiatica",2020,7,8,"4fa7b334-ce0d-4e88-aaae-2e0c138d049e","3164626226"
32.228905,-110.85622,3,"Picidae","Melanerpes uropygialis",2020,7,8,"4fa7b334-ce0d-4e88-aaae-2e0c138d049e","3188820182"
32.228905,-110.85622,1,"Remizidae","Auriparus flaviceps",2020,7,8,"4fa7b334-ce0d-4e88-aaae-2e0c138d049e","3180999087"
32.228905,-110.85622,7,"Columbidae","Zenaida macroura",2020,7,8,"4fa7b334-ce0d-4e88-aaae-2e0c138d049e","3167494044"
32.228905,-110.85622,2,"Passeridae","Passer domesticus",2020,7,15,"4fa7b334-ce0d-4e88-aaae-2e0c138d049e","3187721482"
32.228905,-110.85622,3,"Picidae","Melanerpes uropygialis",2020,7,15,"4fa7b334-ce0d-4e88-aaae-2e0c138d049e","3177575082"
32.228905,-110.85622,2,"Emberizidae","Melozone aberti",2020,7,15,"4fa7b334-ce0d-4e88-aaae-2e0c138d049e","3187156002"
32.228905,-110.85622,1,"Trochilidae","Calypte anna",2020,7,15,"4fa7b334-ce0d-4e88-aaae-2e0c138d049e","3188456024"
32.228905,-110.85622,2,"Cardinalidae","Cardinalis cardinalis",2020,7,15,"4fa7b334-ce0d-4e88-aaae-2e0c138d049e","3166960211"
32.228905,-110.85622,2,"Mimidae","Mimus polyglottos",2020,7,15,"4fa7b334-ce0d-4e88-aaae-2e0c138d049e","3179608071"
32.228905,-110.85622,4,"Columbidae","Zenaida macroura",2020,7,15,"4fa7b334-ce0d-4e88-aaae-2e0c138d049e","3175792126"
32.228905,-110.85622,1,"Tyrannidae","Myiarchus tyrannulus",2020,7,15,"4fa7b334-ce0d-4e88-aaae-2e0c138d049e","3190436374"
32.228905,-110.85622,1,"Cardinalidae","Cardinalis cardinalis",2020,7,22,"4fa7b334-ce0d-4e88-aaae-2e0c138d049e","3244066679"
32.228905,-110.85622,1,"Odontophoridae","Callipepla gambelii",2020,7,22,"4fa7b334-ce0d-4e88-aaae-2e0c138d049e","3247932609"
32.228905,-110.85622,2,"Picidae","Melanerpes uropygialis",2020,7,22,"4fa7b334-ce0d-4e88-aaae-2e0c138d049e","3257545491"
32.228905,-110.85622,1,"Trochilidae","Calypte anna",2020,7,22,"4fa7b334-ce0d-4e88-aaae-2e0c138d049e","3250047743"
32.228905,-110.85622,13,"Columbidae","Zenaida macroura",2020,7,22,"4fa7b334-ce0d-4e88-aaae-2e0c138d049e","3262314524"
32.228905,-110.85622,4,"Sturnidae","Sturnus vulgaris",2020,7,22,"4fa7b334-ce0d-4e88-aaae-2e0c138d049e","3259019666"
32.228905,-110.85622,2,"Emberizidae","Melozone aberti",2020,7,22,"4fa7b334-ce0d-4e88-aaae-2e0c138d049e","3253509618"
32.228905,-110.85622,1,"Tyrannidae","Pyrocephalus rubinus",2020,7,22,"4fa7b334-ce0d-4e88-aaae-2e0c138d049e","3266393407"
32.228905,-110.85622,1,"Emberizidae","Chondestes grammacus",2020,7,22,"4fa7b334-ce0d-4e88-aaae-2e0c138d049e","3272062623"
32.228905,-110.85622,1,"Mimidae","Toxostoma curvirostre",2020,8,4,"4fa7b334-ce0d-4e88-aaae-2e0c138d049e","3175934474"
32.228905,-110.85622,14,"Columbidae","Zenaida macroura",2020,8,4,"4fa7b334-ce0d-4e88-aaae-2e0c138d049e","3182634338"
32.228905,-110.85622,1,"Cuculidae","Geococcyx californianus",2020,8,4,"4fa7b334-ce0d-4e88-aaae-2e0c138d049e","3167578235"
32.228905,-110.85622,2,"Mimidae","Mimus polyglottos",2020,8,4,"4fa7b334-ce0d-4e88-aaae-2e0c138d049e","3198447335"
32.228905,-110.85622,4,"Tyrannidae","Pyrocephalus rubinus",2020,8,4,"4fa7b334-ce0d-4e88-aaae-2e0c138d049e","3198166251"
32.228905,-110.85622,18,"Sturnidae","Sturnus vulgaris",2020,8,4,"4fa7b334-ce0d-4e88-aaae-2e0c138d049e","3181417210"
32.228905,-110.85622,4,"Picidae","Melanerpes uropygialis",2020,8,4,"4fa7b334-ce0d-4e88-aaae-2e0c138d049e","3171342374"
32.228905,-110.85622,1,"Remizidae","Auriparus flaviceps",2020,8,4,"4fa7b334-ce0d-4e88-aaae-2e0c138d049e","3171023439"
32.228905,-110.85622,2,"Columbidae","Zenaida asiatica",2020,8,4,"4fa7b334-ce0d-4e88-aaae-2e0c138d049e","3174812415"
32.228905,-110.85622,4,"Columbidae","Columba livia",2020,8,4,"4fa7b334-ce0d-4e88-aaae-2e0c138d049e","3172160491"
32.228905,-110.85622,6,"Fringillidae","Spinus psaltria",2020,8,11,"4fa7b334-ce0d-4e88-aaae-2e0c138d049e","3252212825"
32.228905,-110.85622,2,"Emberizidae","Chondestes grammacus",2020,8,11,"4fa7b334-ce0d-4e88-aaae-2e0c138d049e","3247560742"
32.228905,-110.85622,2,"Emberizidae","Melozone aberti",2020,8,11,"4fa7b334-ce0d-4e88-aaae-2e0c138d049e","3246729777"
32.228905,-110.85622,2,"Columbidae","Zenaida asiatica",2020,8,11,"4fa7b334-ce0d-4e88-aaae-2e0c138d049e","3241770679"
32.228905,-110.85622,2,"Tyrannidae","Pyrocephalus rubinus",2020,8,11,"4fa7b334-ce0d-4e88-aaae-2e0c138d049e","3245051744"
32.228905,-110.85622,4,"Fringillidae","Haemorhous mexicanus",2020,8,11,"4fa7b334-ce0d-4e88-aaae-2e0c138d049e","3262006662"
32.228905,-110.85622,17,"Columbidae","Zenaida macroura",2020,8,11,"4fa7b334-ce0d-4e88-aaae-2e0c138d049e","3248033713"
32.228905,-110.85622,2,"Picidae","Melanerpes uropygialis",2020,8,11,"4fa7b334-ce0d-4e88-aaae-2e0c138d049e","3242861808"
32.228905,-110.85622,4,"Columbidae","Columba livia",2020,8,18,"4fa7b334-ce0d-4e88-aaae-2e0c138d049e","3281150159"
32.228905,-110.85622,5,"Fringillidae","Spinus psaltria",2020,8,18,"4fa7b334-ce0d-4e88-aaae-2e0c138d049e","3272319290"
32.228905,-110.85622,12,"Emberizidae","Chondestes grammacus",2020,8,18,"4fa7b334-ce0d-4e88-aaae-2e0c138d049e","3275548287"
32.228905,-110.85622,1,"Tyrannidae","Pyrocephalus rubinus",2020,8,18,"4fa7b334-ce0d-4e88-aaae-2e0c138d049e","3265946273"
32.228905,-110.85622,2,"Cardinalidae","Passerina amoena",2020,8,18,"4fa7b334-ce0d-4e88-aaae-2e0c138d049e","3266536341"
32.228905,-110.85622,26,"Columbidae","Zenaida macroura",2020,8,18,"4fa7b334-ce0d-4e88-aaae-2e0c138d049e","3278764460"
32.228905,-110.85622,1,"Tyrannidae","Tyrannus verticalis",2020,8,18,"4fa7b334-ce0d-4e88-aaae-2e0c138d049e","3276192409"
32.228905,-110.85622,1,"Picidae","Melanerpes uropygialis",2020,8,18,"4fa7b334-ce0d-4e88-aaae-2e0c138d049e","3285148479"
32.228905,-110.85622,2,"Fringillidae","Haemorhous mexicanus",2020,8,18,"4fa7b334-ce0d-4e88-aaae-2e0c138d049e","3180352147"
32.228905,-110.85622,14,"Emberizidae","Chondestes grammacus",2020,8,29,"4fa7b334-ce0d-4e88-aaae-2e0c138d049e","3172502841"
32.228905,-110.85622,1,"Columbidae","Columba livia",2020,8,29,"4fa7b334-ce0d-4e88-aaae-2e0c138d049e","3178633848"
32.228905,-110.85622,4,"Tyrannidae","Pyrocephalus rubinus",2020,8,29,"4fa7b334-ce0d-4e88-aaae-2e0c138d049e","3179652944"
32.228905,-110.85622,1,"Mimidae","Toxostoma curvirostre",2020,8,29,"4fa7b334-ce0d-4e88-aaae-2e0c138d049e","3176399873"
32.228905,-110.85622,3,"Emberizidae","Melozone aberti",2020,8,29,"4fa7b334-ce0d-4e88-aaae-2e0c138d049e","3195019886"
32.228905,-110.85622,1,"Columbidae","Zenaida asiatica",2020,8,29,"4fa7b334-ce0d-4e88-aaae-2e0c138d049e","3181937925"
32.228905,-110.85622,2,"Fringillidae","Haemorhous mexicanus",2020,8,29,"4fa7b334-ce0d-4e88-aaae-2e0c138d049e","3188939799"
32.228905,-110.85622,18,"Columbidae","Zenaida macroura",2020,8,29,"4fa7b334-ce0d-4e88-aaae-2e0c138d049e","3199076740"
32.228905,-110.85622,1,"Trochilidae","Archilochus alexandri",2020,8,29,"4fa7b334-ce0d-4e88-aaae-2e0c138d049e","3173100713"
32.228905,-110.85622,3,"Cardinalidae","Passerina amoena",2020,8,29,"4fa7b334-ce0d-4e88-aaae-2e0c138d049e","3175568809"
32.228905,-110.85622,2,"Mimidae","Mimus polyglottos",2020,8,29,"4fa7b334-ce0d-4e88-aaae-2e0c138d049e","3177739809"
32.228905,-110.85622,7,"Fringillidae","Spinus psaltria",2020,8,29,"4fa7b334-ce0d-4e88-aaae-2e0c138d049e","3187386949"
32.228905,-110.85622,3,"Picidae","Melanerpes uropygialis",2020,8,29,"4fa7b334-ce0d-4e88-aaae-2e0c138d049e","3178545701"
32.228905,-110.85622,2,"Remizidae","Auriparus flaviceps",2020,8,29,"4fa7b334-ce0d-4e88-aaae-2e0c138d049e","3201213737"
32.228905,-110.85622,1,"Cardinalidae","Cardinalis cardinalis",2020,8,29,"4fa7b334-ce0d-4e88-aaae-2e0c138d049e","3206823671"
32.228905,-110.85622,3,"Picidae","Melanerpes uropygialis",2020,9,1,"4fa7b334-ce0d-4e88-aaae-2e0c138d049e","3182517977"
32.228905,-110.85622,9,"Columbidae","Zenaida macroura",2020,9,1,"4fa7b334-ce0d-4e88-aaae-2e0c138d049e","3192298078"
32.228905,-110.85622,1,"Emberizidae","Chondestes grammacus",2020,9,1,"4fa7b334-ce0d-4e88-aaae-2e0c138d049e","3199467045"
32.228905,-110.85622,1,"Corvidae","Corvus corax",2020,9,1,"4fa7b334-ce0d-4e88-aaae-2e0c138d049e","3197924209"
32.228905,-110.85622,2,"Emberizidae","Melozone aberti",2020,9,1,"4fa7b334-ce0d-4e88-aaae-2e0c138d049e","3173513463"
32.228905,-110.85622,1,"Columbidae","Columba livia",2020,9,1,"4fa7b334-ce0d-4e88-aaae-2e0c138d049e","3185254315"
32.228905,-110.85622,1,"Odontophoridae","Callipepla gambelii",2020,9,1,"4fa7b334-ce0d-4e88-aaae-2e0c138d049e","3174748972"
32.228905,-110.85622,1,"Trochilidae","Calypte anna",2020,9,8,"4fa7b334-ce0d-4e88-aaae-2e0c138d049e","3176791469"
32.228905,-110.85622,1,"Cardinalidae","Piranga rubra",2020,9,8,"4fa7b334-ce0d-4e88-aaae-2e0c138d049e","3179546227"
32.228905,-110.85622,1,"Tyrannidae","Sayornis saya",2020,9,8,"4fa7b334-ce0d-4e88-aaae-2e0c138d049e","3208526274"
32.228905,-110.85622,1,"Cardinalidae","Passerina amoena",2020,9,8,"4fa7b334-ce0d-4e88-aaae-2e0c138d049e","3177294150"
32.228905,-110.85622,1,"Fringillidae","Haemorhous mexicanus",2020,9,8,"4fa7b334-ce0d-4e88-aaae-2e0c138d049e","3182049107"
32.228905,-110.85622,5,"Remizidae","Auriparus flaviceps",2020,9,8,"4fa7b334-ce0d-4e88-aaae-2e0c138d049e","3181454987"
32.228905,-110.85622,26,"Columbidae","Zenaida macroura",2020,9,8,"4fa7b334-ce0d-4e88-aaae-2e0c138d049e","3179226993"
32.228905,-110.85622,3,"Emberizidae","Melozone aberti",2020,9,8,"4fa7b334-ce0d-4e88-aaae-2e0c138d049e","3184540864"
32.228905,-110.85622,2,"Picidae","Melanerpes uropygialis",2020,9,8,"4fa7b334-ce0d-4e88-aaae-2e0c138d049e","3261594825"
32.228905,-110.85622,4,"Columbidae","Columba livia",2020,9,8,"4fa7b334-ce0d-4e88-aaae-2e0c138d049e","3261694202"
32.228905,-110.85622,4,"Tyrannidae","Pyrocephalus rubinus",2020,9,8,"4fa7b334-ce0d-4e88-aaae-2e0c138d049e","3247144027"
32.228905,-110.85622,1,"Fringillidae","Spinus psaltria",2020,9,8,"4fa7b334-ce0d-4e88-aaae-2e0c138d049e","3256385088"
32.228905,-110.85622,1,"Trochilidae","Cynanthus latirostris",2020,9,8,"4fa7b334-ce0d-4e88-aaae-2e0c138d049e","3258573975"
32.228905,-110.85622,1,"Emberizidae","Chondestes grammacus",2020,9,8,"4fa7b334-ce0d-4e88-aaae-2e0c138d049e","3252732984"
32.228905,-110.85622,5,"Fringillidae","Haemorhous mexicanus",2020,9,15,"4fa7b334-ce0d-4e88-aaae-2e0c138d049e","3182210658"
32.228905,-110.85622,26,"Columbidae","Zenaida macroura",2020,9,15,"4fa7b334-ce0d-4e88-aaae-2e0c138d049e","3176934511"
32.228905,-110.85622,1,"Picidae","Melanerpes uropygialis",2020,9,15,"4fa7b334-ce0d-4e88-aaae-2e0c138d049e","3176575659"
32.228905,-110.85622,1,"Accipitridae","Accipiter cooperii",2020,9,15,"4fa7b334-ce0d-4e88-aaae-2e0c138d049e","3202287652"
32.228905,-110.85622,50,"Columbidae","Zenaida macroura",2020,9,18,"4fa7b334-ce0d-4e88-aaae-2e0c138d049e","3264775523"
32.228905,-110.85622,1,"Accipitridae","Accipiter cooperii",2020,9,18,"4fa7b334-ce0d-4e88-aaae-2e0c138d049e","3264535563"
32.228905,-110.85622,3,"Picidae","Melanerpes uropygialis",2020,9,18,"4fa7b334-ce0d-4e88-aaae-2e0c138d049e","3275861545"
32.228905,-110.85622,4,"Emberizidae","Chondestes grammacus",2020,9,18,"4fa7b334-ce0d-4e88-aaae-2e0c138d049e","3300868874"
32.228905,-110.85622,1,"Tyrannidae","Pyrocephalus rubinus",2020,9,18,"4fa7b334-ce0d-4e88-aaae-2e0c138d049e","3256089415"
32.228905,-110.85622,1,"Parulidae","Geothlypis tolmiei",2020,9,18,"4fa7b334-ce0d-4e88-aaae-2e0c138d049e","3263905318"
32.228905,-110.85622,2,"Fringillidae","Haemorhous mexicanus",2020,9,18,"4fa7b334-ce0d-4e88-aaae-2e0c138d049e","3277223085"
32.228905,-110.85622,43,"Columbidae","Zenaida macroura",2020,9,25,"4fa7b334-ce0d-4e88-aaae-2e0c138d049e","3257289059"
32.228905,-110.85622,4,"Fringillidae","Haemorhous mexicanus",2020,9,25,"4fa7b334-ce0d-4e88-aaae-2e0c138d049e","3278566083"
32.228905,-110.85622,2,"Picidae","Melanerpes uropygialis",2020,9,25,"4fa7b334-ce0d-4e88-aaae-2e0c138d049e","3271743143"
32.228905,-110.85622,1,"Trochilidae","Cynanthus latirostris",2020,9,25,"4fa7b334-ce0d-4e88-aaae-2e0c138d049e","3263560029"
32.228905,-110.85622,50,"Columbidae","Zenaida macroura",2020,9,18,"4fa7b334-ce0d-4e88-aaae-2e0c138d049e","3186169139"
32.228905,-110.85622,1,"Accipitridae","Accipiter cooperii",2020,9,18,"4fa7b334-ce0d-4e88-aaae-2e0c138d049e","3195861155"
32.228905,-110.85622,3,"Picidae","Melanerpes uropygialis",2020,9,18,"4fa7b334-ce0d-4e88-aaae-2e0c138d049e","3199959125"
32.228905,-110.85622,4,"Emberizidae","Chondestes grammacus",2020,9,18,"4fa7b334-ce0d-4e88-aaae-2e0c138d049e","3210192307"
32.228905,-110.85622,1,"Tyrannidae","Pyrocephalus rubinus",2020,9,18,"4fa7b334-ce0d-4e88-aaae-2e0c138d049e","3192487956"
32.228905,-110.85622,1,"Parulidae","Geothlypis tolmiei",2020,9,18,"4fa7b334-ce0d-4e88-aaae-2e0c138d049e","3205071243"
32.228905,-110.85622,2,"Fringillidae","Haemorhous mexicanus",2020,9,18,"4fa7b334-ce0d-4e88-aaae-2e0c138d049e","3195604985"
32.228905,-110.85622,19,"Columbidae","Zenaida macroura",2020,10,21,"4fa7b334-ce0d-4e88-aaae-2e0c138d049e","3284467751"
32.228905,-110.85622,13,"Columbidae","Columba livia",2020,10,21,"4fa7b334-ce0d-4e88-aaae-2e0c138d049e","3258719850"
32.228905,-110.85622,1,"Tyrannidae","Pyrocephalus rubinus",2020,10,21,"4fa7b334-ce0d-4e88-aaae-2e0c138d049e","3263093855"
32.228905,-110.85622,2,"Corvidae","Corvus corax",2020,10,21,"4fa7b334-ce0d-4e88-aaae-2e0c138d049e","3275840910"
32.228905,-110.85622,1,"Fringillidae","Haemorhous mexicanus",2020,10,21,"4fa7b334-ce0d-4e88-aaae-2e0c138d049e","3270071896"
32.228905,-110.85622,2,"Passeridae","Passer domesticus",2020,10,21,"4fa7b334-ce0d-4e88-aaae-2e0c138d049e","3259155850"
32.228905,-110.85622,3,"Picidae","Melanerpes uropygialis",2020,10,21,"4fa7b334-ce0d-4e88-aaae-2e0c138d049e","3262803931"
32.228905,-110.85622,1,"Tyrannidae","Sayornis saya",2020,10,21,"4fa7b334-ce0d-4e88-aaae-2e0c138d049e","3261953898"
32.228905,-110.85622,3,"Picidae","Melanerpes uropygialis",2020,10,23,"4fa7b334-ce0d-4e88-aaae-2e0c138d049e","3273353026"
32.228905,-110.85622,1,"Columbidae","Zenaida macroura",2020,10,23,"4fa7b334-ce0d-4e88-aaae-2e0c138d049e","3282287168"
32.228905,-110.85622,1,"Remizidae","Auriparus flaviceps",2020,10,23,"4fa7b334-ce0d-4e88-aaae-2e0c138d049e","3269498064"
32.228905,-110.85622,2,"Passeridae","Passer domesticus",2020,10,23,"4fa7b334-ce0d-4e88-aaae-2e0c138d049e","3259875127"
32.23087,-110.857994,2,"Accipitridae","Parabuteo unicinctus",2020,10,28,"4fa7b334-ce0d-4e88-aaae-2e0c138d049e","3198537613"
32.23087,-110.857994,3,"Columbidae","Zenaida macroura",2020,10,28,"4fa7b334-ce0d-4e88-aaae-2e0c138d049e","3205153791"
32.23087,-110.857994,7,"Columbidae","Columba livia",2020,10,28,"4fa7b334-ce0d-4e88-aaae-2e0c138d049e","3207697727"
32.228905,-110.85622,1,"Tyrannidae","Sayornis saya",2020,10,1,"4fa7b334-ce0d-4e88-aaae-2e0c138d049e","3201508899"
32.228905,-110.85622,11,"Columbidae","Zenaida macroura",2020,10,1,"4fa7b334-ce0d-4e88-aaae-2e0c138d049e","3186192014"
32.228905,-110.85622,1,"Ptilogonatidae","Phainopepla nitens",2020,10,1,"4fa7b334-ce0d-4e88-aaae-2e0c138d049e","3190663801"
32.228905,-110.85622,2,"Fringillidae","Haemorhous mexicanus",2020,10,1,"4fa7b334-ce0d-4e88-aaae-2e0c138d049e","3190968899"
32.228905,-110.85622,1,"Picidae","Melanerpes uropygialis",2020,10,1,"4fa7b334-ce0d-4e88-aaae-2e0c138d049e","3186858821"
32.228905,-110.85622,1,"Mimidae","Toxostoma curvirostre",2020,10,1,"4fa7b334-ce0d-4e88-aaae-2e0c138d049e","3201956987"
32.228905,-110.85622,2,"Emberizidae","Melozone aberti",2020,10,1,"4fa7b334-ce0d-4e88-aaae-2e0c138d049e","3203290901"
32.228905,-110.85622,1,"Tyrannidae","Pyrocephalus rubinus",2020,10,1,"4fa7b334-ce0d-4e88-aaae-2e0c138d049e","3188300934"
32.228905,-110.85622,1,"Columbidae","Zenaida macroura",2020,10,8,"4fa7b334-ce0d-4e88-aaae-2e0c138d049e","3256806329"
32.228905,-110.85622,1,"Mimidae","Toxostoma curvirostre",2020,10,8,"4fa7b334-ce0d-4e88-aaae-2e0c138d049e","3269584481"
32.228905,-110.85622,1,"Picidae","Melanerpes uropygialis",2020,10,8,"4fa7b334-ce0d-4e88-aaae-2e0c138d049e","3284163483"
32.228905,-110.85622,1,"Trochilidae","Calypte anna",2020,10,8,"4fa7b334-ce0d-4e88-aaae-2e0c138d049e","3276164529"
32.228905,-110.85622,1,"Remizidae","Auriparus flaviceps",2020,11,3,"4fa7b334-ce0d-4e88-aaae-2e0c138d049e","3192640664"
32.228905,-110.85622,2,"Picidae","Melanerpes uropygialis",2020,11,3,"4fa7b334-ce0d-4e88-aaae-2e0c138d049e","3188403712"
32.228905,-110.85622,1,"Mimidae","Toxostoma curvirostre",2020,11,3,"4fa7b334-ce0d-4e88-aaae-2e0c138d049e","3197989561"
32.228905,-110.85622,33,"Columbidae","Zenaida macroura",2020,11,3,"4fa7b334-ce0d-4e88-aaae-2e0c138d049e","3197821814"
32.228905,-110.85622,1,"Mimidae","Mimus polyglottos",2020,11,3,"4fa7b334-ce0d-4e88-aaae-2e0c138d049e","3187279727"
32.228905,-110.85622,2,"Trochilidae","Calypte anna",2020,11,3,"4fa7b334-ce0d-4e88-aaae-2e0c138d049e","3202731552"
32.228905,-110.85622,1,"Emberizidae","Melozone aberti",2020,11,3,"4fa7b334-ce0d-4e88-aaae-2e0c138d049e","3192022639"
32.228905,-110.85622,1,"Icteridae","Sturnella neglecta",2020,11,20,"4fa7b334-ce0d-4e88-aaae-2e0c138d049e","3300799745"
32.228905,-110.85622,4,"Columbidae","Columba livia",2020,11,20,"4fa7b334-ce0d-4e88-aaae-2e0c138d049e","3268905299"
32.228905,-110.85622,2,"Picidae","Melanerpes uropygialis",2020,11,20,"4fa7b334-ce0d-4e88-aaae-2e0c138d049e","3265094430"
32.228905,-110.85622,2,"Emberizidae","Melozone aberti",2020,11,20,"4fa7b334-ce0d-4e88-aaae-2e0c138d049e","3273164169"
32.228905,-110.85622,14,"Columbidae","Zenaida macroura",2020,12,1,"4fa7b334-ce0d-4e88-aaae-2e0c138d049e","3290170076"
32.228905,-110.85622,1,"Trochilidae","Calypte anna",2020,12,1,"4fa7b334-ce0d-4e88-aaae-2e0c138d049e","3297131202"
32.228905,-110.85622,1,"Picidae","Melanerpes uropygialis",2020,12,1,"4fa7b334-ce0d-4e88-aaae-2e0c138d049e","3292619528"
32.228905,-110.85622,1,"Mimidae","Mimus polyglottos",2020,12,1,"4fa7b334-ce0d-4e88-aaae-2e0c138d049e","3298414458"
32.228905,-110.85622,1,"Picidae","Melanerpes uropygialis",2020,12,8,"4fa7b334-ce0d-4e88-aaae-2e0c138d049e","3204832935"
32.228905,-110.85622,2,"Fringillidae","Haemorhous mexicanus",2020,12,8,"4fa7b334-ce0d-4e88-aaae-2e0c138d049e","3208032941"
32.228905,-110.85622,2,"Columbidae","Zenaida macroura",2020,12,8,"4fa7b334-ce0d-4e88-aaae-2e0c138d049e","3210203206"
32.228905,-110.85622,1,"Picidae","Melanerpes uropygialis",2020,12,15,"4fa7b334-ce0d-4e88-aaae-2e0c138d049e","3215244522"
32.228905,-110.85622,1,"Parulidae","Setophaga coronata",2020,12,15,"4fa7b334-ce0d-4e88-aaae-2e0c138d049e","3216343509"
32.228905,-110.85622,8,"Columbidae","Zenaida macroura",2020,12,15,"4fa7b334-ce0d-4e88-aaae-2e0c138d049e","3216164561"
32.228905,-110.85622,1,"Fringillidae","Haemorhous mexicanus",2019,1,4,"4fa7b334-ce0d-4e88-aaae-2e0c138d049e","2654069309"
32.228905,-110.85622,2,"Columbidae","Columba livia",2019,1,4,"4fa7b334-ce0d-4e88-aaae-2e0c138d049e","2657710213"
32.228905,-110.85622,17,"Columbidae","Zenaida macroura",2019,1,4,"4fa7b334-ce0d-4e88-aaae-2e0c138d049e","2653873238"
32.228905,-110.85622,2,"Picidae","Melanerpes uropygialis",2019,1,4,"4fa7b334-ce0d-4e88-aaae-2e0c138d049e","2657488255"
32.228905,-110.85622,1,"Accipitridae","Accipiter cooperii",2019,1,4,"4fa7b334-ce0d-4e88-aaae-2e0c138d049e","2653322332"
32.228905,-110.85622,1,"Phalacrocoracidae","Phalacrocorax brasilianus",2019,2,4,"4fa7b334-ce0d-4e88-aaae-2e0c138d049e","2657596451"
32.228905,-110.85622,1,"Strigidae","Bubo virginianus",2019,3,4,"4fa7b334-ce0d-4e88-aaae-2e0c138d049e","2756107398"
32.228905,-110.85622,1,"Passeridae","Passer domesticus",2019,3,4,"4fa7b334-ce0d-4e88-aaae-2e0c138d049e","2755020369"
32.228905,-110.85622,2,"Picidae","Melanerpes uropygialis",2019,3,4,"4fa7b334-ce0d-4e88-aaae-2e0c138d049e","2753353292"
32.228905,-110.85622,1,"Remizidae","Auriparus flaviceps",2019,3,4,"4fa7b334-ce0d-4e88-aaae-2e0c138d049e","2774758184"
32.228905,-110.85622,2,"Fringillidae","Haemorhous mexicanus",2019,3,4,"4fa7b334-ce0d-4e88-aaae-2e0c138d049e","2754773209"
32.228905,-110.85622,2,"Fringillidae","Spinus psaltria",2019,3,4,"4fa7b334-ce0d-4e88-aaae-2e0c138d049e","2774232249"
32.228905,-110.85622,9,"Columbidae","Zenaida macroura",2019,3,4,"4fa7b334-ce0d-4e88-aaae-2e0c138d049e","2756068066"
32.228905,-110.85622,1,"Cathartidae","Cathartes aura",2019,3,4,"4fa7b334-ce0d-4e88-aaae-2e0c138d049e","2740000114"
32.228905,-110.85622,20,"Bombycillidae","Bombycilla cedrorum",2019,3,6,"4fa7b334-ce0d-4e88-aaae-2e0c138d049e","2741352896"
32.228905,-110.85622,1,"Mimidae","Toxostoma curvirostre",2019,3,25,"4fa7b334-ce0d-4e88-aaae-2e0c138d049e","2663919291"
32.228905,-110.85622,6,"Parulidae","Setophaga coronata",2019,3,25,"4fa7b334-ce0d-4e88-aaae-2e0c138d049e","2662507333"
32.228905,-110.85622,2,"Trochilidae","Cynanthus latirostris",2019,3,25,"4fa7b334-ce0d-4e88-aaae-2e0c138d049e","2672473378"
32.228905,-110.85622,4,"Mimidae","Mimus polyglottos",2019,3,25,"4fa7b334-ce0d-4e88-aaae-2e0c138d049e","2675150594"
32.228905,-110.85622,13,"Columbidae","Zenaida macroura",2019,3,25,"4fa7b334-ce0d-4e88-aaae-2e0c138d049e","2664041544"
32.228905,-110.85622,1,"Accipitridae","Accipiter cooperii",2019,3,25,"4fa7b334-ce0d-4e88-aaae-2e0c138d049e","2662832551"
32.228905,-110.85622,2,"Tyrannidae","Pyrocephalus rubinus",2019,3,25,"4fa7b334-ce0d-4e88-aaae-2e0c138d049e","2679296296"
32.228905,-110.85622,8,"Remizidae","Auriparus flaviceps",2019,3,25,"4fa7b334-ce0d-4e88-aaae-2e0c138d049e","2664234420"
32.228905,-110.85622,6,"Columbidae","Columba livia",2019,3,25,"4fa7b334-ce0d-4e88-aaae-2e0c138d049e","2666837364"
32.228905,-110.85622,1,"Columbidae","Zenaida asiatica",2019,3,25,"4fa7b334-ce0d-4e88-aaae-2e0c138d049e","2665573430"
32.228905,-110.85622,4,"Parulidae","Leiothlypis luciae",2019,3,25,"4fa7b334-ce0d-4e88-aaae-2e0c138d049e","2665421445"
32.228905,-110.85622,2,"Trochilidae","Calypte anna",2019,3,25,"4fa7b334-ce0d-4e88-aaae-2e0c138d049e","2663077275"
32.228905,-110.85622,7,"Fringillidae","Haemorhous mexicanus",2019,3,25,"4fa7b334-ce0d-4e88-aaae-2e0c138d049e","2674631190"
32.228905,-110.85622,2,"Picidae","Melanerpes uropygialis",2019,3,25,"4fa7b334-ce0d-4e88-aaae-2e0c138d049e","2673242241"
32.228905,-110.85622,8,"Fringillidae","Spinus psaltria",2019,3,25,"4fa7b334-ce0d-4e88-aaae-2e0c138d049e","2664138379"
32.228905,-110.85622,1,"Accipitridae","Parabuteo unicinctus",2019,3,25,"4fa7b334-ce0d-4e88-aaae-2e0c138d049e","2661425200"
32.228905,-110.85622,13,"Passeridae","Passer domesticus",2019,3,25,"4fa7b334-ce0d-4e88-aaae-2e0c138d049e","2673775269"
32.228905,-110.85622,3,"Corvidae","Corvus corax",2019,3,25,"4fa7b334-ce0d-4e88-aaae-2e0c138d049e","2664727333"
32.228905,-110.85622,27,"Columbidae","Zenaida macroura",2019,3,29,"4fa7b334-ce0d-4e88-aaae-2e0c138d049e","2736174177"
32.228905,-110.85622,2,"Passeridae","Passer domesticus",2019,3,29,"4fa7b334-ce0d-4e88-aaae-2e0c138d049e","2751275041"
32.228905,-110.85622,1,"Fringillidae","Haemorhous mexicanus",2019,3,29,"4fa7b334-ce0d-4e88-aaae-2e0c138d049e","2739097213"
32.228905,-110.85622,2,"Tyrannidae","Pyrocephalus rubinus",2019,3,29,"4fa7b334-ce0d-4e88-aaae-2e0c138d049e","2735885049"
32.228905,-110.85622,1,"Columbidae","Zenaida asiatica",2019,3,29,"4fa7b334-ce0d-4e88-aaae-2e0c138d049e","2662734060"
32.228905,-110.85622,5,"Picidae","Melanerpes uropygialis",2019,3,29,"4fa7b334-ce0d-4e88-aaae-2e0c138d049e","2674067830"
32.228905,-110.85622,3,"Remizidae","Auriparus flaviceps",2019,3,29,"4fa7b334-ce0d-4e88-aaae-2e0c138d049e","2665651963"
32.228905,-110.85622,1,"Mimidae","Mimus polyglottos",2019,3,29,"4fa7b334-ce0d-4e88-aaae-2e0c138d049e","2673186995"
32.228905,-110.85622,1,"Tyrannidae","Tyrannus verticalis",2019,3,29,"4fa7b334-ce0d-4e88-aaae-2e0c138d049e","2742749675"
32.228905,-110.85622,1,"Mimidae","Mimus polyglottos",2019,3,4,"4fa7b334-ce0d-4e88-aaae-2e0c138d049e","2791955755"
32.228905,-110.85622,1,"Cardinalidae","Cardinalis cardinalis",2019,4,12,"4fa7b334-ce0d-4e88-aaae-2e0c138d049e","2667321589"
32.228905,-110.85622,1,"Fringillidae","Spinus psaltria",2019,4,12,"4fa7b334-ce0d-4e88-aaae-2e0c138d049e","2674465579"
32.228905,-110.85622,1,"Columbidae","Zenaida asiatica",2019,4,12,"4fa7b334-ce0d-4e88-aaae-2e0c138d049e","2664517552"
32.228905,-110.85622,3,"Tyrannidae","Pyrocephalus rubinus",2019,4,12,"4fa7b334-ce0d-4e88-aaae-2e0c138d049e","2678174686"
32.228905,-110.85622,1,"Accipitridae","Parabuteo unicinctus",2019,4,12,"4fa7b334-ce0d-4e88-aaae-2e0c138d049e","2665977734"
32.228905,-110.85622,60,"Columbidae","Zenaida macroura",2019,4,12,"4fa7b334-ce0d-4e88-aaae-2e0c138d049e","2678201707"
32.228905,-110.85622,6,"Fringillidae","Haemorhous mexicanus",2019,4,12,"4fa7b334-ce0d-4e88-aaae-2e0c138d049e","2684814821"
32.228905,-110.85622,1,"Mimidae","Toxostoma curvirostre",2019,4,12,"4fa7b334-ce0d-4e88-aaae-2e0c138d049e","2666683845"
32.228905,-110.85622,2,"Picidae","Melanerpes uropygialis",2019,4,12,"4fa7b334-ce0d-4e88-aaae-2e0c138d049e","2665321675"
32.228905,-110.85622,1,"Trochilidae","Cynanthus latirostris",2019,4,12,"4fa7b334-ce0d-4e88-aaae-2e0c138d049e","2665030689"
32.228905,-110.85622,1,"Parulidae","Cardellina pusilla",2019,4,15,"4fa7b334-ce0d-4e88-aaae-2e0c138d049e","2764544508"
32.228905,-110.85622,1,"Parulidae","Leiothlypis luciae",2019,4,15,"4fa7b334-ce0d-4e88-aaae-2e0c138d049e","2735738851"
32.228905,-110.85622,1,"Remizidae","Auriparus flaviceps",2019,4,15,"4fa7b334-ce0d-4e88-aaae-2e0c138d049e","2735499947"
32.228905,-110.85622,1,"Fringillidae","Spinus psaltria",2019,4,24,"4fa7b334-ce0d-4e88-aaae-2e0c138d049e","2738533422"
32.228905,-110.85622,2,"Tyrannidae","Pyrocephalus rubinus",2019,4,24,"4fa7b334-ce0d-4e88-aaae-2e0c138d049e","2746051441"
32.228905,-110.85622,2,"Picidae","Melanerpes uropygialis",2019,4,24,"4fa7b334-ce0d-4e88-aaae-2e0c138d049e","2744509388"
32.228905,-110.85622,2,"Fringillidae","Haemorhous mexicanus",2019,4,24,"4fa7b334-ce0d-4e88-aaae-2e0c138d049e","2731019424"
32.228905,-110.85622,1,"Remizidae","Auriparus flaviceps",2019,4,24,"4fa7b334-ce0d-4e88-aaae-2e0c138d049e","2731940360"
32.228905,-110.85622,1,"Columbidae","Columba livia",2019,4,24,"4fa7b334-ce0d-4e88-aaae-2e0c138d049e","2744269271"
32.228905,-110.85622,10,"Bombycillidae","Bombycilla cedrorum",2019,4,24,"4fa7b334-ce0d-4e88-aaae-2e0c138d049e","2742988248"
32.228905,-110.85622,1,"Accipitridae","Accipiter cooperii",2019,4,24,"4fa7b334-ce0d-4e88-aaae-2e0c138d049e","2749132452"
32.228905,-110.85622,1,"Strigidae","Bubo virginianus",2019,4,24,"4fa7b334-ce0d-4e88-aaae-2e0c138d049e","2757820491"
32.228905,-110.85622,1,"Cardinalidae","Cardinalis cardinalis",2019,4,24,"4fa7b334-ce0d-4e88-aaae-2e0c138d049e","2732702353"
32.228905,-110.85622,84,"Columbidae","Zenaida macroura",2019,4,24,"4fa7b334-ce0d-4e88-aaae-2e0c138d049e","2755453397"
32.228905,-110.85622,2,"Columbidae","Zenaida asiatica",2019,4,24,"4fa7b334-ce0d-4e88-aaae-2e0c138d049e","2733096260"
32.228905,-110.85622,4,"Passeridae","Passer domesticus",2019,4,24,"4fa7b334-ce0d-4e88-aaae-2e0c138d049e","2731655319"
32.228905,-110.85622,1,"Accipitridae","Parabuteo unicinctus",2019,4,24,"4fa7b334-ce0d-4e88-aaae-2e0c138d049e","2735831298"
32.228905,-110.85622,1,"Trochilidae","Calypte anna",2019,4,24,"4fa7b334-ce0d-4e88-aaae-2e0c138d049e","2734103213"
32.228905,-110.85622,3,"Sturnidae","Sturnus vulgaris",2019,4,24,"4fa7b334-ce0d-4e88-aaae-2e0c138d049e","2668568291"
32.228905,-110.85622,6,"Passeridae","Passer domesticus",2019,4,24,"4fa7b334-ce0d-4e88-aaae-2e0c138d049e","2681307300"
32.228905,-110.85622,1,"Remizidae","Auriparus flaviceps",2019,4,24,"4fa7b334-ce0d-4e88-aaae-2e0c138d049e","2688458162"
32.228905,-110.85622,2,"Fringillidae","Haemorhous mexicanus",2019,4,24,"4fa7b334-ce0d-4e88-aaae-2e0c138d049e","2669676222"
32.228905,-110.85622,2,"Accipitridae","Parabuteo unicinctus",2019,4,24,"4fa7b334-ce0d-4e88-aaae-2e0c138d049e","2668507245"
32.228905,-110.85622,1,"Strigidae","Bubo virginianus",2019,4,24,"4fa7b334-ce0d-4e88-aaae-2e0c138d049e","2667541115"
32.228905,-110.85622,1,"Mimidae","Mimus polyglottos",2019,4,24,"4fa7b334-ce0d-4e88-aaae-2e0c138d049e","2682406062"
32.228905,-110.85622,5,"Columbidae","Zenaida asiatica",2019,4,24,"4fa7b334-ce0d-4e88-aaae-2e0c138d049e","2677067247"
32.228905,-110.85622,2,"Picidae","Melanerpes uropygialis",2019,4,24,"4fa7b334-ce0d-4e88-aaae-2e0c138d049e","2666718076"
32.228905,-110.85622,2,"Fringillidae","Spinus psaltria",2019,4,24,"4fa7b334-ce0d-4e88-aaae-2e0c138d049e","2668930025"
32.228905,-110.85622,1,"Cardinalidae","Cardinalis cardinalis",2019,4,24,"4fa7b334-ce0d-4e88-aaae-2e0c138d049e","2668286254"
32.228905,-110.85622,1,"Odontophoridae","Callipepla gambelii",2019,4,24,"4fa7b334-ce0d-4e88-aaae-2e0c138d049e","2671758225"
32.228905,-110.85622,9,"Columbidae","Zenaida macroura",2019,4,24,"4fa7b334-ce0d-4e88-aaae-2e0c138d049e","2679891355"
32.228905,-110.85622,2,"Emberizidae","Chondestes grammacus",2019,4,24,"4fa7b334-ce0d-4e88-aaae-2e0c138d049e","2690224248"
32.228905,-110.85622,2,"Emberizidae","Melozone aberti",2019,4,24,"4fa7b334-ce0d-4e88-aaae-2e0c138d049e","2688496375"
32.228905,-110.85622,2,"Parulidae","Leiothlypis luciae",2019,4,24,"4fa7b334-ce0d-4e88-aaae-2e0c138d049e","2670889362"
32.228905,-110.85622,1,"Corvidae","Corvus corax",2019,4,24,"4fa7b334-ce0d-4e88-aaae-2e0c138d049e","2671053096"
32.228905,-110.85622,1,"Tyrannidae","Pyrocephalus rubinus",2019,4,24,"4fa7b334-ce0d-4e88-aaae-2e0c138d049e","2672819118"
32.23121,-110.85236,2,"Picidae","Melanerpes uropygialis",2019,4,21,"4fa7b334-ce0d-4e88-aaae-2e0c138d049e","2742331624"
32.23121,-110.85236,6,"Columbidae","Zenaida asiatica",2019,4,21,"4fa7b334-ce0d-4e88-aaae-2e0c138d049e","2737505741"
32.23121,-110.85236,7,"Passeridae","Passer domesticus",2019,4,21,"4fa7b334-ce0d-4e88-aaae-2e0c138d049e","2732579836"
32.23121,-110.85236,1,"Mimidae","Mimus polyglottos",2019,4,21,"4fa7b334-ce0d-4e88-aaae-2e0c138d049e","2733363802"
32.23121,-110.85236,2,"Odontophoridae","Callipepla gambelii",2019,4,21,"4fa7b334-ce0d-4e88-aaae-2e0c138d049e","2742119550"
32.23121,-110.85236,11,"Columbidae","Zenaida macroura",2019,4,21,"4fa7b334-ce0d-4e88-aaae-2e0c138d049e","2746127504"
32.23121,-110.85236,2,"Fringillidae","Spinus psaltria",2019,4,21,"4fa7b334-ce0d-4e88-aaae-2e0c138d049e","2736139671"
32.23121,-110.85236,1,"Ptilogonatidae","Phainopepla nitens",2019,4,21,"4fa7b334-ce0d-4e88-aaae-2e0c138d049e","2746970631"
32.23121,-110.85236,1,"Remizidae","Auriparus flaviceps",2019,4,21,"4fa7b334-ce0d-4e88-aaae-2e0c138d049e","2748142531"
32.23121,-110.85236,1,"Troglodytidae","Campylorhynchus brunneicapillus",2019,4,21,"4fa7b334-ce0d-4e88-aaae-2e0c138d049e","2747823602"
32.228905,-110.85622,1,"Mimidae","Toxostoma curvirostre",2019,5,18,"4fa7b334-ce0d-4e88-aaae-2e0c138d049e","2678595837"
32.228905,-110.85622,4,"Columbidae","Zenaida asiatica",2019,5,18,"4fa7b334-ce0d-4e88-aaae-2e0c138d049e","2677411693"
32.228905,-110.85622,2,"Passeridae","Passer domesticus",2019,5,18,"4fa7b334-ce0d-4e88-aaae-2e0c138d049e","2694977684"
32.228905,-110.85622,4,"Columbidae","Zenaida macroura",2019,5,18,"4fa7b334-ce0d-4e88-aaae-2e0c138d049e","2693077781"
32.228905,-110.85622,2,"Picidae","Melanerpes uropygialis",2019,5,18,"4fa7b334-ce0d-4e88-aaae-2e0c138d049e","2687732770"
32.235546,-110.85779,1,"Picidae","Melanerpes uropygialis",2019,7,10,"4fa7b334-ce0d-4e88-aaae-2e0c138d049e","2687852884"
32.235546,-110.85779,1,"Columbidae","Zenaida macroura",2019,7,10,"4fa7b334-ce0d-4e88-aaae-2e0c138d049e","2685971871"
32.235546,-110.85779,2,"Columbidae","Zenaida asiatica",2019,7,10,"4fa7b334-ce0d-4e88-aaae-2e0c138d049e","2698026605"
32.228905,-110.85622,NA,"Picidae","Melanerpes uropygialis",2019,8,26,"4fa7b334-ce0d-4e88-aaae-2e0c138d049e","2775654158"
32.228905,-110.85622,NA,"Columbidae","Streptopelia decaocto",2019,8,26,"4fa7b334-ce0d-4e88-aaae-2e0c138d049e","2772931876"
32.228905,-110.85622,1,"Accipitridae","Accipiter cooperii",2019,8,26,"4fa7b334-ce0d-4e88-aaae-2e0c138d049e","2770730930"
32.228905,-110.85622,1,"Trochilidae","Calypte anna",2019,8,26,"4fa7b334-ce0d-4e88-aaae-2e0c138d049e","2771243113"
32.228905,-110.85622,NA,"Mimidae","Toxostoma curvirostre",2019,8,26,"4fa7b334-ce0d-4e88-aaae-2e0c138d049e","2770289902"
32.228905,-110.85622,NA,"Columbidae","Columba livia",2019,8,26,"4fa7b334-ce0d-4e88-aaae-2e0c138d049e","2774863088"
32.228905,-110.85622,1,"Emberizidae","Chondestes grammacus",2019,8,26,"4fa7b334-ce0d-4e88-aaae-2e0c138d049e","2772125082"
32.228905,-110.85622,NA,"Mimidae","Mimus polyglottos",2019,8,26,"4fa7b334-ce0d-4e88-aaae-2e0c138d049e","2777343051"
32.228905,-110.85622,NA,"Columbidae","Zenaida asiatica",2019,8,26,"4fa7b334-ce0d-4e88-aaae-2e0c138d049e","2779817086"
32.228905,-110.85622,NA,"Columbidae","Zenaida macroura",2019,8,26,"4fa7b334-ce0d-4e88-aaae-2e0c138d049e","2778674058"
32.228905,-110.85622,NA,"Cardinalidae","Cardinalis cardinalis",2019,8,26,"4fa7b334-ce0d-4e88-aaae-2e0c138d049e","2781578083"
32.228905,-110.85622,NA,"Remizidae","Auriparus flaviceps",2019,8,26,"4fa7b334-ce0d-4e88-aaae-2e0c138d049e","2785892988"
32.228905,-110.85622,NA,"Fringillidae","Spinus psaltria",2019,8,26,"4fa7b334-ce0d-4e88-aaae-2e0c138d049e","2793281994"
32.228905,-110.85622,3,"Tyrannidae","Pyrocephalus rubinus",2019,8,26,"4fa7b334-ce0d-4e88-aaae-2e0c138d049e","2793126910"
32.228905,-110.85622,2,"Cardinalidae","Cardinalis cardinalis",2019,9,25,"4fa7b334-ce0d-4e88-aaae-2e0c138d049e","2708874702"
32.228905,-110.85622,1,"Columbidae","Zenaida macroura",2019,9,25,"4fa7b334-ce0d-4e88-aaae-2e0c138d049e","2696120768"
32.228905,-110.85622,2,"Fringillidae","Haemorhous mexicanus",2019,9,25,"4fa7b334-ce0d-4e88-aaae-2e0c138d049e","2698095805"
32.228905,-110.85622,2,"Tyrannidae","Pyrocephalus rubinus",2019,9,25,"4fa7b334-ce0d-4e88-aaae-2e0c138d049e","2712011840"
32.228905,-110.85622,3,"Picidae","Melanerpes uropygialis",2019,9,25,"4fa7b334-ce0d-4e88-aaae-2e0c138d049e","2707438893"
32.228905,-110.85622,1,"Accipitridae","Buteo jamaicensis",2019,9,25,"4fa7b334-ce0d-4e88-aaae-2e0c138d049e","2701698818"
32.228905,-110.85622,1,"Picidae","Melanerpes uropygialis",2019,11,13,"4fa7b334-ce0d-4e88-aaae-2e0c138d049e","2799404484"
32.228905,-110.85622,3,"Columbidae","Columba livia",2019,11,13,"4fa7b334-ce0d-4e88-aaae-2e0c138d049e","2790883378"
32.228905,-110.85622,2,"Strigidae","Bubo virginianus",2019,11,13,"4fa7b334-ce0d-4e88-aaae-2e0c138d049e","2795480344"
32.228905,-110.85622,1,"Tyrannidae","Pyrocephalus rubinus",2019,11,14,"4fa7b334-ce0d-4e88-aaae-2e0c138d049e","2785741564"
32.228905,-110.85622,2,"Accipitridae","Parabuteo unicinctus",2019,11,14,"4fa7b334-ce0d-4e88-aaae-2e0c138d049e","2783575559"
32.228905,-110.85622,3,"Passeridae","Passer domesticus",2019,11,14,"4fa7b334-ce0d-4e88-aaae-2e0c138d049e","2784309760"
32.228905,-110.85622,3,"Picidae","Melanerpes uropygialis",2019,11,14,"4fa7b334-ce0d-4e88-aaae-2e0c138d049e","2783474466"
32.228905,-110.85622,2,"Columbidae","Zenaida macroura",2019,11,14,"4fa7b334-ce0d-4e88-aaae-2e0c138d049e","2787437713"
32.235233,-110.856895,1,"Falconidae","Falco peregrinus",2019,12,7,"4fa7b334-ce0d-4e88-aaae-2e0c138d049e","2791480798"
32.235233,-110.856895,1,"Falconidae","Falco peregrinus",2019,12,7,"4fa7b334-ce0d-4e88-aaae-2e0c138d049e","2712090477"
32.228905,-110.85622,1,"Accipitridae","Parabuteo unicinctus",2018,1,24,"4fa7b334-ce0d-4e88-aaae-2e0c138d049e","2132141748"
32.228905,-110.85622,1,"Picidae","Melanerpes uropygialis",2018,2,19,"4fa7b334-ce0d-4e88-aaae-2e0c138d049e","2115559808"
32.228905,-110.85622,6,"Columbidae","Zenaida macroura",2018,2,19,"4fa7b334-ce0d-4e88-aaae-2e0c138d049e","2129364853"
32.228905,-110.85622,1,"Picidae","Melanerpes formicivorus",2018,3,1,"4fa7b334-ce0d-4e88-aaae-2e0c138d049e","2132012593"
32.228905,-110.85622,1,"Trochilidae","Calypte anna",2018,3,1,"4fa7b334-ce0d-4e88-aaae-2e0c138d049e","2135448167"
32.228905,-110.85622,2,"Polioptilidae","Polioptila melanura",2018,3,1,"4fa7b334-ce0d-4e88-aaae-2e0c138d049e","2131999719"
32.228905,-110.85622,15,"Columbidae","Zenaida macroura",2018,3,1,"4fa7b334-ce0d-4e88-aaae-2e0c138d049e","2118254470"
32.228905,-110.85622,1,"Odontophoridae","Callipepla gambelii",2018,3,1,"4fa7b334-ce0d-4e88-aaae-2e0c138d049e","2143369295"
32.228905,-110.85622,1,"Picidae","Melanerpes uropygialis",2018,3,1,"4fa7b334-ce0d-4e88-aaae-2e0c138d049e","2132023313"
32.228905,-110.85622,1,"Accipitridae","Parabuteo unicinctus",2018,3,1,"4fa7b334-ce0d-4e88-aaae-2e0c138d049e","2132036227"
32.228905,-110.85622,1,"Mimidae","Mimus polyglottos",2018,3,1,"4fa7b334-ce0d-4e88-aaae-2e0c138d049e","2118247035"
32.228905,-110.85622,1,"Regulidae","Regulus calendula",2018,3,1,"4fa7b334-ce0d-4e88-aaae-2e0c138d049e","2118253890"
32.228905,-110.85622,1,"Accipitridae","Parabuteo unicinctus",2018,3,3,"4fa7b334-ce0d-4e88-aaae-2e0c138d049e","2135792430"
32.228905,-110.85622,8,"Columbidae","Columba livia",2018,3,3,"4fa7b334-ce0d-4e88-aaae-2e0c138d049e","2132303437"
32.228905,-110.85622,1,"Parulidae","Leiothlypis celata",2018,3,3,"4fa7b334-ce0d-4e88-aaae-2e0c138d049e","2118712470"
32.228905,-110.85622,1,"Polioptilidae","Polioptila melanura",2018,3,3,"4fa7b334-ce0d-4e88-aaae-2e0c138d049e","2135784591"
32.228905,-110.85622,1,"Picidae","Melanerpes formicivorus",2018,3,3,"4fa7b334-ce0d-4e88-aaae-2e0c138d049e","2132294185"
32.228905,-110.85622,2,"Fringillidae","Spinus psaltria",2018,3,3,"4fa7b334-ce0d-4e88-aaae-2e0c138d049e","2118693781"
32.228905,-110.85622,1,"Troglodytidae","Campylorhynchus brunneicapillus",2018,3,3,"4fa7b334-ce0d-4e88-aaae-2e0c138d049e","2132311302"
32.228905,-110.85622,5,"Picidae","Melanerpes uropygialis",2018,3,3,"4fa7b334-ce0d-4e88-aaae-2e0c138d049e","2135799581"
32.228905,-110.85622,3,"Parulidae","Setophaga coronata",2018,3,3,"4fa7b334-ce0d-4e88-aaae-2e0c138d049e","2143746688"
32.228905,-110.85622,1,"Accipitridae","Accipiter striatus",2018,3,3,"4fa7b334-ce0d-4e88-aaae-2e0c138d049e","2135782595"
32.228905,-110.85622,9,"Fringillidae","Haemorhous mexicanus",2018,3,3,"4fa7b334-ce0d-4e88-aaae-2e0c138d049e","2132309916"
32.228905,-110.85622,3,"Corvidae","Corvus corax",2018,3,3,"4fa7b334-ce0d-4e88-aaae-2e0c138d049e","2135797079"
32.228905,-110.85622,1,"Columbidae","Zenaida asiatica",2018,3,3,"4fa7b334-ce0d-4e88-aaae-2e0c138d049e","2132310834"
32.228905,-110.85622,1,"Remizidae","Auriparus flaviceps",2018,3,3,"4fa7b334-ce0d-4e88-aaae-2e0c138d049e","2118701450"
32.228905,-110.85622,4,"Odontophoridae","Callipepla gambelii",2018,3,3,"4fa7b334-ce0d-4e88-aaae-2e0c138d049e","2135799571"
32.228905,-110.85622,19,"Columbidae","Zenaida macroura",2018,3,3,"4fa7b334-ce0d-4e88-aaae-2e0c138d049e","2132304010"
32.228905,-110.85622,4,"Mimidae","Mimus polyglottos",2018,3,3,"4fa7b334-ce0d-4e88-aaae-2e0c138d049e","2143734430"
32.228905,-110.85622,3,"Ptilogonatidae","Phainopepla nitens",2018,3,3,"4fa7b334-ce0d-4e88-aaae-2e0c138d049e","2132314352"
32.228905,-110.85622,1,"Emberizidae","Melozone aberti",2018,3,3,"4fa7b334-ce0d-4e88-aaae-2e0c138d049e","2118696948"
32.228905,-110.85622,1,"Mimidae","Toxostoma curvirostre",2018,3,3,"4fa7b334-ce0d-4e88-aaae-2e0c138d049e","2135799560"
32.228905,-110.85622,5,"Passeridae","Passer domesticus",2018,3,3,"4fa7b334-ce0d-4e88-aaae-2e0c138d049e","2135785380"
32.228905,-110.85622,2,"Trochilidae","Calypte anna",2018,3,3,"4fa7b334-ce0d-4e88-aaae-2e0c138d049e","2132304505"
32.228905,-110.85622,1,"Accipitridae","Parabuteo unicinctus",2018,3,3,"4fa7b334-ce0d-4e88-aaae-2e0c138d049e","2135790448"
32.228905,-110.85622,8,"Columbidae","Columba livia",2018,3,3,"4fa7b334-ce0d-4e88-aaae-2e0c138d049e","2135785527"
32.228905,-110.85622,1,"Parulidae","Leiothlypis celata",2018,3,3,"4fa7b334-ce0d-4e88-aaae-2e0c138d049e","2132299906"
32.228905,-110.85622,1,"Polioptilidae","Polioptila melanura",2018,3,3,"4fa7b334-ce0d-4e88-aaae-2e0c138d049e","2118704923"
32.228905,-110.85622,1,"Picidae","Melanerpes formicivorus",2018,3,3,"4fa7b334-ce0d-4e88-aaae-2e0c138d049e","2135791591"
32.228905,-110.85622,2,"Fringillidae","Spinus psaltria",2018,3,3,"4fa7b334-ce0d-4e88-aaae-2e0c138d049e","2118692004"
32.228905,-110.85622,1,"Troglodytidae","Campylorhynchus brunneicapillus",2018,3,3,"4fa7b334-ce0d-4e88-aaae-2e0c138d049e","2143753582"
32.228905,-110.85622,5,"Picidae","Melanerpes uropygialis",2018,3,3,"4fa7b334-ce0d-4e88-aaae-2e0c138d049e","2118706798"
32.228905,-110.85622,3,"Parulidae","Setophaga coronata",2018,3,3,"4fa7b334-ce0d-4e88-aaae-2e0c138d049e","2118699060"
32.228905,-110.85622,1,"Accipitridae","Accipiter striatus",2018,3,3,"4fa7b334-ce0d-4e88-aaae-2e0c138d049e","2118692016"
32.228905,-110.85622,9,"Fringillidae","Haemorhous mexicanus",2018,3,3,"4fa7b334-ce0d-4e88-aaae-2e0c138d049e","2118694361"
32.228905,-110.85622,3,"Corvidae","Corvus corax",2018,3,3,"4fa7b334-ce0d-4e88-aaae-2e0c138d049e","2118703306"
32.228905,-110.85622,1,"Columbidae","Zenaida asiatica",2018,3,3,"4fa7b334-ce0d-4e88-aaae-2e0c138d049e","2132302608"
32.228905,-110.85622,1,"Remizidae","Auriparus flaviceps",2018,3,3,"4fa7b334-ce0d-4e88-aaae-2e0c138d049e","2143747327"
32.228905,-110.85622,4,"Odontophoridae","Callipepla gambelii",2018,3,3,"4fa7b334-ce0d-4e88-aaae-2e0c138d049e","2132316686"
32.228905,-110.85622,19,"Columbidae","Zenaida macroura",2018,3,3,"4fa7b334-ce0d-4e88-aaae-2e0c138d049e","2132301214"
32.228905,-110.85622,4,"Mimidae","Mimus polyglottos",2018,3,3,"4fa7b334-ce0d-4e88-aaae-2e0c138d049e","2132307901"
32.228905,-110.85622,3,"Ptilogonatidae","Phainopepla nitens",2018,3,3,"4fa7b334-ce0d-4e88-aaae-2e0c138d049e","2135791109"
32.228905,-110.85622,1,"Emberizidae","Melozone aberti",2018,3,3,"4fa7b334-ce0d-4e88-aaae-2e0c138d049e","2118708838"
32.228905,-110.85622,1,"Mimidae","Toxostoma curvirostre",2018,3,3,"4fa7b334-ce0d-4e88-aaae-2e0c138d049e","2118706791"
32.228905,-110.85622,5,"Passeridae","Passer domesticus",2018,3,3,"4fa7b334-ce0d-4e88-aaae-2e0c138d049e","2118700856"
32.228905,-110.85622,2,"Trochilidae","Calypte anna",2018,3,3,"4fa7b334-ce0d-4e88-aaae-2e0c138d049e","2135788505"
32.228905,-110.85622,3,"Picidae","Melanerpes uropygialis",2018,3,5,"4fa7b334-ce0d-4e88-aaae-2e0c138d049e","2136602572"
32.228905,-110.85622,1,"Mimidae","Mimus polyglottos",2018,3,5,"4fa7b334-ce0d-4e88-aaae-2e0c138d049e","2144349114"
32.228905,-110.85622,1,"Fringillidae","Haemorhous mexicanus",2018,3,5,"4fa7b334-ce0d-4e88-aaae-2e0c138d049e","2144358287"
32.228905,-110.85622,3,"Columbidae","Zenaida macroura",2018,3,5,"4fa7b334-ce0d-4e88-aaae-2e0c138d049e","2119562190"
32.228905,-110.85622,2,"Fringillidae","Haemorhous mexicanus",2018,3,6,"4fa7b334-ce0d-4e88-aaae-2e0c138d049e","2119792011"
32.228905,-110.85622,1,"Picidae","Melanerpes uropygialis",2018,3,6,"4fa7b334-ce0d-4e88-aaae-2e0c138d049e","2144597709"
32.228905,-110.85622,1,"Accipitridae","Parabuteo unicinctus",2018,3,6,"4fa7b334-ce0d-4e88-aaae-2e0c138d049e","2133040705"
32.228905,-110.85622,7,"Columbidae","Zenaida macroura",2018,3,6,"4fa7b334-ce0d-4e88-aaae-2e0c138d049e","2144584173"
32.228905,-110.85622,2,"Picidae","Melanerpes uropygialis",2018,3,13,"4fa7b334-ce0d-4e88-aaae-2e0c138d049e","2121853404"
32.228905,-110.85622,1,"Picidae","Melanerpes formicivorus",2018,3,13,"4fa7b334-ce0d-4e88-aaae-2e0c138d049e","2139097242"
32.228905,-110.85622,1,"Mimidae","Toxostoma curvirostre",2018,3,13,"4fa7b334-ce0d-4e88-aaae-2e0c138d049e","2134818291"
32.228905,-110.85622,4,"Fringillidae","Haemorhous mexicanus",2018,3,13,"4fa7b334-ce0d-4e88-aaae-2e0c138d049e","2146284777"
32.228905,-110.85622,5,"Columbidae","Zenaida macroura",2018,3,13,"4fa7b334-ce0d-4e88-aaae-2e0c138d049e","2146283135"
32.228905,-110.85622,1,"Odontophoridae","Callipepla gambelii",2018,3,13,"4fa7b334-ce0d-4e88-aaae-2e0c138d049e","2146283609"
32.228905,-110.85622,2,"Columbidae","Streptopelia decaocto",2018,3,31,"4fa7b334-ce0d-4e88-aaae-2e0c138d049e","2152492924"
32.228905,-110.85622,5,"Fringillidae","Haemorhous mexicanus",2018,3,31,"4fa7b334-ce0d-4e88-aaae-2e0c138d049e","2128030362"
32.228905,-110.85622,1,"Accipitridae","Parabuteo unicinctus",2018,3,31,"4fa7b334-ce0d-4e88-aaae-2e0c138d049e","2140613384"
32.228905,-110.85622,1,"Odontophoridae","Callipepla gambelii",2018,3,31,"4fa7b334-ce0d-4e88-aaae-2e0c138d049e","2144481043"
32.228905,-110.85622,1,"Tyrannidae","Pyrocephalus rubinus",2018,3,31,"4fa7b334-ce0d-4e88-aaae-2e0c138d049e","2128065637"
32.228905,-110.85622,1,"Parulidae","Setophaga coronata",2018,3,31,"4fa7b334-ce0d-4e88-aaae-2e0c138d049e","2144464040"
32.228905,-110.85622,2,"Columbidae","Zenaida asiatica",2018,3,31,"4fa7b334-ce0d-4e88-aaae-2e0c138d049e","2144471066"
32.228905,-110.85622,1,"Picidae","Melanerpes uropygialis",2018,3,31,"4fa7b334-ce0d-4e88-aaae-2e0c138d049e","2144458452"
32.228905,-110.85622,2,"Mimidae","Mimus polyglottos",2018,3,31,"4fa7b334-ce0d-4e88-aaae-2e0c138d049e","2128073005"
32.228905,-110.85622,1,"Ptilogonatidae","Phainopepla nitens",2018,3,31,"4fa7b334-ce0d-4e88-aaae-2e0c138d049e","2144464202"
32.228905,-110.85622,1,"Parulidae","Leiothlypis luciae",2018,3,31,"4fa7b334-ce0d-4e88-aaae-2e0c138d049e","2152429576"
32.228905,-110.85622,10,"Columbidae","Zenaida macroura",2018,3,31,"4fa7b334-ce0d-4e88-aaae-2e0c138d049e","2128053495"
32.228905,-110.85622,2,"Columbidae","Columba livia",2018,3,31,"4fa7b334-ce0d-4e88-aaae-2e0c138d049e","2152434781"
32.228905,-110.85622,2,"Accipitridae","Accipiter cooperii",2018,3,31,"4fa7b334-ce0d-4e88-aaae-2e0c138d049e","2140606701"
32.228905,-110.85622,1,"Mimidae","Toxostoma curvirostre",2018,3,31,"4fa7b334-ce0d-4e88-aaae-2e0c138d049e","2144470213"
32.228905,-110.85622,1,"Corvidae","Corvus corax",2018,3,31,"4fa7b334-ce0d-4e88-aaae-2e0c138d049e","2128035391"
32.228905,-110.85622,1,"Fringillidae","Spinus psaltria",2018,3,31,"4fa7b334-ce0d-4e88-aaae-2e0c138d049e","2152449640"
32.228905,-110.85622,2,"Picidae","Melanerpes uropygialis",2018,4,23,"4fa7b334-ce0d-4e88-aaae-2e0c138d049e","2138272010"
32.228905,-110.85622,4,"Columbidae","Zenaida asiatica",2018,4,23,"4fa7b334-ce0d-4e88-aaae-2e0c138d049e","2150666890"
32.228905,-110.85622,4,"Passeridae","Passer domesticus",2018,4,23,"4fa7b334-ce0d-4e88-aaae-2e0c138d049e","2154547998"
32.228905,-110.85622,1,"Columbidae","Zenaida macroura",2018,4,23,"4fa7b334-ce0d-4e88-aaae-2e0c138d049e","2138268959"
32.228905,-110.85622,37,"Columbidae","Zenaida macroura",2018,4,28,"4fa7b334-ce0d-4e88-aaae-2e0c138d049e","2156506295"
32.228905,-110.85622,1,"Parulidae","Leiothlypis luciae",2018,4,28,"4fa7b334-ce0d-4e88-aaae-2e0c138d049e","2164476395"
32.228905,-110.85622,2,"Picidae","Melanerpes uropygialis",2018,4,28,"4fa7b334-ce0d-4e88-aaae-2e0c138d049e","2156513962"
32.228905,-110.85622,1,"Picidae","Dryobates scalaris",2018,4,28,"4fa7b334-ce0d-4e88-aaae-2e0c138d049e","2152865085"
32.228905,-110.85622,2,"Mimidae","Toxostoma curvirostre",2018,4,28,"4fa7b334-ce0d-4e88-aaae-2e0c138d049e","2164473163"
32.228905,-110.85622,5,"Sturnidae","Sturnus vulgaris",2018,4,28,"4fa7b334-ce0d-4e88-aaae-2e0c138d049e","2156539914"
32.228905,-110.85622,1,"Tyrannidae","Tyrannus vociferans",2018,4,28,"4fa7b334-ce0d-4e88-aaae-2e0c138d049e","2140610115"
32.228905,-110.85622,2,"Ptilogonatidae","Phainopepla nitens",2018,4,28,"4fa7b334-ce0d-4e88-aaae-2e0c138d049e","2164476168"
32.228905,-110.85622,1,"Icteridae","Icterus cucullatus",2018,4,28,"4fa7b334-ce0d-4e88-aaae-2e0c138d049e","2164551761"
32.228905,-110.85622,5,"Emberizidae","Chondestes grammacus",2018,4,28,"4fa7b334-ce0d-4e88-aaae-2e0c138d049e","2156535520"
32.228905,-110.85622,5,"Columbidae","Zenaida asiatica",2018,4,28,"4fa7b334-ce0d-4e88-aaae-2e0c138d049e","2156516250"
32.228905,-110.85622,2,"Mimidae","Mimus polyglottos",2018,4,28,"4fa7b334-ce0d-4e88-aaae-2e0c138d049e","2164478633"
32.228905,-110.85622,2,"Odontophoridae","Callipepla gambelii",2018,4,28,"4fa7b334-ce0d-4e88-aaae-2e0c138d049e","2164476513"
32.228905,-110.85622,1,"Fringillidae","Haemorhous mexicanus",2018,4,28,"4fa7b334-ce0d-4e88-aaae-2e0c138d049e","2140611292"
32.228905,-110.85622,6,"Tyrannidae","Pyrocephalus rubinus",2018,4,28,"4fa7b334-ce0d-4e88-aaae-2e0c138d049e","2164478289"
32.228905,-110.85622,7,"Passeridae","Passer domesticus",2018,4,28,"4fa7b334-ce0d-4e88-aaae-2e0c138d049e","2152850714"
32.228905,-110.85622,1,"Picidae","Melanerpes formicivorus",2018,4,25,"4fa7b334-ce0d-4e88-aaae-2e0c138d049e","2142898570"
32.228905,-110.85622,2,"Picidae","Melanerpes uropygialis",2018,10,21,"4fa7b334-ce0d-4e88-aaae-2e0c138d049e","2221430447"
32.228905,-110.85622,1,"Tyrannidae","Pyrocephalus rubinus",2018,10,21,"4fa7b334-ce0d-4e88-aaae-2e0c138d049e","2196703778"
32.228905,-110.85622,1,"Parulidae","Setophaga coronata",2018,10,21,"4fa7b334-ce0d-4e88-aaae-2e0c138d049e","2212036798"
32.228905,-110.85622,1,"Columbidae","Zenaida macroura",2018,10,21,"4fa7b334-ce0d-4e88-aaae-2e0c138d049e","2208824892"
32.228905,-110.85622,5,"Passeridae","Passer domesticus",2018,10,21,"4fa7b334-ce0d-4e88-aaae-2e0c138d049e","2208809054"
32.228905,-110.85622,3,"Fringillidae","Haemorhous mexicanus",2018,10,21,"4fa7b334-ce0d-4e88-aaae-2e0c138d049e","2208807570"
32.228905,-110.85622,2,"Mimidae","Mimus polyglottos",2018,10,21,"4fa7b334-ce0d-4e88-aaae-2e0c138d049e","2208819249"
32.228905,-110.85622,2,"Accipitridae","Parabuteo unicinctus",2018,10,21,"4fa7b334-ce0d-4e88-aaae-2e0c138d049e","2208807612"
32.228905,-110.85622,1,"Accipitridae","Accipiter cooperii",2018,10,21,"4fa7b334-ce0d-4e88-aaae-2e0c138d049e","2208826940"
32.228905,-110.85622,1,"Remizidae","Auriparus flaviceps",2018,10,21,"4fa7b334-ce0d-4e88-aaae-2e0c138d049e","2221425309"
32.228905,-110.85622,1,"Emberizidae","Melozone aberti",2018,10,21,"4fa7b334-ce0d-4e88-aaae-2e0c138d049e","2212016486"
32.228905,-110.85622,2,"Mimidae","Toxostoma curvirostre",2018,10,21,"4fa7b334-ce0d-4e88-aaae-2e0c138d049e","2196694919"
32.228905,-110.85622,12,"Columbidae","Columba livia",2018,12,22,"4fa7b334-ce0d-4e88-aaae-2e0c138d049e","2232463324"
32.228905,-110.85622,2,"Regulidae","Regulus calendula",2018,12,22,"4fa7b334-ce0d-4e88-aaae-2e0c138d049e","2214285892"
32.228905,-110.85622,2,"Emberizidae","Zonotrichia leucophrys",2018,12,22,"4fa7b334-ce0d-4e88-aaae-2e0c138d049e","2224506396"
32.228905,-110.85622,1,"Cardinalidae","Cardinalis cardinalis",2018,12,22,"4fa7b334-ce0d-4e88-aaae-2e0c138d049e","2232463194"
32.228905,-110.85622,1,"Tyrannidae","Pyrocephalus rubinus",2018,12,22,"4fa7b334-ce0d-4e88-aaae-2e0c138d049e","2224506060"
32.228905,-110.85622,8,"Passeridae","Passer domesticus",2018,12,22,"4fa7b334-ce0d-4e88-aaae-2e0c138d049e","2224502778"
32.228905,-110.85622,12,"Fringillidae","Haemorhous mexicanus",2018,12,22,"4fa7b334-ce0d-4e88-aaae-2e0c138d049e","2227431852"
32.228905,-110.85622,1,"Trochilidae","Calypte anna",2018,12,22,"4fa7b334-ce0d-4e88-aaae-2e0c138d049e","2232463351"
32.228905,-110.85622,7,"Picidae","Melanerpes uropygialis",2018,12,22,"4fa7b334-ce0d-4e88-aaae-2e0c138d049e","2214297983"
32.228905,-110.85622,4,"Parulidae","Setophaga coronata",2018,12,22,"4fa7b334-ce0d-4e88-aaae-2e0c138d049e","2232463195"
32.228905,-110.85622,2,"Remizidae","Auriparus flaviceps",2018,12,22,"4fa7b334-ce0d-4e88-aaae-2e0c138d049e","2232463501"
32.228905,-110.85622,13,"Odontophoridae","Callipepla gambelii",2018,12,22,"4fa7b334-ce0d-4e88-aaae-2e0c138d049e","2224500376"
32.228905,-110.85622,30,"Columbidae","Zenaida macroura",2018,12,22,"4fa7b334-ce0d-4e88-aaae-2e0c138d049e","2227439494"
32.228905,-110.85622,1,"Corvidae","Corvus corax",2018,12,22,"4fa7b334-ce0d-4e88-aaae-2e0c138d049e","2232463328"
32.228905,-110.85622,2,"Emberizidae","Melozone aberti",2018,12,22,"4fa7b334-ce0d-4e88-aaae-2e0c138d049e","2214295784"
32.235672,-110.85789,1,"Falconidae","Falco peregrinus",2018,12,28,"4fa7b334-ce0d-4e88-aaae-2e0c138d049e","2232905988"
32.228905,-110.85622,2,"Accipitridae","Parabuteo unicinctus",2017,1,6,"4fa7b334-ce0d-4e88-aaae-2e0c138d049e","2032275417"
32.228905,-110.85622,1,"Accipitridae","Accipiter cooperii",2017,1,6,"4fa7b334-ce0d-4e88-aaae-2e0c138d049e","2032279084"
32.228905,-110.85622,1,"Strigidae","Bubo virginianus",2017,1,6,"4fa7b334-ce0d-4e88-aaae-2e0c138d049e","2032279097"
32.235672,-110.85789,3,"Columbidae","Columba livia",2017,1,13,"4fa7b334-ce0d-4e88-aaae-2e0c138d049e","2037750491"
32.235672,-110.85789,1,"Remizidae","Auriparus flaviceps",2017,1,13,"4fa7b334-ce0d-4e88-aaae-2e0c138d049e","2032978178"
32.235672,-110.85789,3,"Fringillidae","Haemorhous mexicanus",2017,1,13,"4fa7b334-ce0d-4e88-aaae-2e0c138d049e","2030085584"
32.235672,-110.85789,6,"Columbidae","Zenaida macroura",2017,1,13,"4fa7b334-ce0d-4e88-aaae-2e0c138d049e","2034120813"
32.235672,-110.85789,2,"Phalacrocoracidae","Phalacrocorax brasilianus",2017,1,13,"4fa7b334-ce0d-4e88-aaae-2e0c138d049e","2030086442"
32.228905,-110.85622,1,"Parulidae","Setophaga nigrescens",2017,1,27,"4fa7b334-ce0d-4e88-aaae-2e0c138d049e","2041428489"
32.228905,-110.85622,2,"Accipitridae","Parabuteo unicinctus",2017,2,1,"4fa7b334-ce0d-4e88-aaae-2e0c138d049e","2042380273"
32.228905,-110.85622,1,"Icteridae","Quiscalus mexicanus",2017,2,1,"4fa7b334-ce0d-4e88-aaae-2e0c138d049e","2031068674"
32.235527,-110.85784,3,"Phalacrocoracidae","Phalacrocorax brasilianus",2017,2,17,"4fa7b334-ce0d-4e88-aaae-2e0c138d049e","2044709419"
32.228905,-110.85622,1,"Accipitridae","Parabuteo unicinctus",2017,2,27,"4fa7b334-ce0d-4e88-aaae-2e0c138d049e","2034355026"
32.228905,-110.85622,8,"Columbidae","Zenaida macroura",2017,2,27,"4fa7b334-ce0d-4e88-aaae-2e0c138d049e","2043744905"
32.228905,-110.85622,1,"Picidae","Melanerpes uropygialis",2017,2,27,"4fa7b334-ce0d-4e88-aaae-2e0c138d049e","2048938687"
32.228905,-110.85622,1,"Icteridae","Quiscalus mexicanus",2017,3,17,"4fa7b334-ce0d-4e88-aaae-2e0c138d049e","2047762217"
32.228905,-110.85622,1,"Mimidae","Mimus polyglottos",2017,3,17,"4fa7b334-ce0d-4e88-aaae-2e0c138d049e","2047761371"
32.228905,-110.85622,6,"Fringillidae","Haemorhous mexicanus",2017,3,17,"4fa7b334-ce0d-4e88-aaae-2e0c138d049e","2052898063"
32.228905,-110.85622,1,"Picidae","Melanerpes uropygialis",2017,3,17,"4fa7b334-ce0d-4e88-aaae-2e0c138d049e","2047762415"
32.228905,-110.85622,1,"Accipitridae","Accipiter cooperii",2017,3,17,"4fa7b334-ce0d-4e88-aaae-2e0c138d049e","2046570628"
32.228905,-110.85622,25,"Columbidae","Zenaida macroura",2017,3,17,"4fa7b334-ce0d-4e88-aaae-2e0c138d049e","2047762417"
32.228905,-110.85622,1,"Parulidae","Leiothlypis luciae",2017,3,17,"4fa7b334-ce0d-4e88-aaae-2e0c138d049e","2052894673"
32.228905,-110.85622,2,"Emberizidae","Melozone aberti",2017,3,18,"4fa7b334-ce0d-4e88-aaae-2e0c138d049e","2053005914"
32.228905,-110.85622,1,"Parulidae","Leiothlypis luciae",2017,3,18,"4fa7b334-ce0d-4e88-aaae-2e0c138d049e","2037868864"
32.228905,-110.85622,1,"Accipitridae","Accipiter cooperii",2017,3,18,"4fa7b334-ce0d-4e88-aaae-2e0c138d049e","2046650700"
32.228905,-110.85622,1,"Remizidae","Auriparus flaviceps",2017,3,18,"4fa7b334-ce0d-4e88-aaae-2e0c138d049e","2053008919"
32.228905,-110.85622,1,"Strigidae","Bubo virginianus",2017,3,18,"4fa7b334-ce0d-4e88-aaae-2e0c138d049e","2046680174"
32.228905,-110.85622,1,"Tyrannidae","Pyrocephalus rubinus",2017,3,18,"4fa7b334-ce0d-4e88-aaae-2e0c138d049e","2046653573"
32.228905,-110.85622,3,"Odontophoridae","Callipepla gambelii",2017,3,18,"4fa7b334-ce0d-4e88-aaae-2e0c138d049e","2052990840"
32.228905,-110.85622,1,"Columbidae","Zenaida asiatica",2017,3,18,"4fa7b334-ce0d-4e88-aaae-2e0c138d049e","2047859193"
32.228905,-110.85622,12,"Icteridae","Euphagus cyanocephalus",2017,3,18,"4fa7b334-ce0d-4e88-aaae-2e0c138d049e","2037880816"
32.235672,-110.85789,1,"Fringillidae","Haemorhous mexicanus",2017,4,13,"4fa7b334-ce0d-4e88-aaae-2e0c138d049e","2060208484"
32.235672,-110.85789,1,"Fringillidae","Haemorhous mexicanus",2017,4,13,"4fa7b334-ce0d-4e88-aaae-2e0c138d049e","2060211437"
32.228905,-110.85622,1,"Cardinalidae","Pheucticus melanocephalus",2017,5,1,"4fa7b334-ce0d-4e88-aaae-2e0c138d049e","2060335512"
32.228905,-110.85622,1,"Tyrannidae","Tyrannus verticalis",2017,5,12,"4fa7b334-ce0d-4e88-aaae-2e0c138d049e","2064579121"
32.228905,-110.85622,2,"Mimidae","Mimus polyglottos",2017,5,12,"4fa7b334-ce0d-4e88-aaae-2e0c138d049e","2070665068"
32.228905,-110.85622,1,"Parulidae","Leiothlypis luciae",2017,5,12,"4fa7b334-ce0d-4e88-aaae-2e0c138d049e","2052569838"
32.228905,-110.85622,1,"Emberizidae","Melozone aberti",2017,5,12,"4fa7b334-ce0d-4e88-aaae-2e0c138d049e","2070678170"
32.228905,-110.85622,30,"Columbidae","Zenaida macroura",2017,5,12,"4fa7b334-ce0d-4e88-aaae-2e0c138d049e","2052572643"
32.228905,-110.85622,1,"Accipitridae","Parabuteo unicinctus",2017,5,12,"4fa7b334-ce0d-4e88-aaae-2e0c138d049e","2052566922"
32.228905,-110.85622,1,"Falconidae","Falco mexicanus",2017,5,12,"4fa7b334-ce0d-4e88-aaae-2e0c138d049e","2064581673"
32.235672,-110.85789,25,"Columbidae","Columba livia",2017,9,18,"4fa7b334-ce0d-4e88-aaae-2e0c138d049e","2099590192"
32.235672,-110.85789,1,"Falconidae","Falco peregrinus",2017,9,18,"4fa7b334-ce0d-4e88-aaae-2e0c138d049e","2092789591"
32.235672,-110.85789,25,"Columbidae","Columba livia",2017,9,18,"4fa7b334-ce0d-4e88-aaae-2e0c138d049e","2081330334"
32.235672,-110.85789,1,"Falconidae","Falco peregrinus",2017,9,18,"4fa7b334-ce0d-4e88-aaae-2e0c138d049e","2093238155"
32.228905,-110.85622,2,"Accipitridae","Parabuteo unicinctus",2017,10,27,"4fa7b334-ce0d-4e88-aaae-2e0c138d049e","2100875599"
32.228905,-110.85622,1,"Accipitridae","Parabuteo unicinctus",2017,11,4,"4fa7b334-ce0d-4e88-aaae-2e0c138d049e","2090922601"
