"decimalLatitude","decimalLongitude","individualCount","family","species","year","month","day","datasetKey","datasetName","gbifID"
32.257347,-110.837875,1,"Picidae","Dryobates scalaris",2021,2,14,"4fa7b334-ce0d-4e88-aaae-2e0c138d049e",NA,"3590277242"
32.257347,-110.837875,1,"Trochilidae","Cynanthus latirostris",2021,2,14,"4fa7b334-ce0d-4e88-aaae-2e0c138d049e",NA,"3590804611"
32.257347,-110.837875,5,"Columbidae","Zenaida macroura",2021,2,14,"4fa7b334-ce0d-4e88-aaae-2e0c138d049e",NA,"3590580574"
32.257347,-110.837875,20,"Parulidae","Setophaga coronata",2021,2,14,"4fa7b334-ce0d-4e88-aaae-2e0c138d049e",NA,"3587198804"
32.257347,-110.837875,1,"Trochilidae","Calypte anna",2021,2,14,"4fa7b334-ce0d-4e88-aaae-2e0c138d049e",NA,"3587571637"
32.257347,-110.837875,2,"Emberizidae","Zonotrichia leucophrys",2021,2,14,"4fa7b334-ce0d-4e88-aaae-2e0c138d049e",NA,"3587296078"
32.257347,-110.837875,2,"Fringillidae","Haemorhous mexicanus",2021,2,14,"4fa7b334-ce0d-4e88-aaae-2e0c138d049e",NA,"3588347928"
32.257347,-110.837875,4,"Picidae","Melanerpes uropygialis",2021,2,14,"4fa7b334-ce0d-4e88-aaae-2e0c138d049e",NA,"3588597832"
32.257347,-110.837875,1,"Tyrannidae","Pyrocephalus rubinus",2021,2,14,"4fa7b334-ce0d-4e88-aaae-2e0c138d049e",NA,"3589206609"
32.257347,-110.837875,3,"Passeridae","Passer domesticus",2021,2,14,"4fa7b334-ce0d-4e88-aaae-2e0c138d049e",NA,"3615987491"
32.257347,-110.837875,1,"Accipitridae","Accipiter cooperii",2021,2,14,"4fa7b334-ce0d-4e88-aaae-2e0c138d049e",NA,"3591709328"
32.257347,-110.837875,2,"Fringillidae","Spinus psaltria",2021,2,14,"4fa7b334-ce0d-4e88-aaae-2e0c138d049e",NA,"3595473801"
32.257347,-110.837875,2,"Strigidae","Megascops kennicottii",2021,2,14,"4fa7b334-ce0d-4e88-aaae-2e0c138d049e",NA,"3597158000"
32.257347,-110.837875,1,"Accipitridae","Buteo jamaicensis",2021,2,14,"4fa7b334-ce0d-4e88-aaae-2e0c138d049e",NA,"3587805375"
32.257347,-110.837875,1,"Corvidae","Corvus corax",2021,2,14,"4fa7b334-ce0d-4e88-aaae-2e0c138d049e",NA,"3587644723"
32.257347,-110.837875,1,"Regulidae","Regulus calendula",2021,2,14,"4fa7b334-ce0d-4e88-aaae-2e0c138d049e",NA,"3588257669"
32.257347,-110.837875,2,"Remizidae","Auriparus flaviceps",2021,2,14,"4fa7b334-ce0d-4e88-aaae-2e0c138d049e",NA,"3587780155"
32.257347,-110.837875,40,"Cathartidae","Cathartes aura",2021,3,17,"4fa7b334-ce0d-4e88-aaae-2e0c138d049e",NA,"3512757196"
32.257545,-110.83791,1,"Picidae","Melanerpes uropygialis",2021,10,9,"4fa7b334-ce0d-4e88-aaae-2e0c138d049e",NA,"3649960412"
32.257072,-110.840744,1,"Accipitridae","Accipiter cooperii",2020,4,5,"4fa7b334-ce0d-4e88-aaae-2e0c138d049e",NA,"3140763281"
32.257072,-110.840744,1,"Columbidae","Streptopelia decaocto",2020,4,5,"4fa7b334-ce0d-4e88-aaae-2e0c138d049e",NA,"3220296914"
32.257072,-110.840744,1,"Corvidae","Corvus corax",2020,4,5,"4fa7b334-ce0d-4e88-aaae-2e0c138d049e",NA,"3220999931"
32.257072,-110.840744,10,"Sturnidae","Sturnus vulgaris",2020,4,5,"4fa7b334-ce0d-4e88-aaae-2e0c138d049e",NA,"3221132933"
32.257072,-110.840744,1,"Ptilogonatidae","Phainopepla nitens",2020,4,5,"4fa7b334-ce0d-4e88-aaae-2e0c138d049e",NA,"3220363937"
32.257072,-110.840744,1,"Accipitridae","Accipiter striatus",2020,4,5,"4fa7b334-ce0d-4e88-aaae-2e0c138d049e",NA,"3225976077"
32.257072,-110.840744,1,"Picidae","Melanerpes uropygialis",2020,4,5,"4fa7b334-ce0d-4e88-aaae-2e0c138d049e",NA,"3223583073"
32.257072,-110.840744,1,"Accipitridae","Accipiter cooperii",2020,4,5,"4fa7b334-ce0d-4e88-aaae-2e0c138d049e",NA,"3228421110"
32.257072,-110.840744,1,"Columbidae","Streptopelia decaocto",2020,4,5,"4fa7b334-ce0d-4e88-aaae-2e0c138d049e",NA,"3221017076"
32.257072,-110.840744,1,"Corvidae","Corvus corax",2020,4,5,"4fa7b334-ce0d-4e88-aaae-2e0c138d049e",NA,"3228722095"
32.257072,-110.840744,10,"Sturnidae","Sturnus vulgaris",2020,4,5,"4fa7b334-ce0d-4e88-aaae-2e0c138d049e",NA,"3221529999"
32.257072,-110.840744,1,"Ptilogonatidae","Phainopepla nitens",2020,4,5,"4fa7b334-ce0d-4e88-aaae-2e0c138d049e",NA,"3228056909"
32.257072,-110.840744,1,"Accipitridae","Accipiter striatus",2020,4,5,"4fa7b334-ce0d-4e88-aaae-2e0c138d049e",NA,"3226087892"
32.257072,-110.840744,1,"Picidae","Melanerpes uropygialis",2020,4,5,"4fa7b334-ce0d-4e88-aaae-2e0c138d049e",NA,"3227494897"
32.25474,-110.8389,1,"Tyrannidae","Pyrocephalus rubinus",2020,6,21,"4fa7b334-ce0d-4e88-aaae-2e0c138d049e",NA,"3181940341"
32.25302,-110.841034,1,"Corvidae","Corvus corax",2019,7,28,"4fa7b334-ce0d-4e88-aaae-2e0c138d049e",NA,"2764555950"
32.256233,-110.84118,1,"Corvidae","Corvus corax",2018,4,10,"4fa7b334-ce0d-4e88-aaae-2e0c138d049e",NA,"2147997326"
32.256233,-110.84118,2,"Columbidae","Zenaida macroura",2018,4,10,"4fa7b334-ce0d-4e88-aaae-2e0c138d049e",NA,"2144169922"
32.256233,-110.84118,1,"Caprimulgidae","Chordeiles acutipennis",2018,4,10,"4fa7b334-ce0d-4e88-aaae-2e0c138d049e",NA,"2147994099"
32.256233,-110.84118,1,"Corvidae","Corvus corax",2018,4,10,"4fa7b334-ce0d-4e88-aaae-2e0c138d049e",NA,"2155731916"
32.256233,-110.84118,2,"Columbidae","Zenaida macroura",2018,4,10,"4fa7b334-ce0d-4e88-aaae-2e0c138d049e",NA,"2148272012"
32.256233,-110.84118,1,"Caprimulgidae","Chordeiles acutipennis",2018,4,10,"4fa7b334-ce0d-4e88-aaae-2e0c138d049e",NA,"2131747113"
32.256233,-110.84118,1,"Corvidae","Corvus corax",2018,4,10,"4fa7b334-ce0d-4e88-aaae-2e0c138d049e",NA,"2155759579"
32.256233,-110.84118,2,"Columbidae","Zenaida macroura",2018,4,10,"4fa7b334-ce0d-4e88-aaae-2e0c138d049e",NA,"2131760809"
32.256233,-110.84118,1,"Caprimulgidae","Chordeiles acutipennis",2018,4,10,"4fa7b334-ce0d-4e88-aaae-2e0c138d049e",NA,"2148278228"
32.256233,-110.84118,1,"Corvidae","Corvus corax",2018,4,10,"4fa7b334-ce0d-4e88-aaae-2e0c138d049e",NA,"2144626662"
32.256233,-110.84118,2,"Columbidae","Zenaida macroura",2018,4,10,"4fa7b334-ce0d-4e88-aaae-2e0c138d049e",NA,"2131915880"
32.256233,-110.84118,1,"Caprimulgidae","Chordeiles acutipennis",2018,4,10,"4fa7b334-ce0d-4e88-aaae-2e0c138d049e",NA,"2144608728"
32.257515,-110.83765,1,"Accipitridae","Accipiter cooperii",2017,2,17,"4fa7b334-ce0d-4e88-aaae-2e0c138d049e",NA,"2038595024"
32.257515,-110.83765,2,"Troglodytidae","Campylorhynchus brunneicapillus",2017,2,17,"4fa7b334-ce0d-4e88-aaae-2e0c138d049e",NA,"2031959051"
32.257515,-110.83765,5,"Remizidae","Auriparus flaviceps",2017,2,17,"4fa7b334-ce0d-4e88-aaae-2e0c138d049e",NA,"2039896477"
32.257515,-110.83765,10,"Fringillidae","Haemorhous mexicanus",2017,2,17,"4fa7b334-ce0d-4e88-aaae-2e0c138d049e",NA,"2039899708"
32.257515,-110.83765,10,"Passeridae","Passer domesticus",2017,2,17,"4fa7b334-ce0d-4e88-aaae-2e0c138d049e",NA,"2031960660"
32.257515,-110.83765,2,"Trochilidae","Cynanthus latirostris",2017,2,17,"4fa7b334-ce0d-4e88-aaae-2e0c138d049e",NA,"2031958385"
32.257515,-110.83765,4,"Odontophoridae","Callipepla gambelii",2017,2,17,"4fa7b334-ce0d-4e88-aaae-2e0c138d049e",NA,"2039900867"
32.257515,-110.83765,1,"Parulidae","Setophaga coronata",2017,2,17,"4fa7b334-ce0d-4e88-aaae-2e0c138d049e",NA,"2031956977"
32.257515,-110.83765,1,"Regulidae","Regulus calendula",2017,2,17,"4fa7b334-ce0d-4e88-aaae-2e0c138d049e",NA,"2044541149"
32.257515,-110.83765,6,"Fringillidae","Spinus psaltria",2017,2,17,"4fa7b334-ce0d-4e88-aaae-2e0c138d049e",NA,"2039896561"
32.257515,-110.83765,15,"Columbidae","Zenaida macroura",2017,2,17,"4fa7b334-ce0d-4e88-aaae-2e0c138d049e",NA,"2039900848"
32.257515,-110.83765,3,"Trochilidae","Calypte anna",2017,2,17,"4fa7b334-ce0d-4e88-aaae-2e0c138d049e",NA,"2031956069"
32.257515,-110.83765,3,"Ptilogonatidae","Phainopepla nitens",2017,2,17,"4fa7b334-ce0d-4e88-aaae-2e0c138d049e",NA,"2038600148"
32.257515,-110.83765,1,"Corvidae","Corvus corax",2017,2,17,"4fa7b334-ce0d-4e88-aaae-2e0c138d049e",NA,"2038594469"
32.257515,-110.83765,2,"Emberizidae","Melozone aberti",2017,2,17,"4fa7b334-ce0d-4e88-aaae-2e0c138d049e",NA,"2031956764"
32.257515,-110.83765,4,"Picidae","Melanerpes uropygialis",2017,2,17,"4fa7b334-ce0d-4e88-aaae-2e0c138d049e",NA,"2044543964"
32.257347,-110.837875,3,"Parulidae","Setophaga coronata",2017,2,18,"4fa7b334-ce0d-4e88-aaae-2e0c138d049e",NA,"2032368056"
32.257347,-110.837875,8,"Passeridae","Passer domesticus",2017,2,18,"4fa7b334-ce0d-4e88-aaae-2e0c138d049e",NA,"2040569057"
32.257347,-110.837875,2,"Troglodytidae","Campylorhynchus brunneicapillus",2017,2,18,"4fa7b334-ce0d-4e88-aaae-2e0c138d049e",NA,"2040568862"
32.257347,-110.837875,1,"Trochilidae","Cynanthus latirostris",2017,2,18,"4fa7b334-ce0d-4e88-aaae-2e0c138d049e",NA,"2040569017"
32.257347,-110.837875,2,"Picidae","Melanerpes uropygialis",2017,2,18,"4fa7b334-ce0d-4e88-aaae-2e0c138d049e",NA,"2045483065"
32.257347,-110.837875,28,"Columbidae","Zenaida macroura",2017,2,18,"4fa7b334-ce0d-4e88-aaae-2e0c138d049e",NA,"2039754285"
32.257347,-110.837875,6,"Fringillidae","Haemorhous mexicanus",2017,2,18,"4fa7b334-ce0d-4e88-aaae-2e0c138d049e",NA,"2039760322"
32.257347,-110.837875,10,"Fringillidae","Spinus psaltria",2017,2,18,"4fa7b334-ce0d-4e88-aaae-2e0c138d049e",NA,"2040564910"
32.257347,-110.837875,5,"Remizidae","Auriparus flaviceps",2017,2,18,"4fa7b334-ce0d-4e88-aaae-2e0c138d049e",NA,"2039763009"
32.257347,-110.837875,1,"Trochilidae","Calypte anna",2017,2,18,"4fa7b334-ce0d-4e88-aaae-2e0c138d049e",NA,"2032363795"
32.257347,-110.837875,2,"Troglodytidae","Campylorhynchus brunneicapillus",2017,2,19,"4fa7b334-ce0d-4e88-aaae-2e0c138d049e",NA,"2039757671"
32.257347,-110.837875,10,"Passeridae","Passer domesticus",2017,2,19,"4fa7b334-ce0d-4e88-aaae-2e0c138d049e",NA,"2039756599"
32.257347,-110.837875,5,"Remizidae","Auriparus flaviceps",2017,2,19,"4fa7b334-ce0d-4e88-aaae-2e0c138d049e",NA,"2032370658"
32.257347,-110.837875,29,"Columbidae","Zenaida macroura",2017,2,19,"4fa7b334-ce0d-4e88-aaae-2e0c138d049e",NA,"2032366428"
32.257347,-110.837875,2,"Picidae","Melanerpes uropygialis",2017,2,19,"4fa7b334-ce0d-4e88-aaae-2e0c138d049e",NA,"2040570552"
32.257347,-110.837875,2,"Parulidae","Setophaga coronata",2017,2,19,"4fa7b334-ce0d-4e88-aaae-2e0c138d049e",NA,"2045483237"
32.257347,-110.837875,8,"Fringillidae","Spinus psaltria",2017,2,19,"4fa7b334-ce0d-4e88-aaae-2e0c138d049e",NA,"2032368223"
32.257347,-110.837875,2,"Mimidae","Toxostoma curvirostre",2017,2,19,"4fa7b334-ce0d-4e88-aaae-2e0c138d049e",NA,"2045478889"
32.257347,-110.837875,1,"Trochilidae","Cynanthus latirostris",2017,2,19,"4fa7b334-ce0d-4e88-aaae-2e0c138d049e",NA,"2045479264"
32.257347,-110.837875,12,"Fringillidae","Haemorhous mexicanus",2017,2,19,"4fa7b334-ce0d-4e88-aaae-2e0c138d049e",NA,"2039760663"
32.257347,-110.837875,2,"Trochilidae","Calypte anna",2017,2,19,"4fa7b334-ce0d-4e88-aaae-2e0c138d049e",NA,"2032363312"
32.257347,-110.837875,2,"Ptilogonatidae","Phainopepla nitens",2017,2,19,"4fa7b334-ce0d-4e88-aaae-2e0c138d049e",NA,"2039764612"
32.257347,-110.837875,1,"Cathartidae","Cathartes aura",2017,2,26,"4fa7b334-ce0d-4e88-aaae-2e0c138d049e",NA,"2042270508"
32.257347,-110.837875,4,"Regulidae","Regulus calendula",2017,2,26,"4fa7b334-ce0d-4e88-aaae-2e0c138d049e",NA,"2043302739"
32.257347,-110.837875,2,"Trochilidae","Calypte anna",2017,2,26,"4fa7b334-ce0d-4e88-aaae-2e0c138d049e",NA,"2034099253"
32.257347,-110.837875,2,"Corvidae","Corvus corax",2017,2,26,"4fa7b334-ce0d-4e88-aaae-2e0c138d049e",NA,"2048444272"
32.257347,-110.837875,2,"Troglodytidae","Campylorhynchus brunneicapillus",2017,2,26,"4fa7b334-ce0d-4e88-aaae-2e0c138d049e",NA,"2048438661"
32.257347,-110.837875,8,"Parulidae","Setophaga coronata",2017,2,26,"4fa7b334-ce0d-4e88-aaae-2e0c138d049e",NA,"2034097186"
32.257347,-110.837875,5,"Remizidae","Auriparus flaviceps",2017,2,26,"4fa7b334-ce0d-4e88-aaae-2e0c138d049e",NA,"2034099166"
32.257347,-110.837875,2,"Trochilidae","Cynanthus latirostris",2017,2,26,"4fa7b334-ce0d-4e88-aaae-2e0c138d049e",NA,"2048443181"
32.257347,-110.837875,8,"Fringillidae","Haemorhous mexicanus",2017,2,26,"4fa7b334-ce0d-4e88-aaae-2e0c138d049e",NA,"2034099274"
32.257347,-110.837875,9,"Fringillidae","Spinus psaltria",2017,2,26,"4fa7b334-ce0d-4e88-aaae-2e0c138d049e",NA,"2043303307"
32.257347,-110.837875,2,"Picidae","Melanerpes uropygialis",2017,2,26,"4fa7b334-ce0d-4e88-aaae-2e0c138d049e",NA,"2048439825"
32.257347,-110.837875,2,"Ptilogonatidae","Phainopepla nitens",2017,2,26,"4fa7b334-ce0d-4e88-aaae-2e0c138d049e",NA,"2034097171"
32.257347,-110.837875,7,"Passeridae","Passer domesticus",2017,2,26,"4fa7b334-ce0d-4e88-aaae-2e0c138d049e",NA,"2034094589"
32.257164,-110.84064,3,"Columbidae","Zenaida macroura",2017,3,3,"4fa7b334-ce0d-4e88-aaae-2e0c138d049e",NA,"2043473518"
32.257164,-110.84064,1,"Accipitridae","Accipiter cooperii",2017,3,3,"4fa7b334-ce0d-4e88-aaae-2e0c138d049e",NA,"2034803351"
32.257164,-110.84064,2,"Fringillidae","Haemorhous mexicanus",2017,3,3,"4fa7b334-ce0d-4e88-aaae-2e0c138d049e",NA,"2043473320"
32.257164,-110.84064,2,"Picidae","Melanerpes uropygialis",2017,3,3,"4fa7b334-ce0d-4e88-aaae-2e0c138d049e",NA,"2043468755"
32.257164,-110.84064,1,"Trochilidae","Calypte anna",2017,3,3,"4fa7b334-ce0d-4e88-aaae-2e0c138d049e",NA,"2049671677"
32.257164,-110.84064,1,"Fringillidae","Spinus psaltria",2017,3,3,"4fa7b334-ce0d-4e88-aaae-2e0c138d049e",NA,"2034806836"
32.257515,-110.83765,1,"Cardinalidae","Pheucticus melanocephalus",2017,5,18,"4fa7b334-ce0d-4e88-aaae-2e0c138d049e",NA,"2072182142"
32.257515,-110.83765,2,"Icteridae","Icterus cucullatus",2017,6,1,"4fa7b334-ce0d-4e88-aaae-2e0c138d049e",NA,"2077636067"
32.255417,-110.837105,NA,"Picidae","Melanerpes uropygialis",2020,11,27,"50c9509d-22c7-4a22-a47d-8c48425ef4a7","iNaturalist research-grade observations","2992714637"
