"decimalLatitude","decimalLongitude","individualCount","family","species","year","month","day","datasetKey","datasetName","gbifID"
32.240677,-110.84102,1,"Corvidae","Corvus corax",2021,2,1,"4fa7b334-ce0d-4e88-aaae-2e0c138d049e",NA,"3624158734"
32.240677,-110.84102,1,"Columbidae","Zenaida macroura",2021,2,1,"4fa7b334-ce0d-4e88-aaae-2e0c138d049e",NA,"3630484689"
32.240677,-110.84102,1,"Accipitridae","Buteo jamaicensis",2021,2,1,"4fa7b334-ce0d-4e88-aaae-2e0c138d049e",NA,"3637245580"
32.240677,-110.84102,1,"Accipitridae","Accipiter cooperii",2021,2,8,"4fa7b334-ce0d-4e88-aaae-2e0c138d049e",NA,"3551174193"
32.240677,-110.84102,1,"Accipitridae","Buteo jamaicensis",2021,3,8,"4fa7b334-ce0d-4e88-aaae-2e0c138d049e",NA,"3557423144"
32.240677,-110.84102,1,"Cathartidae","Cathartes aura",2021,4,4,"4fa7b334-ce0d-4e88-aaae-2e0c138d049e",NA,"3513063201"
32.240677,-110.84102,1,"Corvidae","Corvus corax",2021,4,4,"4fa7b334-ce0d-4e88-aaae-2e0c138d049e",NA,"3510788713"
32.236015,-110.83664,1,"Trochilidae","Calypte anna",2021,4,26,"4fa7b334-ce0d-4e88-aaae-2e0c138d049e",NA,"3527209153"
32.236015,-110.83664,5,"Columbidae","Zenaida macroura",2021,4,26,"4fa7b334-ce0d-4e88-aaae-2e0c138d049e",NA,"3526778417"
32.236015,-110.83664,4,"Fringillidae","Haemorhous mexicanus",2021,4,26,"4fa7b334-ce0d-4e88-aaae-2e0c138d049e",NA,"3525592573"
32.236015,-110.83664,3,"Hirundinidae","Petrochelidon pyrrhonota",2021,4,26,"4fa7b334-ce0d-4e88-aaae-2e0c138d049e",NA,"3593146732"
32.240677,-110.84102,1,"Accipitridae","Accipiter cooperii",2021,7,23,"4fa7b334-ce0d-4e88-aaae-2e0c138d049e",NA,"3557331549"
32.240677,-110.84102,1,"Accipitridae","Buteo jamaicensis",2021,12,9,"4fa7b334-ce0d-4e88-aaae-2e0c138d049e",NA,"3611214019"
32.236618,-110.836945,17,"Fringillidae","Spinus psaltria",2020,5,9,"4fa7b334-ce0d-4e88-aaae-2e0c138d049e",NA,"3152226097"
32.236618,-110.836945,5,"Trochilidae","Cynanthus latirostris",2020,5,9,"4fa7b334-ce0d-4e88-aaae-2e0c138d049e",NA,"3156011092"
32.236618,-110.836945,1,"Corvidae","Corvus corax",2020,5,9,"4fa7b334-ce0d-4e88-aaae-2e0c138d049e",NA,"3150315855"
32.236618,-110.836945,1,"Cuculidae","Geococcyx californianus",2020,5,9,"4fa7b334-ce0d-4e88-aaae-2e0c138d049e",NA,"3159175856"
32.236618,-110.836945,11,"Columbidae","Zenaida macroura",2020,5,9,"4fa7b334-ce0d-4e88-aaae-2e0c138d049e",NA,"3153308976"
32.236618,-110.836945,3,"Trochilidae","Archilochus alexandri",2020,5,9,"4fa7b334-ce0d-4e88-aaae-2e0c138d049e",NA,"3157121985"
32.236618,-110.836945,12,"Columbidae","Zenaida asiatica",2020,5,9,"4fa7b334-ce0d-4e88-aaae-2e0c138d049e",NA,"3152230074"
32.236618,-110.836945,21,"Remizidae","Auriparus flaviceps",2020,5,9,"4fa7b334-ce0d-4e88-aaae-2e0c138d049e",NA,"3165842152"
32.236618,-110.836945,1,"Tyrannidae","Myiarchus cinerascens",2020,5,9,"4fa7b334-ce0d-4e88-aaae-2e0c138d049e",NA,"3169223001"
32.236618,-110.836945,3,"Picidae","Melanerpes uropygialis",2020,5,9,"4fa7b334-ce0d-4e88-aaae-2e0c138d049e",NA,"3151919072"
32.236618,-110.836945,1,"Troglodytidae","Campylorhynchus brunneicapillus",2020,5,9,"4fa7b334-ce0d-4e88-aaae-2e0c138d049e",NA,"3157005960"
32.236618,-110.836945,9,"Parulidae","Leiothlypis luciae",2020,5,9,"4fa7b334-ce0d-4e88-aaae-2e0c138d049e",NA,"3152034915"
32.236618,-110.836945,16,"Hirundinidae","Petrochelidon pyrrhonota",2020,5,9,"4fa7b334-ce0d-4e88-aaae-2e0c138d049e",NA,"3150037908"
32.236618,-110.836945,14,"Emberizidae","Melozone aberti",2020,5,9,"4fa7b334-ce0d-4e88-aaae-2e0c138d049e",NA,"3149803719"
32.236618,-110.836945,3,"Icteridae","Molothrus ater",2020,5,9,"4fa7b334-ce0d-4e88-aaae-2e0c138d049e",NA,"3224469656"
32.236618,-110.836945,1,"Accipitridae","Buteo jamaicensis",2020,5,9,"4fa7b334-ce0d-4e88-aaae-2e0c138d049e",NA,"3226372899"
32.236618,-110.836945,7,"Trochilidae","Calypte anna",2020,5,9,"4fa7b334-ce0d-4e88-aaae-2e0c138d049e",NA,"3227013784"
32.236618,-110.836945,2,"Vireonidae","Vireo bellii",2020,5,9,"4fa7b334-ce0d-4e88-aaae-2e0c138d049e",NA,"3225194833"
32.236618,-110.836945,1,"Mimidae","Mimus polyglottos",2020,5,9,"4fa7b334-ce0d-4e88-aaae-2e0c138d049e",NA,"3224569860"
32.236618,-110.836945,7,"Polioptilidae","Polioptila melanura",2020,5,9,"4fa7b334-ce0d-4e88-aaae-2e0c138d049e",NA,"3286151292"
32.236618,-110.836945,5,"Odontophoridae","Callipepla gambelii",2020,5,9,"4fa7b334-ce0d-4e88-aaae-2e0c138d049e",NA,"3226540962"
32.236618,-110.836945,7,"Fringillidae","Haemorhous mexicanus",2020,5,9,"4fa7b334-ce0d-4e88-aaae-2e0c138d049e",NA,"3225247813"
32.236618,-110.836945,2,"Mimidae","Toxostoma curvirostre",2020,5,9,"4fa7b334-ce0d-4e88-aaae-2e0c138d049e",NA,"3225157826"
32.236015,-110.83664,1,"Columbidae","Zenaida macroura",2020,5,11,"4fa7b334-ce0d-4e88-aaae-2e0c138d049e",NA,"3260373189"
32.236015,-110.83664,2,"Fringillidae","Haemorhous mexicanus",2020,5,11,"4fa7b334-ce0d-4e88-aaae-2e0c138d049e",NA,"3168485152"
32.237396,-110.83672,6,"Fringillidae","Spinus psaltria",2020,9,26,"4fa7b334-ce0d-4e88-aaae-2e0c138d049e",NA,"3188059512"
32.237396,-110.83672,3,"Columbidae","Zenaida macroura",2020,9,26,"4fa7b334-ce0d-4e88-aaae-2e0c138d049e",NA,"3199628403"
32.237396,-110.83672,1,"Cuculidae","Geococcyx californianus",2020,9,26,"4fa7b334-ce0d-4e88-aaae-2e0c138d049e",NA,"3192670463"
32.237396,-110.83672,1,"Emberizidae","Melospiza lincolnii",2020,9,26,"4fa7b334-ce0d-4e88-aaae-2e0c138d049e",NA,"3198978405"
32.237396,-110.83672,1,"Falconidae","Falco sparverius",2020,9,26,"4fa7b334-ce0d-4e88-aaae-2e0c138d049e",NA,"3201415436"
32.237396,-110.83672,1,"Troglodytidae","Salpinctes obsoletus",2020,9,26,"4fa7b334-ce0d-4e88-aaae-2e0c138d049e",NA,"3200438436"
32.237396,-110.83672,1,"Remizidae","Auriparus flaviceps",2020,9,26,"4fa7b334-ce0d-4e88-aaae-2e0c138d049e",NA,"3177831297"
32.237396,-110.83672,2,"Columbidae","Columba livia",2020,9,26,"4fa7b334-ce0d-4e88-aaae-2e0c138d049e",NA,"3183642237"
32.237396,-110.83672,2,"Apodidae","Chaetura vauxi",2020,9,26,"4fa7b334-ce0d-4e88-aaae-2e0c138d049e",NA,"3182422335"
32.237396,-110.83672,1,"Trochilidae","Calypte anna",2020,9,26,"4fa7b334-ce0d-4e88-aaae-2e0c138d049e",NA,"3183710210"
32.237396,-110.83672,4,"Fringillidae","Haemorhous mexicanus",2020,9,26,"4fa7b334-ce0d-4e88-aaae-2e0c138d049e",NA,"3190999034"
32.237396,-110.83672,1,"Polioptilidae","Polioptila melanura",2020,9,26,"4fa7b334-ce0d-4e88-aaae-2e0c138d049e",NA,"3183647316"
32.237396,-110.83672,1,"Picidae","Melanerpes uropygialis",2020,9,26,"4fa7b334-ce0d-4e88-aaae-2e0c138d049e",NA,"3192730177"
32.237396,-110.83672,1,"Accipitridae","Accipiter cooperii",2020,9,26,"4fa7b334-ce0d-4e88-aaae-2e0c138d049e",NA,"3199855623"
32.240677,-110.84102,2,"Anatidae","Anas platyrhynchos",2019,3,10,"4fa7b334-ce0d-4e88-aaae-2e0c138d049e",NA,"2743580716"
32.236015,-110.83664,5,"Fringillidae","Haemorhous mexicanus",2019,4,21,"4fa7b334-ce0d-4e88-aaae-2e0c138d049e",NA,"2668963479"
32.236015,-110.83664,4,"Hirundinidae","Stelgidopteryx serripennis",2019,4,21,"4fa7b334-ce0d-4e88-aaae-2e0c138d049e",NA,"2672312609"
32.236015,-110.83664,1,"Corvidae","Corvus corax",2019,4,21,"4fa7b334-ce0d-4e88-aaae-2e0c138d049e",NA,"2684424492"
32.236015,-110.83664,1,"Columbidae","Zenaida asiatica",2019,4,21,"4fa7b334-ce0d-4e88-aaae-2e0c138d049e",NA,"2679194540"
32.236015,-110.83664,3,"Columbidae","Zenaida macroura",2019,4,21,"4fa7b334-ce0d-4e88-aaae-2e0c138d049e",NA,"2671480735"
32.236015,-110.83664,3,"Fringillidae","Spinus psaltria",2019,4,21,"4fa7b334-ce0d-4e88-aaae-2e0c138d049e",NA,"2687450548"
32.238796,-110.83342,1,"Accipitridae","Buteo jamaicensis",2019,7,24,"4fa7b334-ce0d-4e88-aaae-2e0c138d049e",NA,"2700366676"
32.238796,-110.83342,1,"Remizidae","Auriparus flaviceps",2019,7,24,"4fa7b334-ce0d-4e88-aaae-2e0c138d049e",NA,"2688174694"
32.238796,-110.83342,1,"Trochilidae","Cynanthus latirostris",2019,7,24,"4fa7b334-ce0d-4e88-aaae-2e0c138d049e",NA,"2690179390"
32.238796,-110.83342,1,"Columbidae","Columba livia",2019,7,24,"4fa7b334-ce0d-4e88-aaae-2e0c138d049e",NA,"2686835729"
32.238796,-110.83342,1,"Polioptilidae","Polioptila melanura",2019,7,24,"4fa7b334-ce0d-4e88-aaae-2e0c138d049e",NA,"2781438446"
32.240677,-110.84102,1,"Accipitridae","Buteo jamaicensis",2019,9,14,"4fa7b334-ce0d-4e88-aaae-2e0c138d049e",NA,"2764790659"
32.240677,-110.84102,1,"Accipitridae","Buteo jamaicensis",2019,11,3,"4fa7b334-ce0d-4e88-aaae-2e0c138d049e",NA,"2716732254"
32.238748,-110.839139,NA,"Accipitridae","Buteo jamaicensis",2020,10,11,"50c9509d-22c7-4a22-a47d-8c48425ef4a7","iNaturalist research-grade observations","3455309676"
