"decimalLatitude","decimalLongitude","individualCount","family","species","year","month","day","datasetKey","datasetName","gbifID"
32.22781,-110.87056,1,"Mimidae","Toxostoma curvirostre",2021,9,11,"4fa7b334-ce0d-4e88-aaae-2e0c138d049e",NA,"3577558908"
32.22781,-110.87056,NA,"Fringillidae","Spinus psaltria",2021,9,11,"4fa7b334-ce0d-4e88-aaae-2e0c138d049e",NA,"3576814460"
32.22781,-110.87056,NA,"Picidae","Melanerpes uropygialis",2021,9,11,"4fa7b334-ce0d-4e88-aaae-2e0c138d049e",NA,"3553050969"
32.22781,-110.87056,NA,"Columbidae","Zenaida macroura",2021,9,11,"4fa7b334-ce0d-4e88-aaae-2e0c138d049e",NA,"3554032901"
32.22781,-110.87056,NA,"Remizidae","Auriparus flaviceps",2021,9,11,"4fa7b334-ce0d-4e88-aaae-2e0c138d049e",NA,"3559539153"
32.22781,-110.87056,3,"Mimidae","Mimus polyglottos",2021,9,11,"4fa7b334-ce0d-4e88-aaae-2e0c138d049e",NA,"3558893155"
32.22781,-110.87056,NA,"Fringillidae","Haemorhous mexicanus",2021,9,11,"4fa7b334-ce0d-4e88-aaae-2e0c138d049e",NA,"3567181738"
32.22781,-110.87056,1,"Trochilidae","Calypte anna",2021,9,11,"4fa7b334-ce0d-4e88-aaae-2e0c138d049e",NA,"3568331007"
32.22785,-110.863396,2,"Passeridae","Passer domesticus",2020,5,9,"4fa7b334-ce0d-4e88-aaae-2e0c138d049e",NA,"3154298974"
32.22785,-110.863396,1,"Mimidae","Toxostoma curvirostre",2020,5,9,"4fa7b334-ce0d-4e88-aaae-2e0c138d049e",NA,"3153176080"
32.22785,-110.863396,2,"Emberizidae","Melozone aberti",2020,5,9,"4fa7b334-ce0d-4e88-aaae-2e0c138d049e",NA,"3153742165"
32.22561,-110.86384,1,"Fringillidae","Spinus psaltria",2019,3,22,"4fa7b334-ce0d-4e88-aaae-2e0c138d049e",NA,"2732742901"
32.22561,-110.86384,2,"Odontophoridae","Callipepla gambelii",2019,3,22,"4fa7b334-ce0d-4e88-aaae-2e0c138d049e",NA,"2747518845"
32.22561,-110.86384,1,"Tyrannidae","Pyrocephalus rubinus",2019,3,22,"4fa7b334-ce0d-4e88-aaae-2e0c138d049e",NA,"2731118818"
32.22561,-110.86384,1,"Troglodytidae","Campylorhynchus brunneicapillus",2019,3,22,"4fa7b334-ce0d-4e88-aaae-2e0c138d049e",NA,"2748807701"
32.22561,-110.86384,2,"Fringillidae","Haemorhous mexicanus",2019,3,22,"4fa7b334-ce0d-4e88-aaae-2e0c138d049e",NA,"2730893788"
32.22561,-110.86384,3,"Mimidae","Toxostoma curvirostre",2019,3,22,"4fa7b334-ce0d-4e88-aaae-2e0c138d049e",NA,"2728888772"
32.22561,-110.86384,5,"Picidae","Melanerpes uropygialis",2019,3,22,"4fa7b334-ce0d-4e88-aaae-2e0c138d049e",NA,"2742696693"
32.22561,-110.86384,8,"Columbidae","Zenaida macroura",2019,3,22,"4fa7b334-ce0d-4e88-aaae-2e0c138d049e",NA,"2729672805"
32.22561,-110.86384,10,"Columbidae","Zenaida asiatica",2019,3,22,"4fa7b334-ce0d-4e88-aaae-2e0c138d049e",NA,"2730047740"
32.22561,-110.86384,1,"Remizidae","Auriparus flaviceps",2019,3,22,"4fa7b334-ce0d-4e88-aaae-2e0c138d049e",NA,"2742879703"
32.22573,-110.87038,3,"Odontophoridae","Callipepla gambelii",2019,3,23,"4fa7b334-ce0d-4e88-aaae-2e0c138d049e",NA,"2739899503"
32.22573,-110.87038,1,"Remizidae","Auriparus flaviceps",2019,3,23,"4fa7b334-ce0d-4e88-aaae-2e0c138d049e",NA,"2743456497"
32.22573,-110.87038,2,"Cardinalidae","Cardinalis cardinalis",2019,3,23,"4fa7b334-ce0d-4e88-aaae-2e0c138d049e",NA,"2740666236"
32.22573,-110.87038,13,"Picidae","Melanerpes uropygialis",2019,3,23,"4fa7b334-ce0d-4e88-aaae-2e0c138d049e",NA,"2739497289"
32.22573,-110.87038,4,"Fringillidae","Haemorhous mexicanus",2019,3,23,"4fa7b334-ce0d-4e88-aaae-2e0c138d049e",NA,"2746845448"
32.22573,-110.87038,1,"Trochilidae","Calypte anna",2019,3,23,"4fa7b334-ce0d-4e88-aaae-2e0c138d049e",NA,"2748892367"
32.22573,-110.87038,2,"Mimidae","Mimus polyglottos",2019,3,23,"4fa7b334-ce0d-4e88-aaae-2e0c138d049e",NA,"2747275378"
32.22573,-110.87038,12,"Columbidae","Zenaida asiatica",2019,3,23,"4fa7b334-ce0d-4e88-aaae-2e0c138d049e",NA,"2750585288"
32.22573,-110.87038,2,"Mimidae","Toxostoma curvirostre",2019,3,23,"4fa7b334-ce0d-4e88-aaae-2e0c138d049e",NA,"2746318364"
32.22573,-110.87038,2,"Emberizidae","Melozone aberti",2019,3,23,"4fa7b334-ce0d-4e88-aaae-2e0c138d049e",NA,"2745638226"
32.22573,-110.87038,3,"Accipitridae","Accipiter cooperii",2019,3,23,"4fa7b334-ce0d-4e88-aaae-2e0c138d049e",NA,"2747739289"
32.22573,-110.87038,1,"Troglodytidae","Campylorhynchus brunneicapillus",2019,3,23,"4fa7b334-ce0d-4e88-aaae-2e0c138d049e",NA,"2753515289"
32.22573,-110.87038,1,"Corvidae","Corvus corax",2019,3,23,"4fa7b334-ce0d-4e88-aaae-2e0c138d049e",NA,"2764528218"
32.22573,-110.87038,1,"Fringillidae","Spinus psaltria",2019,3,23,"4fa7b334-ce0d-4e88-aaae-2e0c138d049e",NA,"2669354193"
32.22561,-110.86384,1,"Accipitridae","Parabuteo unicinctus",2019,3,22,"4fa7b334-ce0d-4e88-aaae-2e0c138d049e",NA,"2755653496"
32.22573,-110.87038,1,"Accipitridae","Parabuteo unicinctus",2019,3,23,"4fa7b334-ce0d-4e88-aaae-2e0c138d049e",NA,"2733994588"
32.22573,-110.87038,1,"Polioptilidae","Polioptila melanura",2019,3,25,"4fa7b334-ce0d-4e88-aaae-2e0c138d049e",NA,"2749076264"
32.22573,-110.87038,1,"Fringillidae","Haemorhous mexicanus",2019,3,25,"4fa7b334-ce0d-4e88-aaae-2e0c138d049e",NA,"2744446242"
32.22573,-110.87038,1,"Cardinalidae","Cardinalis cardinalis",2019,3,25,"4fa7b334-ce0d-4e88-aaae-2e0c138d049e",NA,"2745066167"
32.22573,-110.87038,1,"Remizidae","Auriparus flaviceps",2019,3,25,"4fa7b334-ce0d-4e88-aaae-2e0c138d049e",NA,"2751590240"
32.22573,-110.87038,2,"Troglodytidae","Campylorhynchus brunneicapillus",2019,3,25,"4fa7b334-ce0d-4e88-aaae-2e0c138d049e",NA,"2762183241"
32.22573,-110.87038,1,"Columbidae","Zenaida macroura",2019,3,25,"4fa7b334-ce0d-4e88-aaae-2e0c138d049e",NA,"2748918109"
32.22573,-110.87038,2,"Picidae","Melanerpes uropygialis",2019,3,25,"4fa7b334-ce0d-4e88-aaae-2e0c138d049e",NA,"2784791159"
32.22573,-110.87038,2,"Mimidae","Toxostoma curvirostre",2019,3,25,"4fa7b334-ce0d-4e88-aaae-2e0c138d049e",NA,"2787213193"
32.22573,-110.87038,2,"Passeridae","Passer domesticus",2019,3,25,"4fa7b334-ce0d-4e88-aaae-2e0c138d049e",NA,"2755511109"
32.22573,-110.87038,1,"Fringillidae","Spinus psaltria",2019,3,25,"4fa7b334-ce0d-4e88-aaae-2e0c138d049e",NA,"2754234136"
32.22573,-110.87038,2,"Emberizidae","Melozone aberti",2019,3,25,"4fa7b334-ce0d-4e88-aaae-2e0c138d049e",NA,"2757874076"
32.22573,-110.87038,1,"Corvidae","Corvus corax",2019,3,25,"4fa7b334-ce0d-4e88-aaae-2e0c138d049e",NA,"2755832108"
32.22573,-110.87038,3,"Odontophoridae","Callipepla gambelii",2019,3,25,"4fa7b334-ce0d-4e88-aaae-2e0c138d049e",NA,"2756003993"
32.22573,-110.87038,1,"Mimidae","Mimus polyglottos",2019,3,25,"4fa7b334-ce0d-4e88-aaae-2e0c138d049e",NA,"2765222082"
32.22573,-110.87038,2,"Tyrannidae","Pyrocephalus rubinus",2019,3,26,"4fa7b334-ce0d-4e88-aaae-2e0c138d049e",NA,"2671076081"
32.22573,-110.87038,2,"Accipitridae","Parabuteo unicinctus",2019,3,26,"4fa7b334-ce0d-4e88-aaae-2e0c138d049e",NA,"2664135184"
32.22573,-110.87038,4,"Fringillidae","Spinus psaltria",2019,3,26,"4fa7b334-ce0d-4e88-aaae-2e0c138d049e",NA,"2662737989"
32.22573,-110.87038,3,"Accipitridae","Accipiter cooperii",2019,3,26,"4fa7b334-ce0d-4e88-aaae-2e0c138d049e",NA,"2672015053"
32.22573,-110.87038,2,"Odontophoridae","Callipepla gambelii",2019,3,26,"4fa7b334-ce0d-4e88-aaae-2e0c138d049e",NA,"2665764857"
32.22573,-110.87038,1,"Fringillidae","Haemorhous mexicanus",2019,3,26,"4fa7b334-ce0d-4e88-aaae-2e0c138d049e",NA,"2671320998"
32.22573,-110.87038,1,"Corvidae","Corvus corax",2019,3,26,"4fa7b334-ce0d-4e88-aaae-2e0c138d049e",NA,"2683871008"
32.22573,-110.87038,2,"Remizidae","Auriparus flaviceps",2019,3,26,"4fa7b334-ce0d-4e88-aaae-2e0c138d049e",NA,"2679705875"
32.22573,-110.87038,4,"Mimidae","Toxostoma curvirostre",2019,3,26,"4fa7b334-ce0d-4e88-aaae-2e0c138d049e",NA,"2664142906"
32.22573,-110.87038,NA,"Picidae","Melanerpes uropygialis",2019,3,26,"4fa7b334-ce0d-4e88-aaae-2e0c138d049e",NA,"2666238045"
32.22573,-110.87038,NA,"Passeridae","Passer domesticus",2019,3,26,"4fa7b334-ce0d-4e88-aaae-2e0c138d049e",NA,"2665421115"
32.22573,-110.87038,5,"Mimidae","Mimus polyglottos",2019,3,26,"4fa7b334-ce0d-4e88-aaae-2e0c138d049e",NA,"2665467007"
32.22573,-110.87038,NA,"Columbidae","Zenaida macroura",2019,3,26,"4fa7b334-ce0d-4e88-aaae-2e0c138d049e",NA,"2662957906"
32.22573,-110.87038,1,"Columbidae","Streptopelia decaocto",2019,3,26,"4fa7b334-ce0d-4e88-aaae-2e0c138d049e",NA,"2754490928"
32.225807,-110.86718,3,"Emberizidae","Melozone aberti",2019,3,27,"4fa7b334-ce0d-4e88-aaae-2e0c138d049e",NA,"2663421721"
32.225807,-110.86718,1,"Tyrannidae","Pyrocephalus rubinus",2019,3,27,"4fa7b334-ce0d-4e88-aaae-2e0c138d049e",NA,"2679991733"
32.225807,-110.86718,1,"Cardinalidae","Cardinalis cardinalis",2019,3,27,"4fa7b334-ce0d-4e88-aaae-2e0c138d049e",NA,"2664381783"
32.225807,-110.86718,1,"Remizidae","Auriparus flaviceps",2019,3,27,"4fa7b334-ce0d-4e88-aaae-2e0c138d049e",NA,"2666479903"
32.225807,-110.86718,17,"Fringillidae","Haemorhous mexicanus",2019,3,27,"4fa7b334-ce0d-4e88-aaae-2e0c138d049e",NA,"2665637988"
32.225807,-110.86718,2,"Troglodytidae","Campylorhynchus brunneicapillus",2019,3,27,"4fa7b334-ce0d-4e88-aaae-2e0c138d049e",NA,"2665675893"
32.225807,-110.86718,6,"Mimidae","Toxostoma curvirostre",2019,3,27,"4fa7b334-ce0d-4e88-aaae-2e0c138d049e",NA,"2663197777"
32.225807,-110.86718,3,"Sturnidae","Sturnus vulgaris",2019,3,27,"4fa7b334-ce0d-4e88-aaae-2e0c138d049e",NA,"2675341710"
32.225807,-110.86718,4,"Mimidae","Mimus polyglottos",2019,3,27,"4fa7b334-ce0d-4e88-aaae-2e0c138d049e",NA,"2673603732"
32.225807,-110.86718,1,"Columbidae","Streptopelia decaocto",2019,3,27,"4fa7b334-ce0d-4e88-aaae-2e0c138d049e",NA,"2664271783"
32.225807,-110.86718,1,"Accipitridae","Parabuteo unicinctus",2019,3,27,"4fa7b334-ce0d-4e88-aaae-2e0c138d049e",NA,"2661985816"
32.225807,-110.86718,NA,"Passeridae","Passer domesticus",2019,3,27,"4fa7b334-ce0d-4e88-aaae-2e0c138d049e",NA,"2673995823"
32.225807,-110.86718,2,"Columbidae","Zenaida asiatica",2019,3,27,"4fa7b334-ce0d-4e88-aaae-2e0c138d049e",NA,"2664852905"
32.225807,-110.86718,6,"Odontophoridae","Callipepla gambelii",2019,3,27,"4fa7b334-ce0d-4e88-aaae-2e0c138d049e",NA,"2664830968"
32.225807,-110.86718,6,"Fringillidae","Spinus psaltria",2019,3,27,"4fa7b334-ce0d-4e88-aaae-2e0c138d049e",NA,"2665028186"
32.225807,-110.86718,NA,"Columbidae","Zenaida macroura",2019,3,27,"4fa7b334-ce0d-4e88-aaae-2e0c138d049e",NA,"2662675925"
32.225807,-110.86718,7,"Picidae","Melanerpes uropygialis",2019,3,27,"4fa7b334-ce0d-4e88-aaae-2e0c138d049e",NA,"2663707687"
32.225662,-110.87027,1,"Mimidae","Toxostoma curvirostre",2019,3,28,"4fa7b334-ce0d-4e88-aaae-2e0c138d049e",NA,"2665677457"
32.225662,-110.87027,3,"Mimidae","Mimus polyglottos",2019,3,28,"4fa7b334-ce0d-4e88-aaae-2e0c138d049e",NA,"2673001560"
32.225662,-110.87027,1,"Fringillidae","Haemorhous mexicanus",2019,3,28,"4fa7b334-ce0d-4e88-aaae-2e0c138d049e",NA,"2683041477"
32.225662,-110.87027,2,"Emberizidae","Melozone aberti",2019,3,28,"4fa7b334-ce0d-4e88-aaae-2e0c138d049e",NA,"2681093609"
32.225662,-110.87027,1,"Remizidae","Auriparus flaviceps",2019,3,28,"4fa7b334-ce0d-4e88-aaae-2e0c138d049e",NA,"2671593644"
32.225662,-110.87027,5,"Picidae","Melanerpes uropygialis",2019,3,28,"4fa7b334-ce0d-4e88-aaae-2e0c138d049e",NA,"2664609739"
32.225662,-110.87027,2,"Columbidae","Zenaida asiatica",2019,3,28,"4fa7b334-ce0d-4e88-aaae-2e0c138d049e",NA,"2663149536"
32.22561,-110.86384,2,"Mimidae","Mimus polyglottos",2019,3,30,"4fa7b334-ce0d-4e88-aaae-2e0c138d049e",NA,"2677825892"
32.22561,-110.86384,9,"Picidae","Melanerpes uropygialis",2019,3,30,"4fa7b334-ce0d-4e88-aaae-2e0c138d049e",NA,"2673472850"
32.22561,-110.86384,22,"Columbidae","Zenaida macroura",2019,3,30,"4fa7b334-ce0d-4e88-aaae-2e0c138d049e",NA,"2664740646"
32.22561,-110.86384,4,"Mimidae","Toxostoma curvirostre",2019,3,30,"4fa7b334-ce0d-4e88-aaae-2e0c138d049e",NA,"2666412635"
32.22561,-110.86384,18,"Fringillidae","Haemorhous mexicanus",2019,3,30,"4fa7b334-ce0d-4e88-aaae-2e0c138d049e",NA,"2666909660"
32.22561,-110.86384,2,"Troglodytidae","Campylorhynchus brunneicapillus",2019,3,30,"4fa7b334-ce0d-4e88-aaae-2e0c138d049e",NA,"2663792759"
32.22561,-110.86384,3,"Columbidae","Zenaida asiatica",2019,3,30,"4fa7b334-ce0d-4e88-aaae-2e0c138d049e",NA,"2664038684"
32.22561,-110.86384,5,"Emberizidae","Melozone aberti",2019,3,30,"4fa7b334-ce0d-4e88-aaae-2e0c138d049e",NA,"2664696885"
32.22561,-110.86384,2,"Sturnidae","Sturnus vulgaris",2019,3,30,"4fa7b334-ce0d-4e88-aaae-2e0c138d049e",NA,"2662432933"
32.22561,-110.86384,6,"Bombycillidae","Bombycilla cedrorum",2019,3,30,"4fa7b334-ce0d-4e88-aaae-2e0c138d049e",NA,"2672075888"
32.22561,-110.86384,7,"Passeridae","Passer domesticus",2019,3,30,"4fa7b334-ce0d-4e88-aaae-2e0c138d049e",NA,"2663544077"
32.22561,-110.86384,1,"Cardinalidae","Cardinalis cardinalis",2019,3,30,"4fa7b334-ce0d-4e88-aaae-2e0c138d049e",NA,"2665118949"
32.22561,-110.86384,2,"Fringillidae","Spinus psaltria",2019,3,30,"4fa7b334-ce0d-4e88-aaae-2e0c138d049e",NA,"2661815913"
32.22561,-110.86384,9,"Odontophoridae","Callipepla gambelii",2019,3,30,"4fa7b334-ce0d-4e88-aaae-2e0c138d049e",NA,"2674983946"
32.22561,-110.86384,1,"Columbidae","Streptopelia decaocto",2019,3,30,"4fa7b334-ce0d-4e88-aaae-2e0c138d049e",NA,"2663271024"
32.22561,-110.86384,1,"Polioptilidae","Polioptila melanura",2019,3,30,"4fa7b334-ce0d-4e88-aaae-2e0c138d049e",NA,"2674990010"
32.22561,-110.86384,4,"Trochilidae","Cynanthus latirostris",2019,3,30,"4fa7b334-ce0d-4e88-aaae-2e0c138d049e",NA,"2681357108"
32.22561,-110.86384,2,"Remizidae","Auriparus flaviceps",2019,3,30,"4fa7b334-ce0d-4e88-aaae-2e0c138d049e",NA,"2674137033"
32.22561,-110.86384,1,"Accipitridae","Parabuteo unicinctus",2019,3,30,"4fa7b334-ce0d-4e88-aaae-2e0c138d049e",NA,"2666011070"
32.225662,-110.87027,1,"Mimidae","Toxostoma curvirostre",2019,4,1,"4fa7b334-ce0d-4e88-aaae-2e0c138d049e",NA,"2678548752"
32.225662,-110.87027,3,"Picidae","Melanerpes uropygialis",2019,4,1,"4fa7b334-ce0d-4e88-aaae-2e0c138d049e",NA,"2680288801"
32.225662,-110.87027,1,"Fringillidae","Spinus psaltria",2019,4,1,"4fa7b334-ce0d-4e88-aaae-2e0c138d049e",NA,"2675331718"
32.225662,-110.87027,2,"Columbidae","Zenaida asiatica",2019,4,1,"4fa7b334-ce0d-4e88-aaae-2e0c138d049e",NA,"2665888778"
32.225662,-110.87027,3,"Fringillidae","Haemorhous mexicanus",2019,4,1,"4fa7b334-ce0d-4e88-aaae-2e0c138d049e",NA,"2665812717"
32.225662,-110.87027,1,"Mimidae","Toxostoma curvirostre",2019,4,5,"4fa7b334-ce0d-4e88-aaae-2e0c138d049e",NA,"2748678756"
32.225662,-110.87027,3,"Picidae","Melanerpes uropygialis",2019,4,5,"4fa7b334-ce0d-4e88-aaae-2e0c138d049e",NA,"2748229637"
32.225662,-110.87027,2,"Fringillidae","Haemorhous mexicanus",2019,4,5,"4fa7b334-ce0d-4e88-aaae-2e0c138d049e",NA,"2750324720"
32.225662,-110.87027,1,"Mimidae","Mimus polyglottos",2019,4,5,"4fa7b334-ce0d-4e88-aaae-2e0c138d049e",NA,"2756278720"
32.225662,-110.87027,3,"Fringillidae","Spinus psaltria",2019,4,5,"4fa7b334-ce0d-4e88-aaae-2e0c138d049e",NA,"2767384706"
32.225662,-110.87027,4,"Columbidae","Zenaida asiatica",2019,4,5,"4fa7b334-ce0d-4e88-aaae-2e0c138d049e",NA,"2767588594"
32.225662,-110.87027,3,"Columbidae","Zenaida macroura",2019,4,5,"4fa7b334-ce0d-4e88-aaae-2e0c138d049e",NA,"2758322642"
32.225662,-110.87027,2,"Trochilidae","Calypte anna",2019,4,5,"4fa7b334-ce0d-4e88-aaae-2e0c138d049e",NA,"2770239768"
32.22738,-110.86579,1,"Trochilidae","Calypte anna",2019,4,22,"4fa7b334-ce0d-4e88-aaae-2e0c138d049e",NA,"2776602528"
32.22738,-110.86579,3,"Troglodytidae","Campylorhynchus brunneicapillus",2019,4,22,"4fa7b334-ce0d-4e88-aaae-2e0c138d049e",NA,"2766494467"
32.22738,-110.86579,6,"Passeridae","Passer domesticus",2019,4,22,"4fa7b334-ce0d-4e88-aaae-2e0c138d049e",NA,"2767996535"
32.22738,-110.86579,1,"Fringillidae","Spinus psaltria",2019,4,22,"4fa7b334-ce0d-4e88-aaae-2e0c138d049e",NA,"2766199622"
32.22738,-110.86579,2,"Columbidae","Streptopelia decaocto",2019,4,22,"4fa7b334-ce0d-4e88-aaae-2e0c138d049e",NA,"2780064423"
32.22738,-110.86579,2,"Picidae","Melanerpes uropygialis",2019,4,22,"4fa7b334-ce0d-4e88-aaae-2e0c138d049e",NA,"2767743562"
32.22738,-110.86579,15,"Columbidae","Zenaida asiatica",2019,4,22,"4fa7b334-ce0d-4e88-aaae-2e0c138d049e",NA,"2765756560"
32.22738,-110.86579,1,"Parulidae","Leiothlypis luciae",2019,4,22,"4fa7b334-ce0d-4e88-aaae-2e0c138d049e",NA,"2672747661"
32.22738,-110.86579,2,"Fringillidae","Haemorhous mexicanus",2019,4,22,"4fa7b334-ce0d-4e88-aaae-2e0c138d049e",NA,"2671304587"
32.22738,-110.86579,1,"Remizidae","Auriparus flaviceps",2019,4,22,"4fa7b334-ce0d-4e88-aaae-2e0c138d049e",NA,"2671177655"
32.22738,-110.86579,1,"Columbidae","Columba livia",2019,4,22,"4fa7b334-ce0d-4e88-aaae-2e0c138d049e",NA,"2668811440"
32.22738,-110.86579,1,"Icteridae","Quiscalus mexicanus",2019,4,22,"4fa7b334-ce0d-4e88-aaae-2e0c138d049e",NA,"2681579339"
32.22738,-110.86579,1,"Accipitridae","Accipiter cooperii",2019,4,22,"4fa7b334-ce0d-4e88-aaae-2e0c138d049e",NA,"2680055431"
32.22738,-110.86579,1,"Cardinalidae","Cardinalis cardinalis",2019,4,22,"4fa7b334-ce0d-4e88-aaae-2e0c138d049e",NA,"2669746508"
32.22738,-110.86579,1,"Polioptilidae","Polioptila melanura",2019,4,22,"4fa7b334-ce0d-4e88-aaae-2e0c138d049e",NA,"2667583528"
32.22738,-110.86579,6,"Odontophoridae","Callipepla gambelii",2019,4,22,"4fa7b334-ce0d-4e88-aaae-2e0c138d049e",NA,"2678443533"
32.22738,-110.86579,3,"Mimidae","Toxostoma curvirostre",2019,4,22,"4fa7b334-ce0d-4e88-aaae-2e0c138d049e",NA,"2668562631"
32.22738,-110.86579,1,"Tyrannidae","Pyrocephalus rubinus",2019,4,22,"4fa7b334-ce0d-4e88-aaae-2e0c138d049e",NA,"2671834628"
32.22738,-110.86579,6,"Mimidae","Mimus polyglottos",2019,4,22,"4fa7b334-ce0d-4e88-aaae-2e0c138d049e",NA,"2668822473"
32.22738,-110.86579,30,"Columbidae","Zenaida macroura",2019,4,22,"4fa7b334-ce0d-4e88-aaae-2e0c138d049e",NA,"2669144555"
32.22172,-110.86835,1,"Falconidae","Falco peregrinus",2018,12,28,"4fa7b334-ce0d-4e88-aaae-2e0c138d049e",NA,"2215944058"
32.2261,-110.86657,1,"Accipitridae","Accipiter cooperii",2017,1,2,"4fa7b334-ce0d-4e88-aaae-2e0c138d049e",NA,"2032153759"
32.2261,-110.86657,40,"Columbidae","Zenaida macroura",2017,1,2,"4fa7b334-ce0d-4e88-aaae-2e0c138d049e",NA,"2036542461"
32.22375,-110.86894,2,"Sturnidae","Sturnus vulgaris",2017,1,29,"4fa7b334-ce0d-4e88-aaae-2e0c138d049e",NA,"2036819037"
32.22375,-110.86894,1,"Columbidae","Columba livia",2017,1,29,"4fa7b334-ce0d-4e88-aaae-2e0c138d049e",NA,"2036827072"
32.22375,-110.86894,4,"Picidae","Melanerpes uropygialis",2017,1,29,"4fa7b334-ce0d-4e88-aaae-2e0c138d049e",NA,"2041720476"
32.22375,-110.86894,1,"Columbidae","Zenaida macroura",2017,1,29,"4fa7b334-ce0d-4e88-aaae-2e0c138d049e",NA,"2035342020"
32.22375,-110.86894,2,"Mimidae","Toxostoma curvirostre",2017,1,29,"4fa7b334-ce0d-4e88-aaae-2e0c138d049e",NA,"2030873915"
32.22375,-110.86894,10,"Fringillidae","Haemorhous mexicanus",2017,1,29,"4fa7b334-ce0d-4e88-aaae-2e0c138d049e",NA,"2041723776"
32.22375,-110.86894,1,"Trochilidae","Calypte anna",2017,1,29,"4fa7b334-ce0d-4e88-aaae-2e0c138d049e",NA,"2041713159"
32.22375,-110.86894,14,"Fringillidae","Spinus psaltria",2017,1,29,"4fa7b334-ce0d-4e88-aaae-2e0c138d049e",NA,"2041717019"
32.22372,-110.86895,4,"Fringillidae","Haemorhous mexicanus",2017,1,29,"4fa7b334-ce0d-4e88-aaae-2e0c138d049e",NA,"2035438484"
32.22372,-110.86895,1,"Parulidae","Setophaga coronata",2017,1,29,"4fa7b334-ce0d-4e88-aaae-2e0c138d049e",NA,"2030905104"
32.22372,-110.86895,2,"Corvidae","Corvus corax",2017,1,29,"4fa7b334-ce0d-4e88-aaae-2e0c138d049e",NA,"2035449845"
32.22372,-110.86895,1,"Regulidae","Regulus calendula",2017,1,29,"4fa7b334-ce0d-4e88-aaae-2e0c138d049e",NA,"2036978004"
32.22372,-110.86895,5,"Fringillidae","Spinus psaltria",2017,1,29,"4fa7b334-ce0d-4e88-aaae-2e0c138d049e",NA,"2035433271"
32.22372,-110.86895,1,"Columbidae","Zenaida macroura",2017,1,29,"4fa7b334-ce0d-4e88-aaae-2e0c138d049e",NA,"2035435197"
32.22372,-110.86895,1,"Trochilidae","Calypte anna",2017,1,29,"4fa7b334-ce0d-4e88-aaae-2e0c138d049e",NA,"2030901696"
32.22372,-110.86895,1,"Accipitridae","Accipiter striatus",2017,1,29,"4fa7b334-ce0d-4e88-aaae-2e0c138d049e",NA,"2035437872"
32.222168,-110.87402,1,"Falconidae","Falco peregrinus",2017,6,30,"4fa7b334-ce0d-4e88-aaae-2e0c138d049e",NA,"2078358277"
32.227235,-110.86369,NA,"Emberizidae","Zonotrichia leucophrys",2017,2,12,"50c9509d-22c7-4a22-a47d-8c48425ef4a7","iNaturalist research-grade observations","1703187988"
