"decimalLatitude","decimalLongitude","individualCount","family","species","year","month","day","datasetKey","datasetName","gbifID","lifeStage"
32.221016,-110.97133,1,"Accipitridae","Accipiter cooperii",2021,1,22,"4fa7b334-ce0d-4e88-aaae-2e0c138d049e",NA,"3548833505",NA
32.21981,-110.97803,10,"Anatidae","Anas platyrhynchos",2021,2,21,"4fa7b334-ce0d-4e88-aaae-2e0c138d049e",NA,"3548381944",NA
32.21981,-110.97803,2,"Icteridae","Quiscalus mexicanus",2021,2,21,"4fa7b334-ce0d-4e88-aaae-2e0c138d049e",NA,"3558378894",NA
32.21981,-110.97803,1,"Mimidae","Toxostoma curvirostre",2021,2,21,"4fa7b334-ce0d-4e88-aaae-2e0c138d049e",NA,"3544083363",NA
32.21981,-110.97803,4,"Fringillidae","Haemorhous mexicanus",2021,2,21,"4fa7b334-ce0d-4e88-aaae-2e0c138d049e",NA,"3543303660",NA
32.21981,-110.97803,2,"Cuculidae","Geococcyx californianus",2021,2,21,"4fa7b334-ce0d-4e88-aaae-2e0c138d049e",NA,"3550499734",NA
32.21981,-110.97803,1,"Parulidae","Setophaga coronata",2021,2,21,"4fa7b334-ce0d-4e88-aaae-2e0c138d049e",NA,"3524912705",NA
32.21981,-110.97803,2,"Tyrannidae","Sayornis nigricans",2021,2,21,"4fa7b334-ce0d-4e88-aaae-2e0c138d049e",NA,"3525765599",NA
32.21981,-110.97803,1,"Ptilogonatidae","Phainopepla nitens",2021,2,21,"4fa7b334-ce0d-4e88-aaae-2e0c138d049e",NA,"3525388202",NA
32.21981,-110.97803,2,"Emberizidae","Melozone aberti",2021,2,21,"4fa7b334-ce0d-4e88-aaae-2e0c138d049e",NA,"3536284622",NA
32.21981,-110.97803,7,"Columbidae","Zenaida macroura",2021,2,21,"4fa7b334-ce0d-4e88-aaae-2e0c138d049e",NA,"3540340142",NA
32.21981,-110.97803,10,"Columbidae","Columba livia",2021,2,21,"4fa7b334-ce0d-4e88-aaae-2e0c138d049e",NA,"3551737806",NA
32.21981,-110.97803,18,"Emberizidae","Zonotrichia leucophrys",2021,2,21,"4fa7b334-ce0d-4e88-aaae-2e0c138d049e",NA,"3551664786",NA
32.21981,-110.97803,2,"Hirundinidae","Stelgidopteryx serripennis",2021,2,21,"4fa7b334-ce0d-4e88-aaae-2e0c138d049e",NA,"3555513251",NA
32.21981,-110.97803,1,"Accipitridae","Buteo jamaicensis",2021,2,21,"4fa7b334-ce0d-4e88-aaae-2e0c138d049e",NA,"3548010123",NA
32.21981,-110.97803,4,"Picidae","Melanerpes uropygialis",2021,2,21,"4fa7b334-ce0d-4e88-aaae-2e0c138d049e",NA,"3557726562",NA
32.21981,-110.97803,1,"Odontophoridae","Callipepla gambelii",2021,2,21,"4fa7b334-ce0d-4e88-aaae-2e0c138d049e",NA,"3517154466",NA
32.21981,-110.97803,2,"Polioptilidae","Polioptila melanura",2021,2,21,"4fa7b334-ce0d-4e88-aaae-2e0c138d049e",NA,"3522038758",NA
32.21981,-110.97803,1,"Falconidae","Falco sparverius",2021,2,21,"4fa7b334-ce0d-4e88-aaae-2e0c138d049e",NA,"3528816579",NA
32.21981,-110.97803,5,"Emberizidae","Passerculus sandwichensis",2021,2,21,"4fa7b334-ce0d-4e88-aaae-2e0c138d049e",NA,"3527002142",NA
32.21981,-110.97803,1,"Tyrannidae","Sayornis saya",2021,2,21,"4fa7b334-ce0d-4e88-aaae-2e0c138d049e",NA,"3545720640",NA
32.21981,-110.97803,1,"Troglodytidae","Campylorhynchus brunneicapillus",2021,2,21,"4fa7b334-ce0d-4e88-aaae-2e0c138d049e",NA,"3508307158",NA
32.21981,-110.97803,1,"Remizidae","Auriparus flaviceps",2021,2,21,"4fa7b334-ce0d-4e88-aaae-2e0c138d049e",NA,"3596513410",NA
32.21981,-110.97803,1,"Trochilidae","Calypte anna",2021,2,21,"4fa7b334-ce0d-4e88-aaae-2e0c138d049e",NA,"3592868343",NA
32.21981,-110.97803,7,"Scolopacidae","Calidris minutilla",2021,2,21,"4fa7b334-ce0d-4e88-aaae-2e0c138d049e",NA,"3605875584",NA
32.22423,-110.96805,5,"Columbidae","Columba livia",2021,3,7,"4fa7b334-ce0d-4e88-aaae-2e0c138d049e",NA,"3510818858",NA
32.22423,-110.96805,1,"Corvidae","Corvus corax",2021,3,7,"4fa7b334-ce0d-4e88-aaae-2e0c138d049e",NA,"3508607620",NA
32.22423,-110.96805,2,"Fringillidae","Haemorhous mexicanus",2021,3,7,"4fa7b334-ce0d-4e88-aaae-2e0c138d049e",NA,"3508687799",NA
32.22423,-110.96805,1,"Mimidae","Mimus polyglottos",2021,3,7,"4fa7b334-ce0d-4e88-aaae-2e0c138d049e",NA,"3508609178",NA
32.22423,-110.96805,1,"Mimidae","Toxostoma curvirostre",2021,3,7,"4fa7b334-ce0d-4e88-aaae-2e0c138d049e",NA,"3509442057",NA
32.22423,-110.96805,1,"Picidae","Melanerpes uropygialis",2021,3,7,"4fa7b334-ce0d-4e88-aaae-2e0c138d049e",NA,"3508319036",NA
32.22423,-110.96805,10,"Passeridae","Passer domesticus",2021,3,7,"4fa7b334-ce0d-4e88-aaae-2e0c138d049e",NA,"3510006959",NA
32.22423,-110.96805,2,"Fringillidae","Spinus psaltria",2021,3,7,"4fa7b334-ce0d-4e88-aaae-2e0c138d049e",NA,"3512877212",NA
32.22423,-110.96805,1,"Trochilidae","Calypte anna",2021,3,7,"4fa7b334-ce0d-4e88-aaae-2e0c138d049e",NA,"3514191418",NA
32.22423,-110.96805,1,"Tyrannidae","Pyrocephalus rubinus",2021,3,7,"4fa7b334-ce0d-4e88-aaae-2e0c138d049e",NA,"3518922898",NA
32.22423,-110.96805,2,"Remizidae","Auriparus flaviceps",2021,3,7,"4fa7b334-ce0d-4e88-aaae-2e0c138d049e",NA,"3518518671",NA
32.223038,-110.97384,1,"Tyrannidae","Pyrocephalus rubinus",2021,5,27,"4fa7b334-ce0d-4e88-aaae-2e0c138d049e",NA,"3569568915",NA
32.223038,-110.97384,1,"Accipitridae","Accipiter cooperii",2021,5,27,"4fa7b334-ce0d-4e88-aaae-2e0c138d049e",NA,"3567820392",NA
32.221992,-110.96917,2,"Falconidae","Falco peregrinus",2021,5,30,"4fa7b334-ce0d-4e88-aaae-2e0c138d049e",NA,"3680217259",NA
32.21725,-110.97128,4,"Picidae","Melanerpes uropygialis",2021,11,26,"4fa7b334-ce0d-4e88-aaae-2e0c138d049e",NA,"3556846813",NA
32.21725,-110.97128,1,"Tyrannidae","Pyrocephalus rubinus",2021,11,26,"4fa7b334-ce0d-4e88-aaae-2e0c138d049e",NA,"3556611824",NA
32.218346,-110.97493,3,"Corvidae","Corvus corax",2021,12,4,"4fa7b334-ce0d-4e88-aaae-2e0c138d049e",NA,"3611605852",NA
32.218346,-110.97493,3,"Icteridae","Quiscalus mexicanus",2021,12,4,"4fa7b334-ce0d-4e88-aaae-2e0c138d049e",NA,"3613535979",NA
32.218346,-110.97493,1,"Tyrannidae","Sayornis saya",2021,12,4,"4fa7b334-ce0d-4e88-aaae-2e0c138d049e",NA,"3623299415",NA
32.218346,-110.97493,5,"Odontophoridae","Callipepla gambelii",2021,12,4,"4fa7b334-ce0d-4e88-aaae-2e0c138d049e",NA,"3607637014",NA
32.218346,-110.97493,5,"Columbidae","Zenaida macroura",2021,12,4,"4fa7b334-ce0d-4e88-aaae-2e0c138d049e",NA,"3620885046",NA
32.217964,-110.972885,1,"Remizidae","Auriparus flaviceps",2021,12,14,"4fa7b334-ce0d-4e88-aaae-2e0c138d049e",NA,"3632815143",NA
32.217964,-110.972885,1,"Columbidae","Zenaida macroura",2021,12,14,"4fa7b334-ce0d-4e88-aaae-2e0c138d049e",NA,"3634513246",NA
32.217964,-110.972885,2,"Picidae","Melanerpes uropygialis",2021,12,14,"4fa7b334-ce0d-4e88-aaae-2e0c138d049e",NA,"3637050930",NA
32.217964,-110.972885,5,"Trochilidae","Calypte anna",2021,12,14,"4fa7b334-ce0d-4e88-aaae-2e0c138d049e",NA,"3638128625",NA
32.217964,-110.972885,1,"Accipitridae","Parabuteo unicinctus",2021,12,14,"4fa7b334-ce0d-4e88-aaae-2e0c138d049e",NA,"3652504467",NA
32.217964,-110.972885,1,"Remizidae","Auriparus flaviceps",2021,12,14,"4fa7b334-ce0d-4e88-aaae-2e0c138d049e",NA,"3685972311",NA
32.217964,-110.972885,1,"Columbidae","Zenaida macroura",2021,12,14,"4fa7b334-ce0d-4e88-aaae-2e0c138d049e",NA,"3686433223",NA
32.217964,-110.972885,2,"Picidae","Melanerpes uropygialis",2021,12,14,"4fa7b334-ce0d-4e88-aaae-2e0c138d049e",NA,"3688165373",NA
32.217964,-110.972885,5,"Trochilidae","Calypte anna",2021,12,14,"4fa7b334-ce0d-4e88-aaae-2e0c138d049e",NA,"3693129259",NA
32.217964,-110.972885,1,"Accipitridae","Parabuteo unicinctus",2021,12,14,"4fa7b334-ce0d-4e88-aaae-2e0c138d049e",NA,"3690299544",NA
32.217964,-110.972885,1,"Remizidae","Auriparus flaviceps",2021,12,14,"4fa7b334-ce0d-4e88-aaae-2e0c138d049e",NA,"3550194918",NA
32.217964,-110.972885,1,"Columbidae","Zenaida macroura",2021,12,14,"4fa7b334-ce0d-4e88-aaae-2e0c138d049e",NA,"3554518334",NA
32.217964,-110.972885,2,"Picidae","Melanerpes uropygialis",2021,12,14,"4fa7b334-ce0d-4e88-aaae-2e0c138d049e",NA,"3539990271",NA
32.217964,-110.972885,5,"Trochilidae","Calypte anna",2021,12,14,"4fa7b334-ce0d-4e88-aaae-2e0c138d049e",NA,"3545935223",NA
32.217964,-110.972885,1,"Accipitridae","Parabuteo unicinctus",2021,12,14,"4fa7b334-ce0d-4e88-aaae-2e0c138d049e",NA,"3554650100",NA
32.217964,-110.972885,1,"Remizidae","Auriparus flaviceps",2021,12,14,"4fa7b334-ce0d-4e88-aaae-2e0c138d049e",NA,"3559352970",NA
32.217964,-110.972885,1,"Columbidae","Zenaida macroura",2021,12,14,"4fa7b334-ce0d-4e88-aaae-2e0c138d049e",NA,"3553236007",NA
32.217964,-110.972885,2,"Picidae","Melanerpes uropygialis",2021,12,14,"4fa7b334-ce0d-4e88-aaae-2e0c138d049e",NA,"3562921262",NA
32.217964,-110.972885,5,"Trochilidae","Calypte anna",2021,12,14,"4fa7b334-ce0d-4e88-aaae-2e0c138d049e",NA,"3576530962",NA
32.217964,-110.972885,1,"Accipitridae","Parabuteo unicinctus",2021,12,14,"4fa7b334-ce0d-4e88-aaae-2e0c138d049e",NA,"3577463724",NA
32.222,-110.97323,8,"Fringillidae","Haemorhous mexicanus",2020,1,7,"4fa7b334-ce0d-4e88-aaae-2e0c138d049e",NA,"3220633292",NA
32.21837,-110.97098,1,"Tyrannidae","Pyrocephalus rubinus",2020,1,16,"4fa7b334-ce0d-4e88-aaae-2e0c138d049e",NA,"3135581237",NA
32.21837,-110.97098,4,"Fringillidae","Haemorhous mexicanus",2020,1,16,"4fa7b334-ce0d-4e88-aaae-2e0c138d049e",NA,"3133199227",NA
32.21837,-110.97098,8,"Columbidae","Columba livia",2020,1,16,"4fa7b334-ce0d-4e88-aaae-2e0c138d049e",NA,"3142196233",NA
32.21837,-110.97098,15,"Passeridae","Passer domesticus",2020,1,16,"4fa7b334-ce0d-4e88-aaae-2e0c138d049e",NA,"3145881161",NA
32.21837,-110.97098,1,"Trochilidae","Calypte costae",2020,1,16,"4fa7b334-ce0d-4e88-aaae-2e0c138d049e",NA,"3135629315",NA
32.2233,-110.96724,1,"Picidae","Dryobates scalaris",2020,2,5,"4fa7b334-ce0d-4e88-aaae-2e0c138d049e",NA,"3137074430",NA
32.22295,-110.97138,1,"Picidae","Melanerpes uropygialis",2020,2,13,"4fa7b334-ce0d-4e88-aaae-2e0c138d049e",NA,"3140919220",NA
32.22295,-110.97138,2,"Accipitridae","Buteo jamaicensis",2020,2,13,"4fa7b334-ce0d-4e88-aaae-2e0c138d049e",NA,"3151580245",NA
32.22295,-110.97138,1,"Remizidae","Auriparus flaviceps",2020,2,13,"4fa7b334-ce0d-4e88-aaae-2e0c138d049e",NA,"3143034104",NA
32.22295,-110.97138,100,"Columbidae","Columba livia",2020,2,13,"4fa7b334-ce0d-4e88-aaae-2e0c138d049e",NA,"3138546113",NA
32.22295,-110.97138,5,"Columbidae","Zenaida macroura",2020,2,13,"4fa7b334-ce0d-4e88-aaae-2e0c138d049e",NA,"3148126154",NA
32.22295,-110.97138,6,"Passeridae","Passer domesticus",2020,2,13,"4fa7b334-ce0d-4e88-aaae-2e0c138d049e",NA,"3136443224",NA
32.22295,-110.97138,3,"Fringillidae","Haemorhous mexicanus",2020,2,13,"4fa7b334-ce0d-4e88-aaae-2e0c138d049e",NA,"3135014274",NA
32.22295,-110.97138,3,"Icteridae","Quiscalus mexicanus",2020,2,13,"4fa7b334-ce0d-4e88-aaae-2e0c138d049e",NA,"3146163301",NA
32.22295,-110.97138,2,"Corvidae","Corvus corax",2020,2,13,"4fa7b334-ce0d-4e88-aaae-2e0c138d049e",NA,"3245463360",NA
32.220818,-110.979744,3,"Columbidae","Zenaida macroura",2020,2,22,"4fa7b334-ce0d-4e88-aaae-2e0c138d049e",NA,"3146348224",NA
32.221024,-110.97137,1,"Troglodytidae","Campylorhynchus brunneicapillus",2020,5,20,"4fa7b334-ce0d-4e88-aaae-2e0c138d049e",NA,"3232640603",NA
32.221024,-110.97137,1,"Trochilidae","Archilochus alexandri",2020,5,20,"4fa7b334-ce0d-4e88-aaae-2e0c138d049e",NA,"3236065408",NA
32.221024,-110.97137,1,"Corvidae","Corvus corax",2020,5,20,"4fa7b334-ce0d-4e88-aaae-2e0c138d049e",NA,"3231189627",NA
32.221024,-110.97137,1,"Cardinalidae","Pheucticus melanocephalus",2020,5,20,"4fa7b334-ce0d-4e88-aaae-2e0c138d049e",NA,"3229031540",NA
32.221024,-110.97137,1,"Columbidae","Columba livia",2020,5,20,"4fa7b334-ce0d-4e88-aaae-2e0c138d049e",NA,"3240843548",NA
32.221024,-110.97137,1,"Trochilidae","Calypte anna",2020,5,20,"4fa7b334-ce0d-4e88-aaae-2e0c138d049e",NA,"3252227565",NA
32.221024,-110.97137,1,"Picidae","Melanerpes uropygialis",2020,5,20,"4fa7b334-ce0d-4e88-aaae-2e0c138d049e",NA,"3231839606",NA
32.221024,-110.97137,1,"Columbidae","Zenaida macroura",2020,5,20,"4fa7b334-ce0d-4e88-aaae-2e0c138d049e",NA,"3233807623",NA
32.221024,-110.97137,1,"Fringillidae","Haemorhous mexicanus",2020,5,20,"4fa7b334-ce0d-4e88-aaae-2e0c138d049e",NA,"3242427646",NA
32.221024,-110.97137,1,"Columbidae","Zenaida asiatica",2020,5,20,"4fa7b334-ce0d-4e88-aaae-2e0c138d049e",NA,"3242854645",NA
32.221024,-110.97137,1,"Troglodytidae","Thryomanes bewickii",2020,5,20,"4fa7b334-ce0d-4e88-aaae-2e0c138d049e",NA,"3240153552",NA
32.221024,-110.97137,1,"Accipitridae","Buteo jamaicensis",2020,5,20,"4fa7b334-ce0d-4e88-aaae-2e0c138d049e",NA,"3231546484",NA
32.221024,-110.97137,1,"Passeridae","Passer domesticus",2020,5,20,"4fa7b334-ce0d-4e88-aaae-2e0c138d049e",NA,"3235224568",NA
32.221024,-110.97137,1,"Cardinalidae","Cardinalis sinuatus",2020,5,20,"4fa7b334-ce0d-4e88-aaae-2e0c138d049e",NA,"3233970506",NA
32.221024,-110.97137,1,"Picidae","Dryobates scalaris",2020,5,20,"4fa7b334-ce0d-4e88-aaae-2e0c138d049e",NA,"3239871502",NA
32.221024,-110.97137,1,"Fringillidae","Spinus psaltria",2020,5,20,"4fa7b334-ce0d-4e88-aaae-2e0c138d049e",NA,"3236695399",NA
32.221024,-110.97137,1,"Trochilidae","Cynanthus latirostris",2020,5,20,"4fa7b334-ce0d-4e88-aaae-2e0c138d049e",NA,"3240733388",NA
32.221024,-110.97137,1,"Troglodytidae","Campylorhynchus brunneicapillus",2020,5,20,"4fa7b334-ce0d-4e88-aaae-2e0c138d049e",NA,"3228088551",NA
32.221024,-110.97137,1,"Trochilidae","Archilochus alexandri",2020,5,20,"4fa7b334-ce0d-4e88-aaae-2e0c138d049e",NA,"3227251588",NA
32.221024,-110.97137,1,"Corvidae","Corvus corax",2020,5,20,"4fa7b334-ce0d-4e88-aaae-2e0c138d049e",NA,"3289267019",NA
32.221024,-110.97137,1,"Cardinalidae","Pheucticus melanocephalus",2020,5,20,"4fa7b334-ce0d-4e88-aaae-2e0c138d049e",NA,"3229724694",NA
32.221024,-110.97137,1,"Columbidae","Columba livia",2020,5,20,"4fa7b334-ce0d-4e88-aaae-2e0c138d049e",NA,"3233848469",NA
32.221024,-110.97137,1,"Trochilidae","Calypte anna",2020,5,20,"4fa7b334-ce0d-4e88-aaae-2e0c138d049e",NA,"3229413575",NA
32.221024,-110.97137,1,"Picidae","Melanerpes uropygialis",2020,5,20,"4fa7b334-ce0d-4e88-aaae-2e0c138d049e",NA,"3234483635",NA
32.221024,-110.97137,1,"Columbidae","Zenaida macroura",2020,5,20,"4fa7b334-ce0d-4e88-aaae-2e0c138d049e",NA,"3238888750",NA
32.221024,-110.97137,1,"Fringillidae","Haemorhous mexicanus",2020,5,20,"4fa7b334-ce0d-4e88-aaae-2e0c138d049e",NA,"3233328619",NA
32.221024,-110.97137,1,"Columbidae","Zenaida asiatica",2020,5,20,"4fa7b334-ce0d-4e88-aaae-2e0c138d049e",NA,"3232368711",NA
32.221024,-110.97137,1,"Troglodytidae","Thryomanes bewickii",2020,5,20,"4fa7b334-ce0d-4e88-aaae-2e0c138d049e",NA,"3234976797",NA
32.221024,-110.97137,1,"Accipitridae","Buteo jamaicensis",2020,5,20,"4fa7b334-ce0d-4e88-aaae-2e0c138d049e",NA,"3229802860",NA
32.221024,-110.97137,1,"Passeridae","Passer domesticus",2020,5,20,"4fa7b334-ce0d-4e88-aaae-2e0c138d049e",NA,"3234139887",NA
32.221024,-110.97137,1,"Cardinalidae","Cardinalis sinuatus",2020,5,20,"4fa7b334-ce0d-4e88-aaae-2e0c138d049e",NA,"3242507816",NA
32.221024,-110.97137,1,"Picidae","Dryobates scalaris",2020,5,20,"4fa7b334-ce0d-4e88-aaae-2e0c138d049e",NA,"3241402733",NA
32.221024,-110.97137,1,"Fringillidae","Spinus psaltria",2020,5,20,"4fa7b334-ce0d-4e88-aaae-2e0c138d049e",NA,"3236826818",NA
32.221024,-110.97137,1,"Trochilidae","Cynanthus latirostris",2020,5,20,"4fa7b334-ce0d-4e88-aaae-2e0c138d049e",NA,"3230331770",NA
32.227684,-110.96768,1,"Accipitridae","Buteo jamaicensis",2020,7,2,"4fa7b334-ce0d-4e88-aaae-2e0c138d049e",NA,"3173372683",NA
32.227684,-110.96768,2,"Columbidae","Columba livia",2020,7,2,"4fa7b334-ce0d-4e88-aaae-2e0c138d049e",NA,"3184347742",NA
32.22336,-110.973595,5,"Columbidae","Columba livia",2019,1,3,"4fa7b334-ce0d-4e88-aaae-2e0c138d049e",NA,"2737550727",NA
32.22336,-110.973595,1,"Tyrannidae","Pyrocephalus rubinus",2019,1,3,"4fa7b334-ce0d-4e88-aaae-2e0c138d049e",NA,"2736032748",NA
32.22336,-110.973595,2,"Fringillidae","Haemorhous mexicanus",2019,1,3,"4fa7b334-ce0d-4e88-aaae-2e0c138d049e",NA,"2739244757",NA
32.222458,-110.97656,1,"Trochilidae","Calypte anna",2019,1,23,"4fa7b334-ce0d-4e88-aaae-2e0c138d049e",NA,"2758444691",NA
32.222458,-110.97656,1,"Falconidae","Falco sparverius",2019,1,23,"4fa7b334-ce0d-4e88-aaae-2e0c138d049e",NA,"2777918744",NA
32.222458,-110.97656,1,"Fringillidae","Haemorhous mexicanus",2019,1,23,"4fa7b334-ce0d-4e88-aaae-2e0c138d049e",NA,"2754618830",NA
32.222458,-110.97656,1,"Remizidae","Auriparus flaviceps",2019,1,23,"4fa7b334-ce0d-4e88-aaae-2e0c138d049e",NA,"2760299796",NA
32.222458,-110.97656,1,"Fringillidae","Spinus psaltria",2019,1,23,"4fa7b334-ce0d-4e88-aaae-2e0c138d049e",NA,"2743449924",NA
32.222458,-110.97656,1,"Trochilidae","Calypte costae",2019,1,23,"4fa7b334-ce0d-4e88-aaae-2e0c138d049e",NA,"2678375934",NA
32.222458,-110.97656,1,"Trochilidae","Cynanthus latirostris",2019,1,23,"4fa7b334-ce0d-4e88-aaae-2e0c138d049e",NA,"2675696881",NA
32.222458,-110.97656,4,"Columbidae","Zenaida macroura",2019,1,23,"4fa7b334-ce0d-4e88-aaae-2e0c138d049e",NA,"2677362687",NA
32.22295,-110.97138,2,"Cuculidae","Geococcyx californianus",2019,2,12,"4fa7b334-ce0d-4e88-aaae-2e0c138d049e",NA,"2657609535",NA
32.22295,-110.97138,1,"Passeridae","Passer domesticus",2019,2,12,"4fa7b334-ce0d-4e88-aaae-2e0c138d049e",NA,"2657899508",NA
32.22295,-110.97138,1,"Columbidae","Columba livia",2019,2,12,"4fa7b334-ce0d-4e88-aaae-2e0c138d049e",NA,"2666768582",NA
32.22295,-110.97138,1,"Columbidae","Zenaida macroura",2019,2,12,"4fa7b334-ce0d-4e88-aaae-2e0c138d049e",NA,"2658255581",NA
32.221863,-110.97122,1,"Falconidae","Falco peregrinus",2019,2,21,"4fa7b334-ce0d-4e88-aaae-2e0c138d049e",NA,"2728983478",NA
32.225067,-110.97169,1,"Fringillidae","Haemorhous mexicanus",2019,2,25,"4fa7b334-ce0d-4e88-aaae-2e0c138d049e",NA,"2669495556",NA
32.225067,-110.97169,2,"Columbidae","Columba livia",2019,2,25,"4fa7b334-ce0d-4e88-aaae-2e0c138d049e",NA,"2665584651",NA
32.225067,-110.97169,1,"Accipitridae","Accipiter cooperii",2019,2,25,"4fa7b334-ce0d-4e88-aaae-2e0c138d049e",NA,"2660727764",NA
32.227676,-110.96999,1,"Columbidae","Streptopelia decaocto",2019,2,24,"4fa7b334-ce0d-4e88-aaae-2e0c138d049e",NA,"2760843683",NA
32.222065,-110.96724,2,"Columbidae","Zenaida macroura",2019,4,5,"4fa7b334-ce0d-4e88-aaae-2e0c138d049e",NA,"2663507907",NA
32.222065,-110.96724,13,"Columbidae","Columba livia",2019,4,5,"4fa7b334-ce0d-4e88-aaae-2e0c138d049e",NA,"2678397888",NA
32.222107,-110.97107,17,"Columbidae","Columba livia",2019,4,7,"4fa7b334-ce0d-4e88-aaae-2e0c138d049e",NA,"2747691837",NA
32.222107,-110.97107,1,"Accipitridae","Accipiter cooperii",2019,4,7,"4fa7b334-ce0d-4e88-aaae-2e0c138d049e",NA,"2752523787",NA
32.221863,-110.97122,2,"Columbidae","Zenaida macroura",2019,4,11,"4fa7b334-ce0d-4e88-aaae-2e0c138d049e",NA,"2666380841",NA
32.221863,-110.97122,1,"Remizidae","Auriparus flaviceps",2019,4,11,"4fa7b334-ce0d-4e88-aaae-2e0c138d049e",NA,"2675669983",NA
32.221863,-110.97122,2,"Icteridae","Quiscalus mexicanus",2019,4,11,"4fa7b334-ce0d-4e88-aaae-2e0c138d049e",NA,"2673667892",NA
32.221863,-110.97122,28,"Columbidae","Columba livia",2019,4,11,"4fa7b334-ce0d-4e88-aaae-2e0c138d049e",NA,"2669119984",NA
32.221863,-110.97122,1,"Trochilidae","Archilochus alexandri",2019,4,11,"4fa7b334-ce0d-4e88-aaae-2e0c138d049e",NA,"2664974850",NA
32.221863,-110.97122,1,"Fringillidae","Haemorhous mexicanus",2019,4,11,"4fa7b334-ce0d-4e88-aaae-2e0c138d049e",NA,"2681022782",NA
32.221863,-110.97122,1,"Columbidae","Zenaida asiatica",2019,4,17,"4fa7b334-ce0d-4e88-aaae-2e0c138d049e",NA,"2668024598",NA
32.221863,-110.97122,21,"Columbidae","Columba livia",2019,4,17,"4fa7b334-ce0d-4e88-aaae-2e0c138d049e",NA,"2666415707",NA
32.221863,-110.97122,3,"Passeridae","Passer domesticus",2019,4,17,"4fa7b334-ce0d-4e88-aaae-2e0c138d049e",NA,"2666045708",NA
32.221863,-110.97122,1,"Columbidae","Zenaida macroura",2019,4,17,"4fa7b334-ce0d-4e88-aaae-2e0c138d049e",NA,"2681693677",NA
32.222267,-110.977104,1,"Picidae","Melanerpes uropygialis",2019,4,22,"4fa7b334-ce0d-4e88-aaae-2e0c138d049e",NA,"2732011130",NA
32.222267,-110.977104,4,"Columbidae","Zenaida macroura",2019,4,22,"4fa7b334-ce0d-4e88-aaae-2e0c138d049e",NA,"2732660098",NA
32.222267,-110.977104,1,"Columbidae","Columba livia",2019,4,22,"4fa7b334-ce0d-4e88-aaae-2e0c138d049e",NA,"2731570944",NA
32.222267,-110.977104,2,"Fringillidae","Haemorhous mexicanus",2019,4,22,"4fa7b334-ce0d-4e88-aaae-2e0c138d049e",NA,"2733632086",NA
32.222267,-110.977104,1,"Remizidae","Auriparus flaviceps",2019,4,22,"4fa7b334-ce0d-4e88-aaae-2e0c138d049e",NA,"2746078938",NA
32.222267,-110.977104,6,"Passeridae","Passer domesticus",2019,4,22,"4fa7b334-ce0d-4e88-aaae-2e0c138d049e",NA,"2746868853",NA
32.221863,-110.97122,2,"Fringillidae","Haemorhous mexicanus",2019,4,25,"4fa7b334-ce0d-4e88-aaae-2e0c138d049e",NA,"2747705219",NA
32.221863,-110.97122,1,"Remizidae","Auriparus flaviceps",2019,4,25,"4fa7b334-ce0d-4e88-aaae-2e0c138d049e",NA,"2747621304",NA
32.221863,-110.97122,2,"Columbidae","Zenaida asiatica",2019,4,25,"4fa7b334-ce0d-4e88-aaae-2e0c138d049e",NA,"2741832292",NA
32.221863,-110.97122,1,"Columbidae","Zenaida macroura",2019,4,25,"4fa7b334-ce0d-4e88-aaae-2e0c138d049e",NA,"2743290300",NA
32.221863,-110.97122,2,"Icteridae","Quiscalus mexicanus",2019,4,25,"4fa7b334-ce0d-4e88-aaae-2e0c138d049e",NA,"2743865314",NA
32.221863,-110.97122,1,"Falconidae","Falco peregrinus",2019,4,25,"4fa7b334-ce0d-4e88-aaae-2e0c138d049e",NA,"2743212521",NA
32.221863,-110.97122,11,"Columbidae","Columba livia",2019,4,25,"4fa7b334-ce0d-4e88-aaae-2e0c138d049e",NA,"2737704443",NA
32.221863,-110.97122,1,"Picidae","Melanerpes uropygialis",2019,4,25,"4fa7b334-ce0d-4e88-aaae-2e0c138d049e",NA,"2737368541",NA
32.221863,-110.97122,8,"Passeridae","Passer domesticus",2019,4,25,"4fa7b334-ce0d-4e88-aaae-2e0c138d049e",NA,"2742293185",NA
32.222336,-110.97716,1,"Columbidae","Zenaida asiatica",2019,4,29,"4fa7b334-ce0d-4e88-aaae-2e0c138d049e",NA,"2745466511",NA
32.222336,-110.97716,1,"Fringillidae","Spinus psaltria",2019,4,29,"4fa7b334-ce0d-4e88-aaae-2e0c138d049e",NA,"2742733515",NA
32.222336,-110.97716,1,"Columbidae","Columba livia",2019,4,29,"4fa7b334-ce0d-4e88-aaae-2e0c138d049e",NA,"2737843639",NA
32.222336,-110.97716,1,"Columbidae","Zenaida macroura",2019,4,29,"4fa7b334-ce0d-4e88-aaae-2e0c138d049e",NA,"2732821753",NA
32.222336,-110.97716,1,"Fringillidae","Haemorhous mexicanus",2019,4,29,"4fa7b334-ce0d-4e88-aaae-2e0c138d049e",NA,"2733618705",NA
32.222435,-110.978065,1,"Columbidae","Zenaida macroura",2019,5,7,"4fa7b334-ce0d-4e88-aaae-2e0c138d049e",NA,"2748182447",NA
32.222435,-110.978065,3,"Picidae","Melanerpes uropygialis",2019,5,7,"4fa7b334-ce0d-4e88-aaae-2e0c138d049e",NA,"2770824390",NA
32.222435,-110.978065,2,"Fringillidae","Haemorhous mexicanus",2019,5,7,"4fa7b334-ce0d-4e88-aaae-2e0c138d049e",NA,"2750852458",NA
32.222435,-110.978065,9,"Passeridae","Passer domesticus",2019,5,7,"4fa7b334-ce0d-4e88-aaae-2e0c138d049e",NA,"2735641478",NA
32.222435,-110.978065,1,"Columbidae","Zenaida asiatica",2019,5,7,"4fa7b334-ce0d-4e88-aaae-2e0c138d049e",NA,"2768592531",NA
32.222435,-110.978065,1,"Remizidae","Auriparus flaviceps",2019,5,7,"4fa7b334-ce0d-4e88-aaae-2e0c138d049e",NA,"2767446648",NA
32.222267,-110.977104,1,"Columbidae","Zenaida macroura",2019,5,20,"4fa7b334-ce0d-4e88-aaae-2e0c138d049e",NA,"2774237646",NA
32.222267,-110.977104,2,"Tyrannidae","Pyrocephalus rubinus",2019,5,20,"4fa7b334-ce0d-4e88-aaae-2e0c138d049e",NA,"2773014692",NA
32.222267,-110.977104,1,"Remizidae","Auriparus flaviceps",2019,5,20,"4fa7b334-ce0d-4e88-aaae-2e0c138d049e",NA,"2772095660",NA
32.222267,-110.977104,10,"Passeridae","Passer domesticus",2019,5,20,"4fa7b334-ce0d-4e88-aaae-2e0c138d049e",NA,"2770373581",NA
32.222267,-110.977104,2,"Columbidae","Zenaida asiatica",2019,5,20,"4fa7b334-ce0d-4e88-aaae-2e0c138d049e",NA,"2774629587",NA
32.222267,-110.977104,1,"Trochilidae","Calypte anna",2019,5,20,"4fa7b334-ce0d-4e88-aaae-2e0c138d049e",NA,"2772425660",NA
32.222267,-110.977104,5,"Fringillidae","Haemorhous mexicanus",2019,5,20,"4fa7b334-ce0d-4e88-aaae-2e0c138d049e",NA,"2772407502",NA
32.222267,-110.977104,2,"Fringillidae","Haemorhous mexicanus",2019,5,21,"4fa7b334-ce0d-4e88-aaae-2e0c138d049e",NA,"2763410296",NA
32.222267,-110.977104,2,"Columbidae","Zenaida asiatica",2019,5,21,"4fa7b334-ce0d-4e88-aaae-2e0c138d049e",NA,"2768263159",NA
32.222267,-110.977104,11,"Passeridae","Passer domesticus",2019,5,21,"4fa7b334-ce0d-4e88-aaae-2e0c138d049e",NA,"2783408382",NA
32.222267,-110.977104,1,"Picidae","Melanerpes uropygialis",2019,5,21,"4fa7b334-ce0d-4e88-aaae-2e0c138d049e",NA,"2762778459",NA
32.222267,-110.977104,1,"Picidae","Melanerpes uropygialis",2019,5,23,"4fa7b334-ce0d-4e88-aaae-2e0c138d049e",NA,"2679379143",NA
32.222267,-110.977104,9,"Passeridae","Passer domesticus",2019,5,23,"4fa7b334-ce0d-4e88-aaae-2e0c138d049e",NA,"2687222149",NA
32.222267,-110.977104,2,"Fringillidae","Haemorhous mexicanus",2019,5,23,"4fa7b334-ce0d-4e88-aaae-2e0c138d049e",NA,"2691707308",NA
32.222267,-110.977104,2,"Remizidae","Auriparus flaviceps",2019,5,23,"4fa7b334-ce0d-4e88-aaae-2e0c138d049e",NA,"2678690264",NA
32.222267,-110.977104,2,"Tyrannidae","Pyrocephalus rubinus",2019,5,23,"4fa7b334-ce0d-4e88-aaae-2e0c138d049e",NA,"2697101347",NA
32.222267,-110.977104,1,"Columbidae","Zenaida macroura",2019,5,23,"4fa7b334-ce0d-4e88-aaae-2e0c138d049e",NA,"2679912306",NA
32.222267,-110.977104,3,"Columbidae","Zenaida asiatica",2019,5,23,"4fa7b334-ce0d-4e88-aaae-2e0c138d049e",NA,"2681631325",NA
32.222267,-110.977104,2,"Tyrannidae","Pyrocephalus rubinus",2019,5,30,"4fa7b334-ce0d-4e88-aaae-2e0c138d049e",NA,"2763576152",NA
32.222267,-110.977104,2,"Picidae","Melanerpes uropygialis",2019,5,30,"4fa7b334-ce0d-4e88-aaae-2e0c138d049e",NA,"2770827221",NA
32.222267,-110.977104,10,"Passeridae","Passer domesticus",2019,5,30,"4fa7b334-ce0d-4e88-aaae-2e0c138d049e",NA,"2780205229",NA
32.222267,-110.977104,3,"Fringillidae","Haemorhous mexicanus",2019,5,30,"4fa7b334-ce0d-4e88-aaae-2e0c138d049e",NA,"2767551122",NA
32.222267,-110.977104,1,"Remizidae","Auriparus flaviceps",2019,5,30,"4fa7b334-ce0d-4e88-aaae-2e0c138d049e",NA,"2796575162",NA
32.222267,-110.977104,3,"Columbidae","Zenaida asiatica",2019,5,30,"4fa7b334-ce0d-4e88-aaae-2e0c138d049e",NA,"2798014144",NA
32.22591,-110.970505,1,"Remizidae","Auriparus flaviceps",2019,8,9,"4fa7b334-ce0d-4e88-aaae-2e0c138d049e",NA,"2796799198",NA
32.223167,-110.9738,3,"Passeridae","Passer domesticus",2019,9,30,"4fa7b334-ce0d-4e88-aaae-2e0c138d049e",NA,"2778349541",NA
32.223167,-110.9738,4,"Fringillidae","Haemorhous mexicanus",2019,9,30,"4fa7b334-ce0d-4e88-aaae-2e0c138d049e",NA,"2781232271",NA
32.219387,-110.97949,1,"Falconidae","Falco peregrinus",2019,10,14,"4fa7b334-ce0d-4e88-aaae-2e0c138d049e",NA,"2714946871",NA
32.219387,-110.97949,15,"Columbidae","Columba livia",2019,10,14,"4fa7b334-ce0d-4e88-aaae-2e0c138d049e",NA,"2710738852",NA
32.219387,-110.97949,1,"Accipitridae","Accipiter cooperii",2019,10,14,"4fa7b334-ce0d-4e88-aaae-2e0c138d049e",NA,"2715570640",NA
32.220592,-110.97958,1,"Tyrannidae","Pyrocephalus rubinus",2019,12,28,"4fa7b334-ce0d-4e88-aaae-2e0c138d049e",NA,"2799235554",NA
32.223293,-110.973854,2,"Columbidae","Zenaida macroura",2018,1,24,"4fa7b334-ce0d-4e88-aaae-2e0c138d049e",NA,"2107996040",NA
32.223293,-110.973854,10,"Passeridae","Passer domesticus",2018,1,24,"4fa7b334-ce0d-4e88-aaae-2e0c138d049e",NA,"2132149494",NA
32.223293,-110.973854,2,"Fringillidae","Spinus psaltria",2018,1,24,"4fa7b334-ce0d-4e88-aaae-2e0c138d049e",NA,"2107998465",NA
32.223293,-110.973854,4,"Fringillidae","Haemorhous mexicanus",2018,1,24,"4fa7b334-ce0d-4e88-aaae-2e0c138d049e",NA,"2122110169",NA
32.223293,-110.973854,2,"Sturnidae","Sturnus vulgaris",2018,1,24,"4fa7b334-ce0d-4e88-aaae-2e0c138d049e",NA,"2108028654",NA
32.223293,-110.973854,1,"Picidae","Melanerpes uropygialis",2018,1,24,"4fa7b334-ce0d-4e88-aaae-2e0c138d049e",NA,"2123886094",NA
32.22744,-110.968506,1,"Tyrannidae","Pyrocephalus rubinus",2018,3,31,"4fa7b334-ce0d-4e88-aaae-2e0c138d049e",NA,"2130915575",NA
32.221497,-110.97176,2,"Falconidae","Falco peregrinus",2018,4,11,"4fa7b334-ce0d-4e88-aaae-2e0c138d049e",NA,"2132205915",NA
32.221497,-110.97176,1,"Falconidae","Falco peregrinus",2018,4,12,"4fa7b334-ce0d-4e88-aaae-2e0c138d049e",NA,"2156860111",NA
32.22207,-110.96837,1,"Columbidae","Zenaida asiatica",2018,4,15,"4fa7b334-ce0d-4e88-aaae-2e0c138d049e",NA,"2134429290",NA
32.22207,-110.96837,8,"Passeridae","Passer domesticus",2018,4,15,"4fa7b334-ce0d-4e88-aaae-2e0c138d049e",NA,"2134435057",NA
32.22207,-110.96837,15,"Columbidae","Columba livia",2018,4,15,"4fa7b334-ce0d-4e88-aaae-2e0c138d049e",NA,"2150993702",NA
32.221497,-110.97176,2,"Falconidae","Falco peregrinus",2018,4,18,"4fa7b334-ce0d-4e88-aaae-2e0c138d049e",NA,"2159979062",NA
32.221863,-110.97122,1,"Falconidae","Falco peregrinus",2018,5,1,"4fa7b334-ce0d-4e88-aaae-2e0c138d049e",NA,"2165711157",NA
32.221497,-110.97176,1,"Falconidae","Falco peregrinus",2018,5,2,"4fa7b334-ce0d-4e88-aaae-2e0c138d049e",NA,"2154817744",NA
32.223114,-110.97061,1,"Falconidae","Falco peregrinus",2018,5,30,"4fa7b334-ce0d-4e88-aaae-2e0c138d049e",NA,"2801215943",NA
32.221497,-110.97176,4,"Falconidae","Falco peregrinus",2018,6,4,"4fa7b334-ce0d-4e88-aaae-2e0c138d049e",NA,"2175421268",NA
32.221497,-110.97176,4,"Falconidae","Falco peregrinus",2018,6,8,"4fa7b334-ce0d-4e88-aaae-2e0c138d049e",NA,"2183890513",NA
32.221863,-110.97122,1,"Columbidae","Columba livia",2018,7,6,"4fa7b334-ce0d-4e88-aaae-2e0c138d049e",NA,"2180415362",NA
32.221863,-110.97122,2,"Icteridae","Quiscalus mexicanus",2018,7,6,"4fa7b334-ce0d-4e88-aaae-2e0c138d049e",NA,"2192163881",NA
32.22372,-110.9701,5,"Icteridae","Quiscalus mexicanus",2018,8,23,"4fa7b334-ce0d-4e88-aaae-2e0c138d049e",NA,"2180727365",NA
32.223167,-110.9738,1,"Picidae","Melanerpes uropygialis",2017,1,13,"4fa7b334-ce0d-4e88-aaae-2e0c138d049e",NA,"2030237261",NA
32.223167,-110.9738,1,"Passeridae","Passer domesticus",2017,1,13,"4fa7b334-ce0d-4e88-aaae-2e0c138d049e",NA,"2034607245",NA
32.223167,-110.9738,1,"Accipitridae","Buteo jamaicensis",2017,1,13,"4fa7b334-ce0d-4e88-aaae-2e0c138d049e",NA,"2034607260",NA
32.223167,-110.9738,3,"Columbidae","Columba livia",2017,1,13,"4fa7b334-ce0d-4e88-aaae-2e0c138d049e",NA,"2038761989",NA
32.223167,-110.9738,2,"Remizidae","Auriparus flaviceps",2017,1,13,"4fa7b334-ce0d-4e88-aaae-2e0c138d049e",NA,"2030237256",NA
32.223167,-110.9738,1,"Parulidae","Setophaga coronata",2017,1,13,"4fa7b334-ce0d-4e88-aaae-2e0c138d049e",NA,"2033360095",NA
32.227688,-110.97172,1,"Falconidae","Falco peregrinus",2017,1,27,"4fa7b334-ce0d-4e88-aaae-2e0c138d049e",NA,"2031091025",NA
32.22186,-110.96983,NA,"Fringillidae","Haemorhous mexicanus",2017,1,15,"4fa7b334-ce0d-4e88-aaae-2e0c138d049e",NA,"2765392539",NA
32.22186,-110.96983,NA,"Columbidae","Columba livia",2017,1,15,"4fa7b334-ce0d-4e88-aaae-2e0c138d049e",NA,"2772141162",NA
32.22186,-110.96983,NA,"Passeridae","Passer domesticus",2017,1,15,"4fa7b334-ce0d-4e88-aaae-2e0c138d049e",NA,"2687597233",NA
32.22186,-110.96983,NA,"Parulidae","Setophaga coronata",2017,1,15,"4fa7b334-ce0d-4e88-aaae-2e0c138d049e",NA,"2702226250",NA
32.22186,-110.96983,NA,"Columbidae","Streptopelia decaocto",2017,1,15,"4fa7b334-ce0d-4e88-aaae-2e0c138d049e",NA,"2715848149",NA
32.221817,-110.971405,NA,"Ptilogonatidae","Phainopepla nitens",2017,2,10,"4fa7b334-ce0d-4e88-aaae-2e0c138d049e",NA,"3608869467",NA
32.221817,-110.971405,NA,"Fringillidae","Haemorhous mexicanus",2017,2,10,"4fa7b334-ce0d-4e88-aaae-2e0c138d049e",NA,"3613510325",NA
32.221817,-110.971405,NA,"Accipitridae","Parabuteo unicinctus",2017,2,10,"4fa7b334-ce0d-4e88-aaae-2e0c138d049e",NA,"3609039667",NA
32.221817,-110.971405,NA,"Columbidae","Columba livia",2017,2,10,"4fa7b334-ce0d-4e88-aaae-2e0c138d049e",NA,"3637009800",NA
32.221817,-110.971405,NA,"Passeridae","Passer domesticus",2017,2,11,"4fa7b334-ce0d-4e88-aaae-2e0c138d049e",NA,"3562171075",NA
32.221817,-110.971405,NA,"Sturnidae","Sturnus vulgaris",2017,2,11,"4fa7b334-ce0d-4e88-aaae-2e0c138d049e",NA,"3576615783",NA
32.221817,-110.971405,NA,"Columbidae","Zenaida macroura",2017,2,11,"4fa7b334-ce0d-4e88-aaae-2e0c138d049e",NA,"3579015109",NA
32.221817,-110.971405,NA,"Icteridae","Quiscalus mexicanus",2017,2,12,"4fa7b334-ce0d-4e88-aaae-2e0c138d049e",NA,"3541903619",NA
32.221817,-110.971405,1,"Remizidae","Auriparus flaviceps",2017,2,12,"4fa7b334-ce0d-4e88-aaae-2e0c138d049e",NA,"3557441967",NA
32.221333,-110.973076,8,"Columbidae","Columba livia",2017,3,3,"4fa7b334-ce0d-4e88-aaae-2e0c138d049e",NA,"2049567146",NA
32.21818,-110.97291,2,"Fringillidae","Haemorhous mexicanus",2017,4,14,"4fa7b334-ce0d-4e88-aaae-2e0c138d049e",NA,"2060455014",NA
32.21818,-110.97291,2,"Sturnidae","Sturnus vulgaris",2017,4,14,"4fa7b334-ce0d-4e88-aaae-2e0c138d049e",NA,"2054869697",NA
32.21818,-110.97291,2,"Columbidae","Columba livia",2017,4,14,"4fa7b334-ce0d-4e88-aaae-2e0c138d049e",NA,"2060446484",NA
32.21818,-110.97291,1,"Tyrannidae","Pyrocephalus rubinus",2017,4,14,"4fa7b334-ce0d-4e88-aaae-2e0c138d049e",NA,"2054873738",NA
32.21818,-110.97291,5,"Passeridae","Passer domesticus",2017,4,14,"4fa7b334-ce0d-4e88-aaae-2e0c138d049e",NA,"2054104346",NA
32.21818,-110.97291,1,"Picidae","Melanerpes uropygialis",2017,4,14,"4fa7b334-ce0d-4e88-aaae-2e0c138d049e",NA,"2054868297",NA
32.22216,-110.970436,1,"Falconidae","Falco peregrinus",2017,5,12,"4fa7b334-ce0d-4e88-aaae-2e0c138d049e",NA,"2064313299",NA
32.22216,-110.970436,1,"Falconidae","Falco peregrinus",2017,5,12,"4fa7b334-ce0d-4e88-aaae-2e0c138d049e",NA,"2132277984",NA
32.2247,-110.96876,30,"Columbidae","Columba livia",2017,11,1,"4fa7b334-ce0d-4e88-aaae-2e0c138d049e",NA,"2109683675",NA
32.223053,-110.97209,1,"Falconidae","Falco peregrinus",2017,12,30,"4fa7b334-ce0d-4e88-aaae-2e0c138d049e",NA,"2115673737",NA
32.222607,-110.974711,NA,"Ptilogonatidae","Phainopepla nitens",2021,2,1,"50c9509d-22c7-4a22-a47d-8c48425ef4a7","iNaturalist research-grade observations","3070595869",NA
32.222441,-110.974711,NA,"Accipitridae","Accipiter cooperii",2021,3,4,"50c9509d-22c7-4a22-a47d-8c48425ef4a7","iNaturalist research-grade observations","3059132728",NA
32.222607,-110.974711,NA,"Columbidae","Zenaida asiatica",2021,5,15,"50c9509d-22c7-4a22-a47d-8c48425ef4a7","iNaturalist research-grade observations","3117823946",NA
32.218708,-110.978783,NA,"Anatidae","Aix sponsa",2021,5,20,"50c9509d-22c7-4a22-a47d-8c48425ef4a7","iNaturalist research-grade observations","3124718936",NA
32.222607,-110.974711,NA,"Cuculidae","Geococcyx californianus",2021,6,18,"50c9509d-22c7-4a22-a47d-8c48425ef4a7","iNaturalist research-grade observations","3314192677",NA
32.222607,-110.974711,NA,"Tyrannidae","Pyrocephalus rubinus",2021,6,18,"50c9509d-22c7-4a22-a47d-8c48425ef4a7","iNaturalist research-grade observations","3314155639",NA
32.223009,-110.974711,NA,"Columbidae","Streptopelia decaocto",2021,6,20,"50c9509d-22c7-4a22-a47d-8c48425ef4a7","iNaturalist research-grade observations","3391512962","Adult"
32.222441,-110.974711,NA,"Emberizidae","Melozone fusca",2021,7,28,"50c9509d-22c7-4a22-a47d-8c48425ef4a7","iNaturalist research-grade observations","3335124201",NA
32.222607,-110.974711,NA,"Odontophoridae","Callipepla gambelii",2021,7,6,"50c9509d-22c7-4a22-a47d-8c48425ef4a7","iNaturalist research-grade observations","3337590066",NA
32.222441,-110.974711,NA,"Emberizidae","Melozone fusca",2021,7,28,"50c9509d-22c7-4a22-a47d-8c48425ef4a7","iNaturalist research-grade observations","3338065991",NA
32.222441,-110.974711,NA,"Icteridae","Quiscalus mexicanus",2021,7,26,"50c9509d-22c7-4a22-a47d-8c48425ef4a7","iNaturalist research-grade observations","3337760881",NA
32.222441,-110.974711,NA,"Phalacrocoracidae","Phalacrocorax brasilianus",2021,7,21,"50c9509d-22c7-4a22-a47d-8c48425ef4a7","iNaturalist research-grade observations","3888733376",NA
32.221455,-110.972289,NA,"Cardinalidae","Piranga ludoviciana",2021,9,10,"50c9509d-22c7-4a22-a47d-8c48425ef4a7","iNaturalist research-grade observations","3384397421",NA
32.222607,-110.974711,NA,"Accipitridae","Buteo jamaicensis",2021,10,4,"50c9509d-22c7-4a22-a47d-8c48425ef4a7","iNaturalist research-grade observations","3457039919",NA
32.222607,-110.974711,NA,"Corvidae","Corvus corax",2021,10,28,"50c9509d-22c7-4a22-a47d-8c48425ef4a7","iNaturalist research-grade observations","3408238699",NA
32.222607,-110.974711,NA,"Anatidae","Anas platyrhynchos",2021,11,25,"50c9509d-22c7-4a22-a47d-8c48425ef4a7","iNaturalist research-grade observations","3455763660",NA
32.222607,-110.974711,NA,"Anatidae","Chen caerulescens",2021,11,23,"50c9509d-22c7-4a22-a47d-8c48425ef4a7","iNaturalist research-grade observations","3455701313",NA
32.222607,-110.974711,NA,"Accipitridae","Parabuteo unicinctus",2021,11,25,"50c9509d-22c7-4a22-a47d-8c48425ef4a7","iNaturalist research-grade observations","3456884771",NA
32.222607,-110.974711,NA,"Bombycillidae","Bombycilla cedrorum",2021,11,26,"50c9509d-22c7-4a22-a47d-8c48425ef4a7","iNaturalist research-grade observations","3455318722",NA
32.222607,-110.974711,NA,"Turdidae","Turdus migratorius",2021,11,26,"50c9509d-22c7-4a22-a47d-8c48425ef4a7","iNaturalist research-grade observations","3456735763",NA
32.222607,-110.974711,NA,"Anatidae","Anas acuta",2021,11,26,"50c9509d-22c7-4a22-a47d-8c48425ef4a7","iNaturalist research-grade observations","3455369863",NA
32.222607,-110.974711,NA,"Anatidae","Aythya valisineria",2021,11,26,"50c9509d-22c7-4a22-a47d-8c48425ef4a7","iNaturalist research-grade observations","3456939947",NA
32.222607,-110.974711,NA,"Parulidae","Setophaga americana",2021,11,28,"50c9509d-22c7-4a22-a47d-8c48425ef4a7","iNaturalist research-grade observations","3455924556",NA
32.21891,-110.978115,NA,"Odontophoridae","Callipepla gambelii",2021,12,11,"50c9509d-22c7-4a22-a47d-8c48425ef4a7","iNaturalist research-grade observations","3455533028",NA
32.21891,-110.978115,NA,"Columbidae","Zenaida macroura",2021,12,11,"50c9509d-22c7-4a22-a47d-8c48425ef4a7","iNaturalist research-grade observations","3456056651",NA
32.217878,-110.972497,NA,"Tyrannidae","Pyrocephalus rubinus",2020,1,16,"50c9509d-22c7-4a22-a47d-8c48425ef4a7","iNaturalist research-grade observations","2557820042",NA
32.222607,-110.974711,NA,"Ardeidae","Nycticorax nycticorax",2020,1,15,"50c9509d-22c7-4a22-a47d-8c48425ef4a7","iNaturalist research-grade observations","2802787271",NA
32.222607,-110.974711,NA,"Icteridae","Quiscalus mexicanus",2020,1,24,"50c9509d-22c7-4a22-a47d-8c48425ef4a7","iNaturalist research-grade observations","3344058873",NA
32.222607,-110.974711,NA,"Fringillidae","Spinus psaltria",2020,1,24,"50c9509d-22c7-4a22-a47d-8c48425ef4a7","iNaturalist research-grade observations","3344054800",NA
32.222607,-110.974711,NA,"Sturnidae","Sturnus vulgaris",2020,1,18,"50c9509d-22c7-4a22-a47d-8c48425ef4a7","iNaturalist research-grade observations","3344056724",NA
32.222607,-110.974711,NA,"Accipitridae","Buteo jamaicensis",2020,2,12,"50c9509d-22c7-4a22-a47d-8c48425ef4a7","iNaturalist research-grade observations","2573866156",NA
32.222607,-110.974711,NA,"Columbidae","Zenaida macroura",2020,2,12,"50c9509d-22c7-4a22-a47d-8c48425ef4a7","iNaturalist research-grade observations","2574257227",NA
32.222607,-110.974711,NA,"Falconidae","Falco sparverius",2020,2,12,"50c9509d-22c7-4a22-a47d-8c48425ef4a7","iNaturalist research-grade observations","2573856145","Adult"
32.222968,-110.973531,NA,"Passeridae","Passer domesticus",2020,3,16,"50c9509d-22c7-4a22-a47d-8c48425ef4a7","iNaturalist research-grade observations","3457004167",NA
32.22337,-110.970701,NA,"Accipitridae","Accipiter cooperii",2020,3,2,"50c9509d-22c7-4a22-a47d-8c48425ef4a7","iNaturalist research-grade observations","2868308680",NA
32.222607,-110.974711,NA,"Columbidae","Zenaida asiatica",2020,7,31,"50c9509d-22c7-4a22-a47d-8c48425ef4a7","iNaturalist research-grade observations","3090622768",NA
32.222607,-110.974711,NA,"Emberizidae","Amphispiza bilineata",2020,7,31,"50c9509d-22c7-4a22-a47d-8c48425ef4a7","iNaturalist research-grade observations","3090518814",NA
32.222607,-110.974711,NA,"Odontophoridae","Callipepla gambelii",2020,7,31,"50c9509d-22c7-4a22-a47d-8c48425ef4a7","iNaturalist research-grade observations","3090532809",NA
32.222607,-110.974711,NA,"Accipitridae","Buteo jamaicensis",2020,7,6,"50c9509d-22c7-4a22-a47d-8c48425ef4a7","iNaturalist research-grade observations","3399020447",NA
32.223329,-110.970686,NA,"Trochilidae","Cynanthus latirostris",2020,8,24,"50c9509d-22c7-4a22-a47d-8c48425ef4a7","iNaturalist research-grade observations","2868146777",NA
32.222607,-110.974711,NA,"Accipitridae","Buteo jamaicensis",2020,10,16,"50c9509d-22c7-4a22-a47d-8c48425ef4a7","iNaturalist research-grade observations","3330747979",NA
32.222607,-110.974711,NA,"Parulidae","Setophaga fusca",2020,11,9,"50c9509d-22c7-4a22-a47d-8c48425ef4a7","iNaturalist research-grade observations","2999048848",NA
32.218618,-110.978986,NA,"Tyrannidae","Sayornis saya",2019,1,2,"50c9509d-22c7-4a22-a47d-8c48425ef4a7","iNaturalist research-grade observations","2012953860",NA
32.220373,-110.979693,NA,"Ardeidae","Ardea herodias",2019,1,8,"50c9509d-22c7-4a22-a47d-8c48425ef4a7","iNaturalist research-grade observations","2273231442",NA
32.222607,-110.974711,NA,"Falconidae","Falco columbarius",2019,2,2,"50c9509d-22c7-4a22-a47d-8c48425ef4a7","iNaturalist research-grade observations","1993737975",NA
32.222607,-110.974711,NA,"Tytonidae","Tyto alba",2019,3,6,"50c9509d-22c7-4a22-a47d-8c48425ef4a7","iNaturalist research-grade observations","3760025048",NA
32.217967,-110.971104,NA,"Troglodytidae","Campylorhynchus brunneicapillus",2019,5,5,"50c9509d-22c7-4a22-a47d-8c48425ef4a7","iNaturalist research-grade observations","3712607872",NA
32.222607,-110.974711,NA,"Tyrannidae","Pyrocephalus rubinus",2019,5,31,"50c9509d-22c7-4a22-a47d-8c48425ef4a7","iNaturalist research-grade observations","2252054634",NA
32.219959,-110.97504,NA,"Accipitridae","Buteo nitidus",2019,6,5,"50c9509d-22c7-4a22-a47d-8c48425ef4a7","iNaturalist research-grade observations","2265805593",NA
32.222607,-110.974711,NA,"Odontophoridae","Callipepla gambelii",2019,7,16,"50c9509d-22c7-4a22-a47d-8c48425ef4a7","iNaturalist research-grade observations","2294539127",NA
32.222607,-110.974711,NA,"Icteridae","Icterus cucullatus",2019,7,27,"50c9509d-22c7-4a22-a47d-8c48425ef4a7","iNaturalist research-grade observations","2350363729",NA
32.222607,-110.974711,NA,"Icteridae","Quiscalus mexicanus",2019,8,2,"50c9509d-22c7-4a22-a47d-8c48425ef4a7","iNaturalist research-grade observations","2331871137",NA
32.221591,-110.971205,NA,"Accipitridae","Accipiter cooperii",2018,2,18,"50c9509d-22c7-4a22-a47d-8c48425ef4a7","iNaturalist research-grade observations","1831220237",NA
32.222607,-110.974711,NA,"Ardeidae","Butorides virescens",2018,3,22,"50c9509d-22c7-4a22-a47d-8c48425ef4a7","iNaturalist research-grade observations","1890718716",NA
32.222607,-110.974711,NA,"Accipitridae","Accipiter cooperii",2018,3,22,"50c9509d-22c7-4a22-a47d-8c48425ef4a7","iNaturalist research-grade observations","1890718859",NA
32.222607,-110.974711,NA,"Tyrannidae","Myiarchus tyrannulus",2018,4,22,"50c9509d-22c7-4a22-a47d-8c48425ef4a7","iNaturalist research-grade observations","1913143162",NA
32.222607,-110.974711,NA,"Caprimulgidae","Chordeiles acutipennis",2018,4,22,"50c9509d-22c7-4a22-a47d-8c48425ef4a7","iNaturalist research-grade observations","1913143159",NA
32.222607,-110.974711,NA,"Icteridae","Icterus pustulatus",2018,4,4,"50c9509d-22c7-4a22-a47d-8c48425ef4a7","iNaturalist research-grade observations","2005309760",NA
32.222607,-110.974711,NA,"Troglodytidae","Campylorhynchus brunneicapillus",2018,6,9,"50c9509d-22c7-4a22-a47d-8c48425ef4a7","iNaturalist research-grade observations","1850949245",NA
32.222607,-110.974711,NA,"Anatidae","Anas platyrhynchos",2018,8,22,"50c9509d-22c7-4a22-a47d-8c48425ef4a7","iNaturalist research-grade observations","1899761657",NA
32.222607,-110.974711,NA,"Anatidae",NA,2018,8,22,"50c9509d-22c7-4a22-a47d-8c48425ef4a7","iNaturalist research-grade observations","1899761676",NA
32.217967,-110.971104,NA,"Cuculidae","Geococcyx californianus",2018,10,1,"50c9509d-22c7-4a22-a47d-8c48425ef4a7","iNaturalist research-grade observations","3712679236",NA
32.217967,-110.971104,NA,"Troglodytidae","Campylorhynchus brunneicapillus",2018,10,11,"50c9509d-22c7-4a22-a47d-8c48425ef4a7","iNaturalist research-grade observations","3712488198",NA
32.217967,-110.971104,NA,"Odontophoridae","Callipepla gambelii",2018,10,11,"50c9509d-22c7-4a22-a47d-8c48425ef4a7","iNaturalist research-grade observations","3947627784",NA
32.217967,-110.971104,NA,"Columbidae","Zenaida macroura",2018,10,12,"50c9509d-22c7-4a22-a47d-8c48425ef4a7","iNaturalist research-grade observations","3947292802",NA
32.222607,-110.974711,NA,"Anatidae","Anas acuta",2018,11,11,"50c9509d-22c7-4a22-a47d-8c48425ef4a7","iNaturalist research-grade observations","1944398750",NA
32.222607,-110.974711,NA,"Picidae","Sphyrapicus varius",2018,11,11,"50c9509d-22c7-4a22-a47d-8c48425ef4a7","iNaturalist research-grade observations","1944398711","Juvenile"
32.222607,-110.974711,NA,"Falconidae","Falco sparverius",2018,12,29,"50c9509d-22c7-4a22-a47d-8c48425ef4a7","iNaturalist research-grade observations","1986576070",NA
32.224579,-110.971298,NA,"Falconidae","Falco peregrinus",2018,12,28,"50c9509d-22c7-4a22-a47d-8c48425ef4a7","iNaturalist research-grade observations","2005369855","Adult"
32.222607,-110.974711,NA,"Icteridae","Icterus cucullatus",2017,7,30,"50c9509d-22c7-4a22-a47d-8c48425ef4a7","iNaturalist research-grade observations","3712752539",NA
32.222607,-110.974711,NA,"Mimidae","Mimus polyglottos",2017,7,30,"50c9509d-22c7-4a22-a47d-8c48425ef4a7","iNaturalist research-grade observations","3712505528",NA
32.222607,-110.974711,NA,"Ptilogonatidae","Phainopepla nitens",2017,7,30,"50c9509d-22c7-4a22-a47d-8c48425ef4a7","iNaturalist research-grade observations","3712660534",NA
32.222607,-110.974711,NA,"Accipitridae","Parabuteo unicinctus",2017,12,30,"50c9509d-22c7-4a22-a47d-8c48425ef4a7","iNaturalist research-grade observations","1890069818",NA
