"decimalLatitude","decimalLongitude","individualCount","family","species","year","month","day","datasetKey","gbifID"
32.156666,-110.93491,4,"Columbidae","Zenaida macroura",2021,12,11,"4fa7b334-ce0d-4e88-aaae-2e0c138d049e","3562225933"
32.156666,-110.93491,34,"Columbidae","Columba livia",2021,12,11,"4fa7b334-ce0d-4e88-aaae-2e0c138d049e","3689460385"
32.15958,-110.9349,1,"Tyrannidae","Pyrocephalus rubinus",2020,1,8,"4fa7b334-ce0d-4e88-aaae-2e0c138d049e","3219824965"
32.15958,-110.9349,1,"Tyrannidae","Pyrocephalus rubinus",2020,1,8,"4fa7b334-ce0d-4e88-aaae-2e0c138d049e","3217066941"
32.1526,-110.93496,1,"Columbidae","Columba livia",2020,6,12,"4fa7b334-ce0d-4e88-aaae-2e0c138d049e","3165142106"
32.155907,-110.934944,25,"Columbidae","Columba livia",2019,12,11,"4fa7b334-ce0d-4e88-aaae-2e0c138d049e","2778528705"
32.15646,-110.93481,NA,"Columbidae","Columba livia",2018,4,6,"4fa7b334-ce0d-4e88-aaae-2e0c138d049e","2142426342"
32.15646,-110.93481,NA,"Columbidae","Zenaida asiatica",2018,4,6,"4fa7b334-ce0d-4e88-aaae-2e0c138d049e","2129931587"
32.15646,-110.93481,2,"Columbidae","Zenaida macroura",2018,4,6,"4fa7b334-ce0d-4e88-aaae-2e0c138d049e","2154108045"
32.150745,-110.93492,5,"Columbidae","Columba livia",2018,4,11,"4fa7b334-ce0d-4e88-aaae-2e0c138d049e","2148648419"
32.150745,-110.93492,1,"Accipitridae","Buteo jamaicensis",2018,4,11,"4fa7b334-ce0d-4e88-aaae-2e0c138d049e","2148647075"
32.16314,-110.93373,8,"Passeridae","Passer domesticus",2018,7,15,"4fa7b334-ce0d-4e88-aaae-2e0c138d049e","2183137596"
32.16314,-110.93373,1,"Accipitridae","Buteo jamaicensis",2018,7,15,"4fa7b334-ce0d-4e88-aaae-2e0c138d049e","2183125190"
32.16314,-110.93373,1,"Trochilidae","Calypte costae",2018,7,15,"4fa7b334-ce0d-4e88-aaae-2e0c138d049e","2194850719"
32.16314,-110.93373,8,"Passeridae","Passer domesticus",2018,7,15,"4fa7b334-ce0d-4e88-aaae-2e0c138d049e","2171645215"
32.16314,-110.93373,1,"Accipitridae","Buteo jamaicensis",2018,7,15,"4fa7b334-ce0d-4e88-aaae-2e0c138d049e","2194836430"
32.16314,-110.93373,1,"Trochilidae","Calypte costae",2018,7,15,"4fa7b334-ce0d-4e88-aaae-2e0c138d049e","2171651426"
32.15957,-110.932686,2,"Passeridae","Passer domesticus",2018,8,10,"4fa7b334-ce0d-4e88-aaae-2e0c138d049e","2193239769"
32.15957,-110.932686,1,"Columbidae","Columba livia",2018,8,10,"4fa7b334-ce0d-4e88-aaae-2e0c138d049e","2193240181"
32.15957,-110.932686,5,"Columbidae","Zenaida macroura",2018,8,10,"4fa7b334-ce0d-4e88-aaae-2e0c138d049e","2201277734"
32.15957,-110.932686,6,"Columbidae","Streptopelia decaocto",2018,8,10,"4fa7b334-ce0d-4e88-aaae-2e0c138d049e","2189044990"
32.15957,-110.932686,1,"Picidae","Melanerpes uropygialis",2018,8,10,"4fa7b334-ce0d-4e88-aaae-2e0c138d049e","2177738641"
32.15957,-110.932686,1,"Mimidae","Mimus polyglottos",2018,8,10,"4fa7b334-ce0d-4e88-aaae-2e0c138d049e","2193235481"
32.15957,-110.932686,1,"Cuculidae","Geococcyx californianus",2018,8,10,"4fa7b334-ce0d-4e88-aaae-2e0c138d049e","2201277380"
32.15957,-110.932686,4,"Columbidae","Zenaida asiatica",2018,8,10,"4fa7b334-ce0d-4e88-aaae-2e0c138d049e","2177749553"
32.163067,-110.93402,1,"Accipitridae","Buteo jamaicensis",2017,2,3,"4fa7b334-ce0d-4e88-aaae-2e0c138d049e","2031130878"
