"decimalLatitude","decimalLongitude","individualCount","family","species","year","month","day","datasetKey","datasetName","gbifID"
32.25062,-110.90124,180,"Columbidae","Columba livia",2021,1,27,"4fa7b334-ce0d-4e88-aaae-2e0c138d049e",NA,"3555632212"
32.25062,-110.90124,125,"Columbidae","Columba livia",2021,2,3,"4fa7b334-ce0d-4e88-aaae-2e0c138d049e",NA,"3597755632"
32.25062,-110.90124,8,"Columbidae","Columba livia",2021,2,14,"4fa7b334-ce0d-4e88-aaae-2e0c138d049e",NA,"3664488123"
32.25062,-110.90124,1,"Columbidae","Zenaida macroura",2021,2,14,"4fa7b334-ce0d-4e88-aaae-2e0c138d049e",NA,"3663760988"
32.25062,-110.90124,4,"Columbidae","Columba livia",2021,2,23,"4fa7b334-ce0d-4e88-aaae-2e0c138d049e",NA,"3590992832"
32.25062,-110.90124,15,"Columbidae","Columba livia",2021,3,3,"4fa7b334-ce0d-4e88-aaae-2e0c138d049e",NA,"3665908699"
32.25062,-110.90124,1,"Columbidae","Columba livia",2021,4,6,"4fa7b334-ce0d-4e88-aaae-2e0c138d049e",NA,"3529940216"
32.25062,-110.90124,1,"Columbidae","Zenaida macroura",2021,4,6,"4fa7b334-ce0d-4e88-aaae-2e0c138d049e",NA,"3515744525"
32.25062,-110.90124,22,"Columbidae","Columba livia",2021,5,4,"4fa7b334-ce0d-4e88-aaae-2e0c138d049e",NA,"3639882608"
32.258556,-110.90311,4,"Falconidae","Falco sparverius",2020,5,23,"4fa7b334-ce0d-4e88-aaae-2e0c138d049e",NA,"3257991028"
32.25062,-110.90124,12,"Columbidae","Columba livia",2019,2,23,"4fa7b334-ce0d-4e88-aaae-2e0c138d049e",NA,"2733216650"
32.25062,-110.90124,1,"Icteridae","Quiscalus mexicanus",2019,3,11,"4fa7b334-ce0d-4e88-aaae-2e0c138d049e",NA,"2662896096"
32.25062,-110.90124,1,"Falconidae","Falco peregrinus",2019,3,11,"4fa7b334-ce0d-4e88-aaae-2e0c138d049e",NA,"2662785104"
32.257366,-110.90831,2,"Icteridae","Quiscalus mexicanus",2019,3,26,"4fa7b334-ce0d-4e88-aaae-2e0c138d049e",NA,"2756313159"
32.257366,-110.90831,2,"Columbidae","Streptopelia decaocto",2019,3,26,"4fa7b334-ce0d-4e88-aaae-2e0c138d049e",NA,"2766598345"
32.257366,-110.90831,6,"Passeridae","Passer domesticus",2019,3,26,"4fa7b334-ce0d-4e88-aaae-2e0c138d049e",NA,"2746251282"
32.257366,-110.90831,1,"Accipitridae","Accipiter striatus",2019,3,26,"4fa7b334-ce0d-4e88-aaae-2e0c138d049e",NA,"2756189319"
32.257366,-110.90831,2,"Mimidae","Mimus polyglottos",2019,3,26,"4fa7b334-ce0d-4e88-aaae-2e0c138d049e",NA,"2751498366"
32.257366,-110.90831,4,"Picidae","Melanerpes uropygialis",2019,3,26,"4fa7b334-ce0d-4e88-aaae-2e0c138d049e",NA,"2759954319"
32.257366,-110.90831,1,"Cardinalidae","Cardinalis cardinalis",2019,3,26,"4fa7b334-ce0d-4e88-aaae-2e0c138d049e",NA,"2774080193"
32.257366,-110.90831,1,"Trochilidae","Calypte anna",2019,3,26,"4fa7b334-ce0d-4e88-aaae-2e0c138d049e",NA,"2761120243"
32.257366,-110.90831,4,"Columbidae","Zenaida macroura",2019,3,26,"4fa7b334-ce0d-4e88-aaae-2e0c138d049e",NA,"2759466270"
32.257366,-110.90831,1,"Mimidae","Toxostoma curvirostre",2019,3,26,"4fa7b334-ce0d-4e88-aaae-2e0c138d049e",NA,"2750650084"
32.25062,-110.90124,1,"Columbidae","Streptopelia decaocto",2018,5,19,"4fa7b334-ce0d-4e88-aaae-2e0c138d049e",NA,"2153145945"
32.25062,-110.90124,1,"Columbidae","Streptopelia decaocto",2018,5,19,"4fa7b334-ce0d-4e88-aaae-2e0c138d049e",NA,"2153146018"
32.25062,-110.90124,2,"Columbidae","Streptopelia decaocto",2018,8,12,"4fa7b334-ce0d-4e88-aaae-2e0c138d049e",NA,"2193908229"
32.25062,-110.90124,40,"Columbidae","Columba livia",2018,9,24,"4fa7b334-ce0d-4e88-aaae-2e0c138d049e",NA,"2200122331"
32.257126,-110.90526,2,"Mimidae","Toxostoma curvirostre",2018,10,24,"4fa7b334-ce0d-4e88-aaae-2e0c138d049e",NA,"2209683385"
32.257126,-110.90526,10,"Passeridae","Passer domesticus",2018,10,24,"4fa7b334-ce0d-4e88-aaae-2e0c138d049e",NA,"2222014536"
32.257126,-110.90526,12,"Columbidae","Zenaida macroura",2018,10,24,"4fa7b334-ce0d-4e88-aaae-2e0c138d049e",NA,"2222015546"
32.257126,-110.90526,4,"Fringillidae","Haemorhous mexicanus",2018,10,24,"4fa7b334-ce0d-4e88-aaae-2e0c138d049e",NA,"2222025816"
32.257126,-110.90526,2,"Picidae","Melanerpes uropygialis",2018,10,24,"4fa7b334-ce0d-4e88-aaae-2e0c138d049e",NA,"2209673875"
32.257126,-110.90526,2,"Trochilidae","Calypte anna",2018,10,24,"4fa7b334-ce0d-4e88-aaae-2e0c138d049e",NA,"2222018703"
32.25062,-110.90124,40,"Columbidae","Columba livia",2018,11,8,"4fa7b334-ce0d-4e88-aaae-2e0c138d049e",NA,"2202165990"
32.25062,-110.90124,1,"Accipitridae","Buteo jamaicensis",2018,11,8,"4fa7b334-ce0d-4e88-aaae-2e0c138d049e",NA,"2214320387"
32.25062,-110.90124,40,"Columbidae","Columba livia",2018,11,8,"4fa7b334-ce0d-4e88-aaae-2e0c138d049e",NA,"2202170473"
32.25062,-110.90124,1,"Accipitridae","Buteo jamaicensis",2018,11,8,"4fa7b334-ce0d-4e88-aaae-2e0c138d049e",NA,"2202154552"
32.25062,-110.90124,1,"Columbidae","Streptopelia decaocto",2017,3,23,"4fa7b334-ce0d-4e88-aaae-2e0c138d049e",NA,"2054151396"
32.25062,-110.90124,2,"Columbidae","Columba livia",2017,3,23,"4fa7b334-ce0d-4e88-aaae-2e0c138d049e",NA,"2054139538"
32.25062,-110.90124,1,"Columbidae","Streptopelia decaocto",2017,3,23,"4fa7b334-ce0d-4e88-aaae-2e0c138d049e",NA,"2054163986"
32.25062,-110.90124,2,"Columbidae","Columba livia",2017,3,23,"4fa7b334-ce0d-4e88-aaae-2e0c138d049e",NA,"2054144828"
32.253527,-110.908537,NA,"Odontophoridae","Callipepla gambelii",2021,6,4,"50c9509d-22c7-4a22-a47d-8c48425ef4a7","iNaturalist research-grade observations","3330695996"
32.257662,-110.904593,NA,"Caprimulgidae","Chordeiles acutipennis",2021,7,23,"50c9509d-22c7-4a22-a47d-8c48425ef4a7","iNaturalist research-grade observations","3415802658"
