"decimalLatitude","decimalLongitude","individualCount","family","species","year","month","day","datasetKey","datasetName","gbifID"
32.26293,-111.02277,5,"Columbidae","Zenaida macroura",2021,5,14,"4fa7b334-ce0d-4e88-aaae-2e0c138d049e",NA,"3529993343"
32.26293,-111.02277,5,"Columbidae","Zenaida asiatica",2021,5,14,"4fa7b334-ce0d-4e88-aaae-2e0c138d049e",NA,"3532432806"
32.26293,-111.02277,3,"Hirundinidae","Stelgidopteryx serripennis",2021,5,14,"4fa7b334-ce0d-4e88-aaae-2e0c138d049e",NA,"3535405110"
32.26293,-111.02277,1,"Emberizidae","Amphispiza bilineata",2021,5,14,"4fa7b334-ce0d-4e88-aaae-2e0c138d049e",NA,"3526240487"
32.26293,-111.02277,1,"Sturnidae","Sturnus vulgaris",2021,5,14,"4fa7b334-ce0d-4e88-aaae-2e0c138d049e",NA,"3520970621"
32.26293,-111.02277,1,"Tyrannidae","Myiarchus cinerascens",2021,5,14,"4fa7b334-ce0d-4e88-aaae-2e0c138d049e",NA,"3518715964"
32.26293,-111.02277,1,"Trochilidae","Calypte anna",2021,5,14,"4fa7b334-ce0d-4e88-aaae-2e0c138d049e",NA,"3519962229"
32.26293,-111.02277,1,"Picidae","Melanerpes uropygialis",2021,5,14,"4fa7b334-ce0d-4e88-aaae-2e0c138d049e",NA,"3518265075"
32.263888,-111.028837,NA,"Emberizidae","Spizella breweri",2021,4,11,"50c9509d-22c7-4a22-a47d-8c48425ef4a7","iNaturalist research-grade observations","3090946488"
32.265247,-111.027962,NA,"Ptilogonatidae","Phainopepla nitens",2021,4,11,"50c9509d-22c7-4a22-a47d-8c48425ef4a7","iNaturalist research-grade observations","3090962558"
32.265025,-111.028085,NA,"Accipitridae","Accipiter cooperii",2021,4,28,"50c9509d-22c7-4a22-a47d-8c48425ef4a7","iNaturalist research-grade observations","3109213454"
32.263218,-111.027229,NA,"Anatidae",NA,2019,11,3,"50c9509d-22c7-4a22-a47d-8c48425ef4a7","iNaturalist research-grade observations","2456570766"
32.263218,-111.027229,NA,"Cuculidae","Geococcyx californianus",2019,11,3,"50c9509d-22c7-4a22-a47d-8c48425ef4a7","iNaturalist research-grade observations","2456569615"
32.262431,-111.02557,NA,"Emberizidae","Zonotrichia leucophrys",2018,1,7,"50c9509d-22c7-4a22-a47d-8c48425ef4a7","iNaturalist research-grade observations","1805410218"
32.263396,-111.022615,NA,"Fringillidae","Haemorhous mexicanus",2018,1,23,"50c9509d-22c7-4a22-a47d-8c48425ef4a7","iNaturalist research-grade observations","1806355389"
32.263123,-111.027789,NA,"Tyrannidae","Sayornis saya",2018,1,30,"50c9509d-22c7-4a22-a47d-8c48425ef4a7","iNaturalist research-grade observations","1807288582"
32.262876,-111.02599,NA,"Fringillidae","Haemorhous mexicanus",2018,3,7,"50c9509d-22c7-4a22-a47d-8c48425ef4a7","iNaturalist research-grade observations","1836600136"
32.263064,-111.02126,NA,"Accipitridae","Buteo jamaicensis",2017,3,12,"50c9509d-22c7-4a22-a47d-8c48425ef4a7","iNaturalist research-grade observations","1453504857"
32.26184,-111.027023,NA,"Columbidae","Zenaida macroura",2017,3,17,"50c9509d-22c7-4a22-a47d-8c48425ef4a7","iNaturalist research-grade observations","1453521875"
32.264974,-111.022626,NA,"Fringillidae","Haemorhous mexicanus",2017,3,16,"50c9509d-22c7-4a22-a47d-8c48425ef4a7","iNaturalist research-grade observations","1453521918"
32.264064,-111.022268,NA,"Odontophoridae","Callipepla gambelii",2017,3,29,"50c9509d-22c7-4a22-a47d-8c48425ef4a7","iNaturalist research-grade observations","1455593548"
32.263283,-111.022339,NA,"Odontophoridae","Callipepla gambelii",2017,3,29,"50c9509d-22c7-4a22-a47d-8c48425ef4a7","iNaturalist research-grade observations","1455593584"
32.263821,-111.02183,NA,"Columbidae","Zenaida macroura",2017,4,13,"50c9509d-22c7-4a22-a47d-8c48425ef4a7","iNaturalist research-grade observations","1500229175"
32.263304,-111.021523,NA,"Fringillidae","Haemorhous mexicanus",2017,5,23,"50c9509d-22c7-4a22-a47d-8c48425ef4a7","iNaturalist research-grade observations","1562982079"
32.262973,-111.028362,NA,"Fringillidae","Haemorhous mexicanus",2017,7,18,"50c9509d-22c7-4a22-a47d-8c48425ef4a7","iNaturalist research-grade observations","1580512475"
32.263729,-111.022229,NA,"Icteridae","Euphagus cyanocephalus",2017,10,28,"50c9509d-22c7-4a22-a47d-8c48425ef4a7","iNaturalist research-grade observations","1699376106"
32.263419,-111.021819,NA,"Fringillidae","Haemorhous mexicanus",2017,10,28,"50c9509d-22c7-4a22-a47d-8c48425ef4a7","iNaturalist research-grade observations","1699376181"
32.262489,-111.0238,NA,"Columbidae","Zenaida macroura",2017,10,28,"50c9509d-22c7-4a22-a47d-8c48425ef4a7","iNaturalist research-grade observations","1699376197"
32.265887,-111.024602,NA,"Accipitridae","Accipiter cooperii",2017,11,8,"50c9509d-22c7-4a22-a47d-8c48425ef4a7","iNaturalist research-grade observations","1703147751"
32.265929,-111.024526,NA,"Falconidae","Falco sparverius",2017,11,8,"50c9509d-22c7-4a22-a47d-8c48425ef4a7","iNaturalist research-grade observations","1703147811"
32.265246,-111.024256,NA,"Tyrannidae","Tyrannus vociferans",2017,11,11,"50c9509d-22c7-4a22-a47d-8c48425ef4a7","iNaturalist research-grade observations","1703151731"
32.265675,-111.024069,NA,"Falconidae","Falco sparverius",2017,11,11,"50c9509d-22c7-4a22-a47d-8c48425ef4a7","iNaturalist research-grade observations","1703151616"
32.26522,-111.023536,NA,"Columbidae","Zenaida macroura",2017,11,11,"50c9509d-22c7-4a22-a47d-8c48425ef4a7","iNaturalist research-grade observations","1703151574"
32.265953,-111.023127,NA,"Icteridae","Quiscalus mexicanus",2017,11,11,"50c9509d-22c7-4a22-a47d-8c48425ef4a7","iNaturalist research-grade observations","1703159115"
32.262856,-111.026118,NA,"Accipitridae","Buteo jamaicensis",2017,11,19,"50c9509d-22c7-4a22-a47d-8c48425ef4a7","iNaturalist research-grade observations","1703182845"
32.264791,-111.022388,NA,"Columbidae","Zenaida macroura",2017,11,18,"50c9509d-22c7-4a22-a47d-8c48425ef4a7","iNaturalist research-grade observations","1703183540"
32.264984,-111.022586,NA,"Sturnidae","Sturnus vulgaris",2017,11,21,"50c9509d-22c7-4a22-a47d-8c48425ef4a7","iNaturalist research-grade observations","1703195015"
32.261767,-111.025019,NA,"Fringillidae","Haemorhous mexicanus",2017,11,30,"50c9509d-22c7-4a22-a47d-8c48425ef4a7","iNaturalist research-grade observations","1703227329"
