"decimalLatitude","decimalLongitude","individualCount","family","species","year","month","day","datasetKey","gbifID"
32.134483,-110.916145,1,"Emberizidae","Spizella passerina",2021,5,8,"4fa7b334-ce0d-4e88-aaae-2e0c138d049e","3528559987"
32.134483,-110.916145,10,"Hirundinidae","Petrochelidon pyrrhonota",2021,5,8,"4fa7b334-ce0d-4e88-aaae-2e0c138d049e","3524211309"
32.134483,-110.916145,1,"Vireonidae","Vireo bellii",2021,5,8,"4fa7b334-ce0d-4e88-aaae-2e0c138d049e","3516692129"
32.134483,-110.916145,1,"Mimidae","Toxostoma curvirostre",2021,5,8,"4fa7b334-ce0d-4e88-aaae-2e0c138d049e","3515283380"
32.134483,-110.916145,3,"Columbidae","Zenaida macroura",2021,5,8,"4fa7b334-ce0d-4e88-aaae-2e0c138d049e","3516254442"
32.134483,-110.916145,1,"Emberizidae","Spizella passerina",2021,5,8,"4fa7b334-ce0d-4e88-aaae-2e0c138d049e","3522139998"
32.134483,-110.916145,10,"Hirundinidae","Petrochelidon pyrrhonota",2021,5,8,"4fa7b334-ce0d-4e88-aaae-2e0c138d049e","3528002279"
32.134483,-110.916145,1,"Vireonidae","Vireo bellii",2021,5,8,"4fa7b334-ce0d-4e88-aaae-2e0c138d049e","3530286740"
32.134483,-110.916145,1,"Mimidae","Toxostoma curvirostre",2021,5,8,"4fa7b334-ce0d-4e88-aaae-2e0c138d049e","3540880489"
32.134483,-110.916145,3,"Columbidae","Zenaida macroura",2021,5,8,"4fa7b334-ce0d-4e88-aaae-2e0c138d049e","3538680884"
32.134445,-110.92306,1,"Cuculidae","Geococcyx californianus",2021,7,21,"4fa7b334-ce0d-4e88-aaae-2e0c138d049e","3564716838"
32.13476,-110.92565,1,"Cuculidae","Geococcyx californianus",2020,9,13,"4fa7b334-ce0d-4e88-aaae-2e0c138d049e","3255263248"
32.13476,-110.92565,1,"Cuculidae","Geococcyx californianus",2020,9,13,"4fa7b334-ce0d-4e88-aaae-2e0c138d049e","3182238636"
32.134743,-110.92465,2,"Columbidae","Columba livia",2019,7,10,"4fa7b334-ce0d-4e88-aaae-2e0c138d049e","2770259768"
32.134552,-110.92469,1,"Columbidae","Zenaida macroura",2019,7,10,"4fa7b334-ce0d-4e88-aaae-2e0c138d049e","2688446472"
32.134468,-110.92483,2,"Icteridae","Icterus cucullatus",2019,7,16,"4fa7b334-ce0d-4e88-aaae-2e0c138d049e","2767483384"
32.134468,-110.92483,1,"Columbidae","Columba livia",2019,7,16,"4fa7b334-ce0d-4e88-aaae-2e0c138d049e","2774140641"
32.134468,-110.92483,1,"Columbidae","Zenaida macroura",2019,7,16,"4fa7b334-ce0d-4e88-aaae-2e0c138d049e","2778751454"
32.134468,-110.92483,1,"Fringillidae","Haemorhous mexicanus",2019,7,16,"4fa7b334-ce0d-4e88-aaae-2e0c138d049e","2791513629"
32.134468,-110.92483,2,"Icteridae","Icterus cucullatus",2019,7,16,"4fa7b334-ce0d-4e88-aaae-2e0c138d049e","2763851432"
32.134468,-110.92483,1,"Columbidae","Columba livia",2019,7,16,"4fa7b334-ce0d-4e88-aaae-2e0c138d049e","2765664505"
32.134468,-110.92483,1,"Columbidae","Zenaida macroura",2019,7,16,"4fa7b334-ce0d-4e88-aaae-2e0c138d049e","2759573371"
32.134468,-110.92483,1,"Fringillidae","Haemorhous mexicanus",2019,7,16,"4fa7b334-ce0d-4e88-aaae-2e0c138d049e","2781003237"
32.134468,-110.92483,1,"Columbidae","Columba livia",2019,7,16,"4fa7b334-ce0d-4e88-aaae-2e0c138d049e","2687060253"
32.134468,-110.92483,1,"Columbidae","Zenaida macroura",2019,7,16,"4fa7b334-ce0d-4e88-aaae-2e0c138d049e","2688997254"
32.134552,-110.92482,2,"Icteridae","Icterus cucullatus",2019,7,16,"4fa7b334-ce0d-4e88-aaae-2e0c138d049e","2769017364"
32.134552,-110.92482,1,"Columbidae","Columba livia",2019,7,16,"4fa7b334-ce0d-4e88-aaae-2e0c138d049e","2775360320"
32.134552,-110.92482,1,"Columbidae","Zenaida macroura",2019,7,16,"4fa7b334-ce0d-4e88-aaae-2e0c138d049e","2769598362"
32.134552,-110.92482,1,"Fringillidae","Haemorhous mexicanus",2019,7,16,"4fa7b334-ce0d-4e88-aaae-2e0c138d049e","2770792398"
32.134468,-110.92483,2,"Icteridae","Icterus cucullatus",2019,7,16,"4fa7b334-ce0d-4e88-aaae-2e0c138d049e","2788579445"
32.134468,-110.92483,1,"Columbidae","Columba livia",2019,7,16,"4fa7b334-ce0d-4e88-aaae-2e0c138d049e","2788703511"
32.134468,-110.92483,1,"Columbidae","Zenaida macroura",2019,7,16,"4fa7b334-ce0d-4e88-aaae-2e0c138d049e","2761442581"
32.134468,-110.92483,1,"Fringillidae","Haemorhous mexicanus",2019,7,16,"4fa7b334-ce0d-4e88-aaae-2e0c138d049e","2768272241"
32.134468,-110.92483,2,"Icteridae","Icterus cucullatus",2019,7,16,"4fa7b334-ce0d-4e88-aaae-2e0c138d049e","2700403535"
32.134468,-110.92483,1,"Columbidae","Columba livia",2019,7,16,"4fa7b334-ce0d-4e88-aaae-2e0c138d049e","2689233330"
32.134468,-110.92483,1,"Columbidae","Zenaida macroura",2019,7,16,"4fa7b334-ce0d-4e88-aaae-2e0c138d049e","2708075479"
32.134468,-110.92483,1,"Fringillidae","Haemorhous mexicanus",2019,7,16,"4fa7b334-ce0d-4e88-aaae-2e0c138d049e","2686457294"
32.134468,-110.92483,2,"Icteridae","Icterus cucullatus",2019,7,16,"4fa7b334-ce0d-4e88-aaae-2e0c138d049e","2705457415"
32.134468,-110.92483,1,"Columbidae","Columba livia",2019,7,16,"4fa7b334-ce0d-4e88-aaae-2e0c138d049e","2699305282"
32.134468,-110.92483,1,"Columbidae","Zenaida macroura",2019,7,16,"4fa7b334-ce0d-4e88-aaae-2e0c138d049e","2690518292"
32.134468,-110.92483,1,"Fringillidae","Haemorhous mexicanus",2019,7,16,"4fa7b334-ce0d-4e88-aaae-2e0c138d049e","2688021324"
32.134468,-110.92483,2,"Icteridae","Icterus cucullatus",2019,7,16,"4fa7b334-ce0d-4e88-aaae-2e0c138d049e","2703554434"
32.134468,-110.92483,1,"Columbidae","Columba livia",2019,7,16,"4fa7b334-ce0d-4e88-aaae-2e0c138d049e","2692488355"
32.134468,-110.92483,1,"Columbidae","Zenaida macroura",2019,7,16,"4fa7b334-ce0d-4e88-aaae-2e0c138d049e","2701655442"
32.134468,-110.92483,1,"Fringillidae","Haemorhous mexicanus",2019,7,16,"4fa7b334-ce0d-4e88-aaae-2e0c138d049e","2688378548"
32.140125,-110.91777,1,"Cuculidae","Geococcyx californianus",2018,4,8,"4fa7b334-ce0d-4e88-aaae-2e0c138d049e","2147032596"
32.134483,-110.92479,1,"Icteridae","Icterus cucullatus",2018,7,11,"4fa7b334-ce0d-4e88-aaae-2e0c138d049e","2182231370"
32.134483,-110.92479,1,"Remizidae","Auriparus flaviceps",2018,7,11,"4fa7b334-ce0d-4e88-aaae-2e0c138d049e","2193779651"
32.134483,-110.92479,1,"Tyrannidae","Tyrannus vociferans",2018,7,11,"4fa7b334-ce0d-4e88-aaae-2e0c138d049e","2182227062"
32.134483,-110.92479,1,"Troglodytidae","Campylorhynchus brunneicapillus",2018,7,11,"4fa7b334-ce0d-4e88-aaae-2e0c138d049e","2182228043"
32.13469,-110.92456,1,"Tyrannidae","Tyrannus vociferans",2018,7,11,"4fa7b334-ce0d-4e88-aaae-2e0c138d049e","2182228844"
32.13469,-110.92456,1,"Troglodytidae","Campylorhynchus brunneicapillus",2018,7,11,"4fa7b334-ce0d-4e88-aaae-2e0c138d049e","2182247250"
32.13469,-110.92456,NA,"Passeridae","Passer domesticus",2018,7,11,"4fa7b334-ce0d-4e88-aaae-2e0c138d049e","2193830773"
32.13469,-110.92456,NA,"Columbidae","Zenaida asiatica",2018,7,11,"4fa7b334-ce0d-4e88-aaae-2e0c138d049e","2170671025"
32.13469,-110.92456,NA,"Columbidae","Columba livia",2018,7,11,"4fa7b334-ce0d-4e88-aaae-2e0c138d049e","2182237559"
32.13469,-110.92456,1,"Tyrannidae","Tyrannus vociferans",2018,7,11,"4fa7b334-ce0d-4e88-aaae-2e0c138d049e","2182853176"
32.13469,-110.92456,1,"Troglodytidae","Campylorhynchus brunneicapillus",2018,7,11,"4fa7b334-ce0d-4e88-aaae-2e0c138d049e","2186995536"
32.13469,-110.92456,NA,"Passeridae","Passer domesticus",2018,7,11,"4fa7b334-ce0d-4e88-aaae-2e0c138d049e","2171443821"
32.13469,-110.92456,NA,"Columbidae","Zenaida asiatica",2018,7,11,"4fa7b334-ce0d-4e88-aaae-2e0c138d049e","2171429198"
32.13469,-110.92456,NA,"Columbidae","Columba livia",2018,7,11,"4fa7b334-ce0d-4e88-aaae-2e0c138d049e","2194588601"
32.13469,-110.92456,1,"Tyrannidae","Tyrannus vociferans",2018,7,11,"4fa7b334-ce0d-4e88-aaae-2e0c138d049e","2194631777"
32.13469,-110.92456,NA,"Passeridae","Passer domesticus",2018,7,11,"4fa7b334-ce0d-4e88-aaae-2e0c138d049e","2194625007"
32.13469,-110.92456,NA,"Columbidae","Zenaida asiatica",2018,7,11,"4fa7b334-ce0d-4e88-aaae-2e0c138d049e","2187004925"
32.13469,-110.92456,NA,"Columbidae","Columba livia",2018,7,11,"4fa7b334-ce0d-4e88-aaae-2e0c138d049e","2182875764"
32.13469,-110.92456,1,"Tyrannidae","Tyrannus vociferans",2018,7,11,"4fa7b334-ce0d-4e88-aaae-2e0c138d049e","2171447967"
32.13469,-110.92456,1,"Troglodytidae","Campylorhynchus brunneicapillus",2018,7,11,"4fa7b334-ce0d-4e88-aaae-2e0c138d049e","2182876831"
32.13469,-110.92456,NA,"Passeridae","Passer domesticus",2018,7,11,"4fa7b334-ce0d-4e88-aaae-2e0c138d049e","2171456299"
32.13469,-110.92456,NA,"Columbidae","Zenaida asiatica",2018,7,11,"4fa7b334-ce0d-4e88-aaae-2e0c138d049e","2194641167"
32.13469,-110.92456,NA,"Columbidae","Columba livia",2018,7,11,"4fa7b334-ce0d-4e88-aaae-2e0c138d049e","2171447810"
32.13469,-110.92456,1,"Picidae","Melanerpes uropygialis",2018,7,11,"4fa7b334-ce0d-4e88-aaae-2e0c138d049e","2194626050"
32.13469,-110.92456,1,"Icteridae","Icterus cucullatus",2018,7,11,"4fa7b334-ce0d-4e88-aaae-2e0c138d049e","2182875795"
32.13469,-110.92456,1,"Tyrannidae","Tyrannus vociferans",2018,7,11,"4fa7b334-ce0d-4e88-aaae-2e0c138d049e","2171455620"
32.13469,-110.92456,1,"Troglodytidae","Campylorhynchus brunneicapillus",2018,7,11,"4fa7b334-ce0d-4e88-aaae-2e0c138d049e","2171443978"
32.13469,-110.92456,NA,"Passeridae","Passer domesticus",2018,7,11,"4fa7b334-ce0d-4e88-aaae-2e0c138d049e","2182877321"
32.13469,-110.92456,NA,"Columbidae","Zenaida asiatica",2018,7,11,"4fa7b334-ce0d-4e88-aaae-2e0c138d049e","2182877408"
32.13469,-110.92456,NA,"Columbidae","Columba livia",2018,7,11,"4fa7b334-ce0d-4e88-aaae-2e0c138d049e","2182877154"
32.13469,-110.92456,1,"Picidae","Melanerpes uropygialis",2018,7,11,"4fa7b334-ce0d-4e88-aaae-2e0c138d049e","2194627072"
32.13469,-110.92456,1,"Icteridae","Icterus cucullatus",2018,7,11,"4fa7b334-ce0d-4e88-aaae-2e0c138d049e","2194627879"
32.134335,-110.924904,1,"Icteridae","Icterus cucullatus",2018,7,15,"4fa7b334-ce0d-4e88-aaae-2e0c138d049e","2194777127"
32.134335,-110.924904,2,"Remizidae","Auriparus flaviceps",2018,7,15,"4fa7b334-ce0d-4e88-aaae-2e0c138d049e","2171566882"
32.134335,-110.924904,1,"Tyrannidae","Tyrannus vociferans",2018,7,15,"4fa7b334-ce0d-4e88-aaae-2e0c138d049e","2194782202"
32.13469,-110.92456,1,"Tyrannidae","Tyrannus vociferans",2018,7,11,"4fa7b334-ce0d-4e88-aaae-2e0c138d049e","2183974054"
32.13469,-110.92456,1,"Troglodytidae","Campylorhynchus brunneicapillus",2018,7,11,"4fa7b334-ce0d-4e88-aaae-2e0c138d049e","2195624686"
32.13469,-110.92456,NA,"Passeridae","Passer domesticus",2018,7,11,"4fa7b334-ce0d-4e88-aaae-2e0c138d049e","2195532934"
32.13469,-110.92456,NA,"Columbidae","Zenaida asiatica",2018,7,11,"4fa7b334-ce0d-4e88-aaae-2e0c138d049e","2187853922"
32.13469,-110.92456,NA,"Columbidae","Columba livia",2018,7,11,"4fa7b334-ce0d-4e88-aaae-2e0c138d049e","2172534085"
32.13458,-110.92453,2,"Icteridae","Icterus cucullatus",2018,7,15,"4fa7b334-ce0d-4e88-aaae-2e0c138d049e","2195758958"
32.13458,-110.92453,1,"Columbidae","Zenaida macroura",2018,7,15,"4fa7b334-ce0d-4e88-aaae-2e0c138d049e","2184154690"
32.13458,-110.92453,1,"Fringillidae","Haemorhous mexicanus",2018,7,15,"4fa7b334-ce0d-4e88-aaae-2e0c138d049e","2184152263"
32.13458,-110.92453,2,"Passeridae","Passer domesticus",2018,7,15,"4fa7b334-ce0d-4e88-aaae-2e0c138d049e","2172765793"
32.13458,-110.92453,3,"Remizidae","Auriparus flaviceps",2018,7,15,"4fa7b334-ce0d-4e88-aaae-2e0c138d049e","2172771733"
32.13469,-110.92456,1,"Tyrannidae","Tyrannus vociferans",2018,7,11,"4fa7b334-ce0d-4e88-aaae-2e0c138d049e","2172818402"
32.13469,-110.92456,5,"Passeridae","Passer domesticus",2018,7,11,"4fa7b334-ce0d-4e88-aaae-2e0c138d049e","2172806659"
32.13469,-110.92456,2,"Columbidae","Zenaida asiatica",2018,7,11,"4fa7b334-ce0d-4e88-aaae-2e0c138d049e","2172817741"
32.13469,-110.92456,1,"Columbidae","Columba livia",2018,7,11,"4fa7b334-ce0d-4e88-aaae-2e0c138d049e","2195795700"
32.13469,-110.92456,1,"Picidae","Melanerpes uropygialis",2018,7,11,"4fa7b334-ce0d-4e88-aaae-2e0c138d049e","2188030363"
32.13469,-110.92456,1,"Icteridae","Icterus cucullatus",2018,7,11,"4fa7b334-ce0d-4e88-aaae-2e0c138d049e","2184204681"
32.13469,-110.92456,1,"Tyrannidae","Tyrannus vociferans",2018,7,11,"4fa7b334-ce0d-4e88-aaae-2e0c138d049e","2184206731"
32.13469,-110.92456,NA,"Passeridae","Passer domesticus",2018,7,11,"4fa7b334-ce0d-4e88-aaae-2e0c138d049e","2188029943"
32.13469,-110.92456,NA,"Columbidae","Zenaida asiatica",2018,7,11,"4fa7b334-ce0d-4e88-aaae-2e0c138d049e","2184209302"
32.13469,-110.92456,NA,"Columbidae","Columba livia",2018,7,11,"4fa7b334-ce0d-4e88-aaae-2e0c138d049e","2195807479"
32.13469,-110.92456,1,"Picidae","Melanerpes uropygialis",2018,7,11,"4fa7b334-ce0d-4e88-aaae-2e0c138d049e","2188024636"
32.13469,-110.92456,1,"Icteridae","Icterus cucullatus",2018,7,11,"4fa7b334-ce0d-4e88-aaae-2e0c138d049e","2195807733"
32.134598,-110.924995,1,"Cuculidae","Geococcyx californianus",2018,7,22,"4fa7b334-ce0d-4e88-aaae-2e0c138d049e","2173722952"
32.134598,-110.924995,1,"Cuculidae","Geococcyx californianus",2018,7,22,"4fa7b334-ce0d-4e88-aaae-2e0c138d049e","2188950851"
32.13469,-110.92456,1,"Tyrannidae","Tyrannus vociferans",2018,7,11,"4fa7b334-ce0d-4e88-aaae-2e0c138d049e","2173765693"
32.13469,-110.92456,1,"Troglodytidae","Campylorhynchus brunneicapillus",2018,7,11,"4fa7b334-ce0d-4e88-aaae-2e0c138d049e","2196850855"
32.13469,-110.92456,NA,"Passeridae","Passer domesticus",2018,7,11,"4fa7b334-ce0d-4e88-aaae-2e0c138d049e","2189035187"
32.13469,-110.92456,NA,"Columbidae","Zenaida asiatica",2018,7,11,"4fa7b334-ce0d-4e88-aaae-2e0c138d049e","2173767278"
32.13469,-110.92456,NA,"Columbidae","Columba livia",2018,7,11,"4fa7b334-ce0d-4e88-aaae-2e0c138d049e","2196844539"
32.13469,-110.92456,1,"Columbidae","Streptopelia decaocto",2018,7,11,"4fa7b334-ce0d-4e88-aaae-2e0c138d049e","2186989798"
32.13458,-110.92453,2,"Icteridae","Icterus cucullatus",2018,7,15,"4fa7b334-ce0d-4e88-aaae-2e0c138d049e","2185119805"
32.13458,-110.92453,1,"Columbidae","Zenaida macroura",2018,7,15,"4fa7b334-ce0d-4e88-aaae-2e0c138d049e","2185124455"
32.13458,-110.92453,1,"Fringillidae","Haemorhous mexicanus",2018,7,15,"4fa7b334-ce0d-4e88-aaae-2e0c138d049e","2189082300"
32.13458,-110.92453,2,"Passeridae","Passer domesticus",2018,7,15,"4fa7b334-ce0d-4e88-aaae-2e0c138d049e","2189075561"
32.13458,-110.92453,3,"Remizidae","Auriparus flaviceps",2018,7,15,"4fa7b334-ce0d-4e88-aaae-2e0c138d049e","2185112440"
32.13469,-110.92456,1,"Tyrannidae","Tyrannus vociferans",2018,7,11,"4fa7b334-ce0d-4e88-aaae-2e0c138d049e","2189207134"
32.13469,-110.92456,1,"Troglodytidae","Campylorhynchus brunneicapillus",2018,7,11,"4fa7b334-ce0d-4e88-aaae-2e0c138d049e","2197028308"
32.13469,-110.92456,5,"Passeridae","Passer domesticus",2018,7,11,"4fa7b334-ce0d-4e88-aaae-2e0c138d049e","2173926763"
32.13469,-110.92456,2,"Columbidae","Zenaida asiatica",2018,7,11,"4fa7b334-ce0d-4e88-aaae-2e0c138d049e","2197034806"
32.13469,-110.92456,1,"Columbidae","Columba livia",2018,7,11,"4fa7b334-ce0d-4e88-aaae-2e0c138d049e","2185225809"
32.13469,-110.92456,1,"Icteridae","Icterus cucullatus",2018,7,11,"4fa7b334-ce0d-4e88-aaae-2e0c138d049e","2185217853"
32.13469,-110.92456,1,"Tyrannidae","Tyrannus vociferans",2018,7,11,"4fa7b334-ce0d-4e88-aaae-2e0c138d049e","2197829196"
32.13469,-110.92456,1,"Troglodytidae","Campylorhynchus brunneicapillus",2018,7,11,"4fa7b334-ce0d-4e88-aaae-2e0c138d049e","2197814482"
32.13469,-110.92456,NA,"Passeridae","Passer domesticus",2018,7,11,"4fa7b334-ce0d-4e88-aaae-2e0c138d049e","2197819747"
32.13469,-110.92456,NA,"Columbidae","Zenaida asiatica",2018,7,11,"4fa7b334-ce0d-4e88-aaae-2e0c138d049e","2185754345"
32.13469,-110.92456,NA,"Columbidae","Columba livia",2018,7,11,"4fa7b334-ce0d-4e88-aaae-2e0c138d049e","2174684603"
32.13458,-110.92453,2,"Icteridae","Icterus cucullatus",2018,7,15,"4fa7b334-ce0d-4e88-aaae-2e0c138d049e","2190195164"
32.13458,-110.92453,1,"Columbidae","Zenaida macroura",2018,7,15,"4fa7b334-ce0d-4e88-aaae-2e0c138d049e","2174995877"
32.13458,-110.92453,1,"Fringillidae","Haemorhous mexicanus",2018,7,15,"4fa7b334-ce0d-4e88-aaae-2e0c138d049e","2174999080"
32.13458,-110.92453,2,"Passeridae","Passer domesticus",2018,7,15,"4fa7b334-ce0d-4e88-aaae-2e0c138d049e","2186149425"
32.13458,-110.92453,3,"Remizidae","Auriparus flaviceps",2018,7,15,"4fa7b334-ce0d-4e88-aaae-2e0c138d049e","2186152427"
32.13458,-110.92453,2,"Icteridae","Icterus cucullatus",2018,7,15,"4fa7b334-ce0d-4e88-aaae-2e0c138d049e","2190123462"
32.13458,-110.92453,1,"Columbidae","Zenaida macroura",2018,7,15,"4fa7b334-ce0d-4e88-aaae-2e0c138d049e","2186178704"
32.13458,-110.92453,1,"Fringillidae","Haemorhous mexicanus",2018,7,15,"4fa7b334-ce0d-4e88-aaae-2e0c138d049e","2198136895"
32.13458,-110.92453,2,"Passeridae","Passer domesticus",2018,7,15,"4fa7b334-ce0d-4e88-aaae-2e0c138d049e","2190121913"
32.13458,-110.92453,3,"Remizidae","Auriparus flaviceps",2018,7,15,"4fa7b334-ce0d-4e88-aaae-2e0c138d049e","2174994468"
32.13458,-110.92453,2,"Icteridae","Icterus cucullatus",2018,7,15,"4fa7b334-ce0d-4e88-aaae-2e0c138d049e","2190708240"
32.13458,-110.92453,1,"Columbidae","Zenaida macroura",2018,7,15,"4fa7b334-ce0d-4e88-aaae-2e0c138d049e","2186759134"
32.13458,-110.92453,1,"Fringillidae","Haemorhous mexicanus",2018,7,15,"4fa7b334-ce0d-4e88-aaae-2e0c138d049e","2190711598"
32.13458,-110.92453,2,"Passeridae","Passer domesticus",2018,7,15,"4fa7b334-ce0d-4e88-aaae-2e0c138d049e","2186749765"
32.13458,-110.92453,3,"Remizidae","Auriparus flaviceps",2018,7,15,"4fa7b334-ce0d-4e88-aaae-2e0c138d049e","2186761594"
32.13469,-110.92456,1,"Tyrannidae","Tyrannus vociferans",2018,7,11,"4fa7b334-ce0d-4e88-aaae-2e0c138d049e","2187447054"
32.13469,-110.92456,NA,"Passeridae","Passer domesticus",2018,7,11,"4fa7b334-ce0d-4e88-aaae-2e0c138d049e","2187435783"
32.13469,-110.92456,NA,"Columbidae","Zenaida asiatica",2018,7,11,"4fa7b334-ce0d-4e88-aaae-2e0c138d049e","2176019686"
32.13469,-110.92456,NA,"Columbidae","Columba livia",2018,7,11,"4fa7b334-ce0d-4e88-aaae-2e0c138d049e","2187442906"
32.13469,-110.92456,1,"Picidae","Melanerpes uropygialis",2018,7,11,"4fa7b334-ce0d-4e88-aaae-2e0c138d049e","2176014489"
32.13469,-110.92456,1,"Icteridae","Icterus cucullatus",2018,7,11,"4fa7b334-ce0d-4e88-aaae-2e0c138d049e","2199169234"
32.13469,-110.92456,1,"Tyrannidae","Tyrannus vociferans",2018,7,11,"4fa7b334-ce0d-4e88-aaae-2e0c138d049e","2191423269"
32.13469,-110.92456,1,"Troglodytidae","Campylorhynchus brunneicapillus",2018,7,11,"4fa7b334-ce0d-4e88-aaae-2e0c138d049e","2176016190"
32.13469,-110.92456,NA,"Passeridae","Passer domesticus",2018,7,11,"4fa7b334-ce0d-4e88-aaae-2e0c138d049e","2176009056"
32.13469,-110.92456,NA,"Columbidae","Zenaida asiatica",2018,7,11,"4fa7b334-ce0d-4e88-aaae-2e0c138d049e","2187455461"
32.13469,-110.92456,NA,"Columbidae","Columba livia",2018,7,11,"4fa7b334-ce0d-4e88-aaae-2e0c138d049e","2187450037"
32.13469,-110.92456,1,"Tyrannidae","Tyrannus vociferans",2018,7,11,"4fa7b334-ce0d-4e88-aaae-2e0c138d049e","2177410980"
32.13469,-110.92456,1,"Troglodytidae","Campylorhynchus brunneicapillus",2018,7,11,"4fa7b334-ce0d-4e88-aaae-2e0c138d049e","2188650602"
32.13469,-110.92456,NA,"Passeridae","Passer domesticus",2018,7,11,"4fa7b334-ce0d-4e88-aaae-2e0c138d049e","2192884305"
32.13469,-110.92456,NA,"Columbidae","Zenaida asiatica",2018,7,11,"4fa7b334-ce0d-4e88-aaae-2e0c138d049e","2192881349"
32.13469,-110.92456,NA,"Columbidae","Columba livia",2018,7,11,"4fa7b334-ce0d-4e88-aaae-2e0c138d049e","2192880587"
32.13469,-110.92456,1,"Picidae","Melanerpes uropygialis",2018,7,11,"4fa7b334-ce0d-4e88-aaae-2e0c138d049e","2192897159"
32.13469,-110.92456,1,"Icteridae","Icterus cucullatus",2018,7,11,"4fa7b334-ce0d-4e88-aaae-2e0c138d049e","2188637091"
32.13458,-110.92453,2,"Icteridae","Icterus cucullatus",2018,7,15,"4fa7b334-ce0d-4e88-aaae-2e0c138d049e","2190155727"
32.13458,-110.92453,1,"Columbidae","Zenaida macroura",2018,7,15,"4fa7b334-ce0d-4e88-aaae-2e0c138d049e","2178706398"
32.13458,-110.92453,1,"Fringillidae","Haemorhous mexicanus",2018,7,15,"4fa7b334-ce0d-4e88-aaae-2e0c138d049e","2178724081"
32.13458,-110.92453,2,"Passeridae","Passer domesticus",2018,7,15,"4fa7b334-ce0d-4e88-aaae-2e0c138d049e","2190158641"
32.13458,-110.92453,3,"Remizidae","Auriparus flaviceps",2018,7,15,"4fa7b334-ce0d-4e88-aaae-2e0c138d049e","2202386505"
32.13469,-110.92456,1,"Tyrannidae","Tyrannus vociferans",2018,7,11,"4fa7b334-ce0d-4e88-aaae-2e0c138d049e","2212330919"
32.13469,-110.92456,NA,"Passeridae","Passer domesticus",2018,7,11,"4fa7b334-ce0d-4e88-aaae-2e0c138d049e","2187455373"
32.13469,-110.92456,NA,"Columbidae","Zenaida asiatica",2018,7,11,"4fa7b334-ce0d-4e88-aaae-2e0c138d049e","2212331275"
32.13469,-110.92456,NA,"Columbidae","Columba livia",2018,7,11,"4fa7b334-ce0d-4e88-aaae-2e0c138d049e","2203664055"
32.13469,-110.92456,1,"Picidae","Melanerpes uropygialis",2018,7,11,"4fa7b334-ce0d-4e88-aaae-2e0c138d049e","2187451829"
32.13469,-110.92456,1,"Icteridae","Icterus cucullatus",2018,7,11,"4fa7b334-ce0d-4e88-aaae-2e0c138d049e","2212334620"
32.13469,-110.92456,1,"Tyrannidae","Tyrannus vociferans",2018,7,11,"4fa7b334-ce0d-4e88-aaae-2e0c138d049e","2199058639"
32.13469,-110.92456,1,"Troglodytidae","Campylorhynchus brunneicapillus",2018,7,11,"4fa7b334-ce0d-4e88-aaae-2e0c138d049e","2223199108"
32.13469,-110.92456,NA,"Passeridae","Passer domesticus",2018,7,11,"4fa7b334-ce0d-4e88-aaae-2e0c138d049e","2214146663"
32.13469,-110.92456,NA,"Columbidae","Zenaida asiatica",2018,7,11,"4fa7b334-ce0d-4e88-aaae-2e0c138d049e","2214142263"
32.13469,-110.92456,NA,"Columbidae","Columba livia",2018,7,11,"4fa7b334-ce0d-4e88-aaae-2e0c138d049e","2214149235"
32.13469,-110.92456,1,"Picidae","Melanerpes uropygialis",2018,7,11,"4fa7b334-ce0d-4e88-aaae-2e0c138d049e","2214140563"
32.13469,-110.92456,1,"Icteridae","Icterus cucullatus",2018,7,11,"4fa7b334-ce0d-4e88-aaae-2e0c138d049e","2214150429"
32.13469,-110.92456,1,"Columbidae","Streptopelia decaocto",2018,7,11,"4fa7b334-ce0d-4e88-aaae-2e0c138d049e","2223198948"
32.13458,-110.92453,2,"Icteridae","Icterus cucullatus",2018,7,15,"4fa7b334-ce0d-4e88-aaae-2e0c138d049e","2715966022"
32.13458,-110.92453,1,"Columbidae","Zenaida macroura",2018,7,15,"4fa7b334-ce0d-4e88-aaae-2e0c138d049e","2717922076"
32.13458,-110.92453,1,"Fringillidae","Haemorhous mexicanus",2018,7,15,"4fa7b334-ce0d-4e88-aaae-2e0c138d049e","2725229217"
32.13458,-110.92453,2,"Passeridae","Passer domesticus",2018,7,15,"4fa7b334-ce0d-4e88-aaae-2e0c138d049e","2723073197"
32.13458,-110.92453,3,"Remizidae","Auriparus flaviceps",2018,7,15,"4fa7b334-ce0d-4e88-aaae-2e0c138d049e","2721678133"
32.13443,-110.924774,1,"Trochilidae","Cynanthus latirostris",2017,7,11,"4fa7b334-ce0d-4e88-aaae-2e0c138d049e","2080205173"
32.13443,-110.924774,2,"Remizidae","Auriparus flaviceps",2017,7,11,"4fa7b334-ce0d-4e88-aaae-2e0c138d049e","2086151135"
32.13443,-110.924774,2,"Columbidae","Columba livia",2017,7,11,"4fa7b334-ce0d-4e88-aaae-2e0c138d049e","2086133875"
32.13443,-110.924774,1,"Columbidae","Zenaida macroura",2017,7,11,"4fa7b334-ce0d-4e88-aaae-2e0c138d049e","2080698742"
32.13443,-110.924774,2,"Tyrannidae","Tyrannus vociferans",2017,7,11,"4fa7b334-ce0d-4e88-aaae-2e0c138d049e","2068271897"
32.13443,-110.924774,2,"Columbidae","Zenaida asiatica",2017,7,11,"4fa7b334-ce0d-4e88-aaae-2e0c138d049e","2068270205"
32.13443,-110.924774,1,"Icteridae","Icterus cucullatus",2017,7,11,"4fa7b334-ce0d-4e88-aaae-2e0c138d049e","2080212783"
32.134598,-110.924965,1,"Accipitridae","Buteo jamaicensis",2017,7,11,"4fa7b334-ce0d-4e88-aaae-2e0c138d049e","2068282801"
32.134598,-110.924965,1,"Icteridae","Icterus cucullatus",2017,7,11,"4fa7b334-ce0d-4e88-aaae-2e0c138d049e","2068276263"
32.134598,-110.924965,1,"Columbidae","Streptopelia decaocto",2017,7,11,"4fa7b334-ce0d-4e88-aaae-2e0c138d049e","2068278925"
32.134598,-110.924965,3,"Fringillidae","Haemorhous mexicanus",2017,7,11,"4fa7b334-ce0d-4e88-aaae-2e0c138d049e","2080223397"
32.134598,-110.924965,2,"Columbidae","Columba livia",2017,7,11,"4fa7b334-ce0d-4e88-aaae-2e0c138d049e","2086151093"
32.134598,-110.924965,7,"Corvidae","Corvus corax",2017,7,11,"4fa7b334-ce0d-4e88-aaae-2e0c138d049e","2080232437"
32.134598,-110.924965,3,"Tyrannidae","Tyrannus vociferans",2017,7,11,"4fa7b334-ce0d-4e88-aaae-2e0c138d049e","2086143685"
32.134598,-110.924965,1,"Tyrannidae","Tyrannus verticalis",2017,7,11,"4fa7b334-ce0d-4e88-aaae-2e0c138d049e","2080706651"
32.13443,-110.924774,1,"Accipitridae","Buteo jamaicensis",2017,7,11,"4fa7b334-ce0d-4e88-aaae-2e0c138d049e","2068284541"
32.13443,-110.924774,3,"Fringillidae","Haemorhous mexicanus",2017,7,11,"4fa7b334-ce0d-4e88-aaae-2e0c138d049e","2080255191"
32.13443,-110.924774,5,"Corvidae","Corvus corax",2017,7,11,"4fa7b334-ce0d-4e88-aaae-2e0c138d049e","2080228612"
32.13443,-110.924774,1,"Tyrannidae","Tyrannus verticalis",2017,7,11,"4fa7b334-ce0d-4e88-aaae-2e0c138d049e","2080696045"
32.13443,-110.924774,1,"Columbidae","Zenaida asiatica",2017,7,11,"4fa7b334-ce0d-4e88-aaae-2e0c138d049e","2080232257"
32.13443,-110.924774,1,"Cathartidae","Cathartes aura",2017,7,11,"4fa7b334-ce0d-4e88-aaae-2e0c138d049e","2068283519"
32.13443,-110.924774,1,"Cathartidae","Cathartes aura",2017,7,11,"4fa7b334-ce0d-4e88-aaae-2e0c138d049e","2068289817"
32.13443,-110.924774,1,"Hirundinidae","Hirundo rustica",2017,7,11,"4fa7b334-ce0d-4e88-aaae-2e0c138d049e","2068288580"
32.13443,-110.924774,1,"Accipitridae","Accipiter cooperii",2017,7,11,"4fa7b334-ce0d-4e88-aaae-2e0c138d049e","2080239483"
32.134598,-110.924965,1,"Accipitridae","Buteo jamaicensis",2017,7,11,"4fa7b334-ce0d-4e88-aaae-2e0c138d049e","2086183675"
32.134598,-110.924965,1,"Icteridae","Icterus cucullatus",2017,7,11,"4fa7b334-ce0d-4e88-aaae-2e0c138d049e","2080269758"
32.134598,-110.924965,1,"Columbidae","Streptopelia decaocto",2017,7,11,"4fa7b334-ce0d-4e88-aaae-2e0c138d049e","2068334446"
32.134598,-110.924965,3,"Fringillidae","Haemorhous mexicanus",2017,7,11,"4fa7b334-ce0d-4e88-aaae-2e0c138d049e","2086193684"
32.134598,-110.924965,2,"Columbidae","Columba livia",2017,7,11,"4fa7b334-ce0d-4e88-aaae-2e0c138d049e","2080276238"
32.134598,-110.924965,7,"Corvidae","Corvus corax",2017,7,11,"4fa7b334-ce0d-4e88-aaae-2e0c138d049e","2086190800"
32.134598,-110.924965,3,"Tyrannidae","Tyrannus vociferans",2017,7,11,"4fa7b334-ce0d-4e88-aaae-2e0c138d049e","2068334427"
32.134598,-110.924965,1,"Tyrannidae","Tyrannus verticalis",2017,7,11,"4fa7b334-ce0d-4e88-aaae-2e0c138d049e","2086186085"
32.134598,-110.924965,1,"Accipitridae","Buteo jamaicensis",2017,7,11,"4fa7b334-ce0d-4e88-aaae-2e0c138d049e","2080850786"
32.134598,-110.924965,1,"Icteridae","Icterus cucullatus",2017,7,11,"4fa7b334-ce0d-4e88-aaae-2e0c138d049e","2068473503"
32.134598,-110.924965,1,"Columbidae","Streptopelia decaocto",2017,7,11,"4fa7b334-ce0d-4e88-aaae-2e0c138d049e","2068480812"
32.134598,-110.924965,3,"Fringillidae","Haemorhous mexicanus",2017,7,11,"4fa7b334-ce0d-4e88-aaae-2e0c138d049e","2080400114"
32.134598,-110.924965,2,"Columbidae","Columba livia",2017,7,11,"4fa7b334-ce0d-4e88-aaae-2e0c138d049e","2068472423"
32.134598,-110.924965,7,"Corvidae","Corvus corax",2017,7,11,"4fa7b334-ce0d-4e88-aaae-2e0c138d049e","2080854838"
32.134598,-110.924965,3,"Tyrannidae","Tyrannus vociferans",2017,7,11,"4fa7b334-ce0d-4e88-aaae-2e0c138d049e","2068459378"
32.134598,-110.924965,1,"Tyrannidae","Tyrannus verticalis",2017,7,11,"4fa7b334-ce0d-4e88-aaae-2e0c138d049e","2068469533"
32.134598,-110.924965,1,"Accipitridae","Buteo jamaicensis",2017,7,11,"4fa7b334-ce0d-4e88-aaae-2e0c138d049e","2080562081"
32.134598,-110.924965,1,"Icteridae","Icterus cucullatus",2017,7,11,"4fa7b334-ce0d-4e88-aaae-2e0c138d049e","2068694290"
32.134598,-110.924965,1,"Columbidae","Streptopelia decaocto",2017,7,11,"4fa7b334-ce0d-4e88-aaae-2e0c138d049e","2081058989"
32.134598,-110.924965,3,"Fringillidae","Haemorhous mexicanus",2017,7,11,"4fa7b334-ce0d-4e88-aaae-2e0c138d049e","2086447810"
32.134598,-110.924965,2,"Columbidae","Columba livia",2017,7,11,"4fa7b334-ce0d-4e88-aaae-2e0c138d049e","2081058998"
32.134598,-110.924965,7,"Corvidae","Corvus corax",2017,7,11,"4fa7b334-ce0d-4e88-aaae-2e0c138d049e","2086451725"
32.134598,-110.924965,3,"Tyrannidae","Tyrannus vociferans",2017,7,11,"4fa7b334-ce0d-4e88-aaae-2e0c138d049e","2086452398"
32.134598,-110.924965,1,"Tyrannidae","Tyrannus verticalis",2017,7,11,"4fa7b334-ce0d-4e88-aaae-2e0c138d049e","2081070847"
32.134598,-110.924965,1,"Accipitridae","Buteo jamaicensis",2017,7,11,"4fa7b334-ce0d-4e88-aaae-2e0c138d049e","2073734536"
32.134598,-110.924965,1,"Icteridae","Icterus cucullatus",2017,7,11,"4fa7b334-ce0d-4e88-aaae-2e0c138d049e","2085566484"
32.134598,-110.924965,1,"Columbidae","Streptopelia decaocto",2017,7,11,"4fa7b334-ce0d-4e88-aaae-2e0c138d049e","2073738468"
32.134598,-110.924965,3,"Fringillidae","Haemorhous mexicanus",2017,7,11,"4fa7b334-ce0d-4e88-aaae-2e0c138d049e","2085091980"
32.134598,-110.924965,2,"Columbidae","Columba livia",2017,7,11,"4fa7b334-ce0d-4e88-aaae-2e0c138d049e","2085566499"
32.134598,-110.924965,7,"Corvidae","Corvus corax",2017,7,11,"4fa7b334-ce0d-4e88-aaae-2e0c138d049e","2085557713"
32.134598,-110.924965,3,"Tyrannidae","Tyrannus vociferans",2017,7,11,"4fa7b334-ce0d-4e88-aaae-2e0c138d049e","2085095365"
32.134598,-110.924965,1,"Tyrannidae","Tyrannus verticalis",2017,7,11,"4fa7b334-ce0d-4e88-aaae-2e0c138d049e","2073751784"
32.134598,-110.924965,1,"Accipitridae","Buteo jamaicensis",2017,7,11,"4fa7b334-ce0d-4e88-aaae-2e0c138d049e","2128115330"
32.134598,-110.924965,1,"Icteridae","Icterus cucullatus",2017,7,11,"4fa7b334-ce0d-4e88-aaae-2e0c138d049e","2118067192"
32.134598,-110.924965,1,"Columbidae","Streptopelia decaocto",2017,7,11,"4fa7b334-ce0d-4e88-aaae-2e0c138d049e","2104740979"
32.134598,-110.924965,3,"Fringillidae","Haemorhous mexicanus",2017,7,11,"4fa7b334-ce0d-4e88-aaae-2e0c138d049e","2104737687"
32.134598,-110.924965,2,"Columbidae","Columba livia",2017,7,11,"4fa7b334-ce0d-4e88-aaae-2e0c138d049e","2118071643"
32.134598,-110.924965,7,"Corvidae","Corvus corax",2017,7,11,"4fa7b334-ce0d-4e88-aaae-2e0c138d049e","2128091320"
32.134598,-110.924965,3,"Tyrannidae","Tyrannus vociferans",2017,7,11,"4fa7b334-ce0d-4e88-aaae-2e0c138d049e","2104745337"
32.134598,-110.924965,1,"Tyrannidae","Tyrannus verticalis",2017,7,11,"4fa7b334-ce0d-4e88-aaae-2e0c138d049e","2118082475"
32.134598,-110.924965,1,"Accipitridae","Buteo jamaicensis",2017,7,11,"4fa7b334-ce0d-4e88-aaae-2e0c138d049e","2193650084"
32.134598,-110.924965,1,"Icteridae","Icterus cucullatus",2017,7,11,"4fa7b334-ce0d-4e88-aaae-2e0c138d049e","2193625117"
32.134598,-110.924965,1,"Columbidae","Streptopelia decaocto",2017,7,11,"4fa7b334-ce0d-4e88-aaae-2e0c138d049e","2186089998"
32.134598,-110.924965,3,"Fringillidae","Haemorhous mexicanus",2017,7,11,"4fa7b334-ce0d-4e88-aaae-2e0c138d049e","2182104045"
32.134598,-110.924965,2,"Columbidae","Columba livia",2017,7,11,"4fa7b334-ce0d-4e88-aaae-2e0c138d049e","2193630935"
32.134598,-110.924965,7,"Corvidae","Corvus corax",2017,7,11,"4fa7b334-ce0d-4e88-aaae-2e0c138d049e","2186072717"
32.134598,-110.924965,3,"Tyrannidae","Tyrannus vociferans",2017,7,11,"4fa7b334-ce0d-4e88-aaae-2e0c138d049e","2193625112"
32.134598,-110.924965,1,"Tyrannidae","Tyrannus verticalis",2017,7,11,"4fa7b334-ce0d-4e88-aaae-2e0c138d049e","2193643725"
