"decimalLatitude","decimalLongitude","individualCount","family","species","year","month","day","datasetKey","gbifID"
32.24599,-110.85428,1,"Trochilidae","Calypte costae",2021,4,24,"4fa7b334-ce0d-4e88-aaae-2e0c138d049e","3673840968"
32.24599,-110.85428,2,"Columbidae","Zenaida macroura",2021,4,24,"4fa7b334-ce0d-4e88-aaae-2e0c138d049e","3675881044"
32.24599,-110.85428,2,"Fringillidae","Haemorhous mexicanus",2021,4,24,"4fa7b334-ce0d-4e88-aaae-2e0c138d049e","3673284356"
32.24599,-110.85428,1,"Phalacrocoracidae","Phalacrocorax brasilianus",2021,4,24,"4fa7b334-ce0d-4e88-aaae-2e0c138d049e","3617387278"
32.24599,-110.85428,2,"Trochilidae","Archilochus alexandri",2021,4,24,"4fa7b334-ce0d-4e88-aaae-2e0c138d049e","3625203116"
32.24599,-110.85428,6,"Anatidae","Anas platyrhynchos",2021,4,24,"4fa7b334-ce0d-4e88-aaae-2e0c138d049e","3622341654"
32.24599,-110.85428,2,"Fringillidae","Spinus psaltria",2021,4,24,"4fa7b334-ce0d-4e88-aaae-2e0c138d049e","3623418966"
32.24599,-110.85428,1,"Cardinalidae","Cardinalis cardinalis",2021,4,24,"4fa7b334-ce0d-4e88-aaae-2e0c138d049e","3635967709"
32.24599,-110.85428,1,"Accipitridae","Accipiter cooperii",2021,4,24,"4fa7b334-ce0d-4e88-aaae-2e0c138d049e","3633210012"
32.24599,-110.85428,2,"Trochilidae","Calypte anna",2021,4,24,"4fa7b334-ce0d-4e88-aaae-2e0c138d049e","3636345926"
32.24599,-110.85428,2,"Parulidae","Setophaga petechia",2021,4,24,"4fa7b334-ce0d-4e88-aaae-2e0c138d049e","3644943752"
32.24599,-110.85428,1,"Tyrannidae","Pyrocephalus rubinus",2021,4,24,"4fa7b334-ce0d-4e88-aaae-2e0c138d049e","3649205157"
32.24599,-110.85428,1,"Trochilidae","Cynanthus latirostris",2021,4,24,"4fa7b334-ce0d-4e88-aaae-2e0c138d049e","3628648823"
32.24599,-110.85428,6,"Passeridae","Passer domesticus",2021,4,24,"4fa7b334-ce0d-4e88-aaae-2e0c138d049e","3629095199"
32.24599,-110.85428,1,"Trochilidae","Calypte costae",2021,4,24,"4fa7b334-ce0d-4e88-aaae-2e0c138d049e","3674595739"
32.24599,-110.85428,2,"Columbidae","Zenaida macroura",2021,4,24,"4fa7b334-ce0d-4e88-aaae-2e0c138d049e","3674183034"
32.24599,-110.85428,2,"Fringillidae","Haemorhous mexicanus",2021,4,24,"4fa7b334-ce0d-4e88-aaae-2e0c138d049e","3673180914"
32.24599,-110.85428,1,"Phalacrocoracidae","Phalacrocorax brasilianus",2021,4,24,"4fa7b334-ce0d-4e88-aaae-2e0c138d049e","3685580219"
32.24599,-110.85428,2,"Trochilidae","Archilochus alexandri",2021,4,24,"4fa7b334-ce0d-4e88-aaae-2e0c138d049e","3685541691"
32.24599,-110.85428,6,"Anatidae","Anas platyrhynchos",2021,4,24,"4fa7b334-ce0d-4e88-aaae-2e0c138d049e","3684334462"
32.24599,-110.85428,2,"Fringillidae","Spinus psaltria",2021,4,24,"4fa7b334-ce0d-4e88-aaae-2e0c138d049e","3683512543"
32.24599,-110.85428,1,"Cardinalidae","Cardinalis cardinalis",2021,4,24,"4fa7b334-ce0d-4e88-aaae-2e0c138d049e","3687028252"
32.24599,-110.85428,1,"Accipitridae","Accipiter cooperii",2021,4,24,"4fa7b334-ce0d-4e88-aaae-2e0c138d049e","3680567204"
32.24599,-110.85428,2,"Trochilidae","Calypte anna",2021,4,24,"4fa7b334-ce0d-4e88-aaae-2e0c138d049e","3688809347"
32.24599,-110.85428,2,"Parulidae","Setophaga petechia",2021,4,24,"4fa7b334-ce0d-4e88-aaae-2e0c138d049e","3677684832"
32.24599,-110.85428,1,"Tyrannidae","Pyrocephalus rubinus",2021,4,24,"4fa7b334-ce0d-4e88-aaae-2e0c138d049e","3677035159"
32.24599,-110.85428,1,"Trochilidae","Cynanthus latirostris",2021,4,24,"4fa7b334-ce0d-4e88-aaae-2e0c138d049e","3626008143"
32.24599,-110.85428,6,"Passeridae","Passer domesticus",2021,4,24,"4fa7b334-ce0d-4e88-aaae-2e0c138d049e","3629635476"
32.24599,-110.85428,1,"Ardeidae","Nycticorax nycticorax",2021,5,13,"4fa7b334-ce0d-4e88-aaae-2e0c138d049e","3524399692"
32.24599,-110.85428,1,"Remizidae","Auriparus flaviceps",2021,5,13,"4fa7b334-ce0d-4e88-aaae-2e0c138d049e","3530217890"
32.24599,-110.85428,1,"Accipitridae","Accipiter cooperii",2021,5,13,"4fa7b334-ce0d-4e88-aaae-2e0c138d049e","3544486311"
32.24599,-110.85428,NA,"Trochilidae","Archilochus alexandri",2021,5,13,"4fa7b334-ce0d-4e88-aaae-2e0c138d049e","3547455057"
32.24599,-110.85428,1,"Vireonidae","Vireo bellii",2021,5,13,"4fa7b334-ce0d-4e88-aaae-2e0c138d049e","3545849248"
32.24599,-110.85428,2,"Columbidae","Zenaida macroura",2021,5,13,"4fa7b334-ce0d-4e88-aaae-2e0c138d049e","3560136970"
32.24599,-110.85428,1,"Parulidae","Leiothlypis luciae",2021,5,13,"4fa7b334-ce0d-4e88-aaae-2e0c138d049e","3561960134"
32.24599,-110.85428,12,"Fringillidae","Spinus psaltria",2021,5,13,"4fa7b334-ce0d-4e88-aaae-2e0c138d049e","3567809569"
32.24599,-110.85428,NA,"Trochilidae","Cynanthus latirostris",2021,5,13,"4fa7b334-ce0d-4e88-aaae-2e0c138d049e","3521263750"
32.24599,-110.85428,1,"Parulidae","Setophaga petechia",2021,5,13,"4fa7b334-ce0d-4e88-aaae-2e0c138d049e","3521809881"
32.24599,-110.85428,2,"Cardinalidae","Cardinalis cardinalis",2021,5,13,"4fa7b334-ce0d-4e88-aaae-2e0c138d049e","3529600066"
32.24599,-110.85428,1,"Emberizidae","Melozone aberti",2021,5,13,"4fa7b334-ce0d-4e88-aaae-2e0c138d049e","3538509124"
32.24599,-110.85428,2,"Picidae","Melanerpes uropygialis",2021,5,13,"4fa7b334-ce0d-4e88-aaae-2e0c138d049e","3539217624"
32.24599,-110.85428,3,"Anatidae","Anas platyrhynchos",2021,5,13,"4fa7b334-ce0d-4e88-aaae-2e0c138d049e","3542459968"
32.24599,-110.85428,NA,"Trochilidae","Calypte anna",2021,5,13,"4fa7b334-ce0d-4e88-aaae-2e0c138d049e","3548116990"
32.24599,-110.85428,6,"Fringillidae","Haemorhous mexicanus",2021,5,13,"4fa7b334-ce0d-4e88-aaae-2e0c138d049e","3553882057"
32.24599,-110.85428,3,"Columbidae","Zenaida asiatica",2021,5,13,"4fa7b334-ce0d-4e88-aaae-2e0c138d049e","3591304847"
32.24607,-110.85447,2,"Anatidae","Anas platyrhynchos",2020,2,8,"4fa7b334-ce0d-4e88-aaae-2e0c138d049e","3134437462"
32.24607,-110.85447,2,"Anatidae","Anas platyrhynchos",2020,2,8,"4fa7b334-ce0d-4e88-aaae-2e0c138d049e","3146563773"
32.24569,-110.853905,2,"Strigidae","Bubo virginianus",2018,11,3,"4fa7b334-ce0d-4e88-aaae-2e0c138d049e","2200993383"
