"decimalLatitude","decimalLongitude","individualCount","family","species","year","month","day","datasetKey","datasetName","gbifID"
32.16053,-111.002815,1,"Cathartidae","Cathartes aura",2021,7,13,"4fa7b334-ce0d-4e88-aaae-2e0c138d049e",NA,"3563666201"
32.16053,-111.002815,1,"Falconidae","Falco sparverius",2020,3,10,"4fa7b334-ce0d-4e88-aaae-2e0c138d049e",NA,"3222023543"
32.16053,-111.002815,1,"Fringillidae","Haemorhous mexicanus",2020,3,10,"4fa7b334-ce0d-4e88-aaae-2e0c138d049e",NA,"3219225580"
32.16053,-111.002815,1,"Remizidae","Auriparus flaviceps",2020,3,10,"4fa7b334-ce0d-4e88-aaae-2e0c138d049e",NA,"3218318605"
32.16053,-111.002815,13,"Columbidae","Columba livia",2020,3,10,"4fa7b334-ce0d-4e88-aaae-2e0c138d049e",NA,"3219071770"
32.16053,-111.002815,1,"Picidae","Melanerpes uropygialis",2020,3,10,"4fa7b334-ce0d-4e88-aaae-2e0c138d049e",NA,"3219163619"
32.1624,-110.99981,2,"Tyrannidae","Sayornis saya",2019,2,26,"4fa7b334-ce0d-4e88-aaae-2e0c138d049e",NA,"2672895859"
32.1624,-110.99981,1,"Tyrannidae","Pyrocephalus rubinus",2019,2,26,"4fa7b334-ce0d-4e88-aaae-2e0c138d049e",NA,"2659087013"
32.1624,-110.99981,1,"Accipitridae","Buteo jamaicensis",2019,2,26,"4fa7b334-ce0d-4e88-aaae-2e0c138d049e",NA,"2661317966"
32.1624,-110.99981,1,"Fringillidae","Haemorhous mexicanus",2019,2,26,"4fa7b334-ce0d-4e88-aaae-2e0c138d049e",NA,"2660395969"
32.1624,-110.99981,2,"Columbidae","Columba livia",2019,2,26,"4fa7b334-ce0d-4e88-aaae-2e0c138d049e",NA,"2660303003"
32.16053,-111.002815,1,"Accipitridae","Buteo jamaicensis",2018,1,8,"4fa7b334-ce0d-4e88-aaae-2e0c138d049e",NA,"2118967489"
32.16053,-111.002815,1,"Accipitridae","Accipiter cooperii",2018,1,8,"4fa7b334-ce0d-4e88-aaae-2e0c138d049e",NA,"2118979981"
32.15973,-111.003815,1,"Strigidae","Athene cunicularia",2017,4,19,"4fa7b334-ce0d-4e88-aaae-2e0c138d049e",NA,"2056904133"
32.159958,-111.00287,2,"Columbidae","Columba livia",2017,4,27,"4fa7b334-ce0d-4e88-aaae-2e0c138d049e",NA,"2065269884"
32.159958,-111.00287,1,"Strigidae","Athene cunicularia",2017,4,27,"4fa7b334-ce0d-4e88-aaae-2e0c138d049e",NA,"2058987626"
32.159958,-111.00287,1,"Cuculidae","Geococcyx californianus",2017,4,27,"4fa7b334-ce0d-4e88-aaae-2e0c138d049e",NA,"2065283172"
32.159958,-111.00287,1,"Tyrannidae","Sayornis saya",2017,4,27,"4fa7b334-ce0d-4e88-aaae-2e0c138d049e",NA,"2065270039"
32.159958,-111.00287,1,"Strigidae","Athene cunicularia",2017,4,26,"4fa7b334-ce0d-4e88-aaae-2e0c138d049e",NA,"2065263788"
32.159958,-111.00287,2,"Columbidae","Columba livia",2017,4,27,"4fa7b334-ce0d-4e88-aaae-2e0c138d049e",NA,"2072987904"
32.159958,-111.00287,1,"Strigidae","Athene cunicularia",2017,4,27,"4fa7b334-ce0d-4e88-aaae-2e0c138d049e",NA,"2078688916"
32.159958,-111.00287,1,"Cuculidae","Geococcyx californianus",2017,4,27,"4fa7b334-ce0d-4e88-aaae-2e0c138d049e",NA,"2073110206"
32.159958,-111.00287,1,"Tyrannidae","Sayornis saya",2017,4,27,"4fa7b334-ce0d-4e88-aaae-2e0c138d049e",NA,"2060123519"
32.159958,-111.00287,2,"Columbidae","Columba livia",2017,4,27,"4fa7b334-ce0d-4e88-aaae-2e0c138d049e",NA,"2072998346"
32.159958,-111.00287,1,"Strigidae","Athene cunicularia",2017,4,27,"4fa7b334-ce0d-4e88-aaae-2e0c138d049e",NA,"2073119992"
32.159958,-111.00287,1,"Cuculidae","Geococcyx californianus",2017,4,27,"4fa7b334-ce0d-4e88-aaae-2e0c138d049e",NA,"2078688407"
32.159958,-111.00287,1,"Tyrannidae","Sayornis saya",2017,4,27,"4fa7b334-ce0d-4e88-aaae-2e0c138d049e",NA,"2078678471"
32.159958,-111.00287,2,"Columbidae","Columba livia",2017,4,27,"4fa7b334-ce0d-4e88-aaae-2e0c138d049e",NA,"2073201860"
32.159958,-111.00287,1,"Strigidae","Athene cunicularia",2017,4,27,"4fa7b334-ce0d-4e88-aaae-2e0c138d049e",NA,"2078800831"
32.159958,-111.00287,1,"Cuculidae","Geococcyx californianus",2017,4,27,"4fa7b334-ce0d-4e88-aaae-2e0c138d049e",NA,"2073078907"
32.159958,-111.00287,1,"Tyrannidae","Sayornis saya",2017,4,27,"4fa7b334-ce0d-4e88-aaae-2e0c138d049e",NA,"2078804943"
32.159958,-111.00287,1,"Strigidae","Athene cunicularia",2017,4,26,"4fa7b334-ce0d-4e88-aaae-2e0c138d049e",NA,"2118383646"
32.159958,-111.00287,2,"Columbidae","Columba livia",2017,4,27,"4fa7b334-ce0d-4e88-aaae-2e0c138d049e",NA,"2097087242"
32.159958,-111.00287,1,"Strigidae","Athene cunicularia",2017,4,27,"4fa7b334-ce0d-4e88-aaae-2e0c138d049e",NA,"2118384880"
32.159958,-111.00287,1,"Cuculidae","Geococcyx californianus",2017,4,27,"4fa7b334-ce0d-4e88-aaae-2e0c138d049e",NA,"2109433366"
32.159958,-111.00287,1,"Tyrannidae","Sayornis saya",2017,4,27,"4fa7b334-ce0d-4e88-aaae-2e0c138d049e",NA,"2109436390"
32.16078,-111.0027,1,"Hirundinidae","Stelgidopteryx serripennis",2017,5,5,"4fa7b334-ce0d-4e88-aaae-2e0c138d049e",NA,"2067679768"
32.16078,-111.0027,1,"Hirundinidae","Progne subis",2017,5,5,"4fa7b334-ce0d-4e88-aaae-2e0c138d049e",NA,"2061685078"
32.16078,-111.0027,3,"Columbidae","Columba livia",2017,5,5,"4fa7b334-ce0d-4e88-aaae-2e0c138d049e",NA,"2061840826"
32.16078,-111.0027,15,"Columbidae","Zenaida macroura",2017,5,5,"4fa7b334-ce0d-4e88-aaae-2e0c138d049e",NA,"2067690544"
32.16078,-111.0027,3,"Emberizidae","Chondestes grammacus",2017,5,5,"4fa7b334-ce0d-4e88-aaae-2e0c138d049e",NA,"2061696012"
32.16078,-111.0027,1,"Remizidae","Auriparus flaviceps",2017,5,5,"4fa7b334-ce0d-4e88-aaae-2e0c138d049e",NA,"2061759684"
32.16078,-111.0027,1,"Tyrannidae","Sayornis saya",2017,5,5,"4fa7b334-ce0d-4e88-aaae-2e0c138d049e",NA,"2061689117"
32.16078,-111.0027,8,"Columbidae","Zenaida asiatica",2017,5,5,"4fa7b334-ce0d-4e88-aaae-2e0c138d049e",NA,"2061685773"
32.16078,-111.0027,1,"Strigidae","Athene cunicularia",2017,5,5,"4fa7b334-ce0d-4e88-aaae-2e0c138d049e",NA,"2067699007"
32.16078,-111.0027,1,"Mimidae","Mimus polyglottos",2017,5,5,"4fa7b334-ce0d-4e88-aaae-2e0c138d049e",NA,"2049672510"
32.16078,-111.0027,6,"Fringillidae","Haemorhous mexicanus",2017,5,5,"4fa7b334-ce0d-4e88-aaae-2e0c138d049e",NA,"2067689649"
32.16069,-111.002396,1,"Strigidae","Athene cunicularia",2017,5,5,"4fa7b334-ce0d-4e88-aaae-2e0c138d049e",NA,"2067733309"
32.16069,-111.002396,1,"Remizidae","Auriparus flaviceps",2017,5,5,"4fa7b334-ce0d-4e88-aaae-2e0c138d049e",NA,"2061894959"
32.16069,-111.002396,2,"Columbidae","Columba livia",2017,5,5,"4fa7b334-ce0d-4e88-aaae-2e0c138d049e",NA,"2061820164"
32.16069,-111.002396,2,"Columbidae","Zenaida macroura",2017,5,5,"4fa7b334-ce0d-4e88-aaae-2e0c138d049e",NA,"2062047466"
32.16069,-111.002396,1,"Strigidae","Athene cunicularia",2017,5,5,"4fa7b334-ce0d-4e88-aaae-2e0c138d049e",NA,"2049811873"
32.16069,-111.002396,1,"Columbidae","Zenaida asiatica",2017,5,5,"4fa7b334-ce0d-4e88-aaae-2e0c138d049e",NA,"2061822329"
32.16069,-111.002396,2,"Columbidae","Columba livia",2017,5,5,"4fa7b334-ce0d-4e88-aaae-2e0c138d049e",NA,"2062116226"
32.16069,-111.002396,2,"Columbidae","Zenaida macroura",2017,5,5,"4fa7b334-ce0d-4e88-aaae-2e0c138d049e",NA,"2061847472"
32.16069,-111.002396,1,"Strigidae","Athene cunicularia",2017,5,5,"4fa7b334-ce0d-4e88-aaae-2e0c138d049e",NA,"2049873709"
32.16069,-111.002396,1,"Columbidae","Zenaida asiatica",2017,5,5,"4fa7b334-ce0d-4e88-aaae-2e0c138d049e",NA,"2061853961"
32.16069,-111.002396,1,"Strigidae","Athene cunicularia",2017,5,5,"4fa7b334-ce0d-4e88-aaae-2e0c138d049e",NA,"2062130633"
32.16069,-111.002396,1,"Remizidae","Auriparus flaviceps",2017,5,5,"4fa7b334-ce0d-4e88-aaae-2e0c138d049e",NA,"2061871128"
32.16035,-111.00336,1,"Cardinalidae","Cardinalis sinuatus",2017,5,7,"4fa7b334-ce0d-4e88-aaae-2e0c138d049e",NA,"2050201805"
32.16035,-111.00336,1,"Tyrannidae","Myiarchus cinerascens",2017,5,7,"4fa7b334-ce0d-4e88-aaae-2e0c138d049e",NA,"2068317165"
32.16035,-111.00336,1,"Remizidae","Auriparus flaviceps",2017,5,7,"4fa7b334-ce0d-4e88-aaae-2e0c138d049e",NA,"2068337209"
32.16035,-111.00336,2,"Emberizidae","Melozone aberti",2017,5,7,"4fa7b334-ce0d-4e88-aaae-2e0c138d049e",NA,"2068321676"
32.16035,-111.00336,1,"Ardeidae","Ardea herodias",2017,5,7,"4fa7b334-ce0d-4e88-aaae-2e0c138d049e",NA,"2068319252"
32.16035,-111.00336,1,"Strigidae","Athene cunicularia",2017,5,7,"4fa7b334-ce0d-4e88-aaae-2e0c138d049e",NA,"2068321175"
32.16035,-111.00336,20,"Columbidae","Zenaida macroura",2017,5,7,"4fa7b334-ce0d-4e88-aaae-2e0c138d049e",NA,"2068318594"
32.16035,-111.00336,2,"Columbidae","Zenaida asiatica",2017,5,7,"4fa7b334-ce0d-4e88-aaae-2e0c138d049e",NA,"2068331781"
32.16035,-111.00336,3,"Passeridae","Passer domesticus",2017,5,7,"4fa7b334-ce0d-4e88-aaae-2e0c138d049e",NA,"2068317232"
32.16035,-111.00336,2,"Cuculidae","Geococcyx californianus",2017,5,7,"4fa7b334-ce0d-4e88-aaae-2e0c138d049e",NA,"2068329475"
32.16035,-111.00336,10,"Columbidae","Columba livia",2017,5,7,"4fa7b334-ce0d-4e88-aaae-2e0c138d049e",NA,"2050198760"
32.16035,-111.00336,3,"Mimidae","Mimus polyglottos",2017,5,7,"4fa7b334-ce0d-4e88-aaae-2e0c138d049e",NA,"2050184979"
32.16035,-111.00336,6,"Fringillidae","Haemorhous mexicanus",2017,5,7,"4fa7b334-ce0d-4e88-aaae-2e0c138d049e",NA,"2068319305"
32.16078,-111.0027,2,"Mimidae","Mimus polyglottos",2017,5,13,"4fa7b334-ce0d-4e88-aaae-2e0c138d049e",NA,"2052891129"
32.16078,-111.0027,3,"Columbidae","Zenaida asiatica",2017,5,13,"4fa7b334-ce0d-4e88-aaae-2e0c138d049e",NA,"2065333516"
32.16078,-111.0027,8,"Columbidae","Zenaida macroura",2017,5,13,"4fa7b334-ce0d-4e88-aaae-2e0c138d049e",NA,"2065324401"
32.16078,-111.0027,4,"Icteridae","Quiscalus mexicanus",2017,5,13,"4fa7b334-ce0d-4e88-aaae-2e0c138d049e",NA,"2065314129"
32.16078,-111.0027,4,"Passeridae","Passer domesticus",2017,5,13,"4fa7b334-ce0d-4e88-aaae-2e0c138d049e",NA,"2052892026"
32.16078,-111.0027,1,"Strigidae","Athene cunicularia",2017,5,13,"4fa7b334-ce0d-4e88-aaae-2e0c138d049e",NA,"2064981304"
32.16078,-111.0027,12,"Columbidae","Columba livia",2017,5,13,"4fa7b334-ce0d-4e88-aaae-2e0c138d049e",NA,"2065318155"
32.16078,-111.0027,4,"Columbidae","Streptopelia decaocto",2017,5,13,"4fa7b334-ce0d-4e88-aaae-2e0c138d049e",NA,"2064992180"
32.16078,-111.0027,10,"Fringillidae","Haemorhous mexicanus",2017,5,13,"4fa7b334-ce0d-4e88-aaae-2e0c138d049e",NA,"2070991545"
32.16078,-111.0027,1,"Remizidae","Auriparus flaviceps",2017,5,13,"4fa7b334-ce0d-4e88-aaae-2e0c138d049e",NA,"2065325742"
32.16078,-111.0027,2,"Mimidae","Mimus polyglottos",2017,5,13,"4fa7b334-ce0d-4e88-aaae-2e0c138d049e",NA,"2065381315"
32.16078,-111.0027,3,"Columbidae","Zenaida asiatica",2017,5,13,"4fa7b334-ce0d-4e88-aaae-2e0c138d049e",NA,"2052946889"
32.16078,-111.0027,8,"Columbidae","Zenaida macroura",2017,5,13,"4fa7b334-ce0d-4e88-aaae-2e0c138d049e",NA,"2071037184"
32.16078,-111.0027,4,"Icteridae","Quiscalus mexicanus",2017,5,13,"4fa7b334-ce0d-4e88-aaae-2e0c138d049e",NA,"2065044055"
32.16078,-111.0027,4,"Passeridae","Passer domesticus",2017,5,13,"4fa7b334-ce0d-4e88-aaae-2e0c138d049e",NA,"2065038017"
32.16078,-111.0027,1,"Strigidae","Athene cunicularia",2017,5,13,"4fa7b334-ce0d-4e88-aaae-2e0c138d049e",NA,"2065086446"
32.16078,-111.0027,12,"Columbidae","Columba livia",2017,5,13,"4fa7b334-ce0d-4e88-aaae-2e0c138d049e",NA,"2052931095"
32.16078,-111.0027,4,"Columbidae","Streptopelia decaocto",2017,5,13,"4fa7b334-ce0d-4e88-aaae-2e0c138d049e",NA,"2065039424"
32.16078,-111.0027,10,"Fringillidae","Haemorhous mexicanus",2017,5,13,"4fa7b334-ce0d-4e88-aaae-2e0c138d049e",NA,"2071042327"
32.16078,-111.0027,1,"Remizidae","Auriparus flaviceps",2017,5,13,"4fa7b334-ce0d-4e88-aaae-2e0c138d049e",NA,"2071037186"
32.16069,-111.002396,2,"Columbidae","Columba livia",2017,5,5,"4fa7b334-ce0d-4e88-aaae-2e0c138d049e",NA,"2072284346"
32.16069,-111.002396,2,"Columbidae","Zenaida macroura",2017,5,5,"4fa7b334-ce0d-4e88-aaae-2e0c138d049e",NA,"2054058768"
32.16069,-111.002396,1,"Strigidae","Athene cunicularia",2017,5,5,"4fa7b334-ce0d-4e88-aaae-2e0c138d049e",NA,"2054057183"
32.16069,-111.002396,1,"Columbidae","Zenaida asiatica",2017,5,5,"4fa7b334-ce0d-4e88-aaae-2e0c138d049e",NA,"2066703348"
32.16053,-111.002815,5,"Columbidae","Columba livia",2017,5,18,"4fa7b334-ce0d-4e88-aaae-2e0c138d049e",NA,"2067970187"
32.16053,-111.002815,2,"Fringillidae","Haemorhous mexicanus",2017,5,18,"4fa7b334-ce0d-4e88-aaae-2e0c138d049e",NA,"2073355185"
32.16053,-111.002815,2,"Strigidae","Athene cunicularia",2017,5,18,"4fa7b334-ce0d-4e88-aaae-2e0c138d049e",NA,"2067542164"
32.16053,-111.002815,1,"Tyrannidae","Tyrannus verticalis",2017,5,18,"4fa7b334-ce0d-4e88-aaae-2e0c138d049e",NA,"2073355184"
32.16046,-111.00283,5,"Columbidae","Columba livia",2017,5,18,"4fa7b334-ce0d-4e88-aaae-2e0c138d049e",NA,"2069403098"
32.16046,-111.00283,2,"Fringillidae","Haemorhous mexicanus",2017,5,18,"4fa7b334-ce0d-4e88-aaae-2e0c138d049e",NA,"2074986497"
32.16046,-111.00283,2,"Strigidae","Athene cunicularia",2017,5,18,"4fa7b334-ce0d-4e88-aaae-2e0c138d049e",NA,"2056288809"
32.16046,-111.00283,1,"Tyrannidae","Tyrannus verticalis",2017,5,18,"4fa7b334-ce0d-4e88-aaae-2e0c138d049e",NA,"2074990820"
32.16078,-111.0027,2,"Mimidae","Mimus polyglottos",2017,5,13,"4fa7b334-ce0d-4e88-aaae-2e0c138d049e",NA,"2069820391"
32.16078,-111.0027,3,"Columbidae","Zenaida asiatica",2017,5,13,"4fa7b334-ce0d-4e88-aaae-2e0c138d049e",NA,"2056577307"
32.16078,-111.0027,8,"Columbidae","Zenaida macroura",2017,5,13,"4fa7b334-ce0d-4e88-aaae-2e0c138d049e",NA,"2069871409"
32.16078,-111.0027,4,"Icteridae","Quiscalus mexicanus",2017,5,13,"4fa7b334-ce0d-4e88-aaae-2e0c138d049e",NA,"2056575312"
32.16078,-111.0027,4,"Passeridae","Passer domesticus",2017,5,13,"4fa7b334-ce0d-4e88-aaae-2e0c138d049e",NA,"2056565460"
32.16078,-111.0027,1,"Strigidae","Athene cunicularia",2017,5,13,"4fa7b334-ce0d-4e88-aaae-2e0c138d049e",NA,"2069690842"
32.16078,-111.0027,12,"Columbidae","Columba livia",2017,5,13,"4fa7b334-ce0d-4e88-aaae-2e0c138d049e",NA,"2069691920"
32.16078,-111.0027,4,"Columbidae","Streptopelia decaocto",2017,5,13,"4fa7b334-ce0d-4e88-aaae-2e0c138d049e",NA,"2056579775"
32.16078,-111.0027,10,"Fringillidae","Haemorhous mexicanus",2017,5,13,"4fa7b334-ce0d-4e88-aaae-2e0c138d049e",NA,"2069689621"
32.16078,-111.0027,2,"Mimidae","Mimus polyglottos",2017,5,13,"4fa7b334-ce0d-4e88-aaae-2e0c138d049e",NA,"2075684898"
32.16078,-111.0027,3,"Columbidae","Zenaida asiatica",2017,5,13,"4fa7b334-ce0d-4e88-aaae-2e0c138d049e",NA,"2070046118"
32.16078,-111.0027,8,"Columbidae","Zenaida macroura",2017,5,13,"4fa7b334-ce0d-4e88-aaae-2e0c138d049e",NA,"2056903735"
32.16078,-111.0027,4,"Icteridae","Quiscalus mexicanus",2017,5,13,"4fa7b334-ce0d-4e88-aaae-2e0c138d049e",NA,"2056901814"
32.16078,-111.0027,4,"Passeridae","Passer domesticus",2017,5,13,"4fa7b334-ce0d-4e88-aaae-2e0c138d049e",NA,"2070054167"
32.16078,-111.0027,1,"Strigidae","Athene cunicularia",2017,5,13,"4fa7b334-ce0d-4e88-aaae-2e0c138d049e",NA,"2070047413"
32.16078,-111.0027,12,"Columbidae","Columba livia",2017,5,13,"4fa7b334-ce0d-4e88-aaae-2e0c138d049e",NA,"2056885378"
32.16078,-111.0027,4,"Columbidae","Streptopelia decaocto",2017,5,13,"4fa7b334-ce0d-4e88-aaae-2e0c138d049e",NA,"2070048017"
32.16078,-111.0027,10,"Fringillidae","Haemorhous mexicanus",2017,5,13,"4fa7b334-ce0d-4e88-aaae-2e0c138d049e",NA,"2056888779"
32.16078,-111.0027,1,"Remizidae","Auriparus flaviceps",2017,5,13,"4fa7b334-ce0d-4e88-aaae-2e0c138d049e",NA,"2070127940"
32.16046,-111.00283,5,"Columbidae","Columba livia",2017,5,18,"4fa7b334-ce0d-4e88-aaae-2e0c138d049e",NA,"2058096750"
32.16046,-111.00283,2,"Fringillidae","Haemorhous mexicanus",2017,5,18,"4fa7b334-ce0d-4e88-aaae-2e0c138d049e",NA,"2071241022"
32.16046,-111.00283,2,"Strigidae","Athene cunicularia",2017,5,18,"4fa7b334-ce0d-4e88-aaae-2e0c138d049e",NA,"2071239106"
32.16046,-111.00283,1,"Tyrannidae","Tyrannus verticalis",2017,5,18,"4fa7b334-ce0d-4e88-aaae-2e0c138d049e",NA,"2071197080"
32.159897,-111.004005,2,"Columbidae","Columba livia",2017,6,4,"4fa7b334-ce0d-4e88-aaae-2e0c138d049e",NA,"2078455625"
32.159897,-111.004005,3,"Strigidae","Athene cunicularia",2017,6,4,"4fa7b334-ce0d-4e88-aaae-2e0c138d049e",NA,"2078456713"
32.159897,-111.004005,2,"Cuculidae","Geococcyx californianus",2017,6,4,"4fa7b334-ce0d-4e88-aaae-2e0c138d049e",NA,"2078456017"
32.159897,-111.004005,20,"Columbidae","Zenaida macroura",2017,6,4,"4fa7b334-ce0d-4e88-aaae-2e0c138d049e",NA,"2078455133"
32.159897,-111.004005,1,"Remizidae","Auriparus flaviceps",2017,6,4,"4fa7b334-ce0d-4e88-aaae-2e0c138d049e",NA,"2078456907"
32.159897,-111.004005,2,"Columbidae","Zenaida asiatica",2017,6,4,"4fa7b334-ce0d-4e88-aaae-2e0c138d049e",NA,"2059668181"
32.159897,-111.004005,2,"Columbidae","Columba livia",2017,6,4,"4fa7b334-ce0d-4e88-aaae-2e0c138d049e",NA,"2059759264"
32.159897,-111.004005,3,"Strigidae","Athene cunicularia",2017,6,4,"4fa7b334-ce0d-4e88-aaae-2e0c138d049e",NA,"2059757897"
32.159897,-111.004005,2,"Cuculidae","Geococcyx californianus",2017,6,4,"4fa7b334-ce0d-4e88-aaae-2e0c138d049e",NA,"2078496043"
32.159897,-111.004005,20,"Columbidae","Zenaida macroura",2017,6,4,"4fa7b334-ce0d-4e88-aaae-2e0c138d049e",NA,"2072898705"
32.159897,-111.004005,1,"Remizidae","Auriparus flaviceps",2017,6,4,"4fa7b334-ce0d-4e88-aaae-2e0c138d049e",NA,"2059744966"
32.159897,-111.004005,2,"Columbidae","Zenaida asiatica",2017,6,4,"4fa7b334-ce0d-4e88-aaae-2e0c138d049e",NA,"2059750605"
32.160572,-111.00227,1,"Mimidae","Mimus polyglottos",2017,6,9,"4fa7b334-ce0d-4e88-aaae-2e0c138d049e",NA,"2074415487"
32.160572,-111.00227,1,"Polioptilidae","Polioptila melanura",2017,6,9,"4fa7b334-ce0d-4e88-aaae-2e0c138d049e",NA,"2074400691"
32.160572,-111.00227,1,"Parulidae","Leiothlypis luciae",2017,6,9,"4fa7b334-ce0d-4e88-aaae-2e0c138d049e",NA,"2074636833"
32.160572,-111.00227,1,"Accipitridae","Buteo jamaicensis",2017,6,9,"4fa7b334-ce0d-4e88-aaae-2e0c138d049e",NA,"2074409003"
32.160572,-111.00227,1,"Tyrannidae","Pyrocephalus rubinus",2017,6,9,"4fa7b334-ce0d-4e88-aaae-2e0c138d049e",NA,"2080043914"
32.160572,-111.00227,1,"Strigidae","Athene cunicularia",2017,6,9,"4fa7b334-ce0d-4e88-aaae-2e0c138d049e",NA,"2074638882"
32.160572,-111.00227,1,"Mimidae","Mimus polyglottos",2017,6,9,"4fa7b334-ce0d-4e88-aaae-2e0c138d049e",NA,"2074398179"
32.160572,-111.00227,1,"Polioptilidae","Polioptila melanura",2017,6,9,"4fa7b334-ce0d-4e88-aaae-2e0c138d049e",NA,"2080031573"
32.160572,-111.00227,1,"Parulidae","Leiothlypis luciae",2017,6,9,"4fa7b334-ce0d-4e88-aaae-2e0c138d049e",NA,"2061770904"
32.160572,-111.00227,1,"Accipitridae","Buteo jamaicensis",2017,6,9,"4fa7b334-ce0d-4e88-aaae-2e0c138d049e",NA,"2074421009"
32.160572,-111.00227,1,"Tyrannidae","Pyrocephalus rubinus",2017,6,9,"4fa7b334-ce0d-4e88-aaae-2e0c138d049e",NA,"2080041319"
32.160572,-111.00227,1,"Strigidae","Athene cunicularia",2017,6,9,"4fa7b334-ce0d-4e88-aaae-2e0c138d049e",NA,"2074406493"
32.160572,-111.00227,1,"Mimidae","Mimus polyglottos",2017,6,9,"4fa7b334-ce0d-4e88-aaae-2e0c138d049e",NA,"2080042267"
32.160572,-111.00227,1,"Polioptilidae","Polioptila melanura",2017,6,9,"4fa7b334-ce0d-4e88-aaae-2e0c138d049e",NA,"2074621762"
32.160572,-111.00227,1,"Parulidae","Leiothlypis luciae",2017,6,9,"4fa7b334-ce0d-4e88-aaae-2e0c138d049e",NA,"2074403525"
32.160572,-111.00227,1,"Accipitridae","Buteo jamaicensis",2017,6,9,"4fa7b334-ce0d-4e88-aaae-2e0c138d049e",NA,"2080052121"
32.160572,-111.00227,4,"Columbidae","Columba livia",2017,6,16,"4fa7b334-ce0d-4e88-aaae-2e0c138d049e",NA,"2075735254"
32.160572,-111.00227,1,"Cathartidae","Coragyps atratus",2017,6,16,"4fa7b334-ce0d-4e88-aaae-2e0c138d049e",NA,"2075735170"
32.160572,-111.00227,1,"Strigidae","Athene cunicularia",2017,6,16,"4fa7b334-ce0d-4e88-aaae-2e0c138d049e",NA,"2081549397"
32.160572,-111.00227,3,"Cathartidae","Cathartes aura",2017,6,16,"4fa7b334-ce0d-4e88-aaae-2e0c138d049e",NA,"2076059946"
32.159702,-111.0038,3,"Caprimulgidae","Chordeiles acutipennis",2017,6,17,"4fa7b334-ce0d-4e88-aaae-2e0c138d049e",NA,"2081624099"
32.159702,-111.0038,1,"Columbidae","Zenaida asiatica",2017,6,17,"4fa7b334-ce0d-4e88-aaae-2e0c138d049e",NA,"2075816267"
32.159702,-111.0038,1,"Remizidae","Auriparus flaviceps",2017,6,17,"4fa7b334-ce0d-4e88-aaae-2e0c138d049e",NA,"2063704733"
32.159702,-111.0038,2,"Strigidae","Athene cunicularia",2017,6,17,"4fa7b334-ce0d-4e88-aaae-2e0c138d049e",NA,"2063694105"
32.159702,-111.0038,1,"Columbidae","Columba livia",2017,6,17,"4fa7b334-ce0d-4e88-aaae-2e0c138d049e",NA,"2076182518"
32.159702,-111.0038,6,"Fringillidae","Haemorhous mexicanus",2017,6,17,"4fa7b334-ce0d-4e88-aaae-2e0c138d049e",NA,"2075813746"
32.159702,-111.0038,15,"Columbidae","Zenaida macroura",2017,6,17,"4fa7b334-ce0d-4e88-aaae-2e0c138d049e",NA,"2063698305"
32.161003,-111.003136,1,"Strigidae","Athene cunicularia",2017,6,24,"4fa7b334-ce0d-4e88-aaae-2e0c138d049e",NA,"2065121084"
32.159733,-111.00381,1,"Strigidae","Athene cunicularia",2017,6,25,"4fa7b334-ce0d-4e88-aaae-2e0c138d049e",NA,"2078067660"
32.161003,-111.003136,1,"Strigidae","Athene cunicularia",2017,6,24,"4fa7b334-ce0d-4e88-aaae-2e0c138d049e",NA,"2085049642"
32.161003,-111.003136,1,"Strigidae","Athene cunicularia",2017,6,24,"4fa7b334-ce0d-4e88-aaae-2e0c138d049e",NA,"2100697702"
32.160374,-111.00223,1,"Strigidae","Athene cunicularia",2017,7,11,"4fa7b334-ce0d-4e88-aaae-2e0c138d049e",NA,"2086042649"
32.160374,-111.00223,4,"Columbidae","Zenaida macroura",2017,7,11,"4fa7b334-ce0d-4e88-aaae-2e0c138d049e",NA,"2080171585"
32.160374,-111.00223,2,"Columbidae","Columba livia",2017,7,11,"4fa7b334-ce0d-4e88-aaae-2e0c138d049e",NA,"2068253561"
32.16053,-111.002815,3,"Strigidae","Athene cunicularia",2017,7,17,"4fa7b334-ce0d-4e88-aaae-2e0c138d049e",NA,"2081259796"
32.16053,-111.002815,18,"Columbidae","Zenaida macroura",2017,7,23,"4fa7b334-ce0d-4e88-aaae-2e0c138d049e",NA,"2081929649"
32.16053,-111.002815,4,"Columbidae","Columba livia",2017,7,23,"4fa7b334-ce0d-4e88-aaae-2e0c138d049e",NA,"2088103325"
32.16053,-111.002815,1,"Accipitridae","Accipiter cooperii",2017,7,23,"4fa7b334-ce0d-4e88-aaae-2e0c138d049e",NA,"2088107602"
32.16053,-111.002815,2,"Emberizidae","Chondestes grammacus",2017,7,23,"4fa7b334-ce0d-4e88-aaae-2e0c138d049e",NA,"2088111479"
32.16053,-111.002815,3,"Strigidae","Athene cunicularia",2017,7,23,"4fa7b334-ce0d-4e88-aaae-2e0c138d049e",NA,"2088098110"
32.16053,-111.002815,1,"Picidae","Melanerpes uropygialis",2017,7,23,"4fa7b334-ce0d-4e88-aaae-2e0c138d049e",NA,"2070456678"
32.16053,-111.002815,18,"Columbidae","Zenaida macroura",2017,7,23,"4fa7b334-ce0d-4e88-aaae-2e0c138d049e",NA,"2070570492"
32.16053,-111.002815,4,"Columbidae","Columba livia",2017,7,23,"4fa7b334-ce0d-4e88-aaae-2e0c138d049e",NA,"2088201395"
32.16053,-111.002815,1,"Accipitridae","Accipiter cooperii",2017,7,23,"4fa7b334-ce0d-4e88-aaae-2e0c138d049e",NA,"2088199993"
32.16053,-111.002815,2,"Emberizidae","Chondestes grammacus",2017,7,23,"4fa7b334-ce0d-4e88-aaae-2e0c138d049e",NA,"2070570477"
32.16053,-111.002815,3,"Strigidae","Athene cunicularia",2017,7,23,"4fa7b334-ce0d-4e88-aaae-2e0c138d049e",NA,"2082029236"
32.16053,-111.002815,1,"Picidae","Melanerpes uropygialis",2017,7,23,"4fa7b334-ce0d-4e88-aaae-2e0c138d049e",NA,"2082029206"
32.16053,-111.002815,18,"Columbidae","Zenaida macroura",2017,7,23,"4fa7b334-ce0d-4e88-aaae-2e0c138d049e",NA,"2082070236"
32.16053,-111.002815,4,"Columbidae","Columba livia",2017,7,23,"4fa7b334-ce0d-4e88-aaae-2e0c138d049e",NA,"2070590313"
32.16053,-111.002815,1,"Accipitridae","Accipiter cooperii",2017,7,23,"4fa7b334-ce0d-4e88-aaae-2e0c138d049e",NA,"2082062916"
32.16053,-111.002815,2,"Emberizidae","Chondestes grammacus",2017,7,23,"4fa7b334-ce0d-4e88-aaae-2e0c138d049e",NA,"2082597676"
32.16053,-111.002815,3,"Strigidae","Athene cunicularia",2017,7,23,"4fa7b334-ce0d-4e88-aaae-2e0c138d049e",NA,"2082062909"
32.16053,-111.002815,1,"Picidae","Melanerpes uropygialis",2017,7,23,"4fa7b334-ce0d-4e88-aaae-2e0c138d049e",NA,"2082592658"
32.16053,-111.002815,18,"Columbidae","Zenaida macroura",2017,7,23,"4fa7b334-ce0d-4e88-aaae-2e0c138d049e",NA,"2082086276"
32.16053,-111.002815,4,"Columbidae","Columba livia",2017,7,23,"4fa7b334-ce0d-4e88-aaae-2e0c138d049e",NA,"2088240309"
32.16053,-111.002815,1,"Accipitridae","Accipiter cooperii",2017,7,23,"4fa7b334-ce0d-4e88-aaae-2e0c138d049e",NA,"2088240315"
32.16053,-111.002815,2,"Emberizidae","Chondestes grammacus",2017,7,23,"4fa7b334-ce0d-4e88-aaae-2e0c138d049e",NA,"2082064850"
32.16053,-111.002815,3,"Strigidae","Athene cunicularia",2017,7,23,"4fa7b334-ce0d-4e88-aaae-2e0c138d049e",NA,"2082073352"
32.16053,-111.002815,1,"Picidae","Melanerpes uropygialis",2017,7,23,"4fa7b334-ce0d-4e88-aaae-2e0c138d049e",NA,"2082591380"
32.16053,-111.002815,18,"Columbidae","Zenaida macroura",2017,7,23,"4fa7b334-ce0d-4e88-aaae-2e0c138d049e",NA,"2070591293"
32.16053,-111.002815,4,"Columbidae","Columba livia",2017,7,23,"4fa7b334-ce0d-4e88-aaae-2e0c138d049e",NA,"2082590997"
32.16053,-111.002815,1,"Accipitridae","Accipiter cooperii",2017,7,23,"4fa7b334-ce0d-4e88-aaae-2e0c138d049e",NA,"2082070593"
32.16053,-111.002815,2,"Emberizidae","Chondestes grammacus",2017,7,23,"4fa7b334-ce0d-4e88-aaae-2e0c138d049e",NA,"2088240686"
32.16053,-111.002815,3,"Strigidae","Athene cunicularia",2017,7,23,"4fa7b334-ce0d-4e88-aaae-2e0c138d049e",NA,"2088241230"
32.16053,-111.002815,1,"Picidae","Melanerpes uropygialis",2017,7,23,"4fa7b334-ce0d-4e88-aaae-2e0c138d049e",NA,"2088241414"
32.16053,-111.002815,3,"Columbidae","Zenaida macroura",2017,7,28,"4fa7b334-ce0d-4e88-aaae-2e0c138d049e",NA,"2082814982"
32.16053,-111.002815,5,"Columbidae","Zenaida asiatica",2017,7,28,"4fa7b334-ce0d-4e88-aaae-2e0c138d049e",NA,"2083382622"
32.16053,-111.002815,4,"Strigidae","Athene cunicularia",2017,7,28,"4fa7b334-ce0d-4e88-aaae-2e0c138d049e",NA,"2089023438"
32.16053,-111.002815,12,"Columbidae","Zenaida macroura",2017,7,29,"4fa7b334-ce0d-4e88-aaae-2e0c138d049e",NA,"2071709924"
32.16053,-111.002815,4,"Columbidae","Columba livia",2017,7,29,"4fa7b334-ce0d-4e88-aaae-2e0c138d049e",NA,"2083643014"
32.16053,-111.002815,2,"Strigidae","Athene cunicularia",2017,7,29,"4fa7b334-ce0d-4e88-aaae-2e0c138d049e",NA,"2071689856"
32.16053,-111.002815,1,"Strigidae","Athene cunicularia",2017,7,31,"4fa7b334-ce0d-4e88-aaae-2e0c138d049e",NA,"2072400281"
32.16053,-111.002815,1,"Falconidae","Falco sparverius",2017,7,31,"4fa7b334-ce0d-4e88-aaae-2e0c138d049e",NA,"2089706998"
32.16053,-111.002815,5,"Hirundinidae","Progne subis",2017,7,31,"4fa7b334-ce0d-4e88-aaae-2e0c138d049e",NA,"2084174521"
32.16053,-111.002815,1,"Accipitridae","Buteo jamaicensis",2017,7,31,"4fa7b334-ce0d-4e88-aaae-2e0c138d049e",NA,"2089702092"
32.16053,-111.002815,1,"Strigidae","Athene cunicularia",2017,7,31,"4fa7b334-ce0d-4e88-aaae-2e0c138d049e",NA,"2072397063"
32.16053,-111.002815,1,"Falconidae","Falco sparverius",2017,7,31,"4fa7b334-ce0d-4e88-aaae-2e0c138d049e",NA,"2072398414"
32.16053,-111.002815,5,"Hirundinidae","Progne subis",2017,7,31,"4fa7b334-ce0d-4e88-aaae-2e0c138d049e",NA,"2084177949"
32.16053,-111.002815,1,"Accipitridae","Buteo jamaicensis",2017,7,31,"4fa7b334-ce0d-4e88-aaae-2e0c138d049e",NA,"2083690463"
32.16053,-111.002815,1,"Strigidae","Athene cunicularia",2017,7,31,"4fa7b334-ce0d-4e88-aaae-2e0c138d049e",NA,"2084171767"
32.16053,-111.002815,1,"Falconidae","Falco sparverius",2017,7,31,"4fa7b334-ce0d-4e88-aaae-2e0c138d049e",NA,"2089708366"
32.16053,-111.002815,5,"Hirundinidae","Progne subis",2017,7,31,"4fa7b334-ce0d-4e88-aaae-2e0c138d049e",NA,"2072399124"
32.16053,-111.002815,1,"Accipitridae","Buteo jamaicensis",2017,7,31,"4fa7b334-ce0d-4e88-aaae-2e0c138d049e",NA,"2089708127"
32.16053,-111.002815,1,"Strigidae","Athene cunicularia",2017,7,31,"4fa7b334-ce0d-4e88-aaae-2e0c138d049e",NA,"2089716936"
32.16053,-111.002815,1,"Falconidae","Falco sparverius",2017,7,31,"4fa7b334-ce0d-4e88-aaae-2e0c138d049e",NA,"2089719202"
32.16053,-111.002815,5,"Hirundinidae","Progne subis",2017,7,31,"4fa7b334-ce0d-4e88-aaae-2e0c138d049e",NA,"2089720629"
32.16053,-111.002815,1,"Accipitridae","Buteo jamaicensis",2017,7,31,"4fa7b334-ce0d-4e88-aaae-2e0c138d049e",NA,"2072423329"
32.16053,-111.002815,1,"Strigidae","Athene cunicularia",2017,7,31,"4fa7b334-ce0d-4e88-aaae-2e0c138d049e",NA,"2084184663"
32.16053,-111.002815,1,"Falconidae","Falco sparverius",2017,7,31,"4fa7b334-ce0d-4e88-aaae-2e0c138d049e",NA,"2083690727"
32.16053,-111.002815,5,"Hirundinidae","Progne subis",2017,7,31,"4fa7b334-ce0d-4e88-aaae-2e0c138d049e",NA,"2084196174"
32.16053,-111.002815,1,"Accipitridae","Buteo jamaicensis",2017,7,31,"4fa7b334-ce0d-4e88-aaae-2e0c138d049e",NA,"2083694642"
32.16053,-111.002815,1,"Strigidae","Athene cunicularia",2017,7,31,"4fa7b334-ce0d-4e88-aaae-2e0c138d049e",NA,"2072455808"
32.16053,-111.002815,1,"Falconidae","Falco sparverius",2017,7,31,"4fa7b334-ce0d-4e88-aaae-2e0c138d049e",NA,"2084250967"
32.16053,-111.002815,5,"Hirundinidae","Progne subis",2017,7,31,"4fa7b334-ce0d-4e88-aaae-2e0c138d049e",NA,"2089768667"
32.16053,-111.002815,1,"Accipitridae","Buteo jamaicensis",2017,7,31,"4fa7b334-ce0d-4e88-aaae-2e0c138d049e",NA,"2084237974"
32.16053,-111.002815,1,"Strigidae","Athene cunicularia",2017,7,31,"4fa7b334-ce0d-4e88-aaae-2e0c138d049e",NA,"2072463644"
32.16053,-111.002815,1,"Falconidae","Falco sparverius",2017,7,31,"4fa7b334-ce0d-4e88-aaae-2e0c138d049e",NA,"2072467108"
32.16053,-111.002815,5,"Hirundinidae","Progne subis",2017,7,31,"4fa7b334-ce0d-4e88-aaae-2e0c138d049e",NA,"2084247172"
32.16053,-111.002815,1,"Accipitridae","Buteo jamaicensis",2017,7,31,"4fa7b334-ce0d-4e88-aaae-2e0c138d049e",NA,"2083736093"
32.16053,-111.002815,18,"Columbidae","Zenaida macroura",2017,7,23,"4fa7b334-ce0d-4e88-aaae-2e0c138d049e",NA,"2084047790"
32.16053,-111.002815,4,"Columbidae","Columba livia",2017,7,23,"4fa7b334-ce0d-4e88-aaae-2e0c138d049e",NA,"2084445975"
32.16053,-111.002815,1,"Accipitridae","Accipiter cooperii",2017,7,23,"4fa7b334-ce0d-4e88-aaae-2e0c138d049e",NA,"2090070025"
32.16053,-111.002815,3,"Strigidae","Athene cunicularia",2017,7,23,"4fa7b334-ce0d-4e88-aaae-2e0c138d049e",NA,"2090076350"
32.16053,-111.002815,1,"Picidae","Melanerpes uropygialis",2017,7,23,"4fa7b334-ce0d-4e88-aaae-2e0c138d049e",NA,"2084029724"
32.16053,-111.002815,12,"Columbidae","Zenaida macroura",2017,7,29,"4fa7b334-ce0d-4e88-aaae-2e0c138d049e",NA,"2084530711"
32.16053,-111.002815,4,"Columbidae","Columba livia",2017,7,29,"4fa7b334-ce0d-4e88-aaae-2e0c138d049e",NA,"2090163716"
32.16053,-111.002815,2,"Strigidae","Athene cunicularia",2017,7,29,"4fa7b334-ce0d-4e88-aaae-2e0c138d049e",NA,"2084121651"
32.16053,-111.002815,1,"Strigidae","Athene cunicularia",2017,7,31,"4fa7b334-ce0d-4e88-aaae-2e0c138d049e",NA,"2090449362"
32.16053,-111.002815,1,"Falconidae","Falco sparverius",2017,7,31,"4fa7b334-ce0d-4e88-aaae-2e0c138d049e",NA,"2084834940"
32.16053,-111.002815,5,"Hirundinidae","Progne subis",2017,7,31,"4fa7b334-ce0d-4e88-aaae-2e0c138d049e",NA,"2073041689"
32.16053,-111.002815,1,"Accipitridae","Buteo jamaicensis",2017,7,31,"4fa7b334-ce0d-4e88-aaae-2e0c138d049e",NA,"2084368738"
32.16053,-111.002815,1,"Strigidae","Athene cunicularia",2017,7,31,"4fa7b334-ce0d-4e88-aaae-2e0c138d049e",NA,"2084843072"
32.16053,-111.002815,1,"Falconidae","Falco sparverius",2017,7,31,"4fa7b334-ce0d-4e88-aaae-2e0c138d049e",NA,"2090442980"
32.16053,-111.002815,5,"Hirundinidae","Progne subis",2017,7,31,"4fa7b334-ce0d-4e88-aaae-2e0c138d049e",NA,"2084857180"
32.16053,-111.002815,1,"Accipitridae","Buteo jamaicensis",2017,7,31,"4fa7b334-ce0d-4e88-aaae-2e0c138d049e",NA,"2084387091"
32.16053,-111.002815,1,"Strigidae","Athene cunicularia",2017,7,31,"4fa7b334-ce0d-4e88-aaae-2e0c138d049e",NA,"2073347730"
32.16053,-111.002815,1,"Falconidae","Falco sparverius",2017,7,31,"4fa7b334-ce0d-4e88-aaae-2e0c138d049e",NA,"2085196273"
32.16053,-111.002815,5,"Hirundinidae","Progne subis",2017,7,31,"4fa7b334-ce0d-4e88-aaae-2e0c138d049e",NA,"2084713823"
32.16053,-111.002815,1,"Accipitridae","Buteo jamaicensis",2017,7,31,"4fa7b334-ce0d-4e88-aaae-2e0c138d049e",NA,"2073346248"
32.16053,-111.002815,12,"Columbidae","Zenaida macroura",2017,7,29,"4fa7b334-ce0d-4e88-aaae-2e0c138d049e",NA,"2085504383"
32.16053,-111.002815,4,"Columbidae","Columba livia",2017,7,29,"4fa7b334-ce0d-4e88-aaae-2e0c138d049e",NA,"2085500736"
32.16053,-111.002815,2,"Strigidae","Athene cunicularia",2017,7,29,"4fa7b334-ce0d-4e88-aaae-2e0c138d049e",NA,"2074193727"
32.16053,-111.002815,12,"Columbidae","Zenaida macroura",2017,7,29,"4fa7b334-ce0d-4e88-aaae-2e0c138d049e",NA,"2093804372"
32.16053,-111.002815,4,"Columbidae","Columba livia",2017,7,29,"4fa7b334-ce0d-4e88-aaae-2e0c138d049e",NA,"2087486975"
32.16053,-111.002815,2,"Strigidae","Athene cunicularia",2017,7,29,"4fa7b334-ce0d-4e88-aaae-2e0c138d049e",NA,"2076152131"
32.16053,-111.002815,6,"Columbidae","Columba livia",2017,8,5,"4fa7b334-ce0d-4e88-aaae-2e0c138d049e",NA,"3646056229"
32.16053,-111.002815,2,"Icteridae","Quiscalus mexicanus",2017,8,5,"4fa7b334-ce0d-4e88-aaae-2e0c138d049e",NA,"3672650171"
32.16053,-111.002815,5,"Columbidae","Zenaida macroura",2017,8,5,"4fa7b334-ce0d-4e88-aaae-2e0c138d049e",NA,"3636923101"
32.16053,-111.002815,3,"Strigidae","Athene cunicularia",2017,8,5,"4fa7b334-ce0d-4e88-aaae-2e0c138d049e",NA,"3647649678"
32.16053,-111.002815,1,"Tyrannidae","Myiarchus tyrannulus",2017,8,5,"4fa7b334-ce0d-4e88-aaae-2e0c138d049e",NA,"3649325421"
32.16053,-111.002815,1,"Columbidae","Zenaida asiatica",2017,8,5,"4fa7b334-ce0d-4e88-aaae-2e0c138d049e",NA,"3647173821"
32.16053,-111.002815,6,"Columbidae","Columba livia",2017,8,5,"4fa7b334-ce0d-4e88-aaae-2e0c138d049e",NA,"2085004572"
32.16053,-111.002815,2,"Icteridae","Quiscalus mexicanus",2017,8,5,"4fa7b334-ce0d-4e88-aaae-2e0c138d049e",NA,"2073596017"
32.16053,-111.002815,5,"Columbidae","Zenaida macroura",2017,8,5,"4fa7b334-ce0d-4e88-aaae-2e0c138d049e",NA,"2084995859"
32.16053,-111.002815,3,"Strigidae","Athene cunicularia",2017,8,5,"4fa7b334-ce0d-4e88-aaae-2e0c138d049e",NA,"2085478748"
32.16053,-111.002815,1,"Tyrannidae","Myiarchus tyrannulus",2017,8,5,"4fa7b334-ce0d-4e88-aaae-2e0c138d049e",NA,"2084998925"
32.16053,-111.002815,1,"Columbidae","Zenaida asiatica",2017,8,5,"4fa7b334-ce0d-4e88-aaae-2e0c138d049e",NA,"2091010036"
32.16053,-111.002815,2,"Strigidae","Athene cunicularia",2017,8,6,"4fa7b334-ce0d-4e88-aaae-2e0c138d049e",NA,"2073739469"
32.160545,-111.0026,3,"Columbidae","Columba livia",2017,8,9,"4fa7b334-ce0d-4e88-aaae-2e0c138d049e",NA,"2073860668"
32.160545,-111.0026,2,"Strigidae","Athene cunicularia",2017,8,9,"4fa7b334-ce0d-4e88-aaae-2e0c138d049e",NA,"2091233315"
32.16053,-111.002815,1,"Strigidae","Athene cunicularia",2017,8,9,"4fa7b334-ce0d-4e88-aaae-2e0c138d049e",NA,"2085210386"
32.16053,-111.002815,2,"Columbidae","Columba livia",2017,8,9,"4fa7b334-ce0d-4e88-aaae-2e0c138d049e",NA,"2073898709"
32.16053,-111.002815,1,"Columbidae","Zenaida macroura",2017,8,9,"4fa7b334-ce0d-4e88-aaae-2e0c138d049e",NA,"2073891788"
32.16053,-111.002815,1,"Cathartidae","Cathartes aura",2017,8,10,"4fa7b334-ce0d-4e88-aaae-2e0c138d049e",NA,"2091333785"
32.16053,-111.002815,4,"Strigidae","Athene cunicularia",2017,8,10,"4fa7b334-ce0d-4e88-aaae-2e0c138d049e",NA,"2074014617"
32.16053,-111.002815,1,"Columbidae","Columba livia",2017,8,10,"4fa7b334-ce0d-4e88-aaae-2e0c138d049e",NA,"2091331293"
32.16053,-111.002815,6,"Columbidae","Columba livia",2017,8,5,"4fa7b334-ce0d-4e88-aaae-2e0c138d049e",NA,"2091607042"
32.16053,-111.002815,2,"Icteridae","Quiscalus mexicanus",2017,8,5,"4fa7b334-ce0d-4e88-aaae-2e0c138d049e",NA,"2085684881"
32.16053,-111.002815,5,"Columbidae","Zenaida macroura",2017,8,5,"4fa7b334-ce0d-4e88-aaae-2e0c138d049e",NA,"2085672969"
32.16053,-111.002815,3,"Strigidae","Athene cunicularia",2017,8,5,"4fa7b334-ce0d-4e88-aaae-2e0c138d049e",NA,"2074394450"
32.16053,-111.002815,1,"Tyrannidae","Myiarchus tyrannulus",2017,8,5,"4fa7b334-ce0d-4e88-aaae-2e0c138d049e",NA,"2085684863"
32.16053,-111.002815,1,"Columbidae","Zenaida asiatica",2017,8,5,"4fa7b334-ce0d-4e88-aaae-2e0c138d049e",NA,"2091612761"
32.16053,-111.002815,3,"Strigidae","Athene cunicularia",2017,8,12,"4fa7b334-ce0d-4e88-aaae-2e0c138d049e",NA,"2086374628"
32.16053,-111.002815,2,"Columbidae","Columba livia",2017,8,12,"4fa7b334-ce0d-4e88-aaae-2e0c138d049e",NA,"2085873069"
32.16053,-111.002815,2,"Columbidae","Zenaida macroura",2017,8,12,"4fa7b334-ce0d-4e88-aaae-2e0c138d049e",NA,"2086374019"
32.16053,-111.002815,1,"Strigidae","Athene cunicularia",2017,8,15,"4fa7b334-ce0d-4e88-aaae-2e0c138d049e",NA,"2086654825"
32.16053,-111.002815,2,"Columbidae","Columba livia",2017,8,15,"4fa7b334-ce0d-4e88-aaae-2e0c138d049e",NA,"2092278693"
32.16053,-111.002815,1,"Cathartidae","Cathartes aura",2017,8,10,"4fa7b334-ce0d-4e88-aaae-2e0c138d049e",NA,"2093603338"
32.16053,-111.002815,4,"Strigidae","Athene cunicularia",2017,8,10,"4fa7b334-ce0d-4e88-aaae-2e0c138d049e",NA,"2075965982"
32.16053,-111.002815,1,"Columbidae","Columba livia",2017,8,10,"4fa7b334-ce0d-4e88-aaae-2e0c138d049e",NA,"2075956953"
32.16053,-111.002815,15,"Columbidae","Zenaida macroura",2017,8,25,"4fa7b334-ce0d-4e88-aaae-2e0c138d049e",NA,"2077027113"
32.16053,-111.002815,1,"Strigidae","Athene cunicularia",2017,8,25,"4fa7b334-ce0d-4e88-aaae-2e0c138d049e",NA,"2095093463"
32.160545,-111.0026,3,"Columbidae","Columba livia",2017,8,9,"4fa7b334-ce0d-4e88-aaae-2e0c138d049e",NA,"2099412228"
32.160545,-111.0026,2,"Strigidae","Athene cunicularia",2017,8,9,"4fa7b334-ce0d-4e88-aaae-2e0c138d049e",NA,"2106263438"
32.16053,-111.002815,1,"Strigidae","Athene cunicularia",2017,8,27,"4fa7b334-ce0d-4e88-aaae-2e0c138d049e",NA,"2122753360"
32.16053,-111.002815,NA,"Strigidae","Athene cunicularia",2017,8,11,"4fa7b334-ce0d-4e88-aaae-2e0c138d049e",NA,"2712785211"
32.16053,-111.002815,2,"Mimidae","Toxostoma curvirostre",2017,11,5,"4fa7b334-ce0d-4e88-aaae-2e0c138d049e",NA,"2102543649"
32.16053,-111.002815,2,"Remizidae","Auriparus flaviceps",2017,11,5,"4fa7b334-ce0d-4e88-aaae-2e0c138d049e",NA,"2102524690"
32.16053,-111.002815,1,"Trochilidae","Calypte anna",2017,11,5,"4fa7b334-ce0d-4e88-aaae-2e0c138d049e",NA,"2102531654"
32.16053,-111.002815,1,"Fringillidae","Haemorhous mexicanus",2017,11,5,"4fa7b334-ce0d-4e88-aaae-2e0c138d049e",NA,"2102541351"
32.16053,-111.002815,1,"Columbidae","Zenaida macroura",2017,11,5,"4fa7b334-ce0d-4e88-aaae-2e0c138d049e",NA,"2091129567"
32.16053,-111.002815,16,"Columbidae","Columba livia",2017,11,5,"4fa7b334-ce0d-4e88-aaae-2e0c138d049e",NA,"2102576271"
32.16053,-111.002815,1,"Tyrannidae","Sayornis saya",2017,11,5,"4fa7b334-ce0d-4e88-aaae-2e0c138d049e",NA,"2103425245"
32.16053,-111.002815,2,"Mimidae","Toxostoma curvirostre",2017,11,5,"4fa7b334-ce0d-4e88-aaae-2e0c138d049e",NA,"2091144764"
32.16053,-111.002815,2,"Remizidae","Auriparus flaviceps",2017,11,5,"4fa7b334-ce0d-4e88-aaae-2e0c138d049e",NA,"2102523909"
32.16053,-111.002815,1,"Trochilidae","Calypte anna",2017,11,5,"4fa7b334-ce0d-4e88-aaae-2e0c138d049e",NA,"2103432231"
32.16053,-111.002815,1,"Fringillidae","Haemorhous mexicanus",2017,11,5,"4fa7b334-ce0d-4e88-aaae-2e0c138d049e",NA,"2102521296"
32.16053,-111.002815,1,"Columbidae","Zenaida macroura",2017,11,5,"4fa7b334-ce0d-4e88-aaae-2e0c138d049e",NA,"2103430823"
32.16053,-111.002815,16,"Columbidae","Columba livia",2017,11,5,"4fa7b334-ce0d-4e88-aaae-2e0c138d049e",NA,"2110808441"
32.16053,-111.002815,1,"Tyrannidae","Sayornis saya",2017,11,5,"4fa7b334-ce0d-4e88-aaae-2e0c138d049e",NA,"2091132761"
32.160573,-111.002276,NA,"Polioptilidae","Polioptila melanura",2017,6,9,"50c9509d-22c7-4a22-a47d-8c48425ef4a7","iNaturalist research-grade observations","3892427422"
