"decimalLatitude","decimalLongitude","individualCount","family","species","year","month","day","datasetKey","gbifID"
32.24013,-110.85647,1,"Picidae","Melanerpes uropygialis",2021,4,19,"4fa7b334-ce0d-4e88-aaae-2e0c138d049e","3655976059"
32.24013,-110.85647,2,"Tyrannidae","Myiarchus tyrannulus",2021,5,17,"4fa7b334-ce0d-4e88-aaae-2e0c138d049e","3565607789"
32.24013,-110.85647,1,"Columbidae","Zenaida asiatica",2021,5,17,"4fa7b334-ce0d-4e88-aaae-2e0c138d049e","3557796396"
32.24013,-110.85647,1,"Fringillidae","Haemorhous mexicanus",2021,5,17,"4fa7b334-ce0d-4e88-aaae-2e0c138d049e","3543602062"
32.24013,-110.85647,2,"Columbidae","Zenaida asiatica",2021,6,14,"4fa7b334-ce0d-4e88-aaae-2e0c138d049e","3596849588"
32.24013,-110.85647,1,"Columbidae","Zenaida macroura",2021,7,6,"4fa7b334-ce0d-4e88-aaae-2e0c138d049e","3533794802"
32.24013,-110.85647,1,"Columbidae","Zenaida macroura",2021,10,4,"4fa7b334-ce0d-4e88-aaae-2e0c138d049e","3689236094"
32.24013,-110.85647,2,"Corvidae","Corvus corax",2021,11,1,"4fa7b334-ce0d-4e88-aaae-2e0c138d049e","3549908938"
32.24013,-110.85647,1,"Trochilidae","Calypte anna",2021,11,29,"4fa7b334-ce0d-4e88-aaae-2e0c138d049e","3680216027"
32.24013,-110.85647,1,"Trochilidae","Calypte anna",2021,12,6,"4fa7b334-ce0d-4e88-aaae-2e0c138d049e","3585523928"
32.24013,-110.85647,2,"Fringillidae","Haemorhous mexicanus",2020,1,20,"4fa7b334-ce0d-4e88-aaae-2e0c138d049e","3240097695"
32.24013,-110.85647,1,"Columbidae","Zenaida macroura",2020,2,17,"4fa7b334-ce0d-4e88-aaae-2e0c138d049e","3251934485"
32.24013,-110.85647,2,"Trochilidae","Calypte anna",2020,2,17,"4fa7b334-ce0d-4e88-aaae-2e0c138d049e","3249384555"
32.24013,-110.85647,1,"Picidae","Melanerpes uropygialis",2020,2,17,"4fa7b334-ce0d-4e88-aaae-2e0c138d049e","3139595444"
32.24013,-110.85647,2,"Columbidae","Zenaida asiatica",2020,4,13,"4fa7b334-ce0d-4e88-aaae-2e0c138d049e","3255762422"
32.24013,-110.85647,1,"Parulidae","Leiothlypis luciae",2020,4,13,"4fa7b334-ce0d-4e88-aaae-2e0c138d049e","3242434500"
32.24013,-110.85647,1,"Trochilidae","Calypte anna",2020,4,13,"4fa7b334-ce0d-4e88-aaae-2e0c138d049e","3240049530"
32.24013,-110.85647,1,"Remizidae","Auriparus flaviceps",2020,4,13,"4fa7b334-ce0d-4e88-aaae-2e0c138d049e","3266356498"
32.24013,-110.85647,2,"Fringillidae","Haemorhous mexicanus",2020,4,13,"4fa7b334-ce0d-4e88-aaae-2e0c138d049e","3240137516"
32.24013,-110.85647,1,"Passeridae","Passer domesticus",2020,4,13,"4fa7b334-ce0d-4e88-aaae-2e0c138d049e","3252284480"
32.24013,-110.85647,1,"Picidae","Melanerpes uropygialis",2020,4,13,"4fa7b334-ce0d-4e88-aaae-2e0c138d049e","3243429577"
32.24013,-110.85647,1,"Tyrannidae","Tyrannus verticalis",2020,4,13,"4fa7b334-ce0d-4e88-aaae-2e0c138d049e","3244138545"
32.24013,-110.85647,1,"Columbidae","Zenaida macroura",2020,4,13,"4fa7b334-ce0d-4e88-aaae-2e0c138d049e","3251223453"
32.24013,-110.85647,1,"Accipitridae","Accipiter cooperii",2020,5,11,"4fa7b334-ce0d-4e88-aaae-2e0c138d049e","3230211500"
32.24013,-110.85647,1,"Icteridae","Molothrus ater",2020,5,11,"4fa7b334-ce0d-4e88-aaae-2e0c138d049e","3232700475"
32.24013,-110.85647,2,"Fringillidae","Haemorhous mexicanus",2020,5,11,"4fa7b334-ce0d-4e88-aaae-2e0c138d049e","3229518394"
32.24013,-110.85647,1,"Remizidae","Auriparus flaviceps",2020,5,11,"4fa7b334-ce0d-4e88-aaae-2e0c138d049e","3239109363"
32.24013,-110.85647,1,"Mimidae","Mimus polyglottos",2020,5,11,"4fa7b334-ce0d-4e88-aaae-2e0c138d049e","3240559272"
32.24013,-110.85647,3,"Columbidae","Zenaida asiatica",2020,5,11,"4fa7b334-ce0d-4e88-aaae-2e0c138d049e","3237021268"
32.24013,-110.85647,1,"Trochilidae","Calypte anna",2020,5,11,"4fa7b334-ce0d-4e88-aaae-2e0c138d049e","3235007359"
32.24013,-110.85647,2,"Tyrannidae","Pyrocephalus rubinus",2020,5,11,"4fa7b334-ce0d-4e88-aaae-2e0c138d049e","3232586462"
32.24013,-110.85647,1,"Picidae","Melanerpes uropygialis",2020,5,11,"4fa7b334-ce0d-4e88-aaae-2e0c138d049e","3234598420"
32.24013,-110.85647,1,"Corvidae","Corvus corax",2020,10,26,"4fa7b334-ce0d-4e88-aaae-2e0c138d049e","3190570783"
32.24013,-110.85647,5,"Fringillidae","Haemorhous mexicanus",2020,12,28,"4fa7b334-ce0d-4e88-aaae-2e0c138d049e","3285855982"
32.24013,-110.85647,6,"Columbidae","Zenaida macroura",2020,12,28,"4fa7b334-ce0d-4e88-aaae-2e0c138d049e","3274325083"
32.24013,-110.85647,2,"Accipitridae","Buteo jamaicensis",2019,3,18,"4fa7b334-ce0d-4e88-aaae-2e0c138d049e","2661262330"
32.24013,-110.85647,NA,"Fringillidae","Haemorhous mexicanus",2019,3,18,"4fa7b334-ce0d-4e88-aaae-2e0c138d049e","2671947387"
32.24013,-110.85647,2,"Columbidae","Zenaida asiatica",2019,4,16,"4fa7b334-ce0d-4e88-aaae-2e0c138d049e","2667136716"
32.24013,-110.85647,1,"Parulidae","Leiothlypis luciae",2019,4,16,"4fa7b334-ce0d-4e88-aaae-2e0c138d049e","2683890854"
32.24013,-110.85647,2,"Picidae","Melanerpes uropygialis",2019,4,16,"4fa7b334-ce0d-4e88-aaae-2e0c138d049e","2681646788"
32.24013,-110.85647,1,"Trochilidae","Calypte anna",2019,5,13,"4fa7b334-ce0d-4e88-aaae-2e0c138d049e","2674850937"
32.24013,-110.85647,2,"Columbidae","Zenaida asiatica",2019,5,13,"4fa7b334-ce0d-4e88-aaae-2e0c138d049e","2686166016"
32.24013,-110.85647,1,"Picidae","Melanerpes uropygialis",2019,5,13,"4fa7b334-ce0d-4e88-aaae-2e0c138d049e","2689354899"
32.24013,-110.85647,1,"Tyrannidae","Myiarchus tyrannulus",2019,5,13,"4fa7b334-ce0d-4e88-aaae-2e0c138d049e","2676965939"
32.24013,-110.85647,1,"Mimidae","Mimus polyglottos",2019,6,17,"4fa7b334-ce0d-4e88-aaae-2e0c138d049e","2755098686"
32.24013,-110.85647,6,"Columbidae","Zenaida asiatica",2019,6,17,"4fa7b334-ce0d-4e88-aaae-2e0c138d049e","2749413650"
32.24013,-110.85647,1,"Tyrannidae","Myiarchus tyrannulus",2019,7,15,"4fa7b334-ce0d-4e88-aaae-2e0c138d049e","2700000718"
32.24013,-110.85647,1,"Remizidae","Auriparus flaviceps",2019,9,16,"4fa7b334-ce0d-4e88-aaae-2e0c138d049e","2711034965"
32.24013,-110.85647,1,"Fringillidae","Spinus psaltria",2019,9,16,"4fa7b334-ce0d-4e88-aaae-2e0c138d049e","2692617905"
32.24013,-110.85647,2,"Passeridae","Passer domesticus",2019,9,16,"4fa7b334-ce0d-4e88-aaae-2e0c138d049e","2707986779"
32.24013,-110.85647,1,"Picidae","Melanerpes uropygialis",2019,10,21,"4fa7b334-ce0d-4e88-aaae-2e0c138d049e","2701355021"
32.24013,-110.85647,1,"Fringillidae","Spinus psaltria",2019,10,21,"4fa7b334-ce0d-4e88-aaae-2e0c138d049e","2766454311"
32.24013,-110.85647,2,"Trochilidae","Calypte anna",2019,10,21,"4fa7b334-ce0d-4e88-aaae-2e0c138d049e","2756397120"
32.24013,-110.85647,1,"Fringillidae","Haemorhous mexicanus",2019,10,21,"4fa7b334-ce0d-4e88-aaae-2e0c138d049e","2762008204"
32.24013,-110.85647,3,"Fringillidae","Haemorhous mexicanus",2019,11,18,"4fa7b334-ce0d-4e88-aaae-2e0c138d049e","2724788302"
32.24013,-110.85647,1,"Trochilidae","Calypte anna",2019,11,18,"4fa7b334-ce0d-4e88-aaae-2e0c138d049e","2708444300"
32.24013,-110.85647,1,"Columbidae","Columba livia",2019,11,18,"4fa7b334-ce0d-4e88-aaae-2e0c138d049e","2708162272"
32.24013,-110.85647,1,"Cathartidae","Cathartes aura",2018,10,10,"4fa7b334-ce0d-4e88-aaae-2e0c138d049e","2208865349"
32.24013,-110.85647,1,"Trochilidae","Calypte anna",2018,10,10,"4fa7b334-ce0d-4e88-aaae-2e0c138d049e","2208871841"
32.24013,-110.85647,2,"Fringillidae","Haemorhous mexicanus",2018,10,10,"4fa7b334-ce0d-4e88-aaae-2e0c138d049e","2218119927"
32.24013,-110.85647,2,"Accipitridae","Accipiter cooperii",2018,10,10,"4fa7b334-ce0d-4e88-aaae-2e0c138d049e","2205555503"
32.24013,-110.85647,3,"Columbidae","Zenaida macroura",2018,11,7,"4fa7b334-ce0d-4e88-aaae-2e0c138d049e","2214233396"
32.24013,-110.85647,1,"Trochilidae","Cynanthus latirostris",2018,11,7,"4fa7b334-ce0d-4e88-aaae-2e0c138d049e","2202056080"
32.24013,-110.85647,1,"Picidae","Melanerpes uropygialis",2018,12,17,"4fa7b334-ce0d-4e88-aaae-2e0c138d049e","2223681179"
32.24013,-110.85647,4,"Columbidae","Zenaida macroura",2018,12,31,"4fa7b334-ce0d-4e88-aaae-2e0c138d049e","2229232654"
32.24013,-110.85647,1,"Tyrannidae","Sayornis saya",2018,12,31,"4fa7b334-ce0d-4e88-aaae-2e0c138d049e","2217026557"
32.24013,-110.85647,2,"Passeridae","Passer domesticus",2018,12,31,"4fa7b334-ce0d-4e88-aaae-2e0c138d049e","2229241101"
32.239334,-110.85438,1,"Remizidae","Auriparus flaviceps",2017,3,7,"4fa7b334-ce0d-4e88-aaae-2e0c138d049e","2044585992"
32.239334,-110.85438,3,"Parulidae","Setophaga coronata",2017,3,7,"4fa7b334-ce0d-4e88-aaae-2e0c138d049e","2035365631"
32.239334,-110.85438,5,"Fringillidae","Haemorhous mexicanus",2017,3,7,"4fa7b334-ce0d-4e88-aaae-2e0c138d049e","2044608364"
32.239334,-110.85438,1,"Corvidae","Corvus corax",2017,3,7,"4fa7b334-ce0d-4e88-aaae-2e0c138d049e","2050715861"
32.239334,-110.85438,2,"Columbidae","Zenaida asiatica",2017,3,7,"4fa7b334-ce0d-4e88-aaae-2e0c138d049e","2035359327"
32.239334,-110.85438,1,"Vireonidae","Vireo plumbeus",2017,3,7,"4fa7b334-ce0d-4e88-aaae-2e0c138d049e","2035357283"
32.239334,-110.85438,1,"Picidae","Melanerpes uropygialis",2017,3,7,"4fa7b334-ce0d-4e88-aaae-2e0c138d049e","2050707647"
32.239334,-110.85438,3,"Mimidae","Mimus polyglottos",2017,3,7,"4fa7b334-ce0d-4e88-aaae-2e0c138d049e","2044591415"
32.239334,-110.85438,5,"Columbidae","Zenaida macroura",2017,3,7,"4fa7b334-ce0d-4e88-aaae-2e0c138d049e","2050715688"
