"decimalLatitude","decimalLongitude","individualCount","family","species","year","month","day","datasetKey","gbifID"
32.21911,-110.90042,1,"Ardeidae","Ardea alba",2021,1,30,"4fa7b334-ce0d-4e88-aaae-2e0c138d049e","3673860397"
32.218975,-110.900665,2,"Emberizidae","Melozone aberti",2021,2,12,"4fa7b334-ce0d-4e88-aaae-2e0c138d049e","3559378301"
32.218975,-110.900665,5,"Fringillidae","Haemorhous mexicanus",2021,2,12,"4fa7b334-ce0d-4e88-aaae-2e0c138d049e","3546747882"
32.218975,-110.900665,2,"Mimidae","Toxostoma curvirostre",2021,2,12,"4fa7b334-ce0d-4e88-aaae-2e0c138d049e","3548107050"
32.218975,-110.900665,6,"Emberizidae","Zonotrichia leucophrys",2021,2,12,"4fa7b334-ce0d-4e88-aaae-2e0c138d049e","3533046575"
32.218975,-110.900665,5,"Trochilidae","Calypte anna",2021,2,12,"4fa7b334-ce0d-4e88-aaae-2e0c138d049e","3537772292"
32.218975,-110.900665,1,"Remizidae","Auriparus flaviceps",2021,2,12,"4fa7b334-ce0d-4e88-aaae-2e0c138d049e","3546635594"
32.21911,-110.90042,4,"Fringillidae","Spinus psaltria",2021,2,12,"4fa7b334-ce0d-4e88-aaae-2e0c138d049e","3669381775"
32.218887,-110.90063,1,"Trochilidae","Calypte anna",2021,2,13,"4fa7b334-ce0d-4e88-aaae-2e0c138d049e","3591134625"
32.218887,-110.90063,3,"Fringillidae","Haemorhous mexicanus",2021,2,13,"4fa7b334-ce0d-4e88-aaae-2e0c138d049e","3594175486"
32.218887,-110.90063,3,"Fringillidae","Spinus psaltria",2021,2,13,"4fa7b334-ce0d-4e88-aaae-2e0c138d049e","3596057042"
32.218887,-110.90063,1,"Mimidae","Toxostoma curvirostre",2021,2,13,"4fa7b334-ce0d-4e88-aaae-2e0c138d049e","3588098726"
32.218887,-110.90063,2,"Emberizidae","Zonotrichia leucophrys",2021,2,13,"4fa7b334-ce0d-4e88-aaae-2e0c138d049e","3588322724"
32.218887,-110.90063,1,"Mimidae","Mimus polyglottos",2021,2,13,"4fa7b334-ce0d-4e88-aaae-2e0c138d049e","3587675179"
32.21911,-110.90042,2,"Fringillidae","Spinus psaltria",2021,2,13,"4fa7b334-ce0d-4e88-aaae-2e0c138d049e","3552286444"
32.21911,-110.90042,3,"Fringillidae","Haemorhous mexicanus",2021,2,13,"4fa7b334-ce0d-4e88-aaae-2e0c138d049e","3538226091"
32.21911,-110.90042,1,"Picidae","Melanerpes uropygialis",2021,2,13,"4fa7b334-ce0d-4e88-aaae-2e0c138d049e","3533802170"
32.21911,-110.90042,2,"Trochilidae","Cynanthus latirostris",2021,2,13,"4fa7b334-ce0d-4e88-aaae-2e0c138d049e","3527267792"
32.21911,-110.90042,2,"Columbidae","Zenaida macroura",2021,2,13,"4fa7b334-ce0d-4e88-aaae-2e0c138d049e","3522944855"
32.219097,-110.90046,2,"Mimidae","Toxostoma curvirostre",2021,2,15,"4fa7b334-ce0d-4e88-aaae-2e0c138d049e","3638784599"
32.219097,-110.90046,5,"Emberizidae","Zonotrichia leucophrys",2021,2,15,"4fa7b334-ce0d-4e88-aaae-2e0c138d049e","3642629674"
32.219097,-110.90046,1,"Picidae","Melanerpes uropygialis",2021,2,15,"4fa7b334-ce0d-4e88-aaae-2e0c138d049e","3601963367"
32.219097,-110.90046,1,"Accipitridae","Accipiter cooperii",2021,2,15,"4fa7b334-ce0d-4e88-aaae-2e0c138d049e","3600881549"
32.219097,-110.90046,4,"Fringillidae","Haemorhous mexicanus",2021,2,15,"4fa7b334-ce0d-4e88-aaae-2e0c138d049e","3613062338"
32.219097,-110.90046,4,"Fringillidae","Spinus psaltria",2021,2,15,"4fa7b334-ce0d-4e88-aaae-2e0c138d049e","3610338497"
32.219097,-110.90046,1,"Columbidae","Zenaida macroura",2021,2,15,"4fa7b334-ce0d-4e88-aaae-2e0c138d049e","3617001006"
32.21911,-110.90042,1,"Corvidae","Corvus corax",2021,2,12,"4fa7b334-ce0d-4e88-aaae-2e0c138d049e","3619513437"
32.219097,-110.90046,4,"Emberizidae","Melozone aberti",2021,3,16,"4fa7b334-ce0d-4e88-aaae-2e0c138d049e","3519137970"
32.219097,-110.90046,1,"Accipitridae","Accipiter cooperii",2021,3,16,"4fa7b334-ce0d-4e88-aaae-2e0c138d049e","3519612671"
32.219097,-110.90046,2,"Mimidae","Toxostoma curvirostre",2021,3,16,"4fa7b334-ce0d-4e88-aaae-2e0c138d049e","3529730829"
32.219097,-110.90046,5,"Emberizidae","Zonotrichia leucophrys",2021,3,16,"4fa7b334-ce0d-4e88-aaae-2e0c138d049e","3538926097"
32.219097,-110.90046,1,"Picidae","Melanerpes uropygialis",2021,3,16,"4fa7b334-ce0d-4e88-aaae-2e0c138d049e","3540133402"
32.219097,-110.90046,12,"Fringillidae","Haemorhous mexicanus",2021,3,16,"4fa7b334-ce0d-4e88-aaae-2e0c138d049e","3547152755"
32.21911,-110.90042,4,"Emberizidae","Zonotrichia leucophrys",2021,3,30,"4fa7b334-ce0d-4e88-aaae-2e0c138d049e","3515968752"
32.21911,-110.90042,4,"Fringillidae","Haemorhous mexicanus",2021,4,15,"4fa7b334-ce0d-4e88-aaae-2e0c138d049e","3606509059"
32.21911,-110.90042,2,"Picidae","Melanerpes uropygialis",2021,4,24,"4fa7b334-ce0d-4e88-aaae-2e0c138d049e","3609511190"
32.21911,-110.90042,1,"Cardinalidae","Cardinalis cardinalis",2021,4,24,"4fa7b334-ce0d-4e88-aaae-2e0c138d049e","3610367287"
32.21911,-110.90042,6,"Fringillidae","Haemorhous mexicanus",2021,4,24,"4fa7b334-ce0d-4e88-aaae-2e0c138d049e","3620046254"
32.21911,-110.90042,1,"Columbidae","Zenaida macroura",2021,4,24,"4fa7b334-ce0d-4e88-aaae-2e0c138d049e","3661855434"
32.21911,-110.90042,2,"Mimidae","Mimus polyglottos",2021,4,24,"4fa7b334-ce0d-4e88-aaae-2e0c138d049e","3604414450"
32.21911,-110.90042,5,"Mimidae","Toxostoma curvirostre",2021,4,24,"4fa7b334-ce0d-4e88-aaae-2e0c138d049e","3612850201"
32.21911,-110.90042,2,"Parulidae","Leiothlypis luciae",2021,4,24,"4fa7b334-ce0d-4e88-aaae-2e0c138d049e","3612128961"
32.21911,-110.90042,3,"Remizidae","Auriparus flaviceps",2021,4,24,"4fa7b334-ce0d-4e88-aaae-2e0c138d049e","3608730240"
32.21911,-110.90042,1,"Trochilidae","Archilochus alexandri",2021,4,24,"4fa7b334-ce0d-4e88-aaae-2e0c138d049e","3613890273"
32.21911,-110.90042,8,"Columbidae","Zenaida asiatica",2021,4,24,"4fa7b334-ce0d-4e88-aaae-2e0c138d049e","3628487949"
32.21911,-110.90042,4,"Fringillidae","Spinus psaltria",2021,4,24,"4fa7b334-ce0d-4e88-aaae-2e0c138d049e","3614452918"
32.21891,-110.9009,1,"Ptilogonatidae","Phainopepla nitens",2021,4,29,"4fa7b334-ce0d-4e88-aaae-2e0c138d049e","3625271725"
32.21911,-110.90042,1,"Tyrannidae","Myiarchus tyrannulus",2021,5,8,"4fa7b334-ce0d-4e88-aaae-2e0c138d049e","3573481931"
32.21911,-110.90042,2,"Emberizidae","Melozone aberti",2021,5,8,"4fa7b334-ce0d-4e88-aaae-2e0c138d049e","3567008254"
32.21911,-110.90042,1,"Fringillidae","Spinus psaltria",2021,5,8,"4fa7b334-ce0d-4e88-aaae-2e0c138d049e","3560611056"
32.21911,-110.90042,5,"Fringillidae","Haemorhous mexicanus",2021,5,8,"4fa7b334-ce0d-4e88-aaae-2e0c138d049e","3561142904"
32.21911,-110.90042,1,"Trochilidae","Archilochus alexandri",2021,5,8,"4fa7b334-ce0d-4e88-aaae-2e0c138d049e","3548251894"
32.21911,-110.90042,1,"Parulidae","Leiothlypis luciae",2021,5,8,"4fa7b334-ce0d-4e88-aaae-2e0c138d049e","3556047405"
32.21911,-110.90042,2,"Columbidae","Zenaida asiatica",2021,5,8,"4fa7b334-ce0d-4e88-aaae-2e0c138d049e","3557229945"
32.21911,-110.90042,8,"Fringillidae","Haemorhous mexicanus",2021,5,28,"4fa7b334-ce0d-4e88-aaae-2e0c138d049e","3533807875"
32.21911,-110.90042,2,"Tyrannidae","Myiarchus tyrannulus",2021,5,28,"4fa7b334-ce0d-4e88-aaae-2e0c138d049e","3537760880"
32.21911,-110.90042,1,"Picidae","Melanerpes uropygialis",2021,5,28,"4fa7b334-ce0d-4e88-aaae-2e0c138d049e","3532885623"
32.21911,-110.90042,1,"Emberizidae","Melozone aberti",2021,5,28,"4fa7b334-ce0d-4e88-aaae-2e0c138d049e","3549867342"
32.21911,-110.90042,2,"Columbidae","Zenaida asiatica",2021,5,28,"4fa7b334-ce0d-4e88-aaae-2e0c138d049e","3554271671"
32.21911,-110.90042,5,"Passeridae","Passer domesticus",2021,5,28,"4fa7b334-ce0d-4e88-aaae-2e0c138d049e","3560521418"
32.21911,-110.90042,1,"Trochilidae","Archilochus alexandri",2021,5,28,"4fa7b334-ce0d-4e88-aaae-2e0c138d049e","3564446868"
32.21891,-110.9009,1,"Vireonidae","Vireo bellii",2021,7,29,"4fa7b334-ce0d-4e88-aaae-2e0c138d049e","3606920078"
32.21891,-110.9009,1,"Tyrannidae","Empidonax wrightii",2021,8,2,"4fa7b334-ce0d-4e88-aaae-2e0c138d049e","3641870460"
32.21891,-110.9009,1,"Columbidae","Zenaida asiatica",2021,8,2,"4fa7b334-ce0d-4e88-aaae-2e0c138d049e","3639162510"
32.21891,-110.9009,1,"Tyrannidae","Myiarchus tyrannulus",2021,8,2,"4fa7b334-ce0d-4e88-aaae-2e0c138d049e","3639286273"
32.21891,-110.9009,1,"Trochilidae","Calypte anna",2021,8,2,"4fa7b334-ce0d-4e88-aaae-2e0c138d049e","3631200996"
32.21897,-110.900665,1,"Emberizidae","Melozone aberti",2021,8,9,"4fa7b334-ce0d-4e88-aaae-2e0c138d049e","3660905766"
32.21897,-110.900665,7,"Fringillidae","Haemorhous mexicanus",2021,8,9,"4fa7b334-ce0d-4e88-aaae-2e0c138d049e","3638288493"
32.21897,-110.900665,2,"Picidae","Melanerpes uropygialis",2021,8,9,"4fa7b334-ce0d-4e88-aaae-2e0c138d049e","3635696972"
32.21897,-110.900665,1,"Tyrannidae","Pyrocephalus rubinus",2021,8,9,"4fa7b334-ce0d-4e88-aaae-2e0c138d049e","3641473668"
32.21897,-110.900665,1,"Remizidae","Auriparus flaviceps",2021,8,9,"4fa7b334-ce0d-4e88-aaae-2e0c138d049e","3652936354"
32.21897,-110.900665,2,"Fringillidae","Spinus psaltria",2021,8,9,"4fa7b334-ce0d-4e88-aaae-2e0c138d049e","3643915824"
32.21897,-110.900665,3,"Columbidae","Zenaida asiatica",2021,8,9,"4fa7b334-ce0d-4e88-aaae-2e0c138d049e","3652802364"
32.21891,-110.9009,3,"Parulidae","Setophaga coronata",2021,11,1,"4fa7b334-ce0d-4e88-aaae-2e0c138d049e","3585153084"
32.21911,-110.90042,3,"Turdidae","Sialia mexicana",2020,1,30,"4fa7b334-ce0d-4e88-aaae-2e0c138d049e","3564263397"
32.21911,-110.90042,2,"Cardinalidae","Cardinalis cardinalis",2020,3,30,"4fa7b334-ce0d-4e88-aaae-2e0c138d049e","3513039311"
32.21911,-110.90042,1,"Polioptilidae","Polioptila melanura",2020,3,18,"4fa7b334-ce0d-4e88-aaae-2e0c138d049e","3611063949"
32.21911,-110.90042,1,"Trochilidae","Calypte costae",2020,4,15,"4fa7b334-ce0d-4e88-aaae-2e0c138d049e","3673011823"
32.21911,-110.90042,1,"Mimidae","Toxostoma curvirostre",2020,4,15,"4fa7b334-ce0d-4e88-aaae-2e0c138d049e","3592815303"
32.21911,-110.90042,1,"Remizidae","Auriparus flaviceps",2020,4,26,"4fa7b334-ce0d-4e88-aaae-2e0c138d049e","3535870083"
32.21911,-110.90042,1,"Mimidae","Mimus polyglottos",2020,4,15,"4fa7b334-ce0d-4e88-aaae-2e0c138d049e","3692695580"
32.21911,-110.90042,4,"Passeridae","Passer domesticus",2020,4,15,"4fa7b334-ce0d-4e88-aaae-2e0c138d049e","3520404917"
32.21911,-110.90042,2,"Fringillidae","Spinus psaltria",2020,4,15,"4fa7b334-ce0d-4e88-aaae-2e0c138d049e","3537356001"
32.21911,-110.90042,1,"Parulidae","Setophaga petechia",2020,4,19,"4fa7b334-ce0d-4e88-aaae-2e0c138d049e","3607750751"
32.21911,-110.90042,1,"Parulidae","Leiothlypis luciae",2020,5,24,"4fa7b334-ce0d-4e88-aaae-2e0c138d049e","3542416465"
32.21911,-110.90042,1,"Accipitridae","Accipiter cooperii",2020,5,16,"4fa7b334-ce0d-4e88-aaae-2e0c138d049e","3616266393"
32.21911,-110.90042,1,"Tyrannidae","Myiarchus cinerascens",2020,5,3,"4fa7b334-ce0d-4e88-aaae-2e0c138d049e","3681875029"
32.21911,-110.90042,2,"Emberizidae","Melozone aberti",2020,5,3,"4fa7b334-ce0d-4e88-aaae-2e0c138d049e","3550427527"
32.21911,-110.90042,1,"Tyrannidae","Myiarchus tyrannulus",2020,6,7,"4fa7b334-ce0d-4e88-aaae-2e0c138d049e","3671154369"
32.21911,-110.90042,2,"Cardinalidae","Cardinalis sinuatus",2020,6,22,"4fa7b334-ce0d-4e88-aaae-2e0c138d049e","3530281352"
32.21911,-110.90042,1,"Parulidae","Setophaga coronata",2020,10,22,"4fa7b334-ce0d-4e88-aaae-2e0c138d049e","3685677810"
32.21891,-110.9009,1,"Cardinalidae","Cardinalis cardinalis",2020,11,12,"4fa7b334-ce0d-4e88-aaae-2e0c138d049e","3297767157"
32.21891,-110.9009,1,"Fringillidae","Haemorhous mexicanus",2020,11,12,"4fa7b334-ce0d-4e88-aaae-2e0c138d049e","3294829318"
32.21891,-110.9009,1,"Troglodytidae","Salpinctes obsoletus",2020,11,12,"4fa7b334-ce0d-4e88-aaae-2e0c138d049e","3296332138"
32.21891,-110.9009,1,"Fringillidae","Haemorhous mexicanus",2020,11,12,"4fa7b334-ce0d-4e88-aaae-2e0c138d049e","3194079100"
32.21891,-110.9009,1,"Cardinalidae","Cardinalis cardinalis",2020,11,12,"4fa7b334-ce0d-4e88-aaae-2e0c138d049e","3197264231"
32.21891,-110.9009,1,"Troglodytidae","Salpinctes obsoletus",2020,11,12,"4fa7b334-ce0d-4e88-aaae-2e0c138d049e","3209821356"
32.21891,-110.9009,2,"Trochilidae","Calypte anna",2020,11,12,"4fa7b334-ce0d-4e88-aaae-2e0c138d049e","3210364302"
32.21891,-110.9009,1,"Emberizidae","Zonotrichia leucophrys",2020,11,12,"4fa7b334-ce0d-4e88-aaae-2e0c138d049e","3210480344"
32.21911,-110.90042,1,"Troglodytidae","Salpinctes obsoletus",2020,11,12,"4fa7b334-ce0d-4e88-aaae-2e0c138d049e","3607750737"
32.21911,-110.90042,1,"Polioptilidae","Polioptila caerulea",2020,12,19,"4fa7b334-ce0d-4e88-aaae-2e0c138d049e","3678427440"
32.216293,-110.89839,2,"Troglodytidae","Campylorhynchus brunneicapillus",2019,10,12,"4fa7b334-ce0d-4e88-aaae-2e0c138d049e","2779326868"
32.216293,-110.89839,2,"Mimidae","Toxostoma curvirostre",2019,10,12,"4fa7b334-ce0d-4e88-aaae-2e0c138d049e","2784552869"
32.216293,-110.89839,1,"Cuculidae","Geococcyx californianus",2019,10,17,"4fa7b334-ce0d-4e88-aaae-2e0c138d049e","2793877294"
32.216293,-110.89839,1,"Picidae","Melanerpes uropygialis",2019,10,17,"4fa7b334-ce0d-4e88-aaae-2e0c138d049e","2793481199"
32.216293,-110.89839,2,"Mimidae","Toxostoma curvirostre",2019,10,17,"4fa7b334-ce0d-4e88-aaae-2e0c138d049e","2797674197"
32.216293,-110.89839,2,"Trochilidae","Calypte anna",2019,10,17,"4fa7b334-ce0d-4e88-aaae-2e0c138d049e","2797655172"
32.216293,-110.89839,1,"Remizidae","Auriparus flaviceps",2019,10,17,"4fa7b334-ce0d-4e88-aaae-2e0c138d049e","2797738074"
32.21548,-110.90052,1,"Picidae","Colaptes auratus",2017,10,14,"4fa7b334-ce0d-4e88-aaae-2e0c138d049e","2099765247"
32.21548,-110.90052,1,"Mimidae","Toxostoma curvirostre",2017,10,14,"4fa7b334-ce0d-4e88-aaae-2e0c138d049e","2088775801"
32.21548,-110.90052,1,"Columbidae","Columba livia",2017,10,14,"4fa7b334-ce0d-4e88-aaae-2e0c138d049e","2099785462"
32.21548,-110.90052,2,"Picidae","Melanerpes uropygialis",2017,10,14,"4fa7b334-ce0d-4e88-aaae-2e0c138d049e","2100557294"
32.21548,-110.90052,5,"Columbidae","Zenaida macroura",2017,10,14,"4fa7b334-ce0d-4e88-aaae-2e0c138d049e","2107488030"
32.21548,-110.90052,3,"Mimidae","Mimus polyglottos",2017,10,14,"4fa7b334-ce0d-4e88-aaae-2e0c138d049e","2100566927"
32.21548,-110.90052,1,"Remizidae","Auriparus flaviceps",2017,10,14,"4fa7b334-ce0d-4e88-aaae-2e0c138d049e","2100562755"
32.21548,-110.90052,1,"Trochilidae","Calypte anna",2017,10,14,"4fa7b334-ce0d-4e88-aaae-2e0c138d049e","2088788326"
32.21548,-110.90052,5,"Sturnidae","Sturnus vulgaris",2017,10,14,"4fa7b334-ce0d-4e88-aaae-2e0c138d049e","2099764470"
