"decimalLatitude","decimalLongitude","individualCount","family","species","year","month","day","datasetKey","gbifID"
32.24859,-110.85505,3,"Columbidae","Zenaida macroura",2021,4,26,"4fa7b334-ce0d-4e88-aaae-2e0c138d049e","3515649295"
32.24859,-110.85505,1,"Fringillidae","Haemorhous mexicanus",2021,4,26,"4fa7b334-ce0d-4e88-aaae-2e0c138d049e","3526612044"
32.250744,-110.85792,1,"Accipitridae","Accipiter cooperii",2021,8,9,"4fa7b334-ce0d-4e88-aaae-2e0c138d049e","3634010048"
32.250557,-110.85789,1,"Falconidae","Falco sparverius",2020,1,1,"4fa7b334-ce0d-4e88-aaae-2e0c138d049e","3131765133"
32.250557,-110.85789,1,"Trochilidae","Calypte anna",2020,1,20,"4fa7b334-ce0d-4e88-aaae-2e0c138d049e","3223479115"
32.250687,-110.85733,4,"Columbidae","Zenaida macroura",2020,4,25,"4fa7b334-ce0d-4e88-aaae-2e0c138d049e","3234237806"
32.250687,-110.85733,2,"Hirundinidae","Petrochelidon pyrrhonota",2020,4,25,"4fa7b334-ce0d-4e88-aaae-2e0c138d049e","3238547723"
32.250687,-110.85733,1,"Mimidae","Mimus polyglottos",2020,4,25,"4fa7b334-ce0d-4e88-aaae-2e0c138d049e","3231884602"
32.250687,-110.85733,8,"Passeridae","Passer domesticus",2020,4,25,"4fa7b334-ce0d-4e88-aaae-2e0c138d049e","3229443660"
32.250687,-110.85733,2,"Icteridae","Quiscalus mexicanus",2020,4,25,"4fa7b334-ce0d-4e88-aaae-2e0c138d049e","3231131628"
32.250687,-110.85733,15,"Columbidae","Columba livia",2020,4,25,"4fa7b334-ce0d-4e88-aaae-2e0c138d049e","3230695687"
32.250687,-110.85733,1,"Falconidae","Falco sparverius",2020,4,25,"4fa7b334-ce0d-4e88-aaae-2e0c138d049e","3223460829"
32.250687,-110.85733,4,"Columbidae","Zenaida macroura",2020,4,25,"4fa7b334-ce0d-4e88-aaae-2e0c138d049e","3149004322"
32.250687,-110.85733,2,"Hirundinidae","Petrochelidon pyrrhonota",2020,4,25,"4fa7b334-ce0d-4e88-aaae-2e0c138d049e","3172241339"
32.250687,-110.85733,1,"Mimidae","Mimus polyglottos",2020,4,25,"4fa7b334-ce0d-4e88-aaae-2e0c138d049e","3176829362"
32.250687,-110.85733,8,"Passeridae","Passer domesticus",2020,4,25,"4fa7b334-ce0d-4e88-aaae-2e0c138d049e","3171329275"
32.250687,-110.85733,2,"Icteridae","Quiscalus mexicanus",2020,4,25,"4fa7b334-ce0d-4e88-aaae-2e0c138d049e","3159610286"
32.250687,-110.85733,15,"Columbidae","Columba livia",2020,4,25,"4fa7b334-ce0d-4e88-aaae-2e0c138d049e","3151020109"
32.250687,-110.85733,1,"Falconidae","Falco sparverius",2020,4,25,"4fa7b334-ce0d-4e88-aaae-2e0c138d049e","3151900252"
32.24859,-110.85505,3,"Columbidae","Zenaida macroura",2020,5,10,"4fa7b334-ce0d-4e88-aaae-2e0c138d049e","3157815041"
32.24859,-110.85505,1,"Fringillidae","Haemorhous mexicanus",2020,5,10,"4fa7b334-ce0d-4e88-aaae-2e0c138d049e","3156645080"
32.24859,-110.85505,4,"Passeridae","Passer domesticus",2020,5,10,"4fa7b334-ce0d-4e88-aaae-2e0c138d049e","3152735281"
32.24859,-110.85505,2,"Columbidae","Zenaida asiatica",2020,5,10,"4fa7b334-ce0d-4e88-aaae-2e0c138d049e","3176797201"
32.250744,-110.85792,1,"Accipitridae","Accipiter cooperii",2020,7,20,"4fa7b334-ce0d-4e88-aaae-2e0c138d049e","3241292726"
32.250015,-110.85397,1,"Tyrannidae","Pyrocephalus rubinus",2019,1,11,"4fa7b334-ce0d-4e88-aaae-2e0c138d049e","2737966102"
32.250557,-110.85789,2,"Accipitridae","Accipiter cooperii",2019,3,14,"4fa7b334-ce0d-4e88-aaae-2e0c138d049e","2661626161"
32.250557,-110.85789,2,"Accipitridae","Accipiter cooperii",2019,3,14,"4fa7b334-ce0d-4e88-aaae-2e0c138d049e","2668004228"
32.250557,-110.85789,1,"Tyrannidae","Pyrocephalus rubinus",2019,4,4,"4fa7b334-ce0d-4e88-aaae-2e0c138d049e","2729883859"
32.250557,-110.85789,1,"Icteridae","Quiscalus mexicanus",2019,4,4,"4fa7b334-ce0d-4e88-aaae-2e0c138d049e","2751507879"
32.250557,-110.85789,1,"Tyrannidae","Pyrocephalus rubinus",2019,4,4,"4fa7b334-ce0d-4e88-aaae-2e0c138d049e","2739047820"
32.250557,-110.85789,1,"Icteridae","Quiscalus mexicanus",2019,4,4,"4fa7b334-ce0d-4e88-aaae-2e0c138d049e","2740494897"
32.24859,-110.85505,1,"Columbidae","Zenaida asiatica",2019,4,21,"4fa7b334-ce0d-4e88-aaae-2e0c138d049e","2684245352"
32.24859,-110.85505,2,"Columbidae","Zenaida macroura",2019,4,21,"4fa7b334-ce0d-4e88-aaae-2e0c138d049e","2679739497"
32.24859,-110.85505,2,"Passeridae","Passer domesticus",2019,4,21,"4fa7b334-ce0d-4e88-aaae-2e0c138d049e","2687141327"
32.250202,-110.85555,1,"Accipitridae","Buteo jamaicensis",2019,5,17,"4fa7b334-ce0d-4e88-aaae-2e0c138d049e","2677515237"
32.250656,-110.85793,20,"Icteridae","Quiscalus mexicanus",2019,8,6,"4fa7b334-ce0d-4e88-aaae-2e0c138d049e","2700484627"
32.250656,-110.85793,20,"Icteridae","Quiscalus mexicanus",2019,8,6,"4fa7b334-ce0d-4e88-aaae-2e0c138d049e","2688470688"
32.24859,-110.85505,2,"Remizidae","Auriparus flaviceps",2018,1,27,"4fa7b334-ce0d-4e88-aaae-2e0c138d049e","2681420947"
32.24859,-110.85505,2,"Columbidae","Zenaida macroura",2018,1,27,"4fa7b334-ce0d-4e88-aaae-2e0c138d049e","2670992174"
32.24859,-110.85505,1,"Picidae","Melanerpes uropygialis",2018,1,27,"4fa7b334-ce0d-4e88-aaae-2e0c138d049e","2668975946"
32.24859,-110.85505,3,"Fringillidae","Haemorhous mexicanus",2018,1,27,"4fa7b334-ce0d-4e88-aaae-2e0c138d049e","2679621097"
32.24859,-110.85505,2,"Passeridae","Passer domesticus",2018,1,27,"4fa7b334-ce0d-4e88-aaae-2e0c138d049e","2670026063"
32.25033,-110.85584,12,"Caprimulgidae","Chordeiles acutipennis",2018,4,18,"4fa7b334-ce0d-4e88-aaae-2e0c138d049e","2159690756"
32.250557,-110.85789,2,"Accipitridae","Accipiter cooperii",2017,3,6,"4fa7b334-ce0d-4e88-aaae-2e0c138d049e","2044315987"
