"decimalLatitude","decimalLongitude","individualCount","family","species","year","month","day","datasetKey","gbifID"
32.24523,-110.81573,2,"Emberizidae","Zonotrichia leucophrys",2021,2,12,"4fa7b334-ce0d-4e88-aaae-2e0c138d049e","3516215994"
32.24523,-110.81573,4,"Fringillidae","Spinus psaltria",2021,2,12,"4fa7b334-ce0d-4e88-aaae-2e0c138d049e","3518525869"
32.24523,-110.81573,2,"Columbidae","Zenaida asiatica",2021,2,12,"4fa7b334-ce0d-4e88-aaae-2e0c138d049e","3524493479"
32.24523,-110.81573,3,"Fringillidae","Haemorhous mexicanus",2021,2,12,"4fa7b334-ce0d-4e88-aaae-2e0c138d049e","3526864906"
32.24523,-110.81573,2,"Picidae","Melanerpes uropygialis",2021,2,12,"4fa7b334-ce0d-4e88-aaae-2e0c138d049e","3587135411"
32.24523,-110.81573,1,"Columbidae","Streptopelia decaocto",2021,2,12,"4fa7b334-ce0d-4e88-aaae-2e0c138d049e","3587158859"
32.24523,-110.81573,6,"Columbidae","Zenaida macroura",2021,2,12,"4fa7b334-ce0d-4e88-aaae-2e0c138d049e","3587500858"
32.24523,-110.81573,2,"Trochilidae","Cynanthus latirostris",2021,2,12,"4fa7b334-ce0d-4e88-aaae-2e0c138d049e","3587257480"
32.24532,-110.8156,2,"Picidae","Melanerpes uropygialis",2021,2,13,"4fa7b334-ce0d-4e88-aaae-2e0c138d049e","3671987120"
32.24532,-110.8156,7,"Turdidae","Sialia mexicana",2021,2,13,"4fa7b334-ce0d-4e88-aaae-2e0c138d049e","3669065315"
32.24532,-110.8156,1,"Accipitridae","Accipiter cooperii",2021,2,13,"4fa7b334-ce0d-4e88-aaae-2e0c138d049e","3671294342"
32.24532,-110.8156,2,"Accipitridae","Parabuteo unicinctus",2021,2,13,"4fa7b334-ce0d-4e88-aaae-2e0c138d049e","3671075884"
32.24532,-110.8156,4,"Fringillidae","Haemorhous mexicanus",2021,2,13,"4fa7b334-ce0d-4e88-aaae-2e0c138d049e","3606283641"
32.24532,-110.8156,3,"Columbidae","Zenaida macroura",2021,2,13,"4fa7b334-ce0d-4e88-aaae-2e0c138d049e","3608002999"
32.24532,-110.8156,1,"Ptilogonatidae","Phainopepla nitens",2021,2,13,"4fa7b334-ce0d-4e88-aaae-2e0c138d049e","3611017846"
32.24532,-110.8156,1,"Accipitridae","Buteo jamaicensis",2021,2,13,"4fa7b334-ce0d-4e88-aaae-2e0c138d049e","3619990087"
32.24532,-110.8156,4,"Fringillidae","Spinus psaltria",2021,2,13,"4fa7b334-ce0d-4e88-aaae-2e0c138d049e","3616878740"
32.24532,-110.8156,2,"Polioptilidae","Polioptila melanura",2021,2,13,"4fa7b334-ce0d-4e88-aaae-2e0c138d049e","3620467901"
32.24532,-110.8156,1,"Picidae","Melanerpes uropygialis",2021,2,14,"4fa7b334-ce0d-4e88-aaae-2e0c138d049e","3536532313"
32.24532,-110.8156,6,"Fringillidae","Spinus psaltria",2021,2,14,"4fa7b334-ce0d-4e88-aaae-2e0c138d049e","3534198161"
32.24532,-110.8156,1,"Passeridae","Passer domesticus",2021,2,14,"4fa7b334-ce0d-4e88-aaae-2e0c138d049e","3518244337"
32.24532,-110.8156,4,"Fringillidae","Haemorhous mexicanus",2021,2,14,"4fa7b334-ce0d-4e88-aaae-2e0c138d049e","3516674825"
32.24532,-110.8156,3,"Columbidae","Zenaida macroura",2021,2,14,"4fa7b334-ce0d-4e88-aaae-2e0c138d049e","3513976553"
32.245354,-110.81544,10,"Fringillidae","Spinus psaltria",2021,2,15,"4fa7b334-ce0d-4e88-aaae-2e0c138d049e","3650594370"
32.245354,-110.81544,2,"Picidae","Melanerpes uropygialis",2021,2,15,"4fa7b334-ce0d-4e88-aaae-2e0c138d049e","3628673809"
32.245354,-110.81544,1,"Columbidae","Streptopelia decaocto",2021,2,15,"4fa7b334-ce0d-4e88-aaae-2e0c138d049e","3637645934"
32.245354,-110.81544,1,"Tyrannidae","Sayornis saya",2021,2,15,"4fa7b334-ce0d-4e88-aaae-2e0c138d049e","3644543099"
32.245354,-110.81544,6,"Columbidae","Zenaida macroura",2021,2,15,"4fa7b334-ce0d-4e88-aaae-2e0c138d049e","3650223569"
32.245354,-110.81544,2,"Ptilogonatidae","Phainopepla nitens",2021,2,15,"4fa7b334-ce0d-4e88-aaae-2e0c138d049e","3638282347"
32.245354,-110.81544,4,"Fringillidae","Haemorhous mexicanus",2021,2,15,"4fa7b334-ce0d-4e88-aaae-2e0c138d049e","3655572529"
32.245354,-110.81544,1,"Trochilidae","Calypte anna",2021,2,15,"4fa7b334-ce0d-4e88-aaae-2e0c138d049e","3652348154"
32.24523,-110.81573,8,"Columbidae","Columba livia",2019,5,4,"4fa7b334-ce0d-4e88-aaae-2e0c138d049e","2760958884"
32.24523,-110.81573,2,"Tyrannidae","Sayornis saya",2019,5,4,"4fa7b334-ce0d-4e88-aaae-2e0c138d049e","2782966869"
32.24523,-110.81573,2,"Emberizidae","Zonotrichia leucophrys",2019,5,4,"4fa7b334-ce0d-4e88-aaae-2e0c138d049e","2767994867"
32.24523,-110.81573,2,"Fringillidae","Spinus psaltria",2019,5,4,"4fa7b334-ce0d-4e88-aaae-2e0c138d049e","2766693970"
32.24523,-110.81573,1,"Accipitridae","Accipiter cooperii",2019,5,4,"4fa7b334-ce0d-4e88-aaae-2e0c138d049e","2780709112"
32.24523,-110.81573,1,"Strigidae","Bubo virginianus",2019,5,4,"4fa7b334-ce0d-4e88-aaae-2e0c138d049e","2689739908"
32.24523,-110.81573,2,"Cardinalidae","Cardinalis sinuatus",2019,5,4,"4fa7b334-ce0d-4e88-aaae-2e0c138d049e","2675046012"
32.24523,-110.81573,21,"Columbidae","Zenaida macroura",2019,5,4,"4fa7b334-ce0d-4e88-aaae-2e0c138d049e","2683077854"
32.24523,-110.81573,2,"Remizidae","Auriparus flaviceps",2019,5,4,"4fa7b334-ce0d-4e88-aaae-2e0c138d049e","2694059938"
32.24523,-110.81573,6,"Picidae","Melanerpes uropygialis",2019,5,4,"4fa7b334-ce0d-4e88-aaae-2e0c138d049e","2691848952"
32.24523,-110.81573,3,"Accipitridae","Parabuteo unicinctus",2019,5,4,"4fa7b334-ce0d-4e88-aaae-2e0c138d049e","2673619887"
32.24523,-110.81573,1,"Ptilogonatidae","Phainopepla nitens",2019,5,4,"4fa7b334-ce0d-4e88-aaae-2e0c138d049e","2674072928"
32.24523,-110.81573,3,"Odontophoridae","Callipepla gambelii",2019,5,4,"4fa7b334-ce0d-4e88-aaae-2e0c138d049e","2676035018"
32.24523,-110.81573,8,"Passeridae","Passer domesticus",2019,5,4,"4fa7b334-ce0d-4e88-aaae-2e0c138d049e","2674448830"
32.24523,-110.81573,13,"Fringillidae","Haemorhous mexicanus",2019,5,4,"4fa7b334-ce0d-4e88-aaae-2e0c138d049e","2686008147"
32.24523,-110.81573,2,"Icteridae","Quiscalus mexicanus",2019,5,4,"4fa7b334-ce0d-4e88-aaae-2e0c138d049e","2673340160"
32.24523,-110.81573,3,"Trochilidae","Cynanthus latirostris",2019,5,4,"4fa7b334-ce0d-4e88-aaae-2e0c138d049e","2672128155"
32.24523,-110.81573,2,"Columbidae","Streptopelia decaocto",2019,5,4,"4fa7b334-ce0d-4e88-aaae-2e0c138d049e","2689514296"
32.24523,-110.81573,2,"Tyrannidae","Pyrocephalus rubinus",2019,5,4,"4fa7b334-ce0d-4e88-aaae-2e0c138d049e","2687351221"
32.24523,-110.81573,1,"Emberizidae","Melozone aberti",2019,5,4,"4fa7b334-ce0d-4e88-aaae-2e0c138d049e","2682554267"
32.24523,-110.81573,2,"Polioptilidae","Polioptila melanura",2019,5,4,"4fa7b334-ce0d-4e88-aaae-2e0c138d049e","2673331174"
32.24523,-110.81573,17,"Columbidae","Zenaida asiatica",2019,5,4,"4fa7b334-ce0d-4e88-aaae-2e0c138d049e","2675749067"
32.248234,-110.81669,1,"Accipitridae","Accipiter cooperii",2018,7,15,"4fa7b334-ce0d-4e88-aaae-2e0c138d049e","2194777223"
32.248234,-110.81669,2,"Columbidae","Zenaida macroura",2018,7,15,"4fa7b334-ce0d-4e88-aaae-2e0c138d049e","2194788221"
32.248234,-110.81669,2,"Odontophoridae","Callipepla gambelii",2018,7,15,"4fa7b334-ce0d-4e88-aaae-2e0c138d049e","2187143202"
32.248234,-110.81669,2,"Tyrannidae","Myiarchus tyrannulus",2018,7,15,"4fa7b334-ce0d-4e88-aaae-2e0c138d049e","2183085257"
32.248234,-110.81669,2,"Picidae","Melanerpes uropygialis",2018,7,15,"4fa7b334-ce0d-4e88-aaae-2e0c138d049e","2183042803"
32.248234,-110.81669,4,"Columbidae","Zenaida asiatica",2018,7,15,"4fa7b334-ce0d-4e88-aaae-2e0c138d049e","2171560135"
32.248234,-110.81669,1,"Picidae","Dryobates scalaris",2018,7,15,"4fa7b334-ce0d-4e88-aaae-2e0c138d049e","2171561252"
