"decimalLatitude","decimalLongitude","individualCount","family","species","year","month","day","datasetKey","datasetName","gbifID"
32.120075,-110.84974,2,"Columbidae","Columba livia",2021,2,5,"4fa7b334-ce0d-4e88-aaae-2e0c138d049e",NA,"3530857630"
32.120075,-110.84974,1,"Tyrannidae","Pyrocephalus rubinus",2021,2,5,"4fa7b334-ce0d-4e88-aaae-2e0c138d049e",NA,"3536862383"
32.120075,-110.84974,2,"Columbidae","Zenaida macroura",2021,2,5,"4fa7b334-ce0d-4e88-aaae-2e0c138d049e",NA,"3545405094"
32.120075,-110.84974,1,"Columbidae","Columba livia",2021,2,8,"4fa7b334-ce0d-4e88-aaae-2e0c138d049e",NA,"3680166528"
32.120075,-110.84974,1,"Fringillidae","Haemorhous mexicanus",2021,2,8,"4fa7b334-ce0d-4e88-aaae-2e0c138d049e",NA,"3683077015"
32.120075,-110.84974,2,"Columbidae","Zenaida macroura",2021,2,8,"4fa7b334-ce0d-4e88-aaae-2e0c138d049e",NA,"3506256848"
32.124817,-110.8579,1,"Trochilidae","Calypte anna",2021,4,3,"4fa7b334-ce0d-4e88-aaae-2e0c138d049e",NA,"3511609436"
32.124817,-110.8579,2,"Columbidae","Streptopelia decaocto",2021,4,3,"4fa7b334-ce0d-4e88-aaae-2e0c138d049e",NA,"3511532126"
32.124817,-110.8579,4,"Fringillidae","Haemorhous mexicanus",2021,4,3,"4fa7b334-ce0d-4e88-aaae-2e0c138d049e",NA,"3512207971"
32.124817,-110.8579,8,"Columbidae","Zenaida macroura",2021,4,3,"4fa7b334-ce0d-4e88-aaae-2e0c138d049e",NA,"3512992559"
32.124817,-110.8579,1,"Emberizidae","Peucaea carpalis",2021,4,3,"4fa7b334-ce0d-4e88-aaae-2e0c138d049e",NA,"3516947863"
32.124817,-110.8579,1,"Remizidae","Auriparus flaviceps",2021,4,3,"4fa7b334-ce0d-4e88-aaae-2e0c138d049e",NA,"3516962145"
32.124817,-110.8579,3,"Fringillidae","Spinus psaltria",2021,4,3,"4fa7b334-ce0d-4e88-aaae-2e0c138d049e",NA,"3518855234"
32.124817,-110.8579,1,"Trochilidae","Calypte anna",2021,4,3,"4fa7b334-ce0d-4e88-aaae-2e0c138d049e",NA,"3512900694"
32.124817,-110.8579,2,"Columbidae","Streptopelia decaocto",2021,4,3,"4fa7b334-ce0d-4e88-aaae-2e0c138d049e",NA,"3512060329"
32.124817,-110.8579,4,"Fringillidae","Haemorhous mexicanus",2021,4,3,"4fa7b334-ce0d-4e88-aaae-2e0c138d049e",NA,"3518901784"
32.124817,-110.8579,8,"Columbidae","Zenaida macroura",2021,4,3,"4fa7b334-ce0d-4e88-aaae-2e0c138d049e",NA,"3515531845"
32.124817,-110.8579,1,"Emberizidae","Peucaea carpalis",2021,4,3,"4fa7b334-ce0d-4e88-aaae-2e0c138d049e",NA,"3521818097"
32.124817,-110.8579,1,"Remizidae","Auriparus flaviceps",2021,4,3,"4fa7b334-ce0d-4e88-aaae-2e0c138d049e",NA,"3524146453"
32.124817,-110.8579,3,"Fringillidae","Spinus psaltria",2021,4,3,"4fa7b334-ce0d-4e88-aaae-2e0c138d049e",NA,"3530343954"
32.111923,-110.83506,12,"Emberizidae","Zonotrichia leucophrys",2020,1,29,"4fa7b334-ce0d-4e88-aaae-2e0c138d049e",NA,"3252292367"
32.111923,-110.83506,8,"Emberizidae","Amphispiza bilineata",2020,1,29,"4fa7b334-ce0d-4e88-aaae-2e0c138d049e",NA,"3243499425"
32.111923,-110.83506,8,"Troglodytidae","Campylorhynchus brunneicapillus",2020,1,29,"4fa7b334-ce0d-4e88-aaae-2e0c138d049e",NA,"3246848423"
32.111923,-110.83506,8,"Emberizidae","Amphispiza bilineata",2020,2,3,"4fa7b334-ce0d-4e88-aaae-2e0c138d049e",NA,"3151302836"
32.111923,-110.83506,2,"Emberizidae","Peucaea carpalis",2020,2,3,"4fa7b334-ce0d-4e88-aaae-2e0c138d049e",NA,"3133592844"
32.111923,-110.83506,1,"Parulidae","Setophaga coronata",2020,2,3,"4fa7b334-ce0d-4e88-aaae-2e0c138d049e",NA,"3134785886"
32.111923,-110.83506,8,"Emberizidae","Zonotrichia leucophrys",2020,2,3,"4fa7b334-ce0d-4e88-aaae-2e0c138d049e",NA,"3135699887"
32.111923,-110.83506,4,"Accipitridae","Buteo jamaicensis",2020,2,3,"4fa7b334-ce0d-4e88-aaae-2e0c138d049e",NA,"3134529797"
32.111923,-110.83506,1,"Corvidae","Corvus corax",2020,2,3,"4fa7b334-ce0d-4e88-aaae-2e0c138d049e",NA,"3141969897"
32.111923,-110.83506,2,"Remizidae","Auriparus flaviceps",2020,2,3,"4fa7b334-ce0d-4e88-aaae-2e0c138d049e",NA,"3137332885"
32.111923,-110.83506,12,"Troglodytidae","Campylorhynchus brunneicapillus",2020,2,3,"4fa7b334-ce0d-4e88-aaae-2e0c138d049e",NA,"3137582905"
32.124817,-110.8579,3,"Columbidae","Zenaida macroura",2020,4,25,"4fa7b334-ce0d-4e88-aaae-2e0c138d049e",NA,"3149322487"
32.124817,-110.8579,4,"Passeridae","Passer domesticus",2020,4,25,"4fa7b334-ce0d-4e88-aaae-2e0c138d049e",NA,"3146910389"
32.124817,-110.8579,2,"Troglodytidae","Campylorhynchus brunneicapillus",2020,4,25,"4fa7b334-ce0d-4e88-aaae-2e0c138d049e",NA,"3144486523"
32.124817,-110.8579,2,"Fringillidae","Spinus psaltria",2020,4,25,"4fa7b334-ce0d-4e88-aaae-2e0c138d049e",NA,"3146961447"
32.124817,-110.8579,1,"Picidae","Melanerpes uropygialis",2020,4,25,"4fa7b334-ce0d-4e88-aaae-2e0c138d049e",NA,"3153670382"
32.124817,-110.8579,2,"Columbidae","Zenaida asiatica",2020,4,25,"4fa7b334-ce0d-4e88-aaae-2e0c138d049e",NA,"3155186405"
32.124817,-110.8579,3,"Columbidae","Zenaida macroura",2020,4,25,"4fa7b334-ce0d-4e88-aaae-2e0c138d049e",NA,"3165185433"
32.124817,-110.8579,4,"Passeridae","Passer domesticus",2020,4,25,"4fa7b334-ce0d-4e88-aaae-2e0c138d049e",NA,"3148872536"
32.124817,-110.8579,2,"Troglodytidae","Campylorhynchus brunneicapillus",2020,4,25,"4fa7b334-ce0d-4e88-aaae-2e0c138d049e",NA,"3155908576"
32.124817,-110.8579,2,"Fringillidae","Spinus psaltria",2020,4,25,"4fa7b334-ce0d-4e88-aaae-2e0c138d049e",NA,"3148743511"
32.124817,-110.8579,1,"Picidae","Melanerpes uropygialis",2020,4,25,"4fa7b334-ce0d-4e88-aaae-2e0c138d049e",NA,"3161331390"
32.124817,-110.8579,2,"Columbidae","Zenaida asiatica",2020,4,25,"4fa7b334-ce0d-4e88-aaae-2e0c138d049e",NA,"3162301572"
32.10897,-110.84857,1,"Accipitridae","Buteo jamaicensis",2019,1,6,"4fa7b334-ce0d-4e88-aaae-2e0c138d049e",NA,"2732344595"
32.116394,-110.84198,2,"Picidae","Melanerpes uropygialis",2019,2,10,"4fa7b334-ce0d-4e88-aaae-2e0c138d049e",NA,"2730493682"
32.116394,-110.84198,1,"Troglodytidae","Campylorhynchus brunneicapillus",2019,2,10,"4fa7b334-ce0d-4e88-aaae-2e0c138d049e",NA,"2728161649"
32.116394,-110.84198,7,"Columbidae","Zenaida macroura",2019,2,10,"4fa7b334-ce0d-4e88-aaae-2e0c138d049e",NA,"2733830673"
32.115177,-110.83972,2,"Troglodytidae","Campylorhynchus brunneicapillus",2019,5,16,"4fa7b334-ce0d-4e88-aaae-2e0c138d049e",NA,"2735598936"
32.115177,-110.83972,1,"Odontophoridae","Callipepla gambelii",2019,5,16,"4fa7b334-ce0d-4e88-aaae-2e0c138d049e",NA,"2752445085"
32.115177,-110.83972,1,"Mimidae","Toxostoma curvirostre",2019,5,16,"4fa7b334-ce0d-4e88-aaae-2e0c138d049e",NA,"2738807059"
32.115177,-110.83972,2,"Corvidae","Corvus corax",2019,5,16,"4fa7b334-ce0d-4e88-aaae-2e0c138d049e",NA,"2744014177"
32.115185,-110.83974,1,"Trochilidae","Archilochus alexandri",2019,9,3,"4fa7b334-ce0d-4e88-aaae-2e0c138d049e",NA,"2782949313"
32.115185,-110.83974,2,"Remizidae","Auriparus flaviceps",2019,9,3,"4fa7b334-ce0d-4e88-aaae-2e0c138d049e",NA,"2786999245"
32.115185,-110.83974,1,"Corvidae","Corvus corax",2019,9,3,"4fa7b334-ce0d-4e88-aaae-2e0c138d049e",NA,"2789739367"
32.115185,-110.83974,4,"Icteridae","Xanthocephalus xanthocephalus",2019,9,3,"4fa7b334-ce0d-4e88-aaae-2e0c138d049e",NA,"2789110416"
32.115185,-110.83974,1,"Odontophoridae","Callipepla gambelii",2019,9,3,"4fa7b334-ce0d-4e88-aaae-2e0c138d049e",NA,"2796881422"
32.115185,-110.83974,1,"Hirundinidae","Progne subis",2019,9,3,"4fa7b334-ce0d-4e88-aaae-2e0c138d049e",NA,"2801178477"
32.115185,-110.83974,5,"Troglodytidae","Campylorhynchus brunneicapillus",2019,9,3,"4fa7b334-ce0d-4e88-aaae-2e0c138d049e",NA,"2796327380"
32.115185,-110.83974,2,"Emberizidae","Melozone aberti",2019,9,3,"4fa7b334-ce0d-4e88-aaae-2e0c138d049e",NA,"2791626267"
32.115185,-110.83974,15,"Emberizidae","Peucaea carpalis",2019,9,3,"4fa7b334-ce0d-4e88-aaae-2e0c138d049e",NA,"2792657333"
32.115185,-110.83974,1,"Tyrannidae","Pyrocephalus rubinus",2019,9,3,"4fa7b334-ce0d-4e88-aaae-2e0c138d049e",NA,"2790940367"
32.115185,-110.83974,3,"Columbidae","Zenaida macroura",2019,9,3,"4fa7b334-ce0d-4e88-aaae-2e0c138d049e",NA,"2798238113"
32.115185,-110.83974,2,"Fringillidae","Spinus psaltria",2019,9,3,"4fa7b334-ce0d-4e88-aaae-2e0c138d049e",NA,"2792152145"
32.115185,-110.83974,2,"Polioptilidae","Polioptila melanura",2019,9,3,"4fa7b334-ce0d-4e88-aaae-2e0c138d049e",NA,"2696685256"
32.115185,-110.83974,2,"Trochilidae","Calypte anna",2019,9,3,"4fa7b334-ce0d-4e88-aaae-2e0c138d049e",NA,"2699494398"
32.115185,-110.83974,2,"Mimidae","Toxostoma curvirostre",2019,9,3,"4fa7b334-ce0d-4e88-aaae-2e0c138d049e",NA,"2696899207"
32.115185,-110.83974,3,"Cardinalidae","Passerina amoena",2019,9,3,"4fa7b334-ce0d-4e88-aaae-2e0c138d049e",NA,"2694532232"
32.115185,-110.83974,2,"Cardinalidae","Passerina caerulea",2019,9,3,"4fa7b334-ce0d-4e88-aaae-2e0c138d049e",NA,"2695099294"
32.115185,-110.83974,3,"Mimidae","Toxostoma curvirostre",2019,9,4,"4fa7b334-ce0d-4e88-aaae-2e0c138d049e",NA,"2772209685"
32.115185,-110.83974,3,"Emberizidae","Melozone aberti",2019,9,4,"4fa7b334-ce0d-4e88-aaae-2e0c138d049e",NA,"2772846898"
32.115185,-110.83974,2,"Cardinalidae","Passerina amoena",2019,9,4,"4fa7b334-ce0d-4e88-aaae-2e0c138d049e",NA,"2771659676"
32.115185,-110.83974,5,"Troglodytidae","Campylorhynchus brunneicapillus",2019,9,4,"4fa7b334-ce0d-4e88-aaae-2e0c138d049e",NA,"2776329869"
32.115185,-110.83974,1,"Accipitridae","Buteo jamaicensis",2019,9,4,"4fa7b334-ce0d-4e88-aaae-2e0c138d049e",NA,"2773516869"
32.115185,-110.83974,1,"Trochilidae","Calypte anna",2019,9,4,"4fa7b334-ce0d-4e88-aaae-2e0c138d049e",NA,"2778722841"
32.115185,-110.83974,13,"Emberizidae","Peucaea carpalis",2019,9,4,"4fa7b334-ce0d-4e88-aaae-2e0c138d049e",NA,"2785106924"
32.115185,-110.83974,2,"Emberizidae","Amphispiza bilineata",2019,9,4,"4fa7b334-ce0d-4e88-aaae-2e0c138d049e",NA,"2779208920"
32.115185,-110.83974,2,"Polioptilidae","Polioptila melanura",2019,9,4,"4fa7b334-ce0d-4e88-aaae-2e0c138d049e",NA,"2782313905"
32.115185,-110.83974,20,"Icteridae","Xanthocephalus xanthocephalus",2019,9,4,"4fa7b334-ce0d-4e88-aaae-2e0c138d049e",NA,"2787206791"
32.115185,-110.83974,1,"Fringillidae","Spinus psaltria",2019,9,4,"4fa7b334-ce0d-4e88-aaae-2e0c138d049e",NA,"2794089778"
32.115185,-110.83974,1,"Corvidae","Corvus corax",2019,9,4,"4fa7b334-ce0d-4e88-aaae-2e0c138d049e",NA,"2793962706"
32.115185,-110.83974,2,"Remizidae","Auriparus flaviceps",2019,9,4,"4fa7b334-ce0d-4e88-aaae-2e0c138d049e",NA,"2788701715"
32.115185,-110.83974,6,"Emberizidae","Chondestes grammacus",2019,9,4,"4fa7b334-ce0d-4e88-aaae-2e0c138d049e",NA,"2794729921"
32.115185,-110.83974,4,"Columbidae","Zenaida macroura",2019,9,4,"4fa7b334-ce0d-4e88-aaae-2e0c138d049e",NA,"2780243837"
32.115185,-110.83974,3,"Cardinalidae","Passerina caerulea",2019,9,4,"4fa7b334-ce0d-4e88-aaae-2e0c138d049e",NA,"2784073957"
32.115185,-110.83974,9,"Columbidae","Zenaida macroura",2019,9,5,"4fa7b334-ce0d-4e88-aaae-2e0c138d049e",NA,"2692187082"
32.115185,-110.83974,1,"Cardinalidae","Passerina amoena",2019,9,5,"4fa7b334-ce0d-4e88-aaae-2e0c138d049e",NA,"2694034129"
32.115185,-110.83974,1,"Fringillidae","Spinus psaltria",2019,9,5,"4fa7b334-ce0d-4e88-aaae-2e0c138d049e",NA,"2693508248"
32.115185,-110.83974,4,"Mimidae","Toxostoma curvirostre",2019,9,5,"4fa7b334-ce0d-4e88-aaae-2e0c138d049e",NA,"2698100318"
32.115185,-110.83974,15,"Emberizidae","Peucaea carpalis",2019,9,5,"4fa7b334-ce0d-4e88-aaae-2e0c138d049e",NA,"2708620508"
32.115185,-110.83974,2,"Accipitridae","Buteo swainsoni",2019,9,5,"4fa7b334-ce0d-4e88-aaae-2e0c138d049e",NA,"2720307327"
32.115185,-110.83974,4,"Emberizidae","Amphispiza bilineata",2019,9,5,"4fa7b334-ce0d-4e88-aaae-2e0c138d049e",NA,"2718771405"
32.115185,-110.83974,7,"Troglodytidae","Campylorhynchus brunneicapillus",2019,9,5,"4fa7b334-ce0d-4e88-aaae-2e0c138d049e",NA,"2696549579"
32.115185,-110.83974,1,"Remizidae","Auriparus flaviceps",2019,9,5,"4fa7b334-ce0d-4e88-aaae-2e0c138d049e",NA,"2696342195"
32.115185,-110.83974,3,"Emberizidae","Chondestes grammacus",2019,9,5,"4fa7b334-ce0d-4e88-aaae-2e0c138d049e",NA,"2698623275"
32.115185,-110.83974,2,"Corvidae","Corvus corax",2019,9,5,"4fa7b334-ce0d-4e88-aaae-2e0c138d049e",NA,"2695784315"
32.115185,-110.83974,3,"Emberizidae","Melozone aberti",2019,9,5,"4fa7b334-ce0d-4e88-aaae-2e0c138d049e",NA,"2692665304"
32.115185,-110.83974,1,"Accipitridae","Buteo jamaicensis",2019,9,5,"4fa7b334-ce0d-4e88-aaae-2e0c138d049e",NA,"2696323321"
32.115185,-110.83974,1,"Trochilidae","Calypte anna",2019,9,5,"4fa7b334-ce0d-4e88-aaae-2e0c138d049e",NA,"2695348144"
32.115185,-110.83974,1,"Polioptilidae","Polioptila melanura",2019,9,5,"4fa7b334-ce0d-4e88-aaae-2e0c138d049e",NA,"2714629221"
32.115223,-110.839775,1,"Polioptilidae","Polioptila caerulea",2018,1,8,"4fa7b334-ce0d-4e88-aaae-2e0c138d049e",NA,"2127528068"
32.115223,-110.839775,2,"Emberizidae","Amphispiza bilineata",2018,1,8,"4fa7b334-ce0d-4e88-aaae-2e0c138d049e",NA,"2118935935"
32.115223,-110.839775,1,"Tyrannidae","Sayornis saya",2018,1,8,"4fa7b334-ce0d-4e88-aaae-2e0c138d049e",NA,"2117434201"
32.115223,-110.839775,1,"Accipitridae","Circus cyaneus",2018,1,8,"4fa7b334-ce0d-4e88-aaae-2e0c138d049e",NA,"2104259965"
32.100166,-110.83008,2,"Troglodytidae","Campylorhynchus brunneicapillus",2017,3,2,"4fa7b334-ce0d-4e88-aaae-2e0c138d049e",NA,"2049376131"
32.100166,-110.83008,2,"Remizidae","Auriparus flaviceps",2017,3,2,"4fa7b334-ce0d-4e88-aaae-2e0c138d049e",NA,"2034595403"
32.100166,-110.83008,1,"Tyrannidae","Pyrocephalus rubinus",2017,3,2,"4fa7b334-ce0d-4e88-aaae-2e0c138d049e",NA,"2049368956"
32.100166,-110.83008,10,"Corvidae","Corvus corax",2017,3,2,"4fa7b334-ce0d-4e88-aaae-2e0c138d049e",NA,"2043058364"
32.100166,-110.83008,6,"Sturnidae","Sturnus vulgaris",2017,3,2,"4fa7b334-ce0d-4e88-aaae-2e0c138d049e",NA,"2034598491"
32.100166,-110.83008,8,"Parulidae","Setophaga coronata",2017,3,2,"4fa7b334-ce0d-4e88-aaae-2e0c138d049e",NA,"2044161717"
32.100166,-110.83008,2,"Picidae","Melanerpes uropygialis",2017,3,2,"4fa7b334-ce0d-4e88-aaae-2e0c138d049e",NA,"2034599674"
32.100166,-110.83008,3,"Fringillidae","Spinus psaltria",2017,3,2,"4fa7b334-ce0d-4e88-aaae-2e0c138d049e",NA,"2044157965"
32.100166,-110.83008,1,"Falconidae","Falco sparverius",2017,3,2,"4fa7b334-ce0d-4e88-aaae-2e0c138d049e",NA,"2049359723"
32.100166,-110.83008,1,"Columbidae","Zenaida macroura",2017,3,2,"4fa7b334-ce0d-4e88-aaae-2e0c138d049e",NA,"2043066190"
32.100166,-110.83008,2,"Passeridae","Passer domesticus",2017,3,2,"4fa7b334-ce0d-4e88-aaae-2e0c138d049e",NA,"2034591771"
32.100166,-110.83008,8,"Fringillidae","Haemorhous mexicanus",2017,3,2,"4fa7b334-ce0d-4e88-aaae-2e0c138d049e",NA,"2049358368"
32.100166,-110.83008,2,"Troglodytidae","Campylorhynchus brunneicapillus",2017,3,2,"4fa7b334-ce0d-4e88-aaae-2e0c138d049e",NA,"2046656284"
32.100166,-110.83008,2,"Remizidae","Auriparus flaviceps",2017,3,2,"4fa7b334-ce0d-4e88-aaae-2e0c138d049e",NA,"2045457658"
32.100166,-110.83008,1,"Tyrannidae","Pyrocephalus rubinus",2017,3,2,"4fa7b334-ce0d-4e88-aaae-2e0c138d049e",NA,"2036453911"
32.100166,-110.83008,10,"Corvidae","Corvus corax",2017,3,2,"4fa7b334-ce0d-4e88-aaae-2e0c138d049e",NA,"2051704770"
32.100166,-110.83008,6,"Sturnidae","Sturnus vulgaris",2017,3,2,"4fa7b334-ce0d-4e88-aaae-2e0c138d049e",NA,"2046659522"
32.100166,-110.83008,8,"Parulidae","Setophaga coronata",2017,3,2,"4fa7b334-ce0d-4e88-aaae-2e0c138d049e",NA,"2046657223"
32.100166,-110.83008,2,"Picidae","Melanerpes uropygialis",2017,3,2,"4fa7b334-ce0d-4e88-aaae-2e0c138d049e",NA,"2036456358"
32.100166,-110.83008,3,"Fringillidae","Spinus psaltria",2017,3,2,"4fa7b334-ce0d-4e88-aaae-2e0c138d049e",NA,"2045459566"
32.100166,-110.83008,1,"Columbidae","Zenaida macroura",2017,3,2,"4fa7b334-ce0d-4e88-aaae-2e0c138d049e",NA,"2046659613"
32.100166,-110.83008,2,"Passeridae","Passer domesticus",2017,3,2,"4fa7b334-ce0d-4e88-aaae-2e0c138d049e",NA,"2051711758"
32.100166,-110.83008,8,"Fringillidae","Haemorhous mexicanus",2017,3,2,"4fa7b334-ce0d-4e88-aaae-2e0c138d049e",NA,"2046663441"
32.10399,-110.828964,2,"Remizidae","Auriparus flaviceps",2017,12,22,"4fa7b334-ce0d-4e88-aaae-2e0c138d049e",NA,"2099776062"
32.115223,-110.839775,4,"Emberizidae","Amphispiza bilineata",2017,12,25,"4fa7b334-ce0d-4e88-aaae-2e0c138d049e",NA,"2122837659"
32.115223,-110.839775,4,"Emberizidae","Amphispiza bilineata",2017,12,27,"4fa7b334-ce0d-4e88-aaae-2e0c138d049e",NA,"2114226137"
32.115223,-110.839775,1,"Accipitridae","Circus cyaneus",2017,12,28,"4fa7b334-ce0d-4e88-aaae-2e0c138d049e",NA,"2114647896"
32.115223,-110.839775,2,"Corvidae","Corvus corax",2017,12,28,"4fa7b334-ce0d-4e88-aaae-2e0c138d049e",NA,"2100992901"
32.115223,-110.839775,5,"Troglodytidae","Campylorhynchus brunneicapillus",2017,12,29,"4fa7b334-ce0d-4e88-aaae-2e0c138d049e",NA,"2114208205"
32.115223,-110.839775,1,"Remizidae","Auriparus flaviceps",2017,12,29,"4fa7b334-ce0d-4e88-aaae-2e0c138d049e",NA,"2114190264"
32.115223,-110.839775,2,"Emberizidae","Amphispiza bilineata",2017,12,29,"4fa7b334-ce0d-4e88-aaae-2e0c138d049e",NA,"2114203099"
32.112743,-110.845063,NA,"Accipitridae","Accipiter cooperii",2021,2,2,"50c9509d-22c7-4a22-a47d-8c48425ef4a7","iNaturalist research-grade observations","3039227008"
32.111673,-110.835505,NA,"Trochilidae","Calypte anna",2021,6,28,"50c9509d-22c7-4a22-a47d-8c48425ef4a7","iNaturalist research-grade observations","3355531555"
32.11255,-110.836142,NA,"Trochilidae","Calypte anna",2020,6,14,"50c9509d-22c7-4a22-a47d-8c48425ef4a7","iNaturalist research-grade observations","3031653706"
32.112752,-110.836302,NA,"Mimidae","Mimus polyglottos",2020,6,14,"50c9509d-22c7-4a22-a47d-8c48425ef4a7","iNaturalist research-grade observations","2901507420"
32.120072,-110.849547,NA,"Tyrannidae","Pyrocephalus rubinus",2020,10,11,"50c9509d-22c7-4a22-a47d-8c48425ef4a7","iNaturalist research-grade observations","2898381924"
