"decimalLatitude","decimalLongitude","individualCount","family","species","year","month","day","datasetKey","datasetName","gbifID"
32.26161,-110.8375,1,"Parulidae","Leiothlypis luciae",2021,3,20,"4fa7b334-ce0d-4e88-aaae-2e0c138d049e",NA,"3510919619"
32.255184,-110.830734,5,"Columbidae","Zenaida asiatica",2021,6,2,"4fa7b334-ce0d-4e88-aaae-2e0c138d049e",NA,"3595354757"
32.255184,-110.830734,1,"Odontophoridae","Callipepla gambelii",2021,6,2,"4fa7b334-ce0d-4e88-aaae-2e0c138d049e",NA,"3601657524"
32.255184,-110.830734,4,"Fringillidae","Haemorhous mexicanus",2021,6,2,"4fa7b334-ce0d-4e88-aaae-2e0c138d049e",NA,"3603486039"
32.255184,-110.830734,1,"Picidae","Melanerpes uropygialis",2021,6,2,"4fa7b334-ce0d-4e88-aaae-2e0c138d049e",NA,"3605952557"
32.255184,-110.830734,2,"Tyrannidae","Myiarchus tyrannulus",2021,6,2,"4fa7b334-ce0d-4e88-aaae-2e0c138d049e",NA,"3538998053"
32.255184,-110.830734,1,"Columbidae","Zenaida asiatica",2021,8,13,"4fa7b334-ce0d-4e88-aaae-2e0c138d049e",NA,"3553487348"
32.255184,-110.830734,1,"Picidae","Melanerpes uropygialis",2021,8,13,"4fa7b334-ce0d-4e88-aaae-2e0c138d049e",NA,"3532852833"
32.255184,-110.830734,3,"Fringillidae","Haemorhous mexicanus",2021,8,13,"4fa7b334-ce0d-4e88-aaae-2e0c138d049e",NA,"3531455611"
32.255184,-110.830734,3,"Columbidae","Zenaida macroura",2021,8,13,"4fa7b334-ce0d-4e88-aaae-2e0c138d049e",NA,"3568906345"
32.255184,-110.830734,1,"Cardinalidae","Cardinalis cardinalis",2021,8,13,"4fa7b334-ce0d-4e88-aaae-2e0c138d049e",NA,"3578077884"
32.255184,-110.830734,1,"Remizidae","Auriparus flaviceps",2021,8,13,"4fa7b334-ce0d-4e88-aaae-2e0c138d049e",NA,"3563507436"
32.26034,-110.83833,1,"Corvidae","Corvus corax",2020,1,20,"4fa7b334-ce0d-4e88-aaae-2e0c138d049e",NA,"3137388290"
32.26034,-110.83833,1,"Columbidae","Zenaida macroura",2020,1,20,"4fa7b334-ce0d-4e88-aaae-2e0c138d049e",NA,"3142563345"
32.26034,-110.83833,1,"Trochilidae","Calypte costae",2020,1,20,"4fa7b334-ce0d-4e88-aaae-2e0c138d049e",NA,"3144909379"
32.261112,-110.83959,2,"Strigidae","Bubo virginianus",2019,2,26,"4fa7b334-ce0d-4e88-aaae-2e0c138d049e",NA,"2660214184"
32.261112,-110.83959,1,"Accipitridae","Accipiter cooperii",2019,2,26,"4fa7b334-ce0d-4e88-aaae-2e0c138d049e",NA,"2759049157"
32.259773,-110.832794,1,"Remizidae","Auriparus flaviceps",2018,2,22,"4fa7b334-ce0d-4e88-aaae-2e0c138d049e",NA,"2116111900"
32.26102,-110.83698,1,"Trochilidae","Cynanthus latirostris",2017,3,25,"4fa7b334-ce0d-4e88-aaae-2e0c138d049e",NA,"2054743823"
32.26102,-110.83698,2,"Fringillidae","Haemorhous mexicanus",2017,3,25,"4fa7b334-ce0d-4e88-aaae-2e0c138d049e",NA,"2049408820"
32.26102,-110.83698,5,"Corvidae","Corvus corax",2017,3,25,"4fa7b334-ce0d-4e88-aaae-2e0c138d049e",NA,"2049405880"
32.26102,-110.83698,2,"Columbidae","Zenaida macroura",2017,3,25,"4fa7b334-ce0d-4e88-aaae-2e0c138d049e",NA,"2049409742"
32.26102,-110.83698,1,"Picidae","Melanerpes uropygialis",2017,3,25,"4fa7b334-ce0d-4e88-aaae-2e0c138d049e",NA,"2039340779"
32.26102,-110.83698,1,"Strigidae","Bubo virginianus",2017,3,25,"4fa7b334-ce0d-4e88-aaae-2e0c138d049e",NA,"2048164037"
32.26102,-110.83698,1,"Tyrannidae","Pyrocephalus rubinus",2017,3,25,"4fa7b334-ce0d-4e88-aaae-2e0c138d049e",NA,"2039337676"
32.258564,-110.830666,4,"Columbidae","Zenaida macroura",2017,4,30,"4fa7b334-ce0d-4e88-aaae-2e0c138d049e",NA,"2060055792"
32.258564,-110.830666,2,"Picidae","Melanerpes uropygialis",2017,4,30,"4fa7b334-ce0d-4e88-aaae-2e0c138d049e",NA,"2060423385"
32.258564,-110.830666,2,"Mimidae","Mimus polyglottos",2017,4,30,"4fa7b334-ce0d-4e88-aaae-2e0c138d049e",NA,"2048493372"
32.258564,-110.830666,4,"Columbidae","Zenaida asiatica",2017,4,30,"4fa7b334-ce0d-4e88-aaae-2e0c138d049e",NA,"2060412185"
32.258564,-110.830666,1,"Trochilidae","Calypte anna",2017,4,30,"4fa7b334-ce0d-4e88-aaae-2e0c138d049e",NA,"2060408595"
32.258575,-110.830635,2,"Fringillidae","Haemorhous mexicanus",2017,5,11,"4fa7b334-ce0d-4e88-aaae-2e0c138d049e",NA,"2064315708"
32.258575,-110.830635,1,"Trochilidae","Calypte costae",2017,5,11,"4fa7b334-ce0d-4e88-aaae-2e0c138d049e",NA,"2064312696"
32.258575,-110.830635,2,"Columbidae","Zenaida asiatica",2017,5,11,"4fa7b334-ce0d-4e88-aaae-2e0c138d049e",NA,"2064295313"
32.258575,-110.830635,5,"Emberizidae","Melozone aberti",2017,5,11,"4fa7b334-ce0d-4e88-aaae-2e0c138d049e",NA,"2051990952"
32.258575,-110.830635,1,"Trochilidae","Archilochus alexandri",2017,6,1,"4fa7b334-ce0d-4e88-aaae-2e0c138d049e",NA,"2073770416"
32.258575,-110.830635,2,"Passeridae","Passer domesticus",2017,6,1,"4fa7b334-ce0d-4e88-aaae-2e0c138d049e",NA,"2079277395"
32.258575,-110.830635,4,"Columbidae","Zenaida macroura",2017,6,1,"4fa7b334-ce0d-4e88-aaae-2e0c138d049e",NA,"2079273061"
32.258575,-110.830635,4,"Fringillidae","Haemorhous mexicanus",2017,6,1,"4fa7b334-ce0d-4e88-aaae-2e0c138d049e",NA,"2061063377"
32.258575,-110.830635,1,"Picidae","Melanerpes uropygialis",2017,6,2,"4fa7b334-ce0d-4e88-aaae-2e0c138d049e",NA,"2073780901"
32.258575,-110.830635,1,"Trochilidae","Calypte anna",2017,6,2,"4fa7b334-ce0d-4e88-aaae-2e0c138d049e",NA,"2079273660"
32.258575,-110.830635,4,"Fringillidae","Haemorhous mexicanus",2017,6,2,"4fa7b334-ce0d-4e88-aaae-2e0c138d049e",NA,"2079279303"
32.258575,-110.830635,1,"Trochilidae","Archilochus alexandri",2017,6,2,"4fa7b334-ce0d-4e88-aaae-2e0c138d049e",NA,"2079278505"
32.258575,-110.830635,3,"Passeridae","Passer domesticus",2017,6,2,"4fa7b334-ce0d-4e88-aaae-2e0c138d049e",NA,"2073762788"
32.258575,-110.830635,3,"Columbidae","Zenaida macroura",2017,6,2,"4fa7b334-ce0d-4e88-aaae-2e0c138d049e",NA,"2079274359"
32.2585,-110.83059,2,"Columbidae","Zenaida macroura",2017,7,24,"4fa7b334-ce0d-4e88-aaae-2e0c138d049e",NA,"2082731278"
32.2585,-110.83059,2,"Trochilidae","Archilochus alexandri",2017,7,24,"4fa7b334-ce0d-4e88-aaae-2e0c138d049e",NA,"2070722128"
32.2585,-110.83059,1,"Trochilidae","Calypte anna",2017,7,24,"4fa7b334-ce0d-4e88-aaae-2e0c138d049e",NA,"2088386830"
32.2585,-110.83059,1,"Columbidae","Zenaida asiatica",2017,7,24,"4fa7b334-ce0d-4e88-aaae-2e0c138d049e",NA,"2082216289"
32.258575,-110.830635,1,"Cathartidae","Cathartes aura",2017,8,18,"4fa7b334-ce0d-4e88-aaae-2e0c138d049e",NA,"2087129852"
32.258575,-110.830635,4,"Fringillidae","Haemorhous mexicanus",2017,8,18,"4fa7b334-ce0d-4e88-aaae-2e0c138d049e",NA,"2086653310"
32.258575,-110.830635,3,"Trochilidae","Calypte anna",2017,8,18,"4fa7b334-ce0d-4e88-aaae-2e0c138d049e",NA,"2075423801"
32.260838,-110.834633,NA,"Emberizidae","Melozone aberti",2019,5,11,"50c9509d-22c7-4a22-a47d-8c48425ef4a7","iNaturalist research-grade observations","2465103088"
