"decimalLatitude","decimalLongitude","individualCount","family","species","year","month","day","datasetKey","datasetName","gbifID"
32.226635,-110.91038,NA,"Fringillidae","Spinus pinus",2021,1,27,"4fa7b334-ce0d-4e88-aaae-2e0c138d049e",NA,"3627341606"
32.226635,-110.91038,1,"Cardinalidae","Cardinalis cardinalis",2021,4,30,"4fa7b334-ce0d-4e88-aaae-2e0c138d049e",NA,"3648546548"
32.226635,-110.91038,2,"Emberizidae","Melozone aberti",2021,4,22,"4fa7b334-ce0d-4e88-aaae-2e0c138d049e",NA,"3685159731"
32.226635,-110.91038,7,"Fringillidae","Spinus psaltria",2021,4,30,"4fa7b334-ce0d-4e88-aaae-2e0c138d049e",NA,"3619065065"
32.226635,-110.91038,2,"Emberizidae","Melozone aberti",2021,4,30,"4fa7b334-ce0d-4e88-aaae-2e0c138d049e",NA,"3621889462"
32.226635,-110.91038,1,"Accipitridae","Accipiter cooperii",2021,4,30,"4fa7b334-ce0d-4e88-aaae-2e0c138d049e",NA,"3622544412"
32.226635,-110.91038,1,"Picidae","Dryobates scalaris",2021,4,30,"4fa7b334-ce0d-4e88-aaae-2e0c138d049e",NA,"3623333113"
32.226635,-110.91038,15,"Passeridae","Passer domesticus",2021,4,30,"4fa7b334-ce0d-4e88-aaae-2e0c138d049e",NA,"3614043840"
32.226635,-110.91038,1,"Mimidae","Toxostoma curvirostre",2021,4,30,"4fa7b334-ce0d-4e88-aaae-2e0c138d049e",NA,"3564563716"
32.226635,-110.91038,7,"Columbidae","Zenaida asiatica",2021,4,30,"4fa7b334-ce0d-4e88-aaae-2e0c138d049e",NA,"3563732999"
32.226635,-110.91038,9,"Fringillidae","Haemorhous mexicanus",2021,4,30,"4fa7b334-ce0d-4e88-aaae-2e0c138d049e",NA,"3559450656"
32.226635,-110.91038,1,"Cardinalidae","Pheucticus melanocephalus",2021,5,14,"4fa7b334-ce0d-4e88-aaae-2e0c138d049e",NA,"3632499263"
32.225925,-110.909546,1,"Columbidae","Streptopelia decaocto",2021,9,11,"4fa7b334-ce0d-4e88-aaae-2e0c138d049e",NA,"3667811561"
32.225925,-110.909546,2,"Picidae","Melanerpes uropygialis",2021,9,11,"4fa7b334-ce0d-4e88-aaae-2e0c138d049e",NA,"3666522818"
32.225925,-110.909546,1,"Fringillidae","Haemorhous mexicanus",2021,9,11,"4fa7b334-ce0d-4e88-aaae-2e0c138d049e",NA,"3669175113"
32.225925,-110.909546,1,"Remizidae","Auriparus flaviceps",2021,9,11,"4fa7b334-ce0d-4e88-aaae-2e0c138d049e",NA,"3667362382"
32.225925,-110.909546,3,"Columbidae","Zenaida macroura",2021,9,11,"4fa7b334-ce0d-4e88-aaae-2e0c138d049e",NA,"3671756123"
32.225925,-110.909546,1,"Fringillidae","Spinus psaltria",2021,9,11,"4fa7b334-ce0d-4e88-aaae-2e0c138d049e",NA,"3681903752"
32.225925,-110.909546,1,"Columbidae","Streptopelia decaocto",2021,9,11,"4fa7b334-ce0d-4e88-aaae-2e0c138d049e",NA,"3644534716"
32.225925,-110.909546,2,"Picidae","Melanerpes uropygialis",2021,9,11,"4fa7b334-ce0d-4e88-aaae-2e0c138d049e",NA,"3654611713"
32.225925,-110.909546,1,"Fringillidae","Haemorhous mexicanus",2021,9,11,"4fa7b334-ce0d-4e88-aaae-2e0c138d049e",NA,"3652015136"
32.225925,-110.909546,1,"Remizidae","Auriparus flaviceps",2021,9,11,"4fa7b334-ce0d-4e88-aaae-2e0c138d049e",NA,"3652830887"
32.225925,-110.909546,3,"Columbidae","Zenaida macroura",2021,9,11,"4fa7b334-ce0d-4e88-aaae-2e0c138d049e",NA,"3661000391"
32.225925,-110.909546,1,"Fringillidae","Spinus psaltria",2021,9,11,"4fa7b334-ce0d-4e88-aaae-2e0c138d049e",NA,"3660225383"
32.225925,-110.909546,1,"Fringillidae","Spinus psaltria",2021,9,12,"4fa7b334-ce0d-4e88-aaae-2e0c138d049e",NA,"3663178713"
32.225925,-110.909546,1,"Columbidae","Zenaida macroura",2021,9,12,"4fa7b334-ce0d-4e88-aaae-2e0c138d049e",NA,"3630924737"
32.225925,-110.909546,2,"Fringillidae","Haemorhous mexicanus",2021,9,12,"4fa7b334-ce0d-4e88-aaae-2e0c138d049e",NA,"3641497604"
32.225925,-110.909546,2,"Picidae","Melanerpes uropygialis",2021,9,12,"4fa7b334-ce0d-4e88-aaae-2e0c138d049e",NA,"3642659033"
32.22449,-110.91309,1,"Trochilidae","Calypte anna",2021,11,20,"4fa7b334-ce0d-4e88-aaae-2e0c138d049e",NA,"3628472192"
32.22449,-110.91309,1,"Passeridae","Passer domesticus",2021,11,20,"4fa7b334-ce0d-4e88-aaae-2e0c138d049e",NA,"3630393728"
32.22449,-110.91309,1,"Parulidae","Setophaga coronata",2021,11,20,"4fa7b334-ce0d-4e88-aaae-2e0c138d049e",NA,"3632810964"
32.22449,-110.91309,1,"Remizidae","Auriparus flaviceps",2021,11,20,"4fa7b334-ce0d-4e88-aaae-2e0c138d049e",NA,"3634879820"
32.22449,-110.91309,1,"Picidae","Dryobates scalaris",2021,11,20,"4fa7b334-ce0d-4e88-aaae-2e0c138d049e",NA,"3626931926"
32.22449,-110.91309,1,"Accipitridae","Accipiter cooperii",2021,11,22,"4fa7b334-ce0d-4e88-aaae-2e0c138d049e",NA,"3665668544"
32.22449,-110.91309,1,"Picidae","Melanerpes uropygialis",2021,11,22,"4fa7b334-ce0d-4e88-aaae-2e0c138d049e",NA,"3666566013"
32.22449,-110.91309,1,"Columbidae","Zenaida macroura",2021,11,22,"4fa7b334-ce0d-4e88-aaae-2e0c138d049e",NA,"3667065202"
32.22449,-110.91309,1,"Accipitridae","Accipiter cooperii",2021,11,22,"4fa7b334-ce0d-4e88-aaae-2e0c138d049e",NA,"3669642547"
32.22449,-110.91309,1,"Picidae","Melanerpes uropygialis",2021,11,22,"4fa7b334-ce0d-4e88-aaae-2e0c138d049e",NA,"3670781774"
32.22449,-110.91309,1,"Columbidae","Zenaida macroura",2021,11,22,"4fa7b334-ce0d-4e88-aaae-2e0c138d049e",NA,"3671959491"
32.22414,-110.91082,1,"Columbidae","Zenaida asiatica",2020,6,2,"4fa7b334-ce0d-4e88-aaae-2e0c138d049e",NA,"3176962742"
32.22414,-110.91082,1,"Fringillidae","Spinus psaltria",2020,6,2,"4fa7b334-ce0d-4e88-aaae-2e0c138d049e",NA,"3162584548"
32.22414,-110.91082,1,"Columbidae","Columba livia",2020,6,2,"4fa7b334-ce0d-4e88-aaae-2e0c138d049e",NA,"3161299630"
32.22414,-110.91082,1,"Tyrannidae","Pyrocephalus rubinus",2020,6,16,"4fa7b334-ce0d-4e88-aaae-2e0c138d049e",NA,"3184280070"
32.224113,-110.910774,1,"Accipitridae","Buteo jamaicensis",2020,6,17,"4fa7b334-ce0d-4e88-aaae-2e0c138d049e",NA,"3160212079"
32.22407,-110.910866,1,"Emberizidae","Melozone aberti",2020,6,20,"4fa7b334-ce0d-4e88-aaae-2e0c138d049e",NA,"3235878709"
32.22406,-110.91078,1,"Remizidae","Auriparus flaviceps",2020,6,21,"4fa7b334-ce0d-4e88-aaae-2e0c138d049e",NA,"3184174549"
32.22406,-110.91078,3,"Columbidae","Zenaida asiatica",2020,6,21,"4fa7b334-ce0d-4e88-aaae-2e0c138d049e",NA,"3184720583"
32.22413,-110.910805,1,"Trochilidae","Archilochus alexandri",2020,6,24,"4fa7b334-ce0d-4e88-aaae-2e0c138d049e",NA,"3175819770"
32.22387,-110.91076,1,"Fringillidae","Haemorhous mexicanus",2020,6,2,"4fa7b334-ce0d-4e88-aaae-2e0c138d049e",NA,"3255858513"
32.223957,-110.910805,1,"Trochilidae","Archilochus alexandri",2020,6,12,"4fa7b334-ce0d-4e88-aaae-2e0c138d049e",NA,"3165837469"
32.22406,-110.91078,1,"Accipitridae","Accipiter cooperii",2020,7,12,"4fa7b334-ce0d-4e88-aaae-2e0c138d049e",NA,"3170250450"
32.226635,-110.91038,1,"Fringillidae","Spinus psaltria",2020,12,6,"4fa7b334-ce0d-4e88-aaae-2e0c138d049e",NA,"3197477198"
32.226635,-110.91038,1,"Trochilidae","Cynanthus latirostris",2020,12,6,"4fa7b334-ce0d-4e88-aaae-2e0c138d049e",NA,"3211460292"
32.226635,-110.91038,12,"Fringillidae","Haemorhous mexicanus",2020,12,6,"4fa7b334-ce0d-4e88-aaae-2e0c138d049e",NA,"3203343222"
32.226635,-110.91038,1,"Passeridae","Passer domesticus",2020,12,6,"4fa7b334-ce0d-4e88-aaae-2e0c138d049e",NA,"3209060295"
32.226635,-110.91038,1,"Columbidae","Zenaida macroura",2020,12,6,"4fa7b334-ce0d-4e88-aaae-2e0c138d049e",NA,"3203671113"
32.22449,-110.91309,1,"Polioptilidae","Polioptila caerulea",2020,12,6,"4fa7b334-ce0d-4e88-aaae-2e0c138d049e",NA,"3276658798"
32.22449,-110.91309,1,"Trochilidae","Calypte anna",2020,12,6,"4fa7b334-ce0d-4e88-aaae-2e0c138d049e",NA,"3269928822"
32.22449,-110.91309,1,"Mimidae","Mimus polyglottos",2020,12,6,"4fa7b334-ce0d-4e88-aaae-2e0c138d049e",NA,"3283375496"
32.22449,-110.91309,2,"Remizidae","Auriparus flaviceps",2020,12,6,"4fa7b334-ce0d-4e88-aaae-2e0c138d049e",NA,"3264979742"
32.22449,-110.91309,1,"Vireonidae","Vireo huttoni",2020,12,6,"4fa7b334-ce0d-4e88-aaae-2e0c138d049e",NA,"3288027883"
32.22449,-110.91309,2,"Fringillidae","Haemorhous mexicanus",2020,12,6,"4fa7b334-ce0d-4e88-aaae-2e0c138d049e",NA,"3281501666"
32.22449,-110.91309,1,"Polioptilidae","Polioptila melanura",2020,12,6,"4fa7b334-ce0d-4e88-aaae-2e0c138d049e",NA,"3261645464"
32.22449,-110.91309,1,"Emberizidae","Zonotrichia leucophrys",2020,12,6,"4fa7b334-ce0d-4e88-aaae-2e0c138d049e",NA,"3268029596"
32.226547,-110.910545,4,"Columbidae","Zenaida macroura",2020,12,14,"4fa7b334-ce0d-4e88-aaae-2e0c138d049e",NA,"3275139121"
32.226547,-110.910545,4,"Emberizidae","Melozone aberti",2020,12,14,"4fa7b334-ce0d-4e88-aaae-2e0c138d049e",NA,"3301152738"
32.226547,-110.910545,3,"Emberizidae","Zonotrichia leucophrys",2020,12,14,"4fa7b334-ce0d-4e88-aaae-2e0c138d049e",NA,"3282671471"
32.226547,-110.910545,2,"Fringillidae","Haemorhous mexicanus",2020,12,14,"4fa7b334-ce0d-4e88-aaae-2e0c138d049e",NA,"3268963332"
32.226547,-110.910545,1,"Accipitridae","Accipiter cooperii",2020,12,14,"4fa7b334-ce0d-4e88-aaae-2e0c138d049e",NA,"3272428213"
32.226547,-110.910545,4,"Columbidae","Zenaida macroura",2020,12,14,"4fa7b334-ce0d-4e88-aaae-2e0c138d049e",NA,"3282557332"
32.226547,-110.910545,4,"Emberizidae","Melozone aberti",2020,12,14,"4fa7b334-ce0d-4e88-aaae-2e0c138d049e",NA,"3268255385"
32.226547,-110.910545,3,"Emberizidae","Zonotrichia leucophrys",2020,12,14,"4fa7b334-ce0d-4e88-aaae-2e0c138d049e",NA,"3284015135"
32.226547,-110.910545,2,"Fringillidae","Haemorhous mexicanus",2020,12,14,"4fa7b334-ce0d-4e88-aaae-2e0c138d049e",NA,"3271564285"
32.226547,-110.910545,1,"Accipitridae","Accipiter cooperii",2020,12,14,"4fa7b334-ce0d-4e88-aaae-2e0c138d049e",NA,"3283805333"
32.226547,-110.910545,1,"Passeridae","Passer domesticus",2020,12,29,"4fa7b334-ce0d-4e88-aaae-2e0c138d049e",NA,"3213281445"
32.226547,-110.910545,1,"Picidae","Melanerpes uropygialis",2020,12,29,"4fa7b334-ce0d-4e88-aaae-2e0c138d049e",NA,"3203027626"
32.226547,-110.910545,1,"Accipitridae","Accipiter cooperii",2020,12,29,"4fa7b334-ce0d-4e88-aaae-2e0c138d049e",NA,"3206611654"
32.226547,-110.910545,2,"Emberizidae","Zonotrichia leucophrys",2020,12,29,"4fa7b334-ce0d-4e88-aaae-2e0c138d049e",NA,"3207553589"
32.226547,-110.910545,3,"Parulidae","Setophaga coronata",2020,12,29,"4fa7b334-ce0d-4e88-aaae-2e0c138d049e",NA,"3199455534"
32.226547,-110.910545,5,"Columbidae","Zenaida macroura",2020,12,29,"4fa7b334-ce0d-4e88-aaae-2e0c138d049e",NA,"3201985389"
32.226547,-110.910545,1,"Fringillidae","Haemorhous mexicanus",2020,12,29,"4fa7b334-ce0d-4e88-aaae-2e0c138d049e",NA,"3213560665"
32.2267,-110.910225,1,"Columbidae","Zenaida asiatica",2020,12,5,"4fa7b334-ce0d-4e88-aaae-2e0c138d049e",NA,"3544031496"
32.2267,-110.910225,2,"Picidae","Dryobates scalaris",2020,12,5,"4fa7b334-ce0d-4e88-aaae-2e0c138d049e",NA,"3542158477"
32.2267,-110.910225,25,"Fringillidae","Spinus psaltria",2020,12,5,"4fa7b334-ce0d-4e88-aaae-2e0c138d049e",NA,"3523730863"
32.2267,-110.910225,2,"Accipitridae","Accipiter cooperii",2020,12,5,"4fa7b334-ce0d-4e88-aaae-2e0c138d049e",NA,"3522111284"
32.225254,-110.91169,1,"Polioptilidae","Polioptila melanura",2019,2,27,"4fa7b334-ce0d-4e88-aaae-2e0c138d049e",NA,"2754449174"
32.225254,-110.91169,2,"Columbidae","Streptopelia decaocto",2019,3,3,"4fa7b334-ce0d-4e88-aaae-2e0c138d049e",NA,"2733293320"
32.225254,-110.91169,10,"Fringillidae","Haemorhous mexicanus",2019,3,3,"4fa7b334-ce0d-4e88-aaae-2e0c138d049e",NA,"2746477275"
32.225254,-110.91169,1,"Cardinalidae","Cardinalis cardinalis",2019,3,3,"4fa7b334-ce0d-4e88-aaae-2e0c138d049e",NA,"2735291402"
32.225254,-110.91169,5,"Columbidae","Zenaida asiatica",2019,3,3,"4fa7b334-ce0d-4e88-aaae-2e0c138d049e",NA,"2733020298"
32.225254,-110.91169,1,"Emberizidae","Melozone aberti",2019,3,3,"4fa7b334-ce0d-4e88-aaae-2e0c138d049e",NA,"2734956351"
32.225254,-110.91169,1,"Emberizidae","Zonotrichia leucophrys",2019,3,3,"4fa7b334-ce0d-4e88-aaae-2e0c138d049e",NA,"2731954334"
32.225254,-110.91169,1,"Mimidae","Toxostoma curvirostre",2019,3,3,"4fa7b334-ce0d-4e88-aaae-2e0c138d049e",NA,"2738944281"
32.225254,-110.91169,3,"Picidae","Melanerpes uropygialis",2019,3,3,"4fa7b334-ce0d-4e88-aaae-2e0c138d049e",NA,"2731698115"
32.225254,-110.91169,3,"Accipitridae","Accipiter cooperii",2019,3,3,"4fa7b334-ce0d-4e88-aaae-2e0c138d049e",NA,"2731044295"
32.225254,-110.91169,1,"Troglodytidae","Campylorhynchus brunneicapillus",2019,3,3,"4fa7b334-ce0d-4e88-aaae-2e0c138d049e",NA,"2741193276"
32.225254,-110.91169,1,"Trochilidae","Calypte costae",2019,3,3,"4fa7b334-ce0d-4e88-aaae-2e0c138d049e",NA,"2739694387"
32.225254,-110.91169,2,"Mimidae","Mimus polyglottos",2019,3,3,"4fa7b334-ce0d-4e88-aaae-2e0c138d049e",NA,"2743158379"
32.225254,-110.91169,1,"Trochilidae","Archilochus alexandri",2019,3,3,"4fa7b334-ce0d-4e88-aaae-2e0c138d049e",NA,"2738482492"
32.225254,-110.91169,8,"Fringillidae","Spinus psaltria",2019,3,3,"4fa7b334-ce0d-4e88-aaae-2e0c138d049e",NA,"2755328405"
32.225254,-110.91169,6,"Columbidae","Zenaida macroura",2019,3,3,"4fa7b334-ce0d-4e88-aaae-2e0c138d049e",NA,"2754270397"
32.224922,-110.90996,1,"Sturnidae","Sturnus vulgaris",2019,3,10,"4fa7b334-ce0d-4e88-aaae-2e0c138d049e",NA,"2670073117"
32.224922,-110.90996,2,"Remizidae","Auriparus flaviceps",2019,3,10,"4fa7b334-ce0d-4e88-aaae-2e0c138d049e",NA,"2662189197"
32.224922,-110.90996,1,"Trochilidae","Calypte costae",2019,3,10,"4fa7b334-ce0d-4e88-aaae-2e0c138d049e",NA,"2669118293"
32.224922,-110.90996,1,"Troglodytidae","Campylorhynchus brunneicapillus",2019,3,10,"4fa7b334-ce0d-4e88-aaae-2e0c138d049e",NA,"2661185331"
32.224922,-110.90996,2,"Mimidae","Mimus polyglottos",2019,3,10,"4fa7b334-ce0d-4e88-aaae-2e0c138d049e",NA,"2670112408"
32.224922,-110.90996,6,"Fringillidae","Haemorhous mexicanus",2019,3,10,"4fa7b334-ce0d-4e88-aaae-2e0c138d049e",NA,"2658518341"
32.224922,-110.90996,1,"Trochilidae","Cynanthus latirostris",2019,3,10,"4fa7b334-ce0d-4e88-aaae-2e0c138d049e",NA,"2668163345"
32.224922,-110.90996,2,"Mimidae","Toxostoma curvirostre",2019,3,10,"4fa7b334-ce0d-4e88-aaae-2e0c138d049e",NA,"2678080209"
32.224922,-110.90996,3,"Passeridae","Passer domesticus",2019,3,10,"4fa7b334-ce0d-4e88-aaae-2e0c138d049e",NA,"2661703288"
32.224922,-110.90996,2,"Polioptilidae","Polioptila melanura",2019,3,10,"4fa7b334-ce0d-4e88-aaae-2e0c138d049e",NA,"2658946319"
32.224922,-110.90996,5,"Fringillidae","Spinus psaltria",2019,3,10,"4fa7b334-ce0d-4e88-aaae-2e0c138d049e",NA,"2662149380"
32.224922,-110.90996,1,"Cardinalidae","Cardinalis cardinalis",2019,3,10,"4fa7b334-ce0d-4e88-aaae-2e0c138d049e",NA,"2672620290"
32.224922,-110.90996,1,"Accipitridae","Accipiter cooperii",2019,3,10,"4fa7b334-ce0d-4e88-aaae-2e0c138d049e",NA,"2667929399"
32.224922,-110.90996,5,"Emberizidae","Zonotrichia leucophrys",2019,3,10,"4fa7b334-ce0d-4e88-aaae-2e0c138d049e",NA,"2671951171"
32.224922,-110.90996,3,"Picidae","Melanerpes uropygialis",2019,3,10,"4fa7b334-ce0d-4e88-aaae-2e0c138d049e",NA,"2659695256"
32.224922,-110.90996,2,"Emberizidae","Melozone aberti",2019,3,10,"4fa7b334-ce0d-4e88-aaae-2e0c138d049e",NA,"2670073118"
32.224922,-110.90996,5,"Columbidae","Zenaida macroura",2019,3,10,"4fa7b334-ce0d-4e88-aaae-2e0c138d049e",NA,"2754050179"
32.224922,-110.90996,10,"Columbidae","Zenaida asiatica",2019,3,10,"4fa7b334-ce0d-4e88-aaae-2e0c138d049e",NA,"2752814261"
32.225254,-110.91169,1,"Remizidae","Auriparus flaviceps",2019,3,10,"4fa7b334-ce0d-4e88-aaae-2e0c138d049e",NA,"2761956690"
32.225254,-110.91169,1,"Trochilidae","Calypte anna",2019,3,10,"4fa7b334-ce0d-4e88-aaae-2e0c138d049e",NA,"2729047519"
32.225254,-110.91169,2,"Mimidae","Mimus polyglottos",2019,3,10,"4fa7b334-ce0d-4e88-aaae-2e0c138d049e",NA,"2748051587"
32.225254,-110.91169,1,"Tyrannidae","Myiarchus cinerascens",2019,3,10,"4fa7b334-ce0d-4e88-aaae-2e0c138d049e",NA,"2736477479"
32.225254,-110.91169,9,"Fringillidae","Spinus psaltria",2019,3,17,"4fa7b334-ce0d-4e88-aaae-2e0c138d049e",NA,"2672172202"
32.225254,-110.91169,5,"Remizidae","Auriparus flaviceps",2019,3,17,"4fa7b334-ce0d-4e88-aaae-2e0c138d049e",NA,"2663113287"
32.225254,-110.91169,3,"Emberizidae","Zonotrichia leucophrys",2019,3,17,"4fa7b334-ce0d-4e88-aaae-2e0c138d049e",NA,"2663014207"
32.225254,-110.91169,2,"Emberizidae","Melozone aberti",2019,3,17,"4fa7b334-ce0d-4e88-aaae-2e0c138d049e",NA,"2663221298"
32.225254,-110.91169,4,"Mimidae","Mimus polyglottos",2019,3,17,"4fa7b334-ce0d-4e88-aaae-2e0c138d049e",NA,"2660880271"
32.225254,-110.91169,1,"Cathartidae","Cathartes aura",2019,3,17,"4fa7b334-ce0d-4e88-aaae-2e0c138d049e",NA,"2662156343"
32.225254,-110.91169,1,"Mimidae","Toxostoma curvirostre",2019,3,17,"4fa7b334-ce0d-4e88-aaae-2e0c138d049e",NA,"2673469290"
32.225254,-110.91169,4,"Picidae","Melanerpes uropygialis",2019,3,17,"4fa7b334-ce0d-4e88-aaae-2e0c138d049e",NA,"2660390273"
32.225254,-110.91169,4,"Passeridae","Passer domesticus",2019,3,17,"4fa7b334-ce0d-4e88-aaae-2e0c138d049e",NA,"2730305225"
32.225254,-110.91169,2,"Trochilidae","Calypte anna",2019,3,17,"4fa7b334-ce0d-4e88-aaae-2e0c138d049e",NA,"2732603261"
32.225254,-110.91169,7,"Fringillidae","Haemorhous mexicanus",2019,3,17,"4fa7b334-ce0d-4e88-aaae-2e0c138d049e",NA,"2732092239"
32.225254,-110.91169,2,"Accipitridae","Accipiter cooperii",2019,3,17,"4fa7b334-ce0d-4e88-aaae-2e0c138d049e",NA,"2738241358"
32.225254,-110.91169,3,"Trochilidae","Cynanthus latirostris",2019,3,17,"4fa7b334-ce0d-4e88-aaae-2e0c138d049e",NA,"2735886353"
32.225254,-110.91169,10,"Fringillidae","Haemorhous mexicanus",2019,3,19,"4fa7b334-ce0d-4e88-aaae-2e0c138d049e",NA,"2765636911"
32.225254,-110.91169,1,"Trochilidae","Calypte anna",2019,3,19,"4fa7b334-ce0d-4e88-aaae-2e0c138d049e",NA,"2740703832"
32.225254,-110.91169,2,"Parulidae","Setophaga coronata",2019,3,19,"4fa7b334-ce0d-4e88-aaae-2e0c138d049e",NA,"2740140949"
32.225254,-110.91169,3,"Columbidae","Zenaida macroura",2019,3,19,"4fa7b334-ce0d-4e88-aaae-2e0c138d049e",NA,"2741177015"
32.225254,-110.91169,1,"Picidae","Melanerpes uropygialis",2019,3,19,"4fa7b334-ce0d-4e88-aaae-2e0c138d049e",NA,"2739360153"
32.225254,-110.91169,3,"Accipitridae","Accipiter cooperii",2019,3,19,"4fa7b334-ce0d-4e88-aaae-2e0c138d049e",NA,"2742798143"
32.225254,-110.91169,4,"Fringillidae","Spinus psaltria",2019,3,19,"4fa7b334-ce0d-4e88-aaae-2e0c138d049e",NA,"2740302888"
32.225254,-110.91169,1,"Sturnidae","Sturnus vulgaris",2019,3,19,"4fa7b334-ce0d-4e88-aaae-2e0c138d049e",NA,"2675606321"
32.225254,-110.91169,5,"Passeridae","Passer domesticus",2019,3,31,"4fa7b334-ce0d-4e88-aaae-2e0c138d049e",NA,"2667416606"
32.225254,-110.91169,5,"Fringillidae","Haemorhous mexicanus",2019,3,31,"4fa7b334-ce0d-4e88-aaae-2e0c138d049e",NA,"2662299452"
32.225254,-110.91169,1,"Accipitridae","Accipiter cooperii",2019,3,31,"4fa7b334-ce0d-4e88-aaae-2e0c138d049e",NA,"2673087287"
32.225254,-110.91169,2,"Cardinalidae","Cardinalis cardinalis",2019,3,31,"4fa7b334-ce0d-4e88-aaae-2e0c138d049e",NA,"2664965184"
32.225254,-110.91169,4,"Remizidae","Auriparus flaviceps",2019,3,31,"4fa7b334-ce0d-4e88-aaae-2e0c138d049e",NA,"2666658169"
32.225254,-110.91169,1,"Cuculidae","Geococcyx californianus",2019,3,31,"4fa7b334-ce0d-4e88-aaae-2e0c138d049e",NA,"2667154187"
32.225254,-110.91169,6,"Fringillidae","Spinus psaltria",2019,3,31,"4fa7b334-ce0d-4e88-aaae-2e0c138d049e",NA,"2664010290"
32.225254,-110.91169,1,"Emberizidae","Melozone aberti",2019,3,31,"4fa7b334-ce0d-4e88-aaae-2e0c138d049e",NA,"2664260230"
32.225254,-110.91169,4,"Mimidae","Mimus polyglottos",2019,3,31,"4fa7b334-ce0d-4e88-aaae-2e0c138d049e",NA,"2675265325"
32.225254,-110.91169,2,"Polioptilidae","Polioptila melanura",2019,3,31,"4fa7b334-ce0d-4e88-aaae-2e0c138d049e",NA,"2664945423"
32.225254,-110.91169,2,"Mimidae","Toxostoma curvirostre",2019,3,31,"4fa7b334-ce0d-4e88-aaae-2e0c138d049e",NA,"2675471481"
32.225254,-110.91169,2,"Picidae","Melanerpes uropygialis",2019,3,25,"4fa7b334-ce0d-4e88-aaae-2e0c138d049e",NA,"2769015894"
32.225254,-110.91169,2,"Mimidae","Toxostoma curvirostre",2019,3,25,"4fa7b334-ce0d-4e88-aaae-2e0c138d049e",NA,"2775959029"
32.225254,-110.91169,1,"Emberizidae","Melozone aberti",2019,3,25,"4fa7b334-ce0d-4e88-aaae-2e0c138d049e",NA,"2775731912"
32.225254,-110.91169,1,"Remizidae","Auriparus flaviceps",2019,3,25,"4fa7b334-ce0d-4e88-aaae-2e0c138d049e",NA,"2665781960"
32.225254,-110.91169,5,"Fringillidae","Spinus psaltria",2019,3,25,"4fa7b334-ce0d-4e88-aaae-2e0c138d049e",NA,"2668075112"
32.225254,-110.91169,1,"Parulidae","Setophaga coronata",2019,3,25,"4fa7b334-ce0d-4e88-aaae-2e0c138d049e",NA,"2666875062"
32.225254,-110.91169,2,"Accipitridae","Accipiter cooperii",2019,3,25,"4fa7b334-ce0d-4e88-aaae-2e0c138d049e",NA,"2666753163"
32.225254,-110.91169,6,"Passeridae","Passer domesticus",2019,3,25,"4fa7b334-ce0d-4e88-aaae-2e0c138d049e",NA,"2664366903"
32.225254,-110.91169,5,"Fringillidae","Haemorhous mexicanus",2019,3,25,"4fa7b334-ce0d-4e88-aaae-2e0c138d049e",NA,"2666822117"
32.225254,-110.91169,1,"Picidae","Dryobates scalaris",2019,3,25,"4fa7b334-ce0d-4e88-aaae-2e0c138d049e",NA,"2663189108"
32.225254,-110.91169,2,"Mimidae","Mimus polyglottos",2019,3,25,"4fa7b334-ce0d-4e88-aaae-2e0c138d049e",NA,"2678668916"
32.225254,-110.91169,2,"Picidae","Melanerpes uropygialis",2019,4,2,"4fa7b334-ce0d-4e88-aaae-2e0c138d049e",NA,"2743500169"
32.225254,-110.91169,1,"Mimidae","Toxostoma curvirostre",2019,4,2,"4fa7b334-ce0d-4e88-aaae-2e0c138d049e",NA,"2741659312"
32.225254,-110.91169,8,"Fringillidae","Spinus psaltria",2019,4,2,"4fa7b334-ce0d-4e88-aaae-2e0c138d049e",NA,"2745187265"
32.225254,-110.91169,3,"Passeridae","Passer domesticus",2019,4,2,"4fa7b334-ce0d-4e88-aaae-2e0c138d049e",NA,"2742403025"
32.225254,-110.91169,10,"Fringillidae","Haemorhous mexicanus",2019,4,2,"4fa7b334-ce0d-4e88-aaae-2e0c138d049e",NA,"2741278101"
32.225254,-110.91169,1,"Accipitridae","Buteo jamaicensis",2019,4,2,"4fa7b334-ce0d-4e88-aaae-2e0c138d049e",NA,"2748720215"
32.225254,-110.91169,3,"Remizidae","Auriparus flaviceps",2019,4,2,"4fa7b334-ce0d-4e88-aaae-2e0c138d049e",NA,"2750751119"
32.225254,-110.91169,1,"Mimidae","Mimus polyglottos",2019,4,2,"4fa7b334-ce0d-4e88-aaae-2e0c138d049e",NA,"2749189171"
32.225254,-110.91169,1,"Trochilidae","Cynanthus latirostris",2019,4,2,"4fa7b334-ce0d-4e88-aaae-2e0c138d049e",NA,"2752726035"
32.225254,-110.91169,5,"Columbidae","Zenaida macroura",2019,4,2,"4fa7b334-ce0d-4e88-aaae-2e0c138d049e",NA,"2750900092"
32.225254,-110.91169,5,"Bombycillidae","Bombycilla cedrorum",2019,4,2,"4fa7b334-ce0d-4e88-aaae-2e0c138d049e",NA,"2748207108"
32.225254,-110.91169,2,"Trochilidae","Calypte anna",2019,4,2,"4fa7b334-ce0d-4e88-aaae-2e0c138d049e",NA,"2747771994"
32.225254,-110.91169,3,"Picidae","Melanerpes uropygialis",2019,4,3,"4fa7b334-ce0d-4e88-aaae-2e0c138d049e",NA,"2681253790"
32.225254,-110.91169,1,"Parulidae","Setophaga coronata",2019,4,3,"4fa7b334-ce0d-4e88-aaae-2e0c138d049e",NA,"2663664750"
32.225254,-110.91169,2,"Remizidae","Auriparus flaviceps",2019,4,3,"4fa7b334-ce0d-4e88-aaae-2e0c138d049e",NA,"2741410902"
32.225254,-110.91169,10,"Columbidae","Zenaida macroura",2019,4,3,"4fa7b334-ce0d-4e88-aaae-2e0c138d049e",NA,"2741857754"
32.225254,-110.91169,1,"Mimidae","Mimus polyglottos",2019,4,3,"4fa7b334-ce0d-4e88-aaae-2e0c138d049e",NA,"2744550871"
32.225254,-110.91169,10,"Columbidae","Zenaida asiatica",2019,4,3,"4fa7b334-ce0d-4e88-aaae-2e0c138d049e",NA,"2742457792"
32.225254,-110.91169,1,"Accipitridae","Accipiter cooperii",2019,4,3,"4fa7b334-ce0d-4e88-aaae-2e0c138d049e",NA,"2746403740"
32.225254,-110.91169,2,"Trochilidae","Calypte anna",2019,4,3,"4fa7b334-ce0d-4e88-aaae-2e0c138d049e",NA,"2754632772"
32.225254,-110.91169,1,"Accipitridae","Accipiter cooperii",2019,4,10,"4fa7b334-ce0d-4e88-aaae-2e0c138d049e",NA,"2748385986"
32.225254,-110.91169,3,"Passeridae","Passer domesticus",2019,4,10,"4fa7b334-ce0d-4e88-aaae-2e0c138d049e",NA,"2744195137"
32.225254,-110.91169,1,"Cardinalidae","Cardinalis cardinalis",2019,4,10,"4fa7b334-ce0d-4e88-aaae-2e0c138d049e",NA,"2741986034"
32.225254,-110.91169,10,"Columbidae","Zenaida asiatica",2019,4,10,"4fa7b334-ce0d-4e88-aaae-2e0c138d049e",NA,"2736919913"
32.225254,-110.91169,1,"Cuculidae","Geococcyx californianus",2019,4,10,"4fa7b334-ce0d-4e88-aaae-2e0c138d049e",NA,"2731820935"
32.225254,-110.91169,8,"Columbidae","Zenaida macroura",2019,4,10,"4fa7b334-ce0d-4e88-aaae-2e0c138d049e",NA,"2761338014"
32.225254,-110.91169,2,"Tyrannidae","Pyrocephalus rubinus",2019,4,10,"4fa7b334-ce0d-4e88-aaae-2e0c138d049e",NA,"2760559120"
32.225254,-110.91169,6,"Fringillidae","Haemorhous mexicanus",2019,4,10,"4fa7b334-ce0d-4e88-aaae-2e0c138d049e",NA,"2739621078"
32.225254,-110.91169,3,"Mimidae","Mimus polyglottos",2019,4,10,"4fa7b334-ce0d-4e88-aaae-2e0c138d049e",NA,"2742448025"
32.225254,-110.91169,2,"Fringillidae","Spinus psaltria",2019,4,10,"4fa7b334-ce0d-4e88-aaae-2e0c138d049e",NA,"2733023102"
32.225254,-110.91169,2,"Picidae","Melanerpes uropygialis",2019,4,10,"4fa7b334-ce0d-4e88-aaae-2e0c138d049e",NA,"2741365200"
32.225254,-110.91169,1,"Remizidae","Auriparus flaviceps",2019,4,11,"4fa7b334-ce0d-4e88-aaae-2e0c138d049e",NA,"2667998792"
32.225254,-110.91169,3,"Passeridae","Passer domesticus",2019,4,11,"4fa7b334-ce0d-4e88-aaae-2e0c138d049e",NA,"2667989711"
32.225254,-110.91169,8,"Columbidae","Zenaida macroura",2019,4,11,"4fa7b334-ce0d-4e88-aaae-2e0c138d049e",NA,"2668011777"
32.225254,-110.91169,5,"Fringillidae","Haemorhous mexicanus",2019,4,11,"4fa7b334-ce0d-4e88-aaae-2e0c138d049e",NA,"2665506760"
32.225254,-110.91169,1,"Icteridae","Quiscalus mexicanus",2019,4,11,"4fa7b334-ce0d-4e88-aaae-2e0c138d049e",NA,"2666719814"
32.225254,-110.91169,1,"Picidae","Melanerpes uropygialis",2019,4,11,"4fa7b334-ce0d-4e88-aaae-2e0c138d049e",NA,"2679155784"
32.225254,-110.91169,5,"Columbidae","Zenaida asiatica",2019,4,11,"4fa7b334-ce0d-4e88-aaae-2e0c138d049e",NA,"2741551689"
32.225254,-110.91169,2,"Fringillidae","Spinus psaltria",2019,4,11,"4fa7b334-ce0d-4e88-aaae-2e0c138d049e",NA,"2731806714"
32.225254,-110.91169,3,"Mimidae","Mimus polyglottos",2019,4,11,"4fa7b334-ce0d-4e88-aaae-2e0c138d049e",NA,"2735178808"
32.225254,-110.91169,3,"Remizidae","Auriparus flaviceps",2019,4,15,"4fa7b334-ce0d-4e88-aaae-2e0c138d049e",NA,"2668218863"
32.225254,-110.91169,2,"Fringillidae","Spinus psaltria",2019,4,15,"4fa7b334-ce0d-4e88-aaae-2e0c138d049e",NA,"2670077842"
32.225254,-110.91169,2,"Cardinalidae","Cardinalis cardinalis",2019,4,15,"4fa7b334-ce0d-4e88-aaae-2e0c138d049e",NA,"2675995749"
32.225254,-110.91169,5,"Fringillidae","Haemorhous mexicanus",2019,4,15,"4fa7b334-ce0d-4e88-aaae-2e0c138d049e",NA,"2689045716"
32.225254,-110.91169,7,"Passeridae","Passer domesticus",2019,4,15,"4fa7b334-ce0d-4e88-aaae-2e0c138d049e",NA,"2684828753"
32.225254,-110.91169,1,"Accipitridae","Accipiter cooperii",2019,4,15,"4fa7b334-ce0d-4e88-aaae-2e0c138d049e",NA,"2668493861"
32.225254,-110.91169,3,"Columbidae","Zenaida asiatica",2019,4,15,"4fa7b334-ce0d-4e88-aaae-2e0c138d049e",NA,"2671186787"
32.225254,-110.91169,1,"Mimidae","Mimus polyglottos",2019,4,15,"4fa7b334-ce0d-4e88-aaae-2e0c138d049e",NA,"2669747796"
32.225254,-110.91169,2,"Trochilidae","Calypte anna",2019,4,15,"4fa7b334-ce0d-4e88-aaae-2e0c138d049e",NA,"2669574837"
32.225254,-110.91169,3,"Picidae","Melanerpes uropygialis",2019,4,15,"4fa7b334-ce0d-4e88-aaae-2e0c138d049e",NA,"2667488684"
32.225254,-110.91169,13,"Columbidae","Zenaida macroura",2019,4,15,"4fa7b334-ce0d-4e88-aaae-2e0c138d049e",NA,"2670079942"
32.225254,-110.91169,1,"Emberizidae","Melozone aberti",2019,4,15,"4fa7b334-ce0d-4e88-aaae-2e0c138d049e",NA,"2665903818"
32.225254,-110.91169,5,"Fringillidae","Haemorhous mexicanus",2019,4,17,"4fa7b334-ce0d-4e88-aaae-2e0c138d049e",NA,"2744742710"
32.225254,-110.91169,1,"Trochilidae","Calypte anna",2019,4,17,"4fa7b334-ce0d-4e88-aaae-2e0c138d049e",NA,"2745821591"
32.225254,-110.91169,6,"Columbidae","Zenaida macroura",2019,4,17,"4fa7b334-ce0d-4e88-aaae-2e0c138d049e",NA,"2745565640"
32.225254,-110.91169,1,"Icteridae","Icterus cucullatus",2019,4,17,"4fa7b334-ce0d-4e88-aaae-2e0c138d049e",NA,"2740157669"
32.225254,-110.91169,5,"Columbidae","Zenaida asiatica",2019,4,17,"4fa7b334-ce0d-4e88-aaae-2e0c138d049e",NA,"2741543687"
32.225254,-110.91169,2,"Mimidae","Mimus polyglottos",2019,4,17,"4fa7b334-ce0d-4e88-aaae-2e0c138d049e",NA,"2741971672"
32.225254,-110.91169,2,"Picidae","Melanerpes uropygialis",2019,4,17,"4fa7b334-ce0d-4e88-aaae-2e0c138d049e",NA,"2741384889"
32.225254,-110.91169,1,"Cardinalidae","Cardinalis cardinalis",2019,4,17,"4fa7b334-ce0d-4e88-aaae-2e0c138d049e",NA,"2736046807"
32.225254,-110.91169,4,"Passeridae","Passer domesticus",2019,4,17,"4fa7b334-ce0d-4e88-aaae-2e0c138d049e",NA,"2735789897"
32.225254,-110.91169,1,"Picidae","Melanerpes uropygialis",2019,4,19,"4fa7b334-ce0d-4e88-aaae-2e0c138d049e",NA,"2743234403"
32.225254,-110.91169,1,"Icteridae","Icterus cucullatus",2019,4,19,"4fa7b334-ce0d-4e88-aaae-2e0c138d049e",NA,"2746397551"
32.225254,-110.91169,4,"Passeridae","Passer domesticus",2019,4,19,"4fa7b334-ce0d-4e88-aaae-2e0c138d049e",NA,"2751666562"
32.225254,-110.91169,1,"Emberizidae","Melozone aberti",2019,4,19,"4fa7b334-ce0d-4e88-aaae-2e0c138d049e",NA,"2768932513"
32.225254,-110.91169,3,"Fringillidae","Spinus psaltria",2019,4,19,"4fa7b334-ce0d-4e88-aaae-2e0c138d049e",NA,"2741294505"
32.225254,-110.91169,10,"Columbidae","Zenaida asiatica",2019,4,19,"4fa7b334-ce0d-4e88-aaae-2e0c138d049e",NA,"2740687512"
32.225254,-110.91169,5,"Fringillidae","Haemorhous mexicanus",2019,4,19,"4fa7b334-ce0d-4e88-aaae-2e0c138d049e",NA,"2741018504"
32.225254,-110.91169,1,"Trochilidae","Cynanthus latirostris",2019,4,19,"4fa7b334-ce0d-4e88-aaae-2e0c138d049e",NA,"2747787610"
32.225254,-110.91169,1,"Mimidae","Mimus polyglottos",2019,4,19,"4fa7b334-ce0d-4e88-aaae-2e0c138d049e",NA,"2754181671"
32.221645,-110.91366,3,"Threskiornithidae","Plegadis chihi",2019,4,20,"4fa7b334-ce0d-4e88-aaae-2e0c138d049e",NA,"2748633717"
32.225254,-110.91169,15,"Columbidae","Zenaida asiatica",2019,4,23,"4fa7b334-ce0d-4e88-aaae-2e0c138d049e",NA,"2668318177"
32.225254,-110.91169,1,"Tyrannidae","Pyrocephalus rubinus",2019,4,23,"4fa7b334-ce0d-4e88-aaae-2e0c138d049e",NA,"2679356174"
32.225254,-110.91169,1,"Tyrannidae","Myiarchus cinerascens",2019,4,23,"4fa7b334-ce0d-4e88-aaae-2e0c138d049e",NA,"2682431398"
32.225254,-110.91169,7,"Fringillidae","Spinus psaltria",2019,4,23,"4fa7b334-ce0d-4e88-aaae-2e0c138d049e",NA,"2670300456"
32.225254,-110.91169,5,"Passeridae","Passer domesticus",2019,4,23,"4fa7b334-ce0d-4e88-aaae-2e0c138d049e",NA,"2669041434"
32.225254,-110.91169,1,"Mimidae","Toxostoma curvirostre",2019,4,23,"4fa7b334-ce0d-4e88-aaae-2e0c138d049e",NA,"2686042555"
32.225254,-110.91169,1,"Columbidae","Streptopelia decaocto",2019,4,23,"4fa7b334-ce0d-4e88-aaae-2e0c138d049e",NA,"2683710508"
32.225254,-110.91169,7,"Columbidae","Zenaida macroura",2019,4,23,"4fa7b334-ce0d-4e88-aaae-2e0c138d049e",NA,"2673132242"
32.225254,-110.91169,8,"Fringillidae","Haemorhous mexicanus",2019,4,23,"4fa7b334-ce0d-4e88-aaae-2e0c138d049e",NA,"2671606235"
32.225254,-110.91169,2,"Cardinalidae","Cardinalis cardinalis",2019,4,23,"4fa7b334-ce0d-4e88-aaae-2e0c138d049e",NA,"2671410271"
32.225254,-110.91169,2,"Remizidae","Auriparus flaviceps",2019,4,23,"4fa7b334-ce0d-4e88-aaae-2e0c138d049e",NA,"2669404142"
32.225254,-110.91169,1,"Trochilidae","Archilochus alexandri",2019,4,23,"4fa7b334-ce0d-4e88-aaae-2e0c138d049e",NA,"2681884955"
32.225254,-110.91169,2,"Trochilidae","Calypte anna",2019,4,23,"4fa7b334-ce0d-4e88-aaae-2e0c138d049e",NA,"2680367065"
32.225254,-110.91169,1,"Emberizidae","Melozone aberti",2019,4,23,"4fa7b334-ce0d-4e88-aaae-2e0c138d049e",NA,"2670047274"
32.225254,-110.91169,3,"Trochilidae","Cynanthus latirostris",2019,4,23,"4fa7b334-ce0d-4e88-aaae-2e0c138d049e",NA,"2667905071"
32.225254,-110.91169,1,"Icteridae","Icterus cucullatus",2019,4,23,"4fa7b334-ce0d-4e88-aaae-2e0c138d049e",NA,"2678614206"
32.225254,-110.91169,3,"Mimidae","Mimus polyglottos",2019,4,23,"4fa7b334-ce0d-4e88-aaae-2e0c138d049e",NA,"2669093202"
32.225254,-110.91169,2,"Accipitridae","Accipiter cooperii",2019,4,23,"4fa7b334-ce0d-4e88-aaae-2e0c138d049e",NA,"2670865143"
32.225254,-110.91169,5,"Passeridae","Passer domesticus",2019,4,24,"4fa7b334-ce0d-4e88-aaae-2e0c138d049e",NA,"2759080352"
32.225254,-110.91169,10,"Fringillidae","Haemorhous mexicanus",2019,4,24,"4fa7b334-ce0d-4e88-aaae-2e0c138d049e",NA,"2769523406"
32.225254,-110.91169,10,"Columbidae","Zenaida asiatica",2019,4,24,"4fa7b334-ce0d-4e88-aaae-2e0c138d049e",NA,"2755773217"
32.225254,-110.91169,1,"Tyrannidae","Contopus sordidulus",2019,4,24,"4fa7b334-ce0d-4e88-aaae-2e0c138d049e",NA,"2764995222"
32.225254,-110.91169,2,"Trochilidae","Cynanthus latirostris",2019,4,24,"4fa7b334-ce0d-4e88-aaae-2e0c138d049e",NA,"2763503185"
32.225254,-110.91169,4,"Fringillidae","Spinus psaltria",2019,4,24,"4fa7b334-ce0d-4e88-aaae-2e0c138d049e",NA,"2761356196"
32.225254,-110.91169,5,"Columbidae","Zenaida macroura",2019,4,24,"4fa7b334-ce0d-4e88-aaae-2e0c138d049e",NA,"2765450174"
32.225254,-110.91169,3,"Picidae","Melanerpes uropygialis",2019,4,24,"4fa7b334-ce0d-4e88-aaae-2e0c138d049e",NA,"2763122225"
32.225254,-110.91169,2,"Accipitridae","Accipiter cooperii",2019,4,24,"4fa7b334-ce0d-4e88-aaae-2e0c138d049e",NA,"2763262058"
32.225254,-110.91169,2,"Mimidae","Mimus polyglottos",2019,4,24,"4fa7b334-ce0d-4e88-aaae-2e0c138d049e",NA,"2772774070"
32.225254,-110.91169,3,"Columbidae","Streptopelia decaocto",2019,4,24,"4fa7b334-ce0d-4e88-aaae-2e0c138d049e",NA,"2771520057"
32.225254,-110.91169,1,"Cuculidae","Geococcyx californianus",2019,4,24,"4fa7b334-ce0d-4e88-aaae-2e0c138d049e",NA,"2772819976"
32.225254,-110.91169,1,"Tyrannidae","Tyrannus verticalis",2019,4,24,"4fa7b334-ce0d-4e88-aaae-2e0c138d049e",NA,"2747057066"
32.225254,-110.91169,1,"Tyrannidae","Pyrocephalus rubinus",2019,5,11,"4fa7b334-ce0d-4e88-aaae-2e0c138d049e",NA,"2762267734"
32.225254,-110.91169,1,"Odontophoridae","Callipepla gambelii",2019,5,11,"4fa7b334-ce0d-4e88-aaae-2e0c138d049e",NA,"2759881692"
32.225254,-110.91169,3,"Passeridae","Passer domesticus",2019,5,11,"4fa7b334-ce0d-4e88-aaae-2e0c138d049e",NA,"2759057630"
32.225254,-110.91169,3,"Picidae","Melanerpes uropygialis",2019,5,11,"4fa7b334-ce0d-4e88-aaae-2e0c138d049e",NA,"2761771682"
32.225254,-110.91169,3,"Remizidae","Auriparus flaviceps",2019,5,11,"4fa7b334-ce0d-4e88-aaae-2e0c138d049e",NA,"2767545654"
32.225254,-110.91169,2,"Cardinalidae","Cardinalis cardinalis",2019,5,11,"4fa7b334-ce0d-4e88-aaae-2e0c138d049e",NA,"2770869590"
32.225254,-110.91169,2,"Mimidae","Mimus polyglottos",2019,5,11,"4fa7b334-ce0d-4e88-aaae-2e0c138d049e",NA,"2769630666"
32.225254,-110.91169,1,"Accipitridae","Accipiter cooperii",2019,5,11,"4fa7b334-ce0d-4e88-aaae-2e0c138d049e",NA,"2782972802"
32.225254,-110.91169,2,"Fringillidae","Spinus psaltria",2019,5,11,"4fa7b334-ce0d-4e88-aaae-2e0c138d049e",NA,"2795399793"
32.225254,-110.91169,1,"Trochilidae","Calypte anna",2019,5,11,"4fa7b334-ce0d-4e88-aaae-2e0c138d049e",NA,"2782088691"
32.225254,-110.91169,19,"Columbidae","Zenaida asiatica",2019,5,11,"4fa7b334-ce0d-4e88-aaae-2e0c138d049e",NA,"2773483571"
32.225254,-110.91169,7,"Fringillidae","Haemorhous mexicanus",2019,5,11,"4fa7b334-ce0d-4e88-aaae-2e0c138d049e",NA,"2774923714"
32.225254,-110.91169,5,"Columbidae","Zenaida macroura",2019,5,11,"4fa7b334-ce0d-4e88-aaae-2e0c138d049e",NA,"2773116789"
32.225254,-110.91169,6,"Parulidae","Leiothlypis luciae",2019,5,11,"4fa7b334-ce0d-4e88-aaae-2e0c138d049e",NA,"2785900492"
32.225254,-110.91169,4,"Emberizidae","Melozone aberti",2019,5,11,"4fa7b334-ce0d-4e88-aaae-2e0c138d049e",NA,"2774520654"
32.225254,-110.91169,1,"Picidae","Dryobates scalaris",2019,5,11,"4fa7b334-ce0d-4e88-aaae-2e0c138d049e",NA,"2676623605"
32.225254,-110.91169,1,"Cuculidae","Geococcyx californianus",2019,5,11,"4fa7b334-ce0d-4e88-aaae-2e0c138d049e",NA,"2679104768"
32.225216,-110.91133,1,"Fringillidae","Spinus psaltria",2018,3,28,"4fa7b334-ce0d-4e88-aaae-2e0c138d049e",NA,"2139959068"
32.225216,-110.91133,1,"Tyrannidae","Pyrocephalus rubinus",2018,3,28,"4fa7b334-ce0d-4e88-aaae-2e0c138d049e",NA,"2139959854"
32.225216,-110.91133,1,"Accipitridae","Accipiter cooperii",2018,3,28,"4fa7b334-ce0d-4e88-aaae-2e0c138d049e",NA,"2143914017"
32.224922,-110.90996,1,"Remizidae","Auriparus flaviceps",2018,4,1,"4fa7b334-ce0d-4e88-aaae-2e0c138d049e",NA,"2144706936"
32.224922,-110.90996,1,"Mimidae","Toxostoma curvirostre",2018,4,1,"4fa7b334-ce0d-4e88-aaae-2e0c138d049e",NA,"2140930249"
32.224922,-110.90996,3,"Trochilidae","Cynanthus latirostris",2018,4,1,"4fa7b334-ce0d-4e88-aaae-2e0c138d049e",NA,"2128320850"
32.224922,-110.90996,2,"Mimidae","Mimus polyglottos",2018,4,1,"4fa7b334-ce0d-4e88-aaae-2e0c138d049e",NA,"2128313221"
32.224922,-110.90996,4,"Fringillidae","Haemorhous mexicanus",2018,4,1,"4fa7b334-ce0d-4e88-aaae-2e0c138d049e",NA,"2140939950"
32.224922,-110.90996,2,"Fringillidae","Spinus psaltria",2018,4,1,"4fa7b334-ce0d-4e88-aaae-2e0c138d049e",NA,"2152672302"
32.224922,-110.90996,1,"Picidae","Melanerpes uropygialis",2018,4,1,"4fa7b334-ce0d-4e88-aaae-2e0c138d049e",NA,"2128306869"
32.224922,-110.90996,1,"Trochilidae","Calypte anna",2018,4,1,"4fa7b334-ce0d-4e88-aaae-2e0c138d049e",NA,"2144699001"
32.225323,-110.90989,4,"Fringillidae","Haemorhous mexicanus",2018,4,1,"4fa7b334-ce0d-4e88-aaae-2e0c138d049e",NA,"2128493675"
32.225323,-110.90989,3,"Columbidae","Zenaida macroura",2018,4,1,"4fa7b334-ce0d-4e88-aaae-2e0c138d049e",NA,"2141100847"
32.22298,-110.91379,1,"Icteridae","Quiscalus mexicanus",2018,10,4,"4fa7b334-ce0d-4e88-aaae-2e0c138d049e",NA,"2192289209"
32.22657,-110.91169,1,"Accipitridae","Accipiter cooperii",2017,7,21,"4fa7b334-ce0d-4e88-aaae-2e0c138d049e",NA,"2081671601"
32.223667,-110.911705,1,"Mimidae","Mimus polyglottos",2017,12,4,"4fa7b334-ce0d-4e88-aaae-2e0c138d049e",NA,"2109515352"
32.223667,-110.911705,1,"Parulidae","Setophaga nigrescens",2017,12,4,"4fa7b334-ce0d-4e88-aaae-2e0c138d049e",NA,"2108918740"
32.223667,-110.911705,1,"Fringillidae","Haemorhous mexicanus",2017,12,4,"4fa7b334-ce0d-4e88-aaae-2e0c138d049e",NA,"2108921779"
32.223531,-110.910716,NA,"Parulidae","Geothlypis trichas",2021,3,28,"50c9509d-22c7-4a22-a47d-8c48425ef4a7","iNaturalist research-grade observations","3070545447"
32.223531,-110.910716,NA,"Cardinalidae","Piranga ludoviciana",2020,4,21,"50c9509d-22c7-4a22-a47d-8c48425ef4a7","iNaturalist research-grade observations","2851144582"
32.223531,-110.910716,NA,"Fringillidae","Spinus psaltria",2020,4,25,"50c9509d-22c7-4a22-a47d-8c48425ef4a7","iNaturalist research-grade observations","2850657160"
32.223531,-110.910716,NA,"Accipitridae","Accipiter cooperii",2020,8,7,"50c9509d-22c7-4a22-a47d-8c48425ef4a7","iNaturalist research-grade observations","2850874964"
32.223531,-110.910716,NA,"Fringillidae","Spinus psaltria",2020,8,9,"50c9509d-22c7-4a22-a47d-8c48425ef4a7","iNaturalist research-grade observations","2851238106"
32.223531,-110.910716,NA,"Icteridae","Icterus cucullatus",2020,8,24,"50c9509d-22c7-4a22-a47d-8c48425ef4a7","iNaturalist research-grade observations","2856860393"
32.223531,-110.910716,NA,"Remizidae","Auriparus flaviceps",2020,8,7,"50c9509d-22c7-4a22-a47d-8c48425ef4a7","iNaturalist research-grade observations","3384102926"
32.223625,-110.910942,NA,"Cuculidae","Geococcyx californianus",2018,3,27,"50c9509d-22c7-4a22-a47d-8c48425ef4a7","iNaturalist research-grade observations","2851142626"
