"decimalLatitude","decimalLongitude","individualCount","family","species","year","month","day","datasetKey","datasetName","gbifID"
32.245945,-110.98407,2,"Columbidae","Streptopelia decaocto",2021,4,8,"4fa7b334-ce0d-4e88-aaae-2e0c138d049e",NA,"3537714795"
32.245945,-110.98407,9,"Passeridae","Passer domesticus",2021,4,8,"4fa7b334-ce0d-4e88-aaae-2e0c138d049e",NA,"3538563171"
32.245945,-110.98407,1,"Columbidae","Zenaida macroura",2021,4,8,"4fa7b334-ce0d-4e88-aaae-2e0c138d049e",NA,"3529571475"
32.245945,-110.98407,1,"Remizidae","Auriparus flaviceps",2021,4,8,"4fa7b334-ce0d-4e88-aaae-2e0c138d049e",NA,"3521082376"
32.245945,-110.98407,5,"Fringillidae","Haemorhous mexicanus",2021,4,8,"4fa7b334-ce0d-4e88-aaae-2e0c138d049e",NA,"3522477975"
32.247541,-110.98126,NA,"Emberizidae","Amphispiza bilineata",2019,7,19,"50c9509d-22c7-4a22-a47d-8c48425ef4a7","iNaturalist research-grade observations","2350376666"
32.250311,-110.991572,NA,"Accipitridae","Buteo jamaicensis",2018,1,17,"50c9509d-22c7-4a22-a47d-8c48425ef4a7","iNaturalist research-grade observations","2465299656"
