"decimalLatitude","decimalLongitude","individualCount","family","species","year","month","day","datasetKey","gbifID"
32.23656,-110.87809,1,"Accipitridae","Buteo jamaicensis",2021,2,23,"4fa7b334-ce0d-4e88-aaae-2e0c138d049e","3509422771"
32.23876,-110.87688,1,"Pandionidae","Pandion haliaetus",2021,3,29,"4fa7b334-ce0d-4e88-aaae-2e0c138d049e","3516360326"
32.239143,-110.883,3,"Columbidae","Zenaida asiatica",2021,5,21,"4fa7b334-ce0d-4e88-aaae-2e0c138d049e","3689948269"
32.239143,-110.883,2,"Parulidae","Leiothlypis luciae",2021,5,21,"4fa7b334-ce0d-4e88-aaae-2e0c138d049e","3691593291"
32.239143,-110.883,2,"Emberizidae","Melozone aberti",2021,5,21,"4fa7b334-ce0d-4e88-aaae-2e0c138d049e","3691000528"
32.239143,-110.883,2,"Columbidae","Zenaida macroura",2021,5,21,"4fa7b334-ce0d-4e88-aaae-2e0c138d049e","3676979994"
32.239143,-110.883,2,"Picidae","Melanerpes uropygialis",2021,5,21,"4fa7b334-ce0d-4e88-aaae-2e0c138d049e","3677701320"
32.239143,-110.883,1,"Mimidae","Mimus polyglottos",2021,5,21,"4fa7b334-ce0d-4e88-aaae-2e0c138d049e","3679017652"
32.239143,-110.883,1,"Cardinalidae","Cardinalis cardinalis",2021,5,21,"4fa7b334-ce0d-4e88-aaae-2e0c138d049e","3684381799"
32.239143,-110.883,2,"Columbidae","Columba livia",2021,5,21,"4fa7b334-ce0d-4e88-aaae-2e0c138d049e","3686416834"
32.239143,-110.883,3,"Trochilidae","Calypte anna",2021,5,21,"4fa7b334-ce0d-4e88-aaae-2e0c138d049e","3688370594"
32.239143,-110.883,1,"Sturnidae","Sturnus vulgaris",2021,5,21,"4fa7b334-ce0d-4e88-aaae-2e0c138d049e","3689870597"
32.239143,-110.883,2,"Remizidae","Auriparus flaviceps",2021,5,21,"4fa7b334-ce0d-4e88-aaae-2e0c138d049e","3686134099"
32.239143,-110.883,4,"Passeridae","Passer domesticus",2021,5,21,"4fa7b334-ce0d-4e88-aaae-2e0c138d049e","3688001986"
32.239143,-110.883,1,"Accipitridae","Accipiter cooperii",2021,5,21,"4fa7b334-ce0d-4e88-aaae-2e0c138d049e","3687600943"
32.239143,-110.883,2,"Tyrannidae","Pyrocephalus rubinus",2021,5,21,"4fa7b334-ce0d-4e88-aaae-2e0c138d049e","3523802929"
32.239143,-110.883,1,"Mimidae","Toxostoma curvirostre",2021,5,21,"4fa7b334-ce0d-4e88-aaae-2e0c138d049e","3524556183"
32.239143,-110.883,2,"Fringillidae","Spinus psaltria",2021,5,21,"4fa7b334-ce0d-4e88-aaae-2e0c138d049e","3524829617"
32.239143,-110.883,6,"Fringillidae","Haemorhous mexicanus",2021,5,21,"4fa7b334-ce0d-4e88-aaae-2e0c138d049e","3534446914"
32.239143,-110.883,1,"Tyrannidae","Myiarchus tyrannulus",2021,5,21,"4fa7b334-ce0d-4e88-aaae-2e0c138d049e","3530087882"
32.239143,-110.883,1,"Troglodytidae","Campylorhynchus brunneicapillus",2021,5,23,"4fa7b334-ce0d-4e88-aaae-2e0c138d049e","3523792045"
32.239143,-110.883,2,"Columbidae","Zenaida macroura",2021,5,23,"4fa7b334-ce0d-4e88-aaae-2e0c138d049e","3522760158"
32.239143,-110.883,2,"Picidae","Melanerpes uropygialis",2021,5,23,"4fa7b334-ce0d-4e88-aaae-2e0c138d049e","3522674324"
32.239143,-110.883,2,"Passeridae","Passer domesticus",2021,5,23,"4fa7b334-ce0d-4e88-aaae-2e0c138d049e","3557210694"
32.239143,-110.883,2,"Trochilidae","Calypte anna",2021,5,23,"4fa7b334-ce0d-4e88-aaae-2e0c138d049e","3547334782"
32.239143,-110.883,1,"Emberizidae","Melozone aberti",2021,5,23,"4fa7b334-ce0d-4e88-aaae-2e0c138d049e","3545751773"
32.239143,-110.883,3,"Columbidae","Zenaida asiatica",2021,5,23,"4fa7b334-ce0d-4e88-aaae-2e0c138d049e","3526598712"
32.239143,-110.883,4,"Fringillidae","Haemorhous mexicanus",2021,5,23,"4fa7b334-ce0d-4e88-aaae-2e0c138d049e","3525042177"
32.239143,-110.883,3,"Remizidae","Auriparus flaviceps",2021,5,23,"4fa7b334-ce0d-4e88-aaae-2e0c138d049e","3524763133"
32.239143,-110.883,2,"Fringillidae","Spinus psaltria",2021,5,23,"4fa7b334-ce0d-4e88-aaae-2e0c138d049e","3526243199"
32.239143,-110.883,1,"Cardinalidae","Cardinalis cardinalis",2021,5,23,"4fa7b334-ce0d-4e88-aaae-2e0c138d049e","3520453132"
32.239143,-110.883,1,"Tyrannidae","Myiarchus tyrannulus",2021,5,23,"4fa7b334-ce0d-4e88-aaae-2e0c138d049e","3527077057"
32.239143,-110.883,2,"Parulidae","Leiothlypis luciae",2021,5,23,"4fa7b334-ce0d-4e88-aaae-2e0c138d049e","3524101915"
32.239143,-110.883,1,"Tyrannidae","Pyrocephalus rubinus",2021,5,23,"4fa7b334-ce0d-4e88-aaae-2e0c138d049e","3562351736"
32.239143,-110.883,2,"Emberizidae","Melozone aberti",2021,5,26,"4fa7b334-ce0d-4e88-aaae-2e0c138d049e","3621386834"
32.239143,-110.883,2,"Columbidae","Zenaida macroura",2021,5,26,"4fa7b334-ce0d-4e88-aaae-2e0c138d049e","3629457511"
32.239143,-110.883,3,"Remizidae","Auriparus flaviceps",2021,5,26,"4fa7b334-ce0d-4e88-aaae-2e0c138d049e","3641490986"
32.239143,-110.883,1,"Mimidae","Mimus polyglottos",2021,5,26,"4fa7b334-ce0d-4e88-aaae-2e0c138d049e","3633063681"
32.239143,-110.883,2,"Picidae","Melanerpes uropygialis",2021,5,26,"4fa7b334-ce0d-4e88-aaae-2e0c138d049e","3611760947"
32.239143,-110.883,1,"Mimidae","Toxostoma curvirostre",2021,5,26,"4fa7b334-ce0d-4e88-aaae-2e0c138d049e","3607139969"
32.239143,-110.883,1,"Tyrannidae","Myiarchus tyrannulus",2021,5,26,"4fa7b334-ce0d-4e88-aaae-2e0c138d049e","3611136781"
32.239143,-110.883,4,"Columbidae","Zenaida asiatica",2021,5,26,"4fa7b334-ce0d-4e88-aaae-2e0c138d049e","3614302022"
32.239143,-110.883,4,"Fringillidae","Haemorhous mexicanus",2021,5,26,"4fa7b334-ce0d-4e88-aaae-2e0c138d049e","3621032955"
32.239143,-110.883,2,"Parulidae","Leiothlypis luciae",2021,5,26,"4fa7b334-ce0d-4e88-aaae-2e0c138d049e","3620126728"
32.239143,-110.883,2,"Fringillidae","Spinus psaltria",2021,5,26,"4fa7b334-ce0d-4e88-aaae-2e0c138d049e","3621821195"
32.239143,-110.883,3,"Caprimulgidae","Chordeiles acutipennis",2021,5,26,"4fa7b334-ce0d-4e88-aaae-2e0c138d049e","3632724216"
32.239143,-110.883,1,"Accipitridae","Accipiter cooperii",2021,5,26,"4fa7b334-ce0d-4e88-aaae-2e0c138d049e","3628759938"
32.239143,-110.883,3,"Trochilidae","Calypte anna",2021,5,26,"4fa7b334-ce0d-4e88-aaae-2e0c138d049e","3636517677"
32.239143,-110.883,2,"Passeridae","Passer domesticus",2021,5,26,"4fa7b334-ce0d-4e88-aaae-2e0c138d049e","3618537908"
32.236767,-110.88237,1,"Falconidae","Falco sparverius",2021,10,3,"4fa7b334-ce0d-4e88-aaae-2e0c138d049e","3623323060"
32.236767,-110.88237,3,"Columbidae","Columba livia",2021,10,3,"4fa7b334-ce0d-4e88-aaae-2e0c138d049e","3623585740"
32.236267,-110.87786,1,"Falconidae","Falco sparverius",2020,2,12,"4fa7b334-ce0d-4e88-aaae-2e0c138d049e","3148709678"
32.240383,-110.8827,4,"Columbidae","Zenaida macroura",2019,3,25,"4fa7b334-ce0d-4e88-aaae-2e0c138d049e","2677347122"
32.240383,-110.8827,1,"Picidae","Melanerpes uropygialis",2019,3,25,"4fa7b334-ce0d-4e88-aaae-2e0c138d049e","2678485202"
32.240383,-110.8827,2,"Mimidae","Mimus polyglottos",2019,3,25,"4fa7b334-ce0d-4e88-aaae-2e0c138d049e","2673491191"
32.240383,-110.8827,4,"Fringillidae","Spinus psaltria",2019,3,25,"4fa7b334-ce0d-4e88-aaae-2e0c138d049e","2664401272"
32.240383,-110.8827,8,"Fringillidae","Haemorhous mexicanus",2019,3,25,"4fa7b334-ce0d-4e88-aaae-2e0c138d049e","2664586346"
32.240383,-110.8827,1,"Remizidae","Auriparus flaviceps",2019,3,25,"4fa7b334-ce0d-4e88-aaae-2e0c138d049e","2664794567"
32.240383,-110.8827,3,"Passeridae","Passer domesticus",2019,3,25,"4fa7b334-ce0d-4e88-aaae-2e0c138d049e","2662264299"
32.240383,-110.8827,2,"Parulidae","Leiothlypis luciae",2019,3,25,"4fa7b334-ce0d-4e88-aaae-2e0c138d049e","2671462098"
32.240383,-110.8827,1,"Tyrannidae","Pyrocephalus rubinus",2019,3,25,"4fa7b334-ce0d-4e88-aaae-2e0c138d049e","2666031984"
32.240383,-110.8827,2,"Vireonidae","Vireo plumbeus",2019,3,25,"4fa7b334-ce0d-4e88-aaae-2e0c138d049e","2661029133"
32.240383,-110.8827,5,"Columbidae","Columba livia",2019,3,25,"4fa7b334-ce0d-4e88-aaae-2e0c138d049e","2671861973"
32.240383,-110.8827,1,"Mimidae","Toxostoma curvirostre",2019,3,25,"4fa7b334-ce0d-4e88-aaae-2e0c138d049e","2662660127"
32.240383,-110.8827,1,"Parulidae","Setophaga coronata",2019,3,25,"4fa7b334-ce0d-4e88-aaae-2e0c138d049e","2673112242"
32.240383,-110.8827,1,"Columbidae","Zenaida asiatica",2019,3,25,"4fa7b334-ce0d-4e88-aaae-2e0c138d049e","2663891167"
32.23624,-110.87937,3,"Columbidae","Columba livia",2019,7,21,"4fa7b334-ce0d-4e88-aaae-2e0c138d049e","2770154841"
32.24115,-110.881035,10,"Columbidae","Zenaida macroura",2019,12,29,"4fa7b334-ce0d-4e88-aaae-2e0c138d049e","2796586503"
32.24115,-110.881035,6,"Passeridae","Passer domesticus",2019,12,29,"4fa7b334-ce0d-4e88-aaae-2e0c138d049e","2795952574"
32.24115,-110.881035,1,"Columbidae","Streptopelia decaocto",2019,12,29,"4fa7b334-ce0d-4e88-aaae-2e0c138d049e","2795090472"
32.24115,-110.881035,1,"Remizidae","Auriparus flaviceps",2019,12,29,"4fa7b334-ce0d-4e88-aaae-2e0c138d049e","2796983475"
32.24115,-110.881035,1,"Tyrannidae","Pyrocephalus rubinus",2019,12,29,"4fa7b334-ce0d-4e88-aaae-2e0c138d049e","2798477308"
32.24115,-110.881035,1,"Trochilidae","Calypte anna",2019,12,29,"4fa7b334-ce0d-4e88-aaae-2e0c138d049e","2800797393"
32.24115,-110.881035,7,"Fringillidae","Haemorhous mexicanus",2019,12,29,"4fa7b334-ce0d-4e88-aaae-2e0c138d049e","2800721397"
32.24115,-110.881035,1,"Picidae","Dryobates scalaris",2019,12,29,"4fa7b334-ce0d-4e88-aaae-2e0c138d049e","2799095468"
32.24115,-110.881035,10,"Columbidae","Zenaida macroura",2019,12,29,"4fa7b334-ce0d-4e88-aaae-2e0c138d049e","2784852681"
32.24115,-110.881035,6,"Passeridae","Passer domesticus",2019,12,29,"4fa7b334-ce0d-4e88-aaae-2e0c138d049e","2797756491"
32.24115,-110.881035,1,"Columbidae","Streptopelia decaocto",2019,12,29,"4fa7b334-ce0d-4e88-aaae-2e0c138d049e","2783924706"
32.24115,-110.881035,1,"Remizidae","Auriparus flaviceps",2019,12,29,"4fa7b334-ce0d-4e88-aaae-2e0c138d049e","2789123688"
32.24115,-110.881035,1,"Tyrannidae","Pyrocephalus rubinus",2019,12,29,"4fa7b334-ce0d-4e88-aaae-2e0c138d049e","2769700544"
32.24115,-110.881035,1,"Trochilidae","Calypte anna",2019,12,29,"4fa7b334-ce0d-4e88-aaae-2e0c138d049e","2787436781"
32.24115,-110.881035,7,"Fringillidae","Haemorhous mexicanus",2019,12,29,"4fa7b334-ce0d-4e88-aaae-2e0c138d049e","2792875458"
32.24115,-110.881035,1,"Picidae","Dryobates scalaris",2019,12,29,"4fa7b334-ce0d-4e88-aaae-2e0c138d049e","2783861554"
32.24115,-110.881035,10,"Columbidae","Zenaida macroura",2019,12,29,"4fa7b334-ce0d-4e88-aaae-2e0c138d049e","2790517015"
32.24115,-110.881035,6,"Passeridae","Passer domesticus",2019,12,29,"4fa7b334-ce0d-4e88-aaae-2e0c138d049e","2792611603"
32.24115,-110.881035,1,"Columbidae","Streptopelia decaocto",2019,12,29,"4fa7b334-ce0d-4e88-aaae-2e0c138d049e","2794160718"
32.24115,-110.881035,1,"Remizidae","Auriparus flaviceps",2019,12,29,"4fa7b334-ce0d-4e88-aaae-2e0c138d049e","2792128401"
32.24115,-110.881035,1,"Tyrannidae","Pyrocephalus rubinus",2019,12,29,"4fa7b334-ce0d-4e88-aaae-2e0c138d049e","2790039457"
32.24115,-110.881035,1,"Trochilidae","Calypte anna",2019,12,29,"4fa7b334-ce0d-4e88-aaae-2e0c138d049e","2790956704"
32.24115,-110.881035,7,"Fringillidae","Haemorhous mexicanus",2019,12,29,"4fa7b334-ce0d-4e88-aaae-2e0c138d049e","2790188507"
32.24115,-110.881035,1,"Picidae","Dryobates scalaris",2019,12,29,"4fa7b334-ce0d-4e88-aaae-2e0c138d049e","2793412752"
32.238792,-110.87689,2,"Accipitridae","Parabuteo unicinctus",2018,10,29,"4fa7b334-ce0d-4e88-aaae-2e0c138d049e","2223573883"
