"decimalLatitude","decimalLongitude","individualCount","family","species","year","month","day","datasetKey","datasetName","gbifID","lifeStage"
32.20709,-110.9571,1,"Parulidae","Leiothlypis celata",2021,1,12,"4fa7b334-ce0d-4e88-aaae-2e0c138d049e",NA,"3667562960",NA
32.206936,-110.94782,190,"Columbidae","Columba livia",2021,1,23,"4fa7b334-ce0d-4e88-aaae-2e0c138d049e",NA,"3505027949",NA
32.214584,-110.95925,1,"Caprimulgidae","Chordeiles acutipennis",2021,4,6,"4fa7b334-ce0d-4e88-aaae-2e0c138d049e",NA,"3634306175",NA
32.21209,-110.95509,1,"Icteridae","Icterus cucullatus",2021,5,15,"4fa7b334-ce0d-4e88-aaae-2e0c138d049e",NA,"3591585045",NA
32.21209,-110.95509,10,"Columbidae","Zenaida macroura",2021,5,15,"4fa7b334-ce0d-4e88-aaae-2e0c138d049e",NA,"3597368531",NA
32.21209,-110.95509,13,"Passeridae","Passer domesticus",2021,5,15,"4fa7b334-ce0d-4e88-aaae-2e0c138d049e",NA,"3517712317",NA
32.21209,-110.95509,9,"Columbidae","Columba livia",2021,5,15,"4fa7b334-ce0d-4e88-aaae-2e0c138d049e",NA,"3531080822",NA
32.21209,-110.95509,1,"Columbidae","Zenaida asiatica",2021,5,15,"4fa7b334-ce0d-4e88-aaae-2e0c138d049e",NA,"3525748962",NA
32.21209,-110.95509,1,"Icteridae","Icterus cucullatus",2021,5,15,"4fa7b334-ce0d-4e88-aaae-2e0c138d049e",NA,"3608081820",NA
32.21209,-110.95509,10,"Columbidae","Zenaida macroura",2021,5,15,"4fa7b334-ce0d-4e88-aaae-2e0c138d049e",NA,"3615855890",NA
32.21209,-110.95509,13,"Passeridae","Passer domesticus",2021,5,15,"4fa7b334-ce0d-4e88-aaae-2e0c138d049e",NA,"3611443395",NA
32.21209,-110.95509,9,"Columbidae","Columba livia",2021,5,15,"4fa7b334-ce0d-4e88-aaae-2e0c138d049e",NA,"3616608678",NA
32.21209,-110.95509,1,"Columbidae","Zenaida asiatica",2021,5,15,"4fa7b334-ce0d-4e88-aaae-2e0c138d049e",NA,"3617743898",NA
32.21209,-110.95509,1,"Mimidae","Toxostoma curvirostre",2021,5,15,"4fa7b334-ce0d-4e88-aaae-2e0c138d049e",NA,"3625862084",NA
32.21209,-110.95509,1,"Picidae","Melanerpes uropygialis",2021,5,15,"4fa7b334-ce0d-4e88-aaae-2e0c138d049e",NA,"3611100256",NA
32.21209,-110.95509,1,"Fringillidae","Haemorhous mexicanus",2021,5,15,"4fa7b334-ce0d-4e88-aaae-2e0c138d049e",NA,"3610715450",NA
32.21209,-110.95509,1,"Mimidae","Toxostoma curvirostre",2021,5,15,"4fa7b334-ce0d-4e88-aaae-2e0c138d049e",NA,"3601218299",NA
32.21209,-110.95509,1,"Picidae","Melanerpes uropygialis",2021,5,15,"4fa7b334-ce0d-4e88-aaae-2e0c138d049e",NA,"3608272686",NA
32.21209,-110.95509,1,"Fringillidae","Haemorhous mexicanus",2021,5,15,"4fa7b334-ce0d-4e88-aaae-2e0c138d049e",NA,"3599113260",NA
32.20918,-110.95607,1,"Tyrannidae","Tyrannus verticalis",2021,6,4,"4fa7b334-ce0d-4e88-aaae-2e0c138d049e",NA,"3558640111",NA
32.20688,-110.957954,1,"Icteridae","Quiscalus mexicanus",2021,8,14,"4fa7b334-ce0d-4e88-aaae-2e0c138d049e",NA,"3575514310",NA
32.20688,-110.957954,1,"Icteridae","Quiscalus mexicanus",2021,8,14,"4fa7b334-ce0d-4e88-aaae-2e0c138d049e",NA,"3679400105",NA
32.20688,-110.957954,1,"Icteridae","Quiscalus mexicanus",2021,8,14,"4fa7b334-ce0d-4e88-aaae-2e0c138d049e",NA,"3627709018",NA
32.206974,-110.94977,126,"Columbidae","Columba livia",2021,11,2,"4fa7b334-ce0d-4e88-aaae-2e0c138d049e",NA,"3560014835",NA
32.206974,-110.94977,126,"Columbidae","Columba livia",2021,11,10,"4fa7b334-ce0d-4e88-aaae-2e0c138d049e",NA,"3539873668",NA
32.21209,-110.95509,1,"Columbidae","Streptopelia decaocto",2020,5,12,"4fa7b334-ce0d-4e88-aaae-2e0c138d049e",NA,"3171021034",NA
32.21209,-110.95509,7,"Columbidae","Zenaida macroura",2020,5,12,"4fa7b334-ce0d-4e88-aaae-2e0c138d049e",NA,"3157566177",NA
32.21209,-110.95509,10,"Passeridae","Passer domesticus",2020,5,12,"4fa7b334-ce0d-4e88-aaae-2e0c138d049e",NA,"3165881000",NA
32.21209,-110.95509,8,"Columbidae","Columba livia",2020,5,12,"4fa7b334-ce0d-4e88-aaae-2e0c138d049e",NA,"3153946167",NA
32.21209,-110.95509,9,"Fringillidae","Haemorhous mexicanus",2020,5,12,"4fa7b334-ce0d-4e88-aaae-2e0c138d049e",NA,"3176705170",NA
32.21209,-110.95509,2,"Columbidae","Zenaida asiatica",2020,5,12,"4fa7b334-ce0d-4e88-aaae-2e0c138d049e",NA,"3169056082",NA
32.21209,-110.95509,2,"Tyrannidae","Pyrocephalus rubinus",2020,5,12,"4fa7b334-ce0d-4e88-aaae-2e0c138d049e",NA,"3156473036",NA
32.21209,-110.95509,1,"Columbidae","Streptopelia decaocto",2020,5,12,"4fa7b334-ce0d-4e88-aaae-2e0c138d049e",NA,"3180464926",NA
32.21209,-110.95509,7,"Columbidae","Zenaida macroura",2020,5,12,"4fa7b334-ce0d-4e88-aaae-2e0c138d049e",NA,"3171419996",NA
32.21209,-110.95509,10,"Passeridae","Passer domesticus",2020,5,12,"4fa7b334-ce0d-4e88-aaae-2e0c138d049e",NA,"3168660040",NA
32.21209,-110.95509,8,"Columbidae","Columba livia",2020,5,12,"4fa7b334-ce0d-4e88-aaae-2e0c138d049e",NA,"3180762079",NA
32.21209,-110.95509,9,"Fringillidae","Haemorhous mexicanus",2020,5,12,"4fa7b334-ce0d-4e88-aaae-2e0c138d049e",NA,"3184782015",NA
32.21209,-110.95509,2,"Columbidae","Zenaida asiatica",2020,5,12,"4fa7b334-ce0d-4e88-aaae-2e0c138d049e",NA,"3164051120",NA
32.21209,-110.95509,2,"Tyrannidae","Pyrocephalus rubinus",2020,5,12,"4fa7b334-ce0d-4e88-aaae-2e0c138d049e",NA,"3167913043",NA
32.206936,-110.94922,7,"Columbidae","Columba livia",2020,9,23,"4fa7b334-ce0d-4e88-aaae-2e0c138d049e",NA,"3200433877",NA
32.206936,-110.94922,1,"Ardeidae","Ardea herodias",2020,9,23,"4fa7b334-ce0d-4e88-aaae-2e0c138d049e",NA,"3205702791",NA
32.206936,-110.94922,7,"Columbidae","Columba livia",2020,9,23,"4fa7b334-ce0d-4e88-aaae-2e0c138d049e",NA,"3199921837",NA
32.206936,-110.94922,1,"Ardeidae","Ardea herodias",2020,9,23,"4fa7b334-ce0d-4e88-aaae-2e0c138d049e",NA,"3188777639",NA
32.206802,-110.95746,1,"Columbidae","Zenaida macroura",2019,12,30,"4fa7b334-ce0d-4e88-aaae-2e0c138d049e",NA,"2785505439",NA
32.206802,-110.95746,40,"Icteridae","Quiscalus mexicanus",2019,12,30,"4fa7b334-ce0d-4e88-aaae-2e0c138d049e",NA,"2790356002",NA
32.206802,-110.95746,60,"Columbidae","Columba livia",2019,12,30,"4fa7b334-ce0d-4e88-aaae-2e0c138d049e",NA,"2790038413",NA
32.206802,-110.95746,1,"Accipitridae","Accipiter cooperii",2019,12,30,"4fa7b334-ce0d-4e88-aaae-2e0c138d049e",NA,"2792015075",NA
32.212527,-110.960631,NA,"Troglodytidae","Campylorhynchus brunneicapillus",2020,2,22,"50c9509d-22c7-4a22-a47d-8c48425ef4a7","iNaturalist research-grade observations","2579248557",NA
