"decimalLatitude","decimalLongitude","individualCount","family","species","year","month","day","datasetKey","datasetName","gbifID"
32.11318,-110.85601,1,"Ardeidae","Ardea alba",2021,4,10,"4fa7b334-ce0d-4e88-aaae-2e0c138d049e",NA,"3538254288"
32.105713,-110.851395,9,"Columbidae","Columba livia",2021,6,8,"4fa7b334-ce0d-4e88-aaae-2e0c138d049e",NA,"3535038655"
32.105713,-110.851395,3,"Fringillidae","Haemorhous mexicanus",2021,6,8,"4fa7b334-ce0d-4e88-aaae-2e0c138d049e",NA,"3536924059"
32.105713,-110.851395,5,"Passeridae","Passer domesticus",2021,6,8,"4fa7b334-ce0d-4e88-aaae-2e0c138d049e",NA,"3536977633"
32.105713,-110.851395,2,"Picidae","Dryobates scalaris",2021,6,8,"4fa7b334-ce0d-4e88-aaae-2e0c138d049e",NA,"3535480174"
32.105713,-110.851395,2,"Columbidae","Zenaida macroura",2021,6,8,"4fa7b334-ce0d-4e88-aaae-2e0c138d049e",NA,"3552688086"
32.105713,-110.851395,2,"Mimidae","Toxostoma curvirostre",2021,6,8,"4fa7b334-ce0d-4e88-aaae-2e0c138d049e",NA,"3530198497"
32.105713,-110.851395,1,"Icteridae","Icterus cucullatus",2021,6,8,"4fa7b334-ce0d-4e88-aaae-2e0c138d049e",NA,"3527567794"
32.105713,-110.851395,2,"Trochilidae","Calypte anna",2021,6,8,"4fa7b334-ce0d-4e88-aaae-2e0c138d049e",NA,"3523913543"
32.109505,-110.85035,1,"Accipitridae","Buteo jamaicensis",2021,10,18,"4fa7b334-ce0d-4e88-aaae-2e0c138d049e",NA,"3605131753"
32.112408,-110.85559,1,"Accipitridae","Accipiter cooperii",2021,12,1,"4fa7b334-ce0d-4e88-aaae-2e0c138d049e",NA,"3577768241"
32.112408,-110.85559,24,"Columbidae","Columba livia",2021,12,1,"4fa7b334-ce0d-4e88-aaae-2e0c138d049e",NA,"3581500916"
32.112408,-110.85559,1,"Accipitridae","Accipiter cooperii",2021,12,1,"4fa7b334-ce0d-4e88-aaae-2e0c138d049e",NA,"3688993959"
32.112408,-110.85559,24,"Columbidae","Columba livia",2021,12,1,"4fa7b334-ce0d-4e88-aaae-2e0c138d049e",NA,"3685601067"
32.10612,-110.84485,NA,"Accipitridae","Buteo jamaicensis",2020,7,3,"4fa7b334-ce0d-4e88-aaae-2e0c138d049e",NA,"3166294217"
32.10612,-110.84485,NA,"Icteridae","Quiscalus mexicanus",2020,7,3,"4fa7b334-ce0d-4e88-aaae-2e0c138d049e",NA,"3176100356"
32.10612,-110.84485,NA,"Corvidae","Corvus corax",2020,7,3,"4fa7b334-ce0d-4e88-aaae-2e0c138d049e",NA,"3192175128"
32.10612,-110.84485,NA,"Cathartidae","Cathartes aura",2020,7,3,"4fa7b334-ce0d-4e88-aaae-2e0c138d049e",NA,"3188998323"
32.109104,-110.849495,11,"Columbidae","Zenaida macroura",2020,8,30,"4fa7b334-ce0d-4e88-aaae-2e0c138d049e",NA,"3273488150"
32.109104,-110.849495,3,"Columbidae","Columba livia",2020,8,30,"4fa7b334-ce0d-4e88-aaae-2e0c138d049e",NA,"3277328129"
32.108765,-110.8544,1,"Cuculidae","Geococcyx californianus",2020,9,9,"4fa7b334-ce0d-4e88-aaae-2e0c138d049e",NA,"3181377807"
32.108765,-110.8544,1,"Cardinalidae","Cardinalis cardinalis",2020,9,9,"4fa7b334-ce0d-4e88-aaae-2e0c138d049e",NA,"3195117836"
32.108765,-110.8544,1,"Fringillidae","Spinus psaltria",2020,9,9,"4fa7b334-ce0d-4e88-aaae-2e0c138d049e",NA,"3194597686"
32.108765,-110.8544,1,"Mimidae","Toxostoma curvirostre",2020,9,9,"4fa7b334-ce0d-4e88-aaae-2e0c138d049e",NA,"3189430704"
32.108765,-110.8544,3,"Emberizidae","Peucaea carpalis",2020,9,9,"4fa7b334-ce0d-4e88-aaae-2e0c138d049e",NA,"3184725776"
32.108765,-110.8544,1,"Trochilidae","Calypte anna",2020,9,9,"4fa7b334-ce0d-4e88-aaae-2e0c138d049e",NA,"3182706810"
32.108765,-110.8544,5,"Troglodytidae","Campylorhynchus brunneicapillus",2020,9,9,"4fa7b334-ce0d-4e88-aaae-2e0c138d049e",NA,"3176539717"
32.108765,-110.8544,1,"Columbidae","Zenaida macroura",2020,9,9,"4fa7b334-ce0d-4e88-aaae-2e0c138d049e",NA,"3179504566"
32.112244,-110.85416,1,"Pandionidae","Pandion haliaetus",2020,10,9,"4fa7b334-ce0d-4e88-aaae-2e0c138d049e",NA,"3190054933"
32.113987,-110.85789,2,"Accipitridae","Buteo jamaicensis",2020,11,14,"4fa7b334-ce0d-4e88-aaae-2e0c138d049e",NA,"3193599819"
32.11105,-110.852234,1,"Falconidae","Falco sparverius",2019,2,23,"4fa7b334-ce0d-4e88-aaae-2e0c138d049e",NA,"2738609034"
32.11105,-110.852234,1,"Columbidae","Columba livia",2019,2,23,"4fa7b334-ce0d-4e88-aaae-2e0c138d049e",NA,"2746577192"
32.11105,-110.852234,1,"Corvidae","Corvus corax",2019,2,23,"4fa7b334-ce0d-4e88-aaae-2e0c138d049e",NA,"2728971014"
32.11279,-110.855484,1,"Sturnidae","Sturnus vulgaris",2019,8,3,"4fa7b334-ce0d-4e88-aaae-2e0c138d049e",NA,"2774590606"
32.11279,-110.855484,1,"Columbidae","Columba livia",2019,8,3,"4fa7b334-ce0d-4e88-aaae-2e0c138d049e",NA,"2776319709"
32.11279,-110.855484,1,"Cuculidae","Geococcyx californianus",2019,8,3,"4fa7b334-ce0d-4e88-aaae-2e0c138d049e",NA,"2796218535"
32.1056,-110.84593,2,"Columbidae","Columba livia",2017,4,20,"4fa7b334-ce0d-4e88-aaae-2e0c138d049e",NA,"2056359847"
32.113987,-110.85789,1,"Accipitridae","Buteo jamaicensis",2017,10,26,"4fa7b334-ce0d-4e88-aaae-2e0c138d049e",NA,"2108193573"
32.108645,-110.85688,NA,"Fringillidae","Haemorhous mexicanus",2021,5,1,"50c9509d-22c7-4a22-a47d-8c48425ef4a7","iNaturalist research-grade observations","3112754205"
32.109481,-110.855561,NA,"Fringillidae","Spinus psaltria",2021,5,1,"50c9509d-22c7-4a22-a47d-8c48425ef4a7","iNaturalist research-grade observations","3112786556"
32.111047,-110.856903,NA,"Trochilidae","Calypte anna",2021,5,1,"50c9509d-22c7-4a22-a47d-8c48425ef4a7","iNaturalist research-grade observations","3112934540"
32.10828,-110.854396,NA,"Passeridae","Passer domesticus",2021,5,6,"50c9509d-22c7-4a22-a47d-8c48425ef4a7","iNaturalist research-grade observations","3113512711"
32.10868,-110.853885,NA,"Tyrannidae","Sayornis saya",2021,5,6,"50c9509d-22c7-4a22-a47d-8c48425ef4a7","iNaturalist research-grade observations","3113475689"
32.108616,-110.854201,NA,"Tyrannidae","Pyrocephalus rubinus",2021,5,6,"50c9509d-22c7-4a22-a47d-8c48425ef4a7","iNaturalist research-grade observations","3113255663"
32.10901,-110.853868,NA,"Fringillidae","Haemorhous mexicanus",2021,5,6,"50c9509d-22c7-4a22-a47d-8c48425ef4a7","iNaturalist research-grade observations","3113429652"
32.108168,-110.854784,NA,"Icteridae","Icterus cucullatus",2021,5,6,"50c9509d-22c7-4a22-a47d-8c48425ef4a7","iNaturalist research-grade observations","3113321659"
32.108778,-110.854141,NA,"Accipitridae","Accipiter cooperii",2021,5,6,"50c9509d-22c7-4a22-a47d-8c48425ef4a7","iNaturalist research-grade observations","3113573705"
32.1081,-110.854843,NA,"Trochilidae","Cynanthus latirostris",2021,5,6,"50c9509d-22c7-4a22-a47d-8c48425ef4a7","iNaturalist research-grade observations","3113315693"
32.108359,-110.854064,NA,"Trochilidae","Calypte anna",2021,5,6,"50c9509d-22c7-4a22-a47d-8c48425ef4a7","iNaturalist research-grade observations","3113511675"
32.108753,-110.854818,NA,"Remizidae","Auriparus flaviceps",2021,5,6,"50c9509d-22c7-4a22-a47d-8c48425ef4a7","iNaturalist research-grade observations","3113456885"
32.108148,-110.854781,NA,"Tyrannidae","Contopus sordidulus",2021,5,7,"50c9509d-22c7-4a22-a47d-8c48425ef4a7","iNaturalist research-grade observations","3113327882"
32.108136,-110.854076,NA,"Trochilidae","Calypte anna",2021,5,7,"50c9509d-22c7-4a22-a47d-8c48425ef4a7","iNaturalist research-grade observations","3113535876"
32.107049,-110.853057,NA,"Mimidae","Toxostoma curvirostre",2021,5,7,"50c9509d-22c7-4a22-a47d-8c48425ef4a7","iNaturalist research-grade observations","3113432875"
