"decimalLatitude","decimalLongitude","individualCount","family","species","year","month","day","datasetKey","gbifID"
32.263474,-110.89752,4,"Picidae","Melanerpes uropygialis",2021,2,21,"4fa7b334-ce0d-4e88-aaae-2e0c138d049e","3508389292"
32.263474,-110.89752,1,"Turdidae","Sialia mexicana",2021,2,21,"4fa7b334-ce0d-4e88-aaae-2e0c138d049e","3507415638"
32.263474,-110.89752,8,"Fringillidae","Haemorhous mexicanus",2021,2,21,"4fa7b334-ce0d-4e88-aaae-2e0c138d049e","3508450519"
32.263474,-110.89752,1,"Ptilogonatidae","Phainopepla nitens",2021,2,21,"4fa7b334-ce0d-4e88-aaae-2e0c138d049e","3509568713"
32.263474,-110.89752,5,"Columbidae","Zenaida macroura",2021,2,21,"4fa7b334-ce0d-4e88-aaae-2e0c138d049e","3511241043"
32.263474,-110.89752,7,"Passeridae","Passer domesticus",2021,2,21,"4fa7b334-ce0d-4e88-aaae-2e0c138d049e","3510903869"
32.263474,-110.89752,3,"Remizidae","Auriparus flaviceps",2021,2,21,"4fa7b334-ce0d-4e88-aaae-2e0c138d049e","3512180740"
32.263474,-110.89752,7,"Fringillidae","Spinus psaltria",2021,2,21,"4fa7b334-ce0d-4e88-aaae-2e0c138d049e","3511512054"
32.263474,-110.89752,1,"Trochilidae","Cynanthus latirostris",2021,2,21,"4fa7b334-ce0d-4e88-aaae-2e0c138d049e","3509643777"
32.261784,-110.89314,8,"Aegithalidae","Psaltriparus minimus",2021,2,24,"4fa7b334-ce0d-4e88-aaae-2e0c138d049e","3544083850"
32.264816,-110.89312,1,"Cathartidae","Cathartes aura",2021,3,22,"4fa7b334-ce0d-4e88-aaae-2e0c138d049e","3514518309"
32.265,-110.90098,1,"Corvidae","Corvus corax",2021,6,20,"4fa7b334-ce0d-4e88-aaae-2e0c138d049e","3558512514"
32.265,-110.90098,4,"Corvidae","Corvus corax",2021,7,13,"4fa7b334-ce0d-4e88-aaae-2e0c138d049e","3574653082"
32.265,-110.90098,2,"Columbidae","Zenaida macroura",2021,7,13,"4fa7b334-ce0d-4e88-aaae-2e0c138d049e","3578175702"
32.265,-110.90098,4,"Corvidae","Corvus corax",2021,7,13,"4fa7b334-ce0d-4e88-aaae-2e0c138d049e","3551667543"
32.265,-110.90098,2,"Columbidae","Zenaida macroura",2021,7,13,"4fa7b334-ce0d-4e88-aaae-2e0c138d049e","3531542714"
32.26173,-110.89617,1,"Picidae","Melanerpes uropygialis",2021,11,22,"4fa7b334-ce0d-4e88-aaae-2e0c138d049e","3622383952"
32.26173,-110.89617,4,"Columbidae","Zenaida macroura",2021,11,22,"4fa7b334-ce0d-4e88-aaae-2e0c138d049e","3617537732"
32.26173,-110.89617,2,"Passeridae","Passer domesticus",2021,11,22,"4fa7b334-ce0d-4e88-aaae-2e0c138d049e","3624174050"
32.26173,-110.89617,4,"Fringillidae","Haemorhous mexicanus",2021,11,22,"4fa7b334-ce0d-4e88-aaae-2e0c138d049e","3628907985"
32.26327,-110.8946,1,"Passeridae","Passer domesticus",2020,1,4,"4fa7b334-ce0d-4e88-aaae-2e0c138d049e","3222404445"
32.26327,-110.8946,2,"Ptilogonatidae","Phainopepla nitens",2020,1,4,"4fa7b334-ce0d-4e88-aaae-2e0c138d049e","3220455474"
32.26327,-110.8946,1,"Regulidae","Regulus calendula",2020,1,4,"4fa7b334-ce0d-4e88-aaae-2e0c138d049e","3224562486"
32.26327,-110.8946,1,"Corvidae","Corvus corax",2020,1,4,"4fa7b334-ce0d-4e88-aaae-2e0c138d049e","3220051529"
32.26327,-110.8946,1,"Remizidae","Auriparus flaviceps",2020,1,4,"4fa7b334-ce0d-4e88-aaae-2e0c138d049e","3223238487"
32.26327,-110.8946,9,"Fringillidae","Haemorhous mexicanus",2020,1,4,"4fa7b334-ce0d-4e88-aaae-2e0c138d049e","3224518453"
32.26327,-110.8946,11,"Columbidae","Zenaida macroura",2020,1,4,"4fa7b334-ce0d-4e88-aaae-2e0c138d049e","3224036464"
32.26327,-110.8946,2,"Parulidae","Setophaga coronata",2020,1,4,"4fa7b334-ce0d-4e88-aaae-2e0c138d049e","3227099470"
32.26327,-110.8946,4,"Picidae","Melanerpes uropygialis",2020,1,4,"4fa7b334-ce0d-4e88-aaae-2e0c138d049e","3226904496"
32.26327,-110.8946,1,"Mimidae","Mimus polyglottos",2020,1,4,"4fa7b334-ce0d-4e88-aaae-2e0c138d049e","3233096522"
32.26173,-110.89617,1,"Mimidae","Mimus polyglottos",2020,1,4,"4fa7b334-ce0d-4e88-aaae-2e0c138d049e","3134326510"
32.26173,-110.89617,1,"Trochilidae","Calypte anna",2020,1,4,"4fa7b334-ce0d-4e88-aaae-2e0c138d049e","3132153518"
32.26173,-110.89617,1,"Columbidae","Zenaida macroura",2020,1,4,"4fa7b334-ce0d-4e88-aaae-2e0c138d049e","3139065487"
32.26173,-110.89617,1,"Parulidae","Setophaga coronata",2020,1,4,"4fa7b334-ce0d-4e88-aaae-2e0c138d049e","3133634513"
32.26173,-110.89617,3,"Picidae","Melanerpes uropygialis",2020,1,4,"4fa7b334-ce0d-4e88-aaae-2e0c138d049e","3134118552"
32.26173,-110.89617,5,"Fringillidae","Haemorhous mexicanus",2020,1,4,"4fa7b334-ce0d-4e88-aaae-2e0c138d049e","3139965504"
32.26173,-110.89617,1,"Sturnidae","Sturnus vulgaris",2020,1,4,"4fa7b334-ce0d-4e88-aaae-2e0c138d049e","3219661585"
32.263474,-110.89752,3,"Sturnidae","Sturnus vulgaris",2020,11,15,"4fa7b334-ce0d-4e88-aaae-2e0c138d049e","3191816155"
32.263474,-110.89752,1,"Trochilidae","Calypte anna",2020,11,15,"4fa7b334-ce0d-4e88-aaae-2e0c138d049e","3201892154"
32.263474,-110.89752,1,"Trochilidae","Cynanthus latirostris",2020,11,15,"4fa7b334-ce0d-4e88-aaae-2e0c138d049e","3205585089"
32.263474,-110.89752,2,"Mimidae","Mimus polyglottos",2020,11,15,"4fa7b334-ce0d-4e88-aaae-2e0c138d049e","3209872448"
32.263474,-110.89752,1,"Parulidae","Setophaga coronata",2020,11,15,"4fa7b334-ce0d-4e88-aaae-2e0c138d049e","3210631269"
32.263474,-110.89752,1,"Remizidae","Auriparus flaviceps",2020,11,15,"4fa7b334-ce0d-4e88-aaae-2e0c138d049e","3193876385"
32.263474,-110.89752,1,"Mimidae","Toxostoma curvirostre",2020,11,15,"4fa7b334-ce0d-4e88-aaae-2e0c138d049e","3212432486"
32.263474,-110.89752,2,"Passeridae","Passer domesticus",2020,11,15,"4fa7b334-ce0d-4e88-aaae-2e0c138d049e","3215809584"
32.263474,-110.89752,8,"Fringillidae","Haemorhous mexicanus",2020,11,15,"4fa7b334-ce0d-4e88-aaae-2e0c138d049e","3194792428"
32.263474,-110.89752,29,"Columbidae","Zenaida macroura",2020,11,15,"4fa7b334-ce0d-4e88-aaae-2e0c138d049e","3190675086"
32.263474,-110.89752,3,"Picidae","Melanerpes uropygialis",2020,11,15,"4fa7b334-ce0d-4e88-aaae-2e0c138d049e","3196790129"
32.263474,-110.89752,1,"Ptilogonatidae","Phainopepla nitens",2020,11,15,"4fa7b334-ce0d-4e88-aaae-2e0c138d049e","3190980004"
32.265053,-110.89482,16,"Columbidae","Zenaida macroura",2020,12,15,"4fa7b334-ce0d-4e88-aaae-2e0c138d049e","3286695474"
32.265053,-110.89482,1,"Accipitridae","Buteo jamaicensis",2020,12,15,"4fa7b334-ce0d-4e88-aaae-2e0c138d049e","3298349737"
32.265053,-110.89482,16,"Columbidae","Zenaida macroura",2020,12,15,"4fa7b334-ce0d-4e88-aaae-2e0c138d049e","3283790796"
32.265053,-110.89482,1,"Accipitridae","Buteo jamaicensis",2020,12,15,"4fa7b334-ce0d-4e88-aaae-2e0c138d049e","3292696716"
32.26173,-110.89617,1,"Parulidae","Setophaga coronata",2020,12,22,"4fa7b334-ce0d-4e88-aaae-2e0c138d049e","3212735192"
32.26173,-110.89617,4,"Turdidae","Sialia mexicana",2020,12,22,"4fa7b334-ce0d-4e88-aaae-2e0c138d049e","3204266206"
32.26173,-110.89617,1,"Picidae","Dryobates scalaris",2020,12,22,"4fa7b334-ce0d-4e88-aaae-2e0c138d049e","3202195514"
32.26173,-110.89617,2,"Picidae","Melanerpes uropygialis",2020,12,22,"4fa7b334-ce0d-4e88-aaae-2e0c138d049e","3214146485"
32.26173,-110.89617,5,"Fringillidae","Haemorhous mexicanus",2020,12,22,"4fa7b334-ce0d-4e88-aaae-2e0c138d049e","3209487410"
32.263474,-110.89752,1,"Accipitridae","Accipiter cooperii",2020,12,30,"4fa7b334-ce0d-4e88-aaae-2e0c138d049e","3295071526"
32.263474,-110.89752,1,"Picidae","Dryobates scalaris",2020,12,30,"4fa7b334-ce0d-4e88-aaae-2e0c138d049e","3294324734"
32.265,-110.90098,1,"Corvidae","Corvus corax",2019,5,14,"4fa7b334-ce0d-4e88-aaae-2e0c138d049e","2675785831"
32.26527,-110.89298,1,"Columbidae","Zenaida asiatica",2019,5,14,"4fa7b334-ce0d-4e88-aaae-2e0c138d049e","2758874233"
32.26527,-110.89298,2,"Columbidae","Streptopelia decaocto",2019,5,14,"4fa7b334-ce0d-4e88-aaae-2e0c138d049e","2776186146"
32.26527,-110.89298,2,"Columbidae","Columba livia",2019,5,14,"4fa7b334-ce0d-4e88-aaae-2e0c138d049e","2738704224"
32.26327,-110.8946,1,"Parulidae","Setophaga coronata",2019,11,15,"4fa7b334-ce0d-4e88-aaae-2e0c138d049e","2786843131"
32.26327,-110.8946,8,"Fringillidae","Haemorhous mexicanus",2019,11,15,"4fa7b334-ce0d-4e88-aaae-2e0c138d049e","2793378269"
32.26327,-110.8946,1,"Ptilogonatidae","Phainopepla nitens",2019,11,15,"4fa7b334-ce0d-4e88-aaae-2e0c138d049e","2798111178"
32.265,-110.90098,1,"Accipitridae","Buteo jamaicensis",2018,1,21,"4fa7b334-ce0d-4e88-aaae-2e0c138d049e","2122955424"
32.265,-110.90098,1,"Ardeidae","Ardea herodias",2017,8,15,"4fa7b334-ce0d-4e88-aaae-2e0c138d049e","2086576171"
32.265,-110.90098,1,"Ardeidae","Ardea herodias",2017,8,15,"4fa7b334-ce0d-4e88-aaae-2e0c138d049e","2092193301"
