"decimalLatitude","decimalLongitude","individualCount","family","species","year","month","day","datasetKey","datasetName","gbifID"
32.20008,-110.865265,1,"Sturnidae","Sturnus vulgaris",2021,1,2,"4fa7b334-ce0d-4e88-aaae-2e0c138d049e",NA,"3546946509"
32.20008,-110.865265,1,"Accipitridae","Buteo jamaicensis",2021,1,2,"4fa7b334-ce0d-4e88-aaae-2e0c138d049e",NA,"3550595471"
32.20008,-110.865265,8,"Columbidae","Columba livia",2021,1,2,"4fa7b334-ce0d-4e88-aaae-2e0c138d049e",NA,"3544445364"
32.20008,-110.865265,1,"Accipitridae","Buteo jamaicensis",2021,1,15,"4fa7b334-ce0d-4e88-aaae-2e0c138d049e",NA,"3506229444"
32.20008,-110.865265,13,"Columbidae","Columba livia",2021,1,15,"4fa7b334-ce0d-4e88-aaae-2e0c138d049e",NA,"3505597503"
32.20008,-110.865265,1,"Picidae","Melanerpes uropygialis",2021,1,15,"4fa7b334-ce0d-4e88-aaae-2e0c138d049e",NA,"3507694439"
32.20008,-110.865265,1,"Columbidae","Zenaida macroura",2021,1,15,"4fa7b334-ce0d-4e88-aaae-2e0c138d049e",NA,"3510600080"
32.20008,-110.865265,7,"Columbidae","Columba livia",2021,1,22,"4fa7b334-ce0d-4e88-aaae-2e0c138d049e",NA,"3529588976"
32.20008,-110.865265,3,"Columbidae","Zenaida macroura",2021,1,22,"4fa7b334-ce0d-4e88-aaae-2e0c138d049e",NA,"3505810817"
32.20008,-110.865265,1,"Mimidae","Mimus polyglottos",2021,1,22,"4fa7b334-ce0d-4e88-aaae-2e0c138d049e",NA,"3523055805"
32.20008,-110.865265,1,"Mimidae","Mimus polyglottos",2021,2,1,"4fa7b334-ce0d-4e88-aaae-2e0c138d049e",NA,"3634627664"
32.20008,-110.865265,7,"Columbidae","Columba livia",2021,2,1,"4fa7b334-ce0d-4e88-aaae-2e0c138d049e",NA,"3639963735"
32.20008,-110.865265,3,"Columbidae","Zenaida macroura",2021,2,1,"4fa7b334-ce0d-4e88-aaae-2e0c138d049e",NA,"3638210755"
32.20008,-110.865265,1,"Accipitridae","Buteo jamaicensis",2021,2,9,"4fa7b334-ce0d-4e88-aaae-2e0c138d049e",NA,"3679870161"
32.20008,-110.865265,1,"Columbidae","Columba livia",2021,2,9,"4fa7b334-ce0d-4e88-aaae-2e0c138d049e",NA,"3677455977"
32.20008,-110.865265,14,"Columbidae","Columba livia",2021,2,23,"4fa7b334-ce0d-4e88-aaae-2e0c138d049e",NA,"3671961126"
32.20008,-110.865265,1,"Sturnidae","Sturnus vulgaris",2021,2,23,"4fa7b334-ce0d-4e88-aaae-2e0c138d049e",NA,"3671852918"
32.20008,-110.865265,1,"Cathartidae","Cathartes aura",2021,2,23,"4fa7b334-ce0d-4e88-aaae-2e0c138d049e",NA,"3670062878"
32.20008,-110.865265,1,"Passeridae","Passer domesticus",2021,2,23,"4fa7b334-ce0d-4e88-aaae-2e0c138d049e",NA,"3598256074"
32.20008,-110.865265,2,"Columbidae","Columba livia",2021,2,23,"4fa7b334-ce0d-4e88-aaae-2e0c138d049e",NA,"3600526547"
32.20008,-110.865265,4,"Sturnidae","Sturnus vulgaris",2021,2,23,"4fa7b334-ce0d-4e88-aaae-2e0c138d049e",NA,"3518757601"
32.20008,-110.865265,2,"Columbidae","Zenaida macroura",2021,2,23,"4fa7b334-ce0d-4e88-aaae-2e0c138d049e",NA,"3517460619"
32.20008,-110.865265,1,"Columbidae","Streptopelia decaocto",2021,2,23,"4fa7b334-ce0d-4e88-aaae-2e0c138d049e",NA,"3526822267"
32.192448,-110.86917,1,"Accipitridae","Accipiter cooperii",2021,3,7,"4fa7b334-ce0d-4e88-aaae-2e0c138d049e",NA,"3507868704"
32.192448,-110.86917,9,"Columbidae","Columba livia",2021,3,7,"4fa7b334-ce0d-4e88-aaae-2e0c138d049e",NA,"3508553705"
32.20008,-110.865265,8,"Columbidae","Columba livia",2021,3,9,"4fa7b334-ce0d-4e88-aaae-2e0c138d049e",NA,"3589014672"
32.20008,-110.865265,1,"Accipitridae","Accipiter cooperii",2021,3,9,"4fa7b334-ce0d-4e88-aaae-2e0c138d049e",NA,"3589417099"
32.20668,-110.87263,1,"Passeridae","Passer domesticus",2021,3,23,"4fa7b334-ce0d-4e88-aaae-2e0c138d049e",NA,"3641082652"
32.20668,-110.87263,2,"Columbidae","Columba livia",2021,3,23,"4fa7b334-ce0d-4e88-aaae-2e0c138d049e",NA,"3645376255"
32.20668,-110.87263,3,"Columbidae","Zenaida macroura",2021,3,23,"4fa7b334-ce0d-4e88-aaae-2e0c138d049e",NA,"3672306247"
32.20668,-110.87263,1,"Picidae","Melanerpes uropygialis",2021,3,23,"4fa7b334-ce0d-4e88-aaae-2e0c138d049e",NA,"3589230722"
32.20668,-110.87263,1,"Tyrannidae","Pyrocephalus rubinus",2021,3,23,"4fa7b334-ce0d-4e88-aaae-2e0c138d049e",NA,"3622248886"
32.20668,-110.87263,1,"Falconidae","Falco sparverius",2021,3,23,"4fa7b334-ce0d-4e88-aaae-2e0c138d049e",NA,"3628011508"
32.20668,-110.87263,1,"Trochilidae","Calypte anna",2021,3,23,"4fa7b334-ce0d-4e88-aaae-2e0c138d049e",NA,"3665824196"
32.20668,-110.87263,1,"Trochilidae","Archilochus alexandri",2021,3,23,"4fa7b334-ce0d-4e88-aaae-2e0c138d049e",NA,"3665788355"
32.20668,-110.87263,1,"Fringillidae","Haemorhous mexicanus",2021,3,23,"4fa7b334-ce0d-4e88-aaae-2e0c138d049e",NA,"3670150388"
32.20668,-110.87263,1,"Passeridae","Passer domesticus",2021,3,23,"4fa7b334-ce0d-4e88-aaae-2e0c138d049e",NA,"3510574290"
32.20668,-110.87263,2,"Columbidae","Columba livia",2021,3,23,"4fa7b334-ce0d-4e88-aaae-2e0c138d049e",NA,"3530651084"
32.20668,-110.87263,3,"Columbidae","Zenaida macroura",2021,3,23,"4fa7b334-ce0d-4e88-aaae-2e0c138d049e",NA,"3522028934"
32.20668,-110.87263,1,"Picidae","Melanerpes uropygialis",2021,3,23,"4fa7b334-ce0d-4e88-aaae-2e0c138d049e",NA,"3524589237"
32.20668,-110.87263,1,"Tyrannidae","Pyrocephalus rubinus",2021,3,23,"4fa7b334-ce0d-4e88-aaae-2e0c138d049e",NA,"3519075731"
32.20668,-110.87263,1,"Falconidae","Falco sparverius",2021,3,23,"4fa7b334-ce0d-4e88-aaae-2e0c138d049e",NA,"3516628095"
32.20668,-110.87263,1,"Trochilidae","Calypte anna",2021,3,23,"4fa7b334-ce0d-4e88-aaae-2e0c138d049e",NA,"3513095964"
32.20668,-110.87263,1,"Trochilidae","Archilochus alexandri",2021,3,23,"4fa7b334-ce0d-4e88-aaae-2e0c138d049e",NA,"3512945450"
32.20668,-110.87263,1,"Fringillidae","Haemorhous mexicanus",2021,3,23,"4fa7b334-ce0d-4e88-aaae-2e0c138d049e",NA,"3512204035"
32.20668,-110.87263,1,"Hirundinidae","Stelgidopteryx serripennis",2021,3,23,"4fa7b334-ce0d-4e88-aaae-2e0c138d049e",NA,"3512807406"
32.20008,-110.865265,1,"Accipitridae","Accipiter cooperii",2021,4,15,"4fa7b334-ce0d-4e88-aaae-2e0c138d049e",NA,"3622651027"
32.204033,-110.8625,1,"Columbidae","Streptopelia decaocto",2021,6,8,"4fa7b334-ce0d-4e88-aaae-2e0c138d049e",NA,"3537164801"
32.204033,-110.8625,1,"Picidae","Melanerpes uropygialis",2021,6,8,"4fa7b334-ce0d-4e88-aaae-2e0c138d049e",NA,"3535473392"
32.204033,-110.8625,2,"Columbidae","Zenaida asiatica",2021,6,8,"4fa7b334-ce0d-4e88-aaae-2e0c138d049e",NA,"3543209439"
32.204033,-110.8625,1,"Columbidae","Zenaida macroura",2021,6,8,"4fa7b334-ce0d-4e88-aaae-2e0c138d049e",NA,"3553125036"
32.204033,-110.8625,1,"Mimidae","Mimus polyglottos",2021,6,8,"4fa7b334-ce0d-4e88-aaae-2e0c138d049e",NA,"3520593555"
32.204033,-110.8625,1,"Passeridae","Passer domesticus",2021,6,8,"4fa7b334-ce0d-4e88-aaae-2e0c138d049e",NA,"3556463818"
32.204033,-110.8625,1,"Icteridae","Quiscalus mexicanus",2021,7,19,"4fa7b334-ce0d-4e88-aaae-2e0c138d049e",NA,"3683698033"
32.204033,-110.8625,1,"Mimidae","Mimus polyglottos",2021,7,19,"4fa7b334-ce0d-4e88-aaae-2e0c138d049e",NA,"3691234777"
32.204033,-110.8625,3,"Columbidae","Zenaida macroura",2021,7,19,"4fa7b334-ce0d-4e88-aaae-2e0c138d049e",NA,"3655416561"
32.204033,-110.8625,1,"Picidae","Melanerpes uropygialis",2021,7,19,"4fa7b334-ce0d-4e88-aaae-2e0c138d049e",NA,"3655395350"
32.204033,-110.8625,1,"Tyrannidae","Pyrocephalus rubinus",2021,7,19,"4fa7b334-ce0d-4e88-aaae-2e0c138d049e",NA,"3690748145"
32.204033,-110.8625,1,"Fringillidae","Haemorhous mexicanus",2021,7,19,"4fa7b334-ce0d-4e88-aaae-2e0c138d049e",NA,"3688817111"
32.204033,-110.8625,2,"Columbidae","Streptopelia decaocto",2021,7,19,"4fa7b334-ce0d-4e88-aaae-2e0c138d049e",NA,"3682251047"
32.204033,-110.8625,2,"Mimidae","Toxostoma curvirostre",2021,7,19,"4fa7b334-ce0d-4e88-aaae-2e0c138d049e",NA,"3687948847"
32.204033,-110.8625,7,"Fringillidae","Haemorhous mexicanus",2021,7,19,"4fa7b334-ce0d-4e88-aaae-2e0c138d049e",NA,"3682522581"
32.204033,-110.8625,1,"Mimidae","Mimus polyglottos",2021,7,19,"4fa7b334-ce0d-4e88-aaae-2e0c138d049e",NA,"3687368777"
32.204033,-110.8625,4,"Columbidae","Zenaida macroura",2021,7,19,"4fa7b334-ce0d-4e88-aaae-2e0c138d049e",NA,"3686409628"
32.204033,-110.8625,1,"Troglodytidae","Campylorhynchus brunneicapillus",2021,7,19,"4fa7b334-ce0d-4e88-aaae-2e0c138d049e",NA,"3684458302"
32.204033,-110.8625,3,"Picidae","Melanerpes uropygialis",2021,7,19,"4fa7b334-ce0d-4e88-aaae-2e0c138d049e",NA,"3677895652"
32.204033,-110.8625,1,"Columbidae","Zenaida macroura",2021,8,13,"4fa7b334-ce0d-4e88-aaae-2e0c138d049e",NA,"3667490486"
32.204033,-110.8625,1,"Mimidae","Mimus polyglottos",2021,8,13,"4fa7b334-ce0d-4e88-aaae-2e0c138d049e",NA,"3665771523"
32.204033,-110.8625,2,"Passeridae","Passer domesticus",2021,8,13,"4fa7b334-ce0d-4e88-aaae-2e0c138d049e",NA,"3669012596"
32.204033,-110.8625,1,"Columbidae","Streptopelia decaocto",2021,8,13,"4fa7b334-ce0d-4e88-aaae-2e0c138d049e",NA,"3670544935"
32.204033,-110.8625,1,"Picidae","Melanerpes uropygialis",2021,8,13,"4fa7b334-ce0d-4e88-aaae-2e0c138d049e",NA,"3662212651"
32.20673,-110.85821,32,"Columbidae","Columba livia",2021,10,29,"4fa7b334-ce0d-4e88-aaae-2e0c138d049e",NA,"3549943935"
32.206627,-110.87099,54,"Columbidae","Columba livia",2021,11,4,"4fa7b334-ce0d-4e88-aaae-2e0c138d049e",NA,"3692349278"
32.206333,-110.86459,64,"Columbidae","Columba livia",2021,11,15,"4fa7b334-ce0d-4e88-aaae-2e0c138d049e",NA,"3613627950"
32.206627,-110.87099,67,"Columbidae","Columba livia",2021,11,30,"4fa7b334-ce0d-4e88-aaae-2e0c138d049e",NA,"3654848127"
32.20008,-110.865265,18,"Columbidae","Columba livia",2021,12,19,"4fa7b334-ce0d-4e88-aaae-2e0c138d049e",NA,"3668612424"
32.20008,-110.865265,1,"Accipitridae","Accipiter cooperii",2021,12,19,"4fa7b334-ce0d-4e88-aaae-2e0c138d049e",NA,"3655570397"
32.20008,-110.865265,1,"Corvidae","Corvus corax",2021,12,19,"4fa7b334-ce0d-4e88-aaae-2e0c138d049e",NA,"3654636199"
32.20008,-110.865265,2,"Columbidae","Zenaida macroura",2021,12,19,"4fa7b334-ce0d-4e88-aaae-2e0c138d049e",NA,"3660467649"
32.20673,-110.85821,3,"Corvidae","Corvus corax",2021,12,23,"4fa7b334-ce0d-4e88-aaae-2e0c138d049e",NA,"3671304512"
32.20673,-110.85821,8,"Columbidae","Columba livia",2021,12,23,"4fa7b334-ce0d-4e88-aaae-2e0c138d049e",NA,"3672221937"
32.192684,-110.87456,12,"Columbidae","Columba livia",2020,1,1,"4fa7b334-ce0d-4e88-aaae-2e0c138d049e",NA,"3216843186"
32.20673,-110.85821,1,"Accipitridae","Buteo jamaicensis",2020,1,23,"4fa7b334-ce0d-4e88-aaae-2e0c138d049e",NA,"3134093611"
32.20673,-110.85821,7,"Columbidae","Columba livia",2020,1,23,"4fa7b334-ce0d-4e88-aaae-2e0c138d049e",NA,"3136036546"
32.192448,-110.86917,14,"Columbidae","Columba livia",2020,1,28,"4fa7b334-ce0d-4e88-aaae-2e0c138d049e",NA,"3134608928"
32.192448,-110.86917,1,"Accipitridae","Buteo jamaicensis",2020,1,28,"4fa7b334-ce0d-4e88-aaae-2e0c138d049e",NA,"3133157900"
32.205223,-110.85925,3,"Parulidae","Setophaga coronata",2020,3,20,"4fa7b334-ce0d-4e88-aaae-2e0c138d049e",NA,"3141058081"
32.205223,-110.85925,4,"Fringillidae","Haemorhous mexicanus",2020,3,20,"4fa7b334-ce0d-4e88-aaae-2e0c138d049e",NA,"3139969996"
32.205223,-110.85925,1,"Vireonidae","Vireo bellii",2020,3,20,"4fa7b334-ce0d-4e88-aaae-2e0c138d049e",NA,"3138789998"
32.205223,-110.85925,3,"Corvidae","Corvus corax",2020,3,20,"4fa7b334-ce0d-4e88-aaae-2e0c138d049e",NA,"3142944863"
32.205223,-110.85925,4,"Picidae","Melanerpes uropygialis",2020,3,20,"4fa7b334-ce0d-4e88-aaae-2e0c138d049e",NA,"3156360922"
32.205223,-110.85925,15,"Passeridae","Passer domesticus",2020,3,20,"4fa7b334-ce0d-4e88-aaae-2e0c138d049e",NA,"3151134994"
32.205223,-110.85925,3,"Mimidae","Mimus polyglottos",2020,3,20,"4fa7b334-ce0d-4e88-aaae-2e0c138d049e",NA,"3138566014"
32.205223,-110.85925,2,"Mimidae","Toxostoma curvirostre",2020,3,20,"4fa7b334-ce0d-4e88-aaae-2e0c138d049e",NA,"3140280089"
32.205223,-110.85925,3,"Columbidae","Columba livia",2020,3,20,"4fa7b334-ce0d-4e88-aaae-2e0c138d049e",NA,"3143641112"
32.205223,-110.85925,4,"Trochilidae","Calypte anna",2020,3,20,"4fa7b334-ce0d-4e88-aaae-2e0c138d049e",NA,"3139724123"
32.205223,-110.85925,1,"Parulidae","Leiothlypis luciae",2020,3,20,"4fa7b334-ce0d-4e88-aaae-2e0c138d049e",NA,"3152137153"
32.205223,-110.85925,10,"Columbidae","Zenaida macroura",2020,3,20,"4fa7b334-ce0d-4e88-aaae-2e0c138d049e",NA,"3154482115"
32.205223,-110.85925,1,"Troglodytidae","Campylorhynchus brunneicapillus",2020,3,20,"4fa7b334-ce0d-4e88-aaae-2e0c138d049e",NA,"3140146137"
32.205223,-110.85925,5,"Remizidae","Auriparus flaviceps",2020,3,20,"4fa7b334-ce0d-4e88-aaae-2e0c138d049e",NA,"3143555048"
32.205223,-110.85925,1,"Cathartidae","Cathartes aura",2020,3,20,"4fa7b334-ce0d-4e88-aaae-2e0c138d049e",NA,"3224919699"
32.205223,-110.85925,1,"Accipitridae","Accipiter cooperii",2020,3,20,"4fa7b334-ce0d-4e88-aaae-2e0c138d049e",NA,"3222819789"
32.205223,-110.85925,2,"Fringillidae","Spinus psaltria",2020,3,20,"4fa7b334-ce0d-4e88-aaae-2e0c138d049e",NA,"3219852793"
32.205223,-110.85925,6,"Tyrannidae","Pyrocephalus rubinus",2020,3,20,"4fa7b334-ce0d-4e88-aaae-2e0c138d049e",NA,"3218732834"
32.204033,-110.8625,2,"Fringillidae","Haemorhous mexicanus",2020,7,14,"4fa7b334-ce0d-4e88-aaae-2e0c138d049e",NA,"3267033604"
32.204033,-110.8625,1,"Corvidae","Corvus corax",2020,7,14,"4fa7b334-ce0d-4e88-aaae-2e0c138d049e",NA,"3268037651"
32.204033,-110.8625,1,"Remizidae","Auriparus flaviceps",2020,7,14,"4fa7b334-ce0d-4e88-aaae-2e0c138d049e",NA,"3270920649"
32.204033,-110.8625,4,"Columbidae","Streptopelia decaocto",2020,7,14,"4fa7b334-ce0d-4e88-aaae-2e0c138d049e",NA,"3272605586"
32.204033,-110.8625,3,"Passeridae","Passer domesticus",2020,7,14,"4fa7b334-ce0d-4e88-aaae-2e0c138d049e",NA,"3260194806"
32.204033,-110.8625,1,"Tyrannidae","Pyrocephalus rubinus",2020,7,14,"4fa7b334-ce0d-4e88-aaae-2e0c138d049e",NA,"3256116776"
32.204033,-110.8625,1,"Tyrannidae","Tyrannus verticalis",2020,7,14,"4fa7b334-ce0d-4e88-aaae-2e0c138d049e",NA,"3285279625"
32.204033,-110.8625,1,"Picidae","Melanerpes uropygialis",2020,7,14,"4fa7b334-ce0d-4e88-aaae-2e0c138d049e",NA,"3262621551"
32.204033,-110.8625,2,"Fringillidae","Spinus psaltria",2020,7,14,"4fa7b334-ce0d-4e88-aaae-2e0c138d049e",NA,"3277195734"
32.204033,-110.8625,2,"Columbidae","Zenaida macroura",2020,10,23,"4fa7b334-ce0d-4e88-aaae-2e0c138d049e",NA,"3266786239"
32.204033,-110.8625,2,"Picidae","Melanerpes uropygialis",2020,10,23,"4fa7b334-ce0d-4e88-aaae-2e0c138d049e",NA,"3264925163"
32.204033,-110.8625,6,"Emberizidae","Zonotrichia leucophrys",2020,10,23,"4fa7b334-ce0d-4e88-aaae-2e0c138d049e",NA,"3277046140"
32.204033,-110.8625,1,"Columbidae","Streptopelia decaocto",2020,10,23,"4fa7b334-ce0d-4e88-aaae-2e0c138d049e",NA,"3273185151"
32.204033,-110.8625,1,"Falconidae","Falco sparverius",2020,11,9,"4fa7b334-ce0d-4e88-aaae-2e0c138d049e",NA,"3211703642"
32.204033,-110.8625,NA,"Passeridae","Passer domesticus",2020,11,9,"4fa7b334-ce0d-4e88-aaae-2e0c138d049e",NA,"3212577849"
32.204033,-110.8625,2,"Columbidae","Zenaida macroura",2020,11,9,"4fa7b334-ce0d-4e88-aaae-2e0c138d049e",NA,"3190325837"
32.204033,-110.8625,8,"Columbidae","Streptopelia decaocto",2020,11,9,"4fa7b334-ce0d-4e88-aaae-2e0c138d049e",NA,"3198002549"
32.204033,-110.8625,1,"Emberizidae","Zonotrichia leucophrys",2020,11,9,"4fa7b334-ce0d-4e88-aaae-2e0c138d049e",NA,"3208710767"
32.204033,-110.8625,2,"Picidae","Melanerpes uropygialis",2020,11,9,"4fa7b334-ce0d-4e88-aaae-2e0c138d049e",NA,"3200508611"
32.20008,-110.865265,1,"Accipitridae","Buteo jamaicensis",2020,12,1,"4fa7b334-ce0d-4e88-aaae-2e0c138d049e",NA,"3296559464"
32.20008,-110.865265,30,"Columbidae","Columba livia",2020,12,1,"4fa7b334-ce0d-4e88-aaae-2e0c138d049e",NA,"3294391414"
32.20008,-110.865265,1,"Picidae","Melanerpes uropygialis",2020,12,8,"4fa7b334-ce0d-4e88-aaae-2e0c138d049e",NA,"3199102492"
32.20008,-110.865265,1,"Accipitridae","Buteo jamaicensis",2020,12,8,"4fa7b334-ce0d-4e88-aaae-2e0c138d049e",NA,"3209689136"
32.20008,-110.865265,1,"Columbidae","Zenaida macroura",2020,12,8,"4fa7b334-ce0d-4e88-aaae-2e0c138d049e",NA,"3197727970"
32.20008,-110.865265,6,"Columbidae","Columba livia",2020,12,8,"4fa7b334-ce0d-4e88-aaae-2e0c138d049e",NA,"3202887232"
32.20008,-110.865265,1,"Falconidae","Falco sparverius",2020,12,15,"4fa7b334-ce0d-4e88-aaae-2e0c138d049e",NA,"3199692814"
32.20008,-110.865265,11,"Columbidae","Columba livia",2020,12,15,"4fa7b334-ce0d-4e88-aaae-2e0c138d049e",NA,"3207357115"
32.20008,-110.865265,2,"Accipitridae","Buteo jamaicensis",2020,12,15,"4fa7b334-ce0d-4e88-aaae-2e0c138d049e",NA,"3195640110"
32.204033,-110.8625,4,"Columbidae","Streptopelia decaocto",2019,1,16,"4fa7b334-ce0d-4e88-aaae-2e0c138d049e",NA,"2736945491"
32.204033,-110.8625,1,"Picidae","Melanerpes uropygialis",2019,1,16,"4fa7b334-ce0d-4e88-aaae-2e0c138d049e",NA,"2753366574"
32.204033,-110.8625,2,"Mimidae","Mimus polyglottos",2019,1,16,"4fa7b334-ce0d-4e88-aaae-2e0c138d049e",NA,"2731317441"
32.204033,-110.8625,3,"Fringillidae","Haemorhous mexicanus",2019,1,16,"4fa7b334-ce0d-4e88-aaae-2e0c138d049e",NA,"2728594568"
32.204033,-110.8625,2,"Columbidae","Zenaida macroura",2019,1,16,"4fa7b334-ce0d-4e88-aaae-2e0c138d049e",NA,"2728316569"
32.192802,-110.875114,1,"Tyrannidae","Pyrocephalus rubinus",2019,3,9,"4fa7b334-ce0d-4e88-aaae-2e0c138d049e",NA,"2752934425"
32.192627,-110.87456,2,"Columbidae","Columba livia",2019,5,16,"4fa7b334-ce0d-4e88-aaae-2e0c138d049e",NA,"2758094282"
32.192627,-110.87456,1,"Passeridae","Passer domesticus",2019,5,16,"4fa7b334-ce0d-4e88-aaae-2e0c138d049e",NA,"2752169358"
32.192627,-110.87456,1,"Columbidae","Zenaida asiatica",2019,5,16,"4fa7b334-ce0d-4e88-aaae-2e0c138d049e",NA,"2754145354"
32.204033,-110.8625,3,"Tyrannidae","Pyrocephalus rubinus",2019,6,12,"4fa7b334-ce0d-4e88-aaae-2e0c138d049e",NA,"2684440790"
32.204033,-110.8625,4,"Passeridae","Passer domesticus",2019,6,12,"4fa7b334-ce0d-4e88-aaae-2e0c138d049e",NA,"2680333794"
32.204033,-110.8625,2,"Columbidae","Streptopelia decaocto",2019,6,12,"4fa7b334-ce0d-4e88-aaae-2e0c138d049e",NA,"2698190980"
32.204033,-110.8625,2,"Trochilidae","Calypte anna",2019,6,12,"4fa7b334-ce0d-4e88-aaae-2e0c138d049e",NA,"2693225883"
32.204033,-110.8625,2,"Picidae","Melanerpes uropygialis",2019,6,12,"4fa7b334-ce0d-4e88-aaae-2e0c138d049e",NA,"2686315759"
32.192448,-110.86917,1,"Falconidae","Falco sparverius",2019,9,26,"4fa7b334-ce0d-4e88-aaae-2e0c138d049e",NA,"2716076325"
32.204033,-110.8625,2,"Columbidae","Streptopelia decaocto",2019,10,29,"4fa7b334-ce0d-4e88-aaae-2e0c138d049e",NA,"2797665346"
32.204033,-110.8625,1,"Picidae","Melanerpes uropygialis",2019,10,29,"4fa7b334-ce0d-4e88-aaae-2e0c138d049e",NA,"2790111273"
32.195183,-110.874306,1,"Accipitridae","Buteo jamaicensis",2019,12,22,"4fa7b334-ce0d-4e88-aaae-2e0c138d049e",NA,"2770474004"
32.195183,-110.874306,100,"Columbidae","Columba livia",2019,12,22,"4fa7b334-ce0d-4e88-aaae-2e0c138d049e",NA,"2776151013"
32.195183,-110.874306,1,"Icteridae","Quiscalus mexicanus",2019,12,22,"4fa7b334-ce0d-4e88-aaae-2e0c138d049e",NA,"2785516747"
32.20677,-110.87415,1,"Falconidae","Falco peregrinus",2018,1,1,"4fa7b334-ce0d-4e88-aaae-2e0c138d049e",NA,"2102702723"
32.20677,-110.87415,2,"Icteridae","Quiscalus mexicanus",2018,1,1,"4fa7b334-ce0d-4e88-aaae-2e0c138d049e",NA,"2102695518"
32.20677,-110.87415,4,"Columbidae","Zenaida macroura",2018,1,1,"4fa7b334-ce0d-4e88-aaae-2e0c138d049e",NA,"2116577454"
32.20677,-110.87415,4,"Sturnidae","Sturnus vulgaris",2018,1,1,"4fa7b334-ce0d-4e88-aaae-2e0c138d049e",NA,"2102707026"
32.20677,-110.87415,1,"Picidae","Melanerpes uropygialis",2018,1,1,"4fa7b334-ce0d-4e88-aaae-2e0c138d049e",NA,"2116602485"
32.20677,-110.87415,1,"Accipitridae","Buteo jamaicensis",2018,1,1,"4fa7b334-ce0d-4e88-aaae-2e0c138d049e",NA,"2115464122"
32.20677,-110.87415,2,"Fringillidae","Haemorhous mexicanus",2018,1,1,"4fa7b334-ce0d-4e88-aaae-2e0c138d049e",NA,"2115443479"
32.20677,-110.87415,110,"Columbidae","Columba livia",2018,1,1,"4fa7b334-ce0d-4e88-aaae-2e0c138d049e",NA,"2116574657"
32.20677,-110.87415,1,"Falconidae","Falco peregrinus",2018,1,1,"4fa7b334-ce0d-4e88-aaae-2e0c138d049e",NA,"2125158768"
32.20677,-110.87415,2,"Icteridae","Quiscalus mexicanus",2018,1,1,"4fa7b334-ce0d-4e88-aaae-2e0c138d049e",NA,"2115477352"
32.20677,-110.87415,4,"Columbidae","Zenaida macroura",2018,1,1,"4fa7b334-ce0d-4e88-aaae-2e0c138d049e",NA,"2125196467"
32.20677,-110.87415,4,"Sturnidae","Sturnus vulgaris",2018,1,1,"4fa7b334-ce0d-4e88-aaae-2e0c138d049e",NA,"2125152118"
32.20677,-110.87415,1,"Picidae","Melanerpes uropygialis",2018,1,1,"4fa7b334-ce0d-4e88-aaae-2e0c138d049e",NA,"2115485216"
32.20677,-110.87415,1,"Accipitridae","Buteo jamaicensis",2018,1,1,"4fa7b334-ce0d-4e88-aaae-2e0c138d049e",NA,"2116602951"
32.20677,-110.87415,2,"Fringillidae","Haemorhous mexicanus",2018,1,1,"4fa7b334-ce0d-4e88-aaae-2e0c138d049e",NA,"2125192956"
32.20677,-110.87415,110,"Columbidae","Columba livia",2018,1,1,"4fa7b334-ce0d-4e88-aaae-2e0c138d049e",NA,"2115478532"
32.206352,-110.87473,1,"Falconidae","Falco mexicanus",2018,1,5,"4fa7b334-ce0d-4e88-aaae-2e0c138d049e",NA,"2117066203"
32.204033,-110.8625,1,"Mimidae","Toxostoma curvirostre",2018,3,18,"4fa7b334-ce0d-4e88-aaae-2e0c138d049e",NA,"2136529262"
32.204033,-110.8625,2,"Mimidae","Mimus polyglottos",2018,3,18,"4fa7b334-ce0d-4e88-aaae-2e0c138d049e",NA,"2140687855"
32.204033,-110.8625,1,"Fringillidae","Haemorhous mexicanus",2018,3,18,"4fa7b334-ce0d-4e88-aaae-2e0c138d049e",NA,"2136521211"
32.204033,-110.8625,1,"Ardeidae","Ardea alba",2018,3,18,"4fa7b334-ce0d-4e88-aaae-2e0c138d049e",NA,"2136516731"
32.204033,-110.8625,1,"Picidae","Melanerpes uropygialis",2018,3,18,"4fa7b334-ce0d-4e88-aaae-2e0c138d049e",NA,"2148420273"
32.204033,-110.8625,1,"Accipitridae","Accipiter cooperii",2018,3,18,"4fa7b334-ce0d-4e88-aaae-2e0c138d049e",NA,"2148415132"
32.20673,-110.85821,2,"Accipitridae","Accipiter cooperii",2018,6,29,"4fa7b334-ce0d-4e88-aaae-2e0c138d049e",NA,"2184132678"
32.204033,-110.8625,23,"Columbidae","Columba livia",2018,8,30,"4fa7b334-ce0d-4e88-aaae-2e0c138d049e",NA,"2198144430"
32.204033,-110.8625,1,"Tyrannidae","Pyrocephalus rubinus",2018,8,30,"4fa7b334-ce0d-4e88-aaae-2e0c138d049e",NA,"2182279911"
32.204033,-110.8625,2,"Fringillidae","Haemorhous mexicanus",2018,8,30,"4fa7b334-ce0d-4e88-aaae-2e0c138d049e",NA,"2182292694"
32.204033,-110.8625,1,"Columbidae","Streptopelia decaocto",2018,8,30,"4fa7b334-ce0d-4e88-aaae-2e0c138d049e",NA,"2182279002"
32.204033,-110.8625,3,"Picidae","Melanerpes uropygialis",2018,9,23,"4fa7b334-ce0d-4e88-aaae-2e0c138d049e",NA,"2199821798"
32.204033,-110.8625,1,"Columbidae","Zenaida macroura",2018,9,23,"4fa7b334-ce0d-4e88-aaae-2e0c138d049e",NA,"2203892711"
32.204033,-110.8625,1,"Cathartidae","Cathartes aura",2018,9,23,"4fa7b334-ce0d-4e88-aaae-2e0c138d049e",NA,"2203902832"
32.204033,-110.8625,NA,"Passeridae","Passer domesticus",2018,9,23,"4fa7b334-ce0d-4e88-aaae-2e0c138d049e",NA,"2203882479"
32.204033,-110.8625,3,"Fringillidae","Haemorhous mexicanus",2018,9,23,"4fa7b334-ce0d-4e88-aaae-2e0c138d049e",NA,"2199848307"
32.20673,-110.85821,1,"Accipitridae","Accipiter cooperii",2017,1,4,"4fa7b334-ce0d-4e88-aaae-2e0c138d049e",NA,"2033251981"
32.20673,-110.85821,1,"Accipitridae","Buteo jamaicensis",2017,10,15,"4fa7b334-ce0d-4e88-aaae-2e0c138d049e",NA,"2099332109"
32.192448,-110.86917,32,"Columbidae","Columba livia",2017,11,8,"4fa7b334-ce0d-4e88-aaae-2e0c138d049e",NA,"2091753560"
32.192448,-110.86917,1,"Accipitridae","Buteo jamaicensis",2017,11,8,"4fa7b334-ce0d-4e88-aaae-2e0c138d049e",NA,"2091748872"
32.203748,-110.861108,NA,"Picidae","Melanerpes uropygialis",2021,4,18,"50c9509d-22c7-4a22-a47d-8c48425ef4a7","iNaturalist research-grade observations","3096999019"
32.204217,-110.862542,NA,"Mimidae","Mimus polyglottos",2021,6,9,"50c9509d-22c7-4a22-a47d-8c48425ef4a7","iNaturalist research-grade observations","3302165420"
32.201057,-110.874649,NA,"Columbidae","Streptopelia decaocto",2021,9,12,"50c9509d-22c7-4a22-a47d-8c48425ef4a7","iNaturalist research-grade observations","3384673761"
32.204323,-110.863644,NA,"Trochilidae","Calypte costae",2020,6,15,"50c9509d-22c7-4a22-a47d-8c48425ef4a7","iNaturalist research-grade observations","2802795041"
32.204688,-110.859612,NA,"Columbidae","Zenaida asiatica",2017,4,26,"50c9509d-22c7-4a22-a47d-8c48425ef4a7","iNaturalist research-grade observations","1500326380"
