"decimalLatitude","decimalLongitude","individualCount","family","species","year","month","day","datasetKey","datasetName","gbifID","lifeStage"
32.23883,-110.8001,1,"Falconidae","Falco peregrinus",2019,7,9,"4fa7b334-ce0d-4e88-aaae-2e0c138d049e",NA,"2699628216",NA
32.23883,-110.8001,1,"Falconidae","Falco peregrinus",2019,7,9,"4fa7b334-ce0d-4e88-aaae-2e0c138d049e",NA,"2686918036",NA
32.239739,-110.800482,NA,"Picidae","Melanerpes uropygialis",2021,2,13,"50c9509d-22c7-4a22-a47d-8c48425ef4a7","iNaturalist research-grade observations","3902056502",NA
32.24071,-110.801049,NA,"Columbidae","Zenaida macroura",2021,2,16,"50c9509d-22c7-4a22-a47d-8c48425ef4a7","iNaturalist research-grade observations","3044671365",NA
32.237604,-110.79812,NA,"Cuculidae","Geococcyx californianus",2021,8,30,"50c9509d-22c7-4a22-a47d-8c48425ef4a7","iNaturalist research-grade observations","3355588363",NA
32.239111,-110.798463,NA,"Accipitridae","Accipiter cooperii",2020,3,30,"50c9509d-22c7-4a22-a47d-8c48425ef4a7","iNaturalist research-grade observations","2596345959",NA
32.237514,-110.800158,NA,"Parulidae","Leiothlypis luciae",2020,4,13,"50c9509d-22c7-4a22-a47d-8c48425ef4a7","iNaturalist research-grade observations","2603479001",NA
32.237514,-110.800158,NA,"Odontophoridae","Callipepla gambelii",2020,4,13,"50c9509d-22c7-4a22-a47d-8c48425ef4a7","iNaturalist research-grade observations","2603487043",NA
32.237514,-110.800158,NA,"Fringillidae","Haemorhous mexicanus",2020,4,12,"50c9509d-22c7-4a22-a47d-8c48425ef4a7","iNaturalist research-grade observations","2603289598",NA
32.237514,-110.800158,NA,"Trochilidae","Archilochus alexandri",2020,4,12,"50c9509d-22c7-4a22-a47d-8c48425ef4a7","iNaturalist research-grade observations","2603301619",NA
32.237514,-110.800158,NA,"Fringillidae","Spinus psaltria",2020,4,12,"50c9509d-22c7-4a22-a47d-8c48425ef4a7","iNaturalist research-grade observations","2603303573",NA
32.237514,-110.800158,NA,"Columbidae","Zenaida macroura",2020,4,12,"50c9509d-22c7-4a22-a47d-8c48425ef4a7","iNaturalist research-grade observations","2603291588",NA
32.237514,-110.800158,NA,"Passeridae","Passer domesticus",2020,4,12,"50c9509d-22c7-4a22-a47d-8c48425ef4a7","iNaturalist research-grade observations","2603321624",NA
32.237514,-110.800158,NA,"Remizidae","Auriparus flaviceps",2020,4,12,"50c9509d-22c7-4a22-a47d-8c48425ef4a7","iNaturalist research-grade observations","2603347648",NA
32.237514,-110.800158,NA,"Trochilidae","Cynanthus latirostris",2020,4,12,"50c9509d-22c7-4a22-a47d-8c48425ef4a7","iNaturalist research-grade observations","2603417896",NA
32.237514,-110.800158,NA,"Columbidae","Zenaida asiatica",2020,4,12,"50c9509d-22c7-4a22-a47d-8c48425ef4a7","iNaturalist research-grade observations","2603419882",NA
32.237514,-110.800158,NA,"Cardinalidae","Cardinalis cardinalis",2020,8,1,"50c9509d-22c7-4a22-a47d-8c48425ef4a7","iNaturalist research-grade observations","2850601972","Adult"
32.237514,-110.800158,NA,"Icteridae","Icterus cucullatus",2020,8,2,"50c9509d-22c7-4a22-a47d-8c48425ef4a7","iNaturalist research-grade observations","2850960015",NA
32.237514,-110.800158,NA,"Falconidae","Falco sparverius",2020,8,20,"50c9509d-22c7-4a22-a47d-8c48425ef4a7","iNaturalist research-grade observations","2851306603",NA
32.237514,-110.800158,NA,"Mimidae","Mimus polyglottos",2020,9,9,"50c9509d-22c7-4a22-a47d-8c48425ef4a7","iNaturalist research-grade observations","2901787514",NA
32.237514,-110.800158,NA,"Vireonidae","Vireo gilvus",2020,9,9,"50c9509d-22c7-4a22-a47d-8c48425ef4a7","iNaturalist research-grade observations","2864655601",NA
32.242377,-110.799722,NA,"Columbidae","Zenaida macroura",2019,7,21,"50c9509d-22c7-4a22-a47d-8c48425ef4a7","iNaturalist research-grade observations","2294619654",NA
32.242377,-110.799722,NA,"Fringillidae","Haemorhous mexicanus",2019,7,21,"50c9509d-22c7-4a22-a47d-8c48425ef4a7","iNaturalist research-grade observations","2294618364",NA
32.242256,-110.798421,NA,"Mimidae","Mimus polyglottos",2019,7,26,"50c9509d-22c7-4a22-a47d-8c48425ef4a7","iNaturalist research-grade observations","2311328082",NA
32.242256,-110.798421,NA,"Tyrannidae","Myiarchus tyrannulus",2019,7,26,"50c9509d-22c7-4a22-a47d-8c48425ef4a7","iNaturalist research-grade observations","2311329405",NA
32.241913,-110.798405,NA,"Polioptilidae","Polioptila melanura",2019,8,16,"50c9509d-22c7-4a22-a47d-8c48425ef4a7","iNaturalist research-grade observations","2366059020",NA
32.242222,-110.798485,NA,"Trochilidae","Calypte anna",2019,8,22,"50c9509d-22c7-4a22-a47d-8c48425ef4a7","iNaturalist research-grade observations","2366156968",NA
32.242222,-110.798485,NA,"Trochilidae","Cynanthus latirostris",2019,8,22,"50c9509d-22c7-4a22-a47d-8c48425ef4a7","iNaturalist research-grade observations","2366156804",NA
32.242222,-110.798485,NA,"Vireonidae","Vireo bellii",2019,8,22,"50c9509d-22c7-4a22-a47d-8c48425ef4a7","iNaturalist research-grade observations","2397511688",NA
32.242264,-110.798348,NA,"Trochilidae","Cynanthus latirostris",2018,4,15,"50c9509d-22c7-4a22-a47d-8c48425ef4a7","iNaturalist research-grade observations","1838358712",NA
32.242361,-110.79835,NA,"Trochilidae","Calypte anna",2018,4,15,"50c9509d-22c7-4a22-a47d-8c48425ef4a7","iNaturalist research-grade observations","1913142849",NA
