"decimalLatitude","decimalLongitude","individualCount","family","species","year","month","day","datasetKey","datasetName","gbifID"
32.20526,-110.93877,1,"Accipitridae","Accipiter cooperii",2021,5,11,"4fa7b334-ce0d-4e88-aaae-2e0c138d049e",NA,"3684823252"
32.20526,-110.93877,2,"Columbidae","Zenaida asiatica",2021,5,11,"4fa7b334-ce0d-4e88-aaae-2e0c138d049e",NA,"3569514087"
32.20526,-110.93877,2,"Columbidae","Zenaida macroura",2021,5,11,"4fa7b334-ce0d-4e88-aaae-2e0c138d049e",NA,"3575332668"
32.20526,-110.93877,1,"Mimidae","Mimus polyglottos",2021,5,11,"4fa7b334-ce0d-4e88-aaae-2e0c138d049e",NA,"3572863921"
32.20526,-110.93877,1,"Parulidae","Leiothlypis luciae",2021,5,11,"4fa7b334-ce0d-4e88-aaae-2e0c138d049e",NA,"3557819511"
32.20526,-110.93877,1,"Picidae","Melanerpes uropygialis",2021,5,11,"4fa7b334-ce0d-4e88-aaae-2e0c138d049e",NA,"3556689434"
32.20526,-110.93877,10,"Columbidae","Columba livia",2021,5,11,"4fa7b334-ce0d-4e88-aaae-2e0c138d049e",NA,"3550997747"
32.20526,-110.93877,2,"Columbidae","Zenaida asiatica",2021,5,11,"4fa7b334-ce0d-4e88-aaae-2e0c138d049e",NA,"3689386445"
32.20526,-110.93877,2,"Columbidae","Zenaida macroura",2021,5,11,"4fa7b334-ce0d-4e88-aaae-2e0c138d049e",NA,"3690674487"
32.20526,-110.93877,1,"Mimidae","Mimus polyglottos",2021,5,11,"4fa7b334-ce0d-4e88-aaae-2e0c138d049e",NA,"3687001968"
32.20526,-110.93877,1,"Parulidae","Leiothlypis luciae",2021,5,11,"4fa7b334-ce0d-4e88-aaae-2e0c138d049e",NA,"3688239529"
32.20526,-110.93877,1,"Picidae","Melanerpes uropygialis",2021,5,11,"4fa7b334-ce0d-4e88-aaae-2e0c138d049e",NA,"3526855755"
32.20526,-110.93877,10,"Columbidae","Columba livia",2021,5,11,"4fa7b334-ce0d-4e88-aaae-2e0c138d049e",NA,"3527849341"
32.20526,-110.93877,1,"Accipitridae","Accipiter cooperii",2021,5,11,"4fa7b334-ce0d-4e88-aaae-2e0c138d049e",NA,"3602468536"
32.206554,-110.94114,1,"Cathartidae","Cathartes aura",2021,9,7,"4fa7b334-ce0d-4e88-aaae-2e0c138d049e",NA,"3641459973"
32.206554,-110.94114,1,"Accipitridae","Buteo jamaicensis",2020,12,10,"4fa7b334-ce0d-4e88-aaae-2e0c138d049e",NA,"3195123058"
32.206554,-110.94114,22,"Columbidae","Columba livia",2020,12,10,"4fa7b334-ce0d-4e88-aaae-2e0c138d049e",NA,"3197957937"
32.20526,-110.93877,4,"Columbidae","Columba livia",2019,5,10,"4fa7b334-ce0d-4e88-aaae-2e0c138d049e",NA,"2735263442"
32.20526,-110.93877,1,"Columbidae","Streptopelia decaocto",2019,5,10,"4fa7b334-ce0d-4e88-aaae-2e0c138d049e",NA,"2760270492"
32.20526,-110.93877,2,"Columbidae","Zenaida macroura",2019,5,10,"4fa7b334-ce0d-4e88-aaae-2e0c138d049e",NA,"2776182341"
32.20526,-110.93877,7,"Columbidae","Zenaida asiatica",2019,5,10,"4fa7b334-ce0d-4e88-aaae-2e0c138d049e",NA,"2752829399"
32.20526,-110.93877,4,"Columbidae","Columba livia",2019,5,10,"4fa7b334-ce0d-4e88-aaae-2e0c138d049e",NA,"2774943450"
32.20526,-110.93877,1,"Columbidae","Streptopelia decaocto",2019,5,10,"4fa7b334-ce0d-4e88-aaae-2e0c138d049e",NA,"2761052384"
32.20526,-110.93877,2,"Columbidae","Zenaida macroura",2019,5,10,"4fa7b334-ce0d-4e88-aaae-2e0c138d049e",NA,"2735966375"
32.20526,-110.93877,7,"Columbidae","Zenaida asiatica",2019,5,10,"4fa7b334-ce0d-4e88-aaae-2e0c138d049e",NA,"2733760442"
32.206554,-110.94114,42,"Columbidae","Columba livia",2019,12,27,"4fa7b334-ce0d-4e88-aaae-2e0c138d049e",NA,"2713614558"
32.206554,-110.94114,1,"Accipitridae","Buteo jamaicensis",2019,12,27,"4fa7b334-ce0d-4e88-aaae-2e0c138d049e",NA,"2724292572"
32.206554,-110.94114,1,"Falconidae","Falco sparverius",2018,4,25,"4fa7b334-ce0d-4e88-aaae-2e0c138d049e",NA,"2138921249"
32.206554,-110.94114,30,"Columbidae","Columba livia",2018,4,25,"4fa7b334-ce0d-4e88-aaae-2e0c138d049e",NA,"2151204339"
32.206554,-110.94114,3,"Columbidae","Zenaida macroura",2018,4,26,"4fa7b334-ce0d-4e88-aaae-2e0c138d049e",NA,"2155542997"
32.206554,-110.94114,1,"Accipitridae","Accipiter cooperii",2017,1,19,"4fa7b334-ce0d-4e88-aaae-2e0c138d049e",NA,"2035191079"
32.206554,-110.94114,4,"Columbidae","Columba livia",2017,1,19,"4fa7b334-ce0d-4e88-aaae-2e0c138d049e",NA,"2039697507"
32.206554,-110.94114,1,"Accipitridae","Buteo jamaicensis",2017,3,7,"4fa7b334-ce0d-4e88-aaae-2e0c138d049e",NA,"2045232837"
32.206554,-110.94114,14,"Columbidae","Columba livia",2017,3,7,"4fa7b334-ce0d-4e88-aaae-2e0c138d049e",NA,"2045232424"
32.206554,-110.94114,1,"Columbidae","Zenaida macroura",2017,6,27,"4fa7b334-ce0d-4e88-aaae-2e0c138d049e",NA,"2083743383"
32.206554,-110.94114,3,"Columbidae","Columba livia",2017,6,27,"4fa7b334-ce0d-4e88-aaae-2e0c138d049e",NA,"2077916913"
32.206554,-110.94114,50,"Columbidae","Columba livia",2017,11,22,"4fa7b334-ce0d-4e88-aaae-2e0c138d049e",NA,"2106707963"
32.206554,-110.94114,1,"Accipitridae","Buteo jamaicensis",2017,11,22,"4fa7b334-ce0d-4e88-aaae-2e0c138d049e",NA,"2106698045"
32.206554,-110.94114,1,"Accipitridae","Accipiter cooperii",2017,12,3,"4fa7b334-ce0d-4e88-aaae-2e0c138d049e",NA,"2108722312"
32.206554,-110.94114,50,"Columbidae","Columba livia",2017,12,3,"4fa7b334-ce0d-4e88-aaae-2e0c138d049e",NA,"2108722668"
32.206554,-110.94114,50,"Columbidae","Columba livia",2017,12,16,"4fa7b334-ce0d-4e88-aaae-2e0c138d049e",NA,"2120505425"
32.206554,-110.94114,1,"Accipitridae","Buteo jamaicensis",2017,12,16,"4fa7b334-ce0d-4e88-aaae-2e0c138d049e",NA,"2111317831"
