"decimalLatitude","decimalLongitude","individualCount","family","species","year","month","day","datasetKey","gbifID"
32.217026,-110.89608,6,"Turdidae","Sialia mexicana",2021,1,2,"4fa7b334-ce0d-4e88-aaae-2e0c138d049e","3504523584"
32.217026,-110.89608,12,"Columbidae","Columba livia",2021,1,2,"4fa7b334-ce0d-4e88-aaae-2e0c138d049e","3504730524"
32.217026,-110.89608,14,"Fringillidae","Haemorhous mexicanus",2021,1,2,"4fa7b334-ce0d-4e88-aaae-2e0c138d049e","3507108469"
32.217026,-110.89608,11,"Columbidae","Zenaida macroura",2021,1,2,"4fa7b334-ce0d-4e88-aaae-2e0c138d049e","3510201323"
32.217026,-110.89608,5,"Emberizidae","Junco hyemalis",2021,1,2,"4fa7b334-ce0d-4e88-aaae-2e0c138d049e","3513519197"
32.217026,-110.89608,5,"Fringillidae","Spinus psaltria",2021,1,2,"4fa7b334-ce0d-4e88-aaae-2e0c138d049e","3515980049"
32.217026,-110.89608,1,"Remizidae","Auriparus flaviceps",2021,1,2,"4fa7b334-ce0d-4e88-aaae-2e0c138d049e","3517810900"
32.217026,-110.89608,3,"Picidae","Melanerpes uropygialis",2021,1,2,"4fa7b334-ce0d-4e88-aaae-2e0c138d049e","3504623663"
32.217026,-110.89608,1,"Mimidae","Mimus polyglottos",2021,1,2,"4fa7b334-ce0d-4e88-aaae-2e0c138d049e","3504650653"
32.217026,-110.89608,9,"Sturnidae","Sturnus vulgaris",2021,1,2,"4fa7b334-ce0d-4e88-aaae-2e0c138d049e","3504609690"
32.217026,-110.89608,1,"Tyrannidae","Pyrocephalus rubinus",2021,1,2,"4fa7b334-ce0d-4e88-aaae-2e0c138d049e","3504953653"
32.217026,-110.89608,6,"Parulidae","Setophaga coronata",2021,1,2,"4fa7b334-ce0d-4e88-aaae-2e0c138d049e","3504676606"
32.217026,-110.89608,1,"Columbidae","Streptopelia decaocto",2021,1,2,"4fa7b334-ce0d-4e88-aaae-2e0c138d049e","3506268544"
32.217026,-110.89608,1,"Mimidae","Mimus polyglottos",2021,1,8,"4fa7b334-ce0d-4e88-aaae-2e0c138d049e","3511081083"
32.217026,-110.89608,11,"Sturnidae","Sturnus vulgaris",2021,1,8,"4fa7b334-ce0d-4e88-aaae-2e0c138d049e","3512554684"
32.217026,-110.89608,13,"Fringillidae","Haemorhous mexicanus",2021,1,8,"4fa7b334-ce0d-4e88-aaae-2e0c138d049e","3520818073"
32.217026,-110.89608,1,"Emberizidae","Zonotrichia leucophrys",2021,1,8,"4fa7b334-ce0d-4e88-aaae-2e0c138d049e","3528969554"
32.217026,-110.89608,4,"Emberizidae","Spizella passerina",2021,1,8,"4fa7b334-ce0d-4e88-aaae-2e0c138d049e","3531250952"
32.217026,-110.89608,3,"Fringillidae","Spinus psaltria",2021,1,8,"4fa7b334-ce0d-4e88-aaae-2e0c138d049e","3539116324"
32.217026,-110.89608,4,"Columbidae","Zenaida macroura",2021,1,8,"4fa7b334-ce0d-4e88-aaae-2e0c138d049e","3504570733"
32.217026,-110.89608,2,"Picidae","Melanerpes uropygialis",2021,1,8,"4fa7b334-ce0d-4e88-aaae-2e0c138d049e","3505241915"
32.217026,-110.89608,8,"Emberizidae","Junco hyemalis",2021,1,8,"4fa7b334-ce0d-4e88-aaae-2e0c138d049e","3506584914"
32.217026,-110.89608,1,"Picidae","Dryobates scalaris",2021,1,8,"4fa7b334-ce0d-4e88-aaae-2e0c138d049e","3507690836"
32.217026,-110.89608,2,"Emberizidae","Melozone aberti",2021,1,8,"4fa7b334-ce0d-4e88-aaae-2e0c138d049e","3511109578"
32.217026,-110.89608,1,"Tyrannidae","Pyrocephalus rubinus",2021,1,8,"4fa7b334-ce0d-4e88-aaae-2e0c138d049e","3511440176"
32.217026,-110.89608,6,"Parulidae","Setophaga coronata",2021,1,8,"4fa7b334-ce0d-4e88-aaae-2e0c138d049e","3515782720"
32.217026,-110.89608,1,"Emberizidae","Junco hyemalis",2021,1,15,"4fa7b334-ce0d-4e88-aaae-2e0c138d049e","3520352158"
32.217026,-110.89608,1,"Mimidae","Mimus polyglottos",2021,1,15,"4fa7b334-ce0d-4e88-aaae-2e0c138d049e","3521148181"
32.217026,-110.89608,2,"Turdidae","Sialia mexicana",2021,1,15,"4fa7b334-ce0d-4e88-aaae-2e0c138d049e","3531166143"
32.217026,-110.89608,1,"Tyrannidae","Pyrocephalus rubinus",2021,1,15,"4fa7b334-ce0d-4e88-aaae-2e0c138d049e","3536061104"
32.217026,-110.89608,9,"Fringillidae","Haemorhous mexicanus",2021,1,15,"4fa7b334-ce0d-4e88-aaae-2e0c138d049e","3547183199"
32.217026,-110.89608,2,"Fringillidae","Spinus psaltria",2021,1,15,"4fa7b334-ce0d-4e88-aaae-2e0c138d049e","3548330216"
32.217026,-110.89608,4,"Sturnidae","Sturnus vulgaris",2021,1,15,"4fa7b334-ce0d-4e88-aaae-2e0c138d049e","3552281433"
32.217026,-110.89608,1,"Emberizidae","Spizella passerina",2021,1,15,"4fa7b334-ce0d-4e88-aaae-2e0c138d049e","3508531434"
32.217026,-110.89608,2,"Passeridae","Passer domesticus",2021,1,15,"4fa7b334-ce0d-4e88-aaae-2e0c138d049e","3510743066"
32.217026,-110.89608,2,"Picidae","Melanerpes uropygialis",2021,1,15,"4fa7b334-ce0d-4e88-aaae-2e0c138d049e","3512243666"
32.217026,-110.89608,1,"Tyrannidae","Pyrocephalus rubinus",2021,1,22,"4fa7b334-ce0d-4e88-aaae-2e0c138d049e","3597406977"
32.217026,-110.89608,3,"Corvidae","Corvus corax",2021,1,22,"4fa7b334-ce0d-4e88-aaae-2e0c138d049e","3600347710"
32.217026,-110.89608,5,"Columbidae","Zenaida macroura",2021,1,22,"4fa7b334-ce0d-4e88-aaae-2e0c138d049e","3521798175"
32.217026,-110.89608,1,"Mimidae","Mimus polyglottos",2021,1,22,"4fa7b334-ce0d-4e88-aaae-2e0c138d049e","3520036986"
32.217026,-110.89608,5,"Emberizidae","Spizella passerina",2021,1,22,"4fa7b334-ce0d-4e88-aaae-2e0c138d049e","3528255533"
32.217026,-110.89608,3,"Picidae","Melanerpes uropygialis",2021,1,22,"4fa7b334-ce0d-4e88-aaae-2e0c138d049e","3661926772"
32.217026,-110.89608,13,"Fringillidae","Haemorhous mexicanus",2021,1,22,"4fa7b334-ce0d-4e88-aaae-2e0c138d049e","3659926658"
32.217026,-110.89608,8,"Parulidae","Setophaga coronata",2021,1,22,"4fa7b334-ce0d-4e88-aaae-2e0c138d049e","3660141436"
32.217026,-110.89608,8,"Fringillidae","Spinus psaltria",2021,1,22,"4fa7b334-ce0d-4e88-aaae-2e0c138d049e","3661263826"
32.217026,-110.89608,3,"Emberizidae","Junco hyemalis",2021,1,22,"4fa7b334-ce0d-4e88-aaae-2e0c138d049e","3671459161"
32.217026,-110.89608,3,"Emberizidae","Chondestes grammacus",2021,1,22,"4fa7b334-ce0d-4e88-aaae-2e0c138d049e","3672512527"
32.217026,-110.89608,2,"Emberizidae","Zonotrichia leucophrys",2021,1,22,"4fa7b334-ce0d-4e88-aaae-2e0c138d049e","3673655948"
32.217026,-110.89608,14,"Turdidae","Sialia mexicana",2021,1,22,"4fa7b334-ce0d-4e88-aaae-2e0c138d049e","3667049374"
32.217026,-110.89608,2,"Columbidae","Zenaida macroura",2021,2,9,"4fa7b334-ce0d-4e88-aaae-2e0c138d049e","3506885822"
32.217026,-110.89608,1,"Emberizidae","Chondestes grammacus",2021,2,9,"4fa7b334-ce0d-4e88-aaae-2e0c138d049e","3505945898"
32.217026,-110.89608,1,"Fringillidae","Haemorhous mexicanus",2021,2,9,"4fa7b334-ce0d-4e88-aaae-2e0c138d049e","3507399369"
32.217026,-110.89608,1,"Tyrannidae","Pyrocephalus rubinus",2021,2,9,"4fa7b334-ce0d-4e88-aaae-2e0c138d049e","3509614326"
32.217026,-110.89608,2,"Sturnidae","Sturnus vulgaris",2021,2,15,"4fa7b334-ce0d-4e88-aaae-2e0c138d049e","3507131062"
32.217026,-110.89608,1,"Mimidae","Mimus polyglottos",2021,2,15,"4fa7b334-ce0d-4e88-aaae-2e0c138d049e","3508077923"
32.217026,-110.89608,4,"Fringillidae","Spinus psaltria",2021,2,15,"4fa7b334-ce0d-4e88-aaae-2e0c138d049e","3507525220"
32.217026,-110.89608,1,"Accipitridae","Accipiter cooperii",2021,2,15,"4fa7b334-ce0d-4e88-aaae-2e0c138d049e","3510511860"
32.217026,-110.89608,2,"Picidae","Melanerpes uropygialis",2021,2,15,"4fa7b334-ce0d-4e88-aaae-2e0c138d049e","3512029732"
32.217026,-110.89608,1,"Columbidae","Streptopelia decaocto",2021,2,15,"4fa7b334-ce0d-4e88-aaae-2e0c138d049e","3516587266"
32.217026,-110.89608,6,"Fringillidae","Haemorhous mexicanus",2021,2,15,"4fa7b334-ce0d-4e88-aaae-2e0c138d049e","3515589161"
32.217026,-110.89608,4,"Emberizidae","Zonotrichia leucophrys",2021,2,15,"4fa7b334-ce0d-4e88-aaae-2e0c138d049e","3525200754"
32.217026,-110.89608,1,"Turdidae","Sialia mexicana",2021,2,15,"4fa7b334-ce0d-4e88-aaae-2e0c138d049e","3617001276"
32.217026,-110.89608,2,"Columbidae","Zenaida macroura",2021,2,15,"4fa7b334-ce0d-4e88-aaae-2e0c138d049e","3618840130"
32.215668,-110.893135,1,"Picidae","Melanerpes uropygialis",2021,2,15,"4fa7b334-ce0d-4e88-aaae-2e0c138d049e","3515791280"
32.215668,-110.893135,2,"Mimidae","Mimus polyglottos",2021,2,15,"4fa7b334-ce0d-4e88-aaae-2e0c138d049e","3516626866"
32.215668,-110.893135,1,"Fringillidae","Haemorhous mexicanus",2021,2,15,"4fa7b334-ce0d-4e88-aaae-2e0c138d049e","3526302964"
32.217026,-110.89608,2,"Emberizidae","Spizella passerina",2021,2,23,"4fa7b334-ce0d-4e88-aaae-2e0c138d049e","3590131103"
32.217026,-110.89608,9,"Fringillidae","Haemorhous mexicanus",2021,2,23,"4fa7b334-ce0d-4e88-aaae-2e0c138d049e","3588689782"
32.217026,-110.89608,2,"Mimidae","Mimus polyglottos",2021,2,23,"4fa7b334-ce0d-4e88-aaae-2e0c138d049e","3588116117"
32.217026,-110.89608,4,"Fringillidae","Spinus psaltria",2021,2,23,"4fa7b334-ce0d-4e88-aaae-2e0c138d049e","3589717901"
32.217026,-110.89608,2,"Columbidae","Zenaida macroura",2021,2,23,"4fa7b334-ce0d-4e88-aaae-2e0c138d049e","3589182904"
32.217026,-110.89608,2,"Tyrannidae","Pyrocephalus rubinus",2021,2,23,"4fa7b334-ce0d-4e88-aaae-2e0c138d049e","3590928944"
32.217026,-110.89608,2,"Fringillidae","Spinus pinus",2021,2,23,"4fa7b334-ce0d-4e88-aaae-2e0c138d049e","3590178531"
32.217026,-110.89608,1,"Picidae","Melanerpes uropygialis",2021,3,1,"4fa7b334-ce0d-4e88-aaae-2e0c138d049e","3623928703"
32.217026,-110.89608,6,"Columbidae","Zenaida macroura",2021,3,1,"4fa7b334-ce0d-4e88-aaae-2e0c138d049e","3614559606"
32.217026,-110.89608,5,"Fringillidae","Spinus psaltria",2021,3,1,"4fa7b334-ce0d-4e88-aaae-2e0c138d049e","3617226748"
32.217026,-110.89608,8,"Emberizidae","Zonotrichia leucophrys",2021,3,1,"4fa7b334-ce0d-4e88-aaae-2e0c138d049e","3615019273"
32.217026,-110.89608,11,"Fringillidae","Haemorhous mexicanus",2021,3,1,"4fa7b334-ce0d-4e88-aaae-2e0c138d049e","3617464894"
32.217026,-110.89608,4,"Turdidae","Sialia mexicana",2021,3,1,"4fa7b334-ce0d-4e88-aaae-2e0c138d049e","3622902962"
32.217026,-110.89608,2,"Parulidae","Setophaga coronata",2021,3,1,"4fa7b334-ce0d-4e88-aaae-2e0c138d049e","3664058330"
32.217026,-110.89608,1,"Columbidae","Streptopelia decaocto",2021,3,1,"4fa7b334-ce0d-4e88-aaae-2e0c138d049e","3664256473"
32.217026,-110.89608,4,"Emberizidae","Spizella passerina",2021,3,1,"4fa7b334-ce0d-4e88-aaae-2e0c138d049e","3666986285"
32.217026,-110.89608,1,"Mimidae","Mimus polyglottos",2021,3,1,"4fa7b334-ce0d-4e88-aaae-2e0c138d049e","3666139657"
32.217026,-110.89608,2,"Accipitridae","Accipiter cooperii",2021,3,1,"4fa7b334-ce0d-4e88-aaae-2e0c138d049e","3664909352"
32.217026,-110.89608,5,"Emberizidae","Junco hyemalis",2021,3,1,"4fa7b334-ce0d-4e88-aaae-2e0c138d049e","3664288680"
32.217026,-110.89608,4,"Sturnidae","Sturnus vulgaris",2021,3,1,"4fa7b334-ce0d-4e88-aaae-2e0c138d049e","3665821443"
32.217026,-110.89608,3,"Passeridae","Passer domesticus",2021,3,9,"4fa7b334-ce0d-4e88-aaae-2e0c138d049e","3513644551"
32.217026,-110.89608,2,"Turdidae","Sialia mexicana",2021,3,9,"4fa7b334-ce0d-4e88-aaae-2e0c138d049e","3515861638"
32.217026,-110.89608,14,"Fringillidae","Spinus psaltria",2021,3,9,"4fa7b334-ce0d-4e88-aaae-2e0c138d049e","3517504174"
32.217026,-110.89608,1,"Tyrannidae","Pyrocephalus rubinus",2021,3,9,"4fa7b334-ce0d-4e88-aaae-2e0c138d049e","3513337652"
32.217026,-110.89608,1,"Emberizidae","Spizella passerina",2021,3,9,"4fa7b334-ce0d-4e88-aaae-2e0c138d049e","3510359685"
32.217026,-110.89608,5,"Sturnidae","Sturnus vulgaris",2021,3,9,"4fa7b334-ce0d-4e88-aaae-2e0c138d049e","3510106423"
32.217026,-110.89608,2,"Mimidae","Mimus polyglottos",2021,3,9,"4fa7b334-ce0d-4e88-aaae-2e0c138d049e","3508901621"
32.217026,-110.89608,2,"Picidae","Melanerpes uropygialis",2021,3,9,"4fa7b334-ce0d-4e88-aaae-2e0c138d049e","3508835914"
32.217026,-110.89608,16,"Fringillidae","Haemorhous mexicanus",2021,3,9,"4fa7b334-ce0d-4e88-aaae-2e0c138d049e","3509665683"
32.217026,-110.89608,2,"Emberizidae","Zonotrichia leucophrys",2021,3,9,"4fa7b334-ce0d-4e88-aaae-2e0c138d049e","3508530552"
32.217026,-110.89608,2,"Columbidae","Columba livia",2021,3,9,"4fa7b334-ce0d-4e88-aaae-2e0c138d049e","3510233322"
32.217026,-110.89608,6,"Columbidae","Zenaida macroura",2021,3,9,"4fa7b334-ce0d-4e88-aaae-2e0c138d049e","3513200424"
32.217026,-110.89608,4,"Fringillidae","Spinus pinus",2021,3,9,"4fa7b334-ce0d-4e88-aaae-2e0c138d049e","3515637851"
32.217026,-110.89608,1,"Cardinalidae","Cardinalis cardinalis",2021,3,9,"4fa7b334-ce0d-4e88-aaae-2e0c138d049e","3517147222"
32.217026,-110.89608,2,"Sturnidae","Sturnus vulgaris",2021,3,19,"4fa7b334-ce0d-4e88-aaae-2e0c138d049e","3513868441"
32.217026,-110.89608,2,"Mimidae","Mimus polyglottos",2021,3,19,"4fa7b334-ce0d-4e88-aaae-2e0c138d049e","3515232774"
32.217026,-110.89608,7,"Emberizidae","Junco hyemalis",2021,3,19,"4fa7b334-ce0d-4e88-aaae-2e0c138d049e","3513951352"
32.217026,-110.89608,19,"Fringillidae","Haemorhous mexicanus",2021,3,19,"4fa7b334-ce0d-4e88-aaae-2e0c138d049e","3522900335"
32.217026,-110.89608,3,"Parulidae","Setophaga coronata",2021,3,19,"4fa7b334-ce0d-4e88-aaae-2e0c138d049e","3526427688"
32.217026,-110.89608,1,"Columbidae","Streptopelia decaocto",2021,3,19,"4fa7b334-ce0d-4e88-aaae-2e0c138d049e","3510680017"
32.217026,-110.89608,1,"Picidae","Melanerpes uropygialis",2021,3,19,"4fa7b334-ce0d-4e88-aaae-2e0c138d049e","3510152410"
32.217026,-110.89608,1,"Tyrannidae","Pyrocephalus rubinus",2021,3,19,"4fa7b334-ce0d-4e88-aaae-2e0c138d049e","3509943908"
32.217026,-110.89608,5,"Columbidae","Zenaida macroura",2021,3,19,"4fa7b334-ce0d-4e88-aaae-2e0c138d049e","3510392505"
32.217026,-110.89608,4,"Fringillidae","Spinus psaltria",2021,3,19,"4fa7b334-ce0d-4e88-aaae-2e0c138d049e","3510928901"
32.217026,-110.89608,3,"Emberizidae","Chondestes grammacus",2021,3,23,"4fa7b334-ce0d-4e88-aaae-2e0c138d049e","3676320938"
32.217026,-110.89608,8,"Fringillidae","Spinus psaltria",2021,3,23,"4fa7b334-ce0d-4e88-aaae-2e0c138d049e","3672812741"
32.217026,-110.89608,1,"Tyrannidae","Sayornis nigricans",2021,3,23,"4fa7b334-ce0d-4e88-aaae-2e0c138d049e","3674583357"
32.217026,-110.89608,2,"Mimidae","Mimus polyglottos",2021,3,23,"4fa7b334-ce0d-4e88-aaae-2e0c138d049e","3671751849"
32.217026,-110.89608,15,"Fringillidae","Haemorhous mexicanus",2021,3,23,"4fa7b334-ce0d-4e88-aaae-2e0c138d049e","3673913586"
32.217026,-110.89608,1,"Tyrannidae","Pyrocephalus rubinus",2021,3,23,"4fa7b334-ce0d-4e88-aaae-2e0c138d049e","3673983334"
32.217026,-110.89608,2,"Picidae","Melanerpes uropygialis",2021,3,23,"4fa7b334-ce0d-4e88-aaae-2e0c138d049e","3640864980"
32.217026,-110.89608,2,"Emberizidae","Junco hyemalis",2021,3,23,"4fa7b334-ce0d-4e88-aaae-2e0c138d049e","3646889293"
32.217026,-110.89608,9,"Emberizidae","Spizella passerina",2021,3,23,"4fa7b334-ce0d-4e88-aaae-2e0c138d049e","3652079266"
32.217026,-110.89608,22,"Passeridae","Passer domesticus",2021,4,8,"4fa7b334-ce0d-4e88-aaae-2e0c138d049e","3589769992"
32.217026,-110.89608,13,"Fringillidae","Haemorhous mexicanus",2021,4,8,"4fa7b334-ce0d-4e88-aaae-2e0c138d049e","3606486098"
32.217026,-110.89608,1,"Picidae","Melanerpes uropygialis",2021,4,8,"4fa7b334-ce0d-4e88-aaae-2e0c138d049e","3548006978"
32.217026,-110.89608,3,"Emberizidae","Spizella passerina",2021,4,8,"4fa7b334-ce0d-4e88-aaae-2e0c138d049e","3558907131"
32.217026,-110.89608,1,"Columbidae","Zenaida asiatica",2021,4,8,"4fa7b334-ce0d-4e88-aaae-2e0c138d049e","3557911818"
32.217026,-110.89608,2,"Mimidae","Mimus polyglottos",2021,4,8,"4fa7b334-ce0d-4e88-aaae-2e0c138d049e","3561333286"
32.217026,-110.89608,8,"Sturnidae","Sturnus vulgaris",2021,4,8,"4fa7b334-ce0d-4e88-aaae-2e0c138d049e","3553051416"
32.217026,-110.89608,4,"Columbidae","Zenaida macroura",2021,4,8,"4fa7b334-ce0d-4e88-aaae-2e0c138d049e","3523371850"
32.217026,-110.89608,1,"Accipitridae","Accipiter cooperii",2021,4,8,"4fa7b334-ce0d-4e88-aaae-2e0c138d049e","3524633216"
32.217026,-110.89608,1,"Fringillidae","Spinus psaltria",2021,4,8,"4fa7b334-ce0d-4e88-aaae-2e0c138d049e","3529941753"
32.217026,-110.89608,1,"Trochilidae","Calypte anna",2021,4,8,"4fa7b334-ce0d-4e88-aaae-2e0c138d049e","3537996337"
32.217026,-110.89608,12,"Passeridae","Passer domesticus",2021,4,15,"4fa7b334-ce0d-4e88-aaae-2e0c138d049e","3605082600"
32.217026,-110.89608,1,"Mimidae","Mimus polyglottos",2021,4,15,"4fa7b334-ce0d-4e88-aaae-2e0c138d049e","3597206062"
32.217026,-110.89608,1,"Tyrannidae","Pyrocephalus rubinus",2021,4,15,"4fa7b334-ce0d-4e88-aaae-2e0c138d049e","3593464423"
32.217026,-110.89608,11,"Fringillidae","Haemorhous mexicanus",2021,4,15,"4fa7b334-ce0d-4e88-aaae-2e0c138d049e","3594397089"
32.217026,-110.89608,1,"Sturnidae","Sturnus vulgaris",2021,4,15,"4fa7b334-ce0d-4e88-aaae-2e0c138d049e","3595246681"
32.217026,-110.89608,1,"Columbidae","Zenaida macroura",2021,4,15,"4fa7b334-ce0d-4e88-aaae-2e0c138d049e","3595086485"
32.217026,-110.89608,1,"Picidae","Melanerpes uropygialis",2021,4,15,"4fa7b334-ce0d-4e88-aaae-2e0c138d049e","3595205443"
32.217026,-110.89608,1,"Trochilidae","Calypte anna",2021,4,15,"4fa7b334-ce0d-4e88-aaae-2e0c138d049e","3593884985"
32.217026,-110.89608,1,"Mimidae","Toxostoma curvirostre",2021,4,15,"4fa7b334-ce0d-4e88-aaae-2e0c138d049e","3603418334"
32.217026,-110.89608,3,"Columbidae","Zenaida asiatica",2021,4,22,"4fa7b334-ce0d-4e88-aaae-2e0c138d049e","3548057203"
32.217026,-110.89608,1,"Mimidae","Mimus polyglottos",2021,4,22,"4fa7b334-ce0d-4e88-aaae-2e0c138d049e","3556395757"
32.217026,-110.89608,1,"Trochilidae","Calypte anna",2021,4,22,"4fa7b334-ce0d-4e88-aaae-2e0c138d049e","3528774629"
32.217026,-110.89608,4,"Columbidae","Zenaida macroura",2021,4,22,"4fa7b334-ce0d-4e88-aaae-2e0c138d049e","3532586281"
32.217026,-110.89608,2,"Passeridae","Passer domesticus",2021,4,22,"4fa7b334-ce0d-4e88-aaae-2e0c138d049e","3541554123"
32.217026,-110.89608,2,"Mimidae","Toxostoma curvirostre",2021,4,22,"4fa7b334-ce0d-4e88-aaae-2e0c138d049e","3546019063"
32.217026,-110.89608,2,"Tyrannidae","Pyrocephalus rubinus",2021,4,22,"4fa7b334-ce0d-4e88-aaae-2e0c138d049e","3549690497"
32.217026,-110.89608,23,"Fringillidae","Haemorhous mexicanus",2021,4,22,"4fa7b334-ce0d-4e88-aaae-2e0c138d049e","3515278452"
32.217026,-110.89608,1,"Picidae","Melanerpes uropygialis",2021,4,22,"4fa7b334-ce0d-4e88-aaae-2e0c138d049e","3518394045"
32.217026,-110.89608,3,"Columbidae","Zenaida asiatica",2021,5,4,"4fa7b334-ce0d-4e88-aaae-2e0c138d049e","3637816352"
32.217026,-110.89608,3,"Tyrannidae","Pyrocephalus rubinus",2021,5,4,"4fa7b334-ce0d-4e88-aaae-2e0c138d049e","3641477645"
32.217026,-110.89608,2,"Emberizidae","Chondestes grammacus",2021,5,4,"4fa7b334-ce0d-4e88-aaae-2e0c138d049e","3652370921"
32.217026,-110.89608,8,"Fringillidae","Haemorhous mexicanus",2021,5,4,"4fa7b334-ce0d-4e88-aaae-2e0c138d049e","3653025875"
32.217026,-110.89608,3,"Mimidae","Mimus polyglottos",2021,5,4,"4fa7b334-ce0d-4e88-aaae-2e0c138d049e","3655570032"
32.217026,-110.89608,5,"Columbidae","Zenaida macroura",2021,5,4,"4fa7b334-ce0d-4e88-aaae-2e0c138d049e","3628884524"
32.217026,-110.89608,1,"Picidae","Melanerpes uropygialis",2021,5,4,"4fa7b334-ce0d-4e88-aaae-2e0c138d049e","3669781352"
32.217026,-110.89608,1,"Picidae","Melanerpes uropygialis",2021,5,10,"4fa7b334-ce0d-4e88-aaae-2e0c138d049e","3567079059"
32.217026,-110.89608,4,"Tyrannidae","Pyrocephalus rubinus",2021,5,10,"4fa7b334-ce0d-4e88-aaae-2e0c138d049e","3554415868"
32.217026,-110.89608,1,"Trochilidae","Calypte anna",2021,5,10,"4fa7b334-ce0d-4e88-aaae-2e0c138d049e","3552012599"
32.217026,-110.89608,5,"Fringillidae","Haemorhous mexicanus",2021,5,10,"4fa7b334-ce0d-4e88-aaae-2e0c138d049e","3543739002"
32.217026,-110.89608,2,"Columbidae","Zenaida asiatica",2021,5,10,"4fa7b334-ce0d-4e88-aaae-2e0c138d049e","3541853268"
32.217026,-110.89608,6,"Columbidae","Zenaida macroura",2021,5,10,"4fa7b334-ce0d-4e88-aaae-2e0c138d049e","3534631954"
32.217026,-110.89608,4,"Mimidae","Mimus polyglottos",2021,5,10,"4fa7b334-ce0d-4e88-aaae-2e0c138d049e","3529570033"
32.217026,-110.89608,11,"Passeridae","Passer domesticus",2021,5,10,"4fa7b334-ce0d-4e88-aaae-2e0c138d049e","3528559680"
32.217026,-110.89608,9,"Passeridae","Passer domesticus",2021,5,18,"4fa7b334-ce0d-4e88-aaae-2e0c138d049e","3612659575"
32.217026,-110.89608,1,"Picidae","Melanerpes uropygialis",2021,5,18,"4fa7b334-ce0d-4e88-aaae-2e0c138d049e","3612777606"
32.217026,-110.89608,2,"Mimidae","Mimus polyglottos",2021,5,18,"4fa7b334-ce0d-4e88-aaae-2e0c138d049e","3621204011"
32.217026,-110.89608,3,"Columbidae","Zenaida macroura",2021,5,18,"4fa7b334-ce0d-4e88-aaae-2e0c138d049e","3625176904"
32.217026,-110.89608,2,"Tyrannidae","Pyrocephalus rubinus",2021,5,18,"4fa7b334-ce0d-4e88-aaae-2e0c138d049e","3600712181"
32.217026,-110.89608,3,"Columbidae","Zenaida asiatica",2021,5,18,"4fa7b334-ce0d-4e88-aaae-2e0c138d049e","3601170442"
32.217026,-110.89608,1,"Sturnidae","Sturnus vulgaris",2021,5,18,"4fa7b334-ce0d-4e88-aaae-2e0c138d049e","3545295874"
32.217026,-110.89608,1,"Parulidae","Setophaga petechia",2021,5,18,"4fa7b334-ce0d-4e88-aaae-2e0c138d049e","3520727438"
32.217026,-110.89608,13,"Fringillidae","Haemorhous mexicanus",2021,5,18,"4fa7b334-ce0d-4e88-aaae-2e0c138d049e","3520800916"
32.217026,-110.89608,3,"Mimidae","Mimus polyglottos",2021,5,24,"4fa7b334-ce0d-4e88-aaae-2e0c138d049e","3542080307"
32.217026,-110.89608,4,"Columbidae","Zenaida asiatica",2021,5,24,"4fa7b334-ce0d-4e88-aaae-2e0c138d049e","3556025966"
32.217026,-110.89608,1,"Columbidae","Streptopelia decaocto",2021,5,24,"4fa7b334-ce0d-4e88-aaae-2e0c138d049e","3564342542"
32.217026,-110.89608,6,"Passeridae","Passer domesticus",2021,5,24,"4fa7b334-ce0d-4e88-aaae-2e0c138d049e","3563291218"
32.217026,-110.89608,3,"Fringillidae","Haemorhous mexicanus",2021,5,24,"4fa7b334-ce0d-4e88-aaae-2e0c138d049e","3530413712"
32.217026,-110.89608,1,"Fringillidae","Spinus psaltria",2021,5,24,"4fa7b334-ce0d-4e88-aaae-2e0c138d049e","3532467017"
32.217026,-110.89608,2,"Picidae","Melanerpes uropygialis",2021,5,24,"4fa7b334-ce0d-4e88-aaae-2e0c138d049e","3532675702"
32.217026,-110.89608,4,"Columbidae","Zenaida macroura",2021,5,24,"4fa7b334-ce0d-4e88-aaae-2e0c138d049e","3536467542"
32.217026,-110.89608,2,"Emberizidae","Melozone aberti",2021,6,1,"4fa7b334-ce0d-4e88-aaae-2e0c138d049e","3675281137"
32.217026,-110.89608,1,"Columbidae","Zenaida asiatica",2021,6,1,"4fa7b334-ce0d-4e88-aaae-2e0c138d049e","3614572480"
32.217026,-110.89608,6,"Fringillidae","Haemorhous mexicanus",2021,6,1,"4fa7b334-ce0d-4e88-aaae-2e0c138d049e","3607424624"
32.217026,-110.89608,1,"Columbidae","Streptopelia decaocto",2021,6,1,"4fa7b334-ce0d-4e88-aaae-2e0c138d049e","3606378629"
32.217026,-110.89608,1,"Picidae","Melanerpes uropygialis",2021,6,1,"4fa7b334-ce0d-4e88-aaae-2e0c138d049e","3639348348"
32.217026,-110.89608,2,"Mimidae","Mimus polyglottos",2021,6,1,"4fa7b334-ce0d-4e88-aaae-2e0c138d049e","3636725940"
32.217026,-110.89608,2,"Picidae","Melanerpes uropygialis",2021,6,8,"4fa7b334-ce0d-4e88-aaae-2e0c138d049e","3617711677"
32.217026,-110.89608,23,"Fringillidae","Haemorhous mexicanus",2021,6,8,"4fa7b334-ce0d-4e88-aaae-2e0c138d049e","3625756622"
32.217026,-110.89608,1,"Columbidae","Streptopelia decaocto",2021,6,8,"4fa7b334-ce0d-4e88-aaae-2e0c138d049e","3629340097"
32.217026,-110.89608,1,"Columbidae","Zenaida asiatica",2021,6,8,"4fa7b334-ce0d-4e88-aaae-2e0c138d049e","3643587698"
32.217026,-110.89608,2,"Mimidae","Mimus polyglottos",2021,6,8,"4fa7b334-ce0d-4e88-aaae-2e0c138d049e","3634507974"
32.217026,-110.89608,1,"Mimidae","Toxostoma curvirostre",2021,6,8,"4fa7b334-ce0d-4e88-aaae-2e0c138d049e","3622859173"
32.217026,-110.89608,9,"Passeridae","Passer domesticus",2021,6,8,"4fa7b334-ce0d-4e88-aaae-2e0c138d049e","3619292944"
32.217026,-110.89608,1,"Emberizidae","Melozone aberti",2021,6,15,"4fa7b334-ce0d-4e88-aaae-2e0c138d049e","3646754558"
32.217026,-110.89608,14,"Passeridae","Passer domesticus",2021,6,15,"4fa7b334-ce0d-4e88-aaae-2e0c138d049e","3643275509"
32.217026,-110.89608,4,"Fringillidae","Haemorhous mexicanus",2021,6,15,"4fa7b334-ce0d-4e88-aaae-2e0c138d049e","3639603402"
32.217026,-110.89608,1,"Mimidae","Mimus polyglottos",2021,6,15,"4fa7b334-ce0d-4e88-aaae-2e0c138d049e","3527376389"
32.217026,-110.89608,2,"Picidae","Melanerpes uropygialis",2021,6,15,"4fa7b334-ce0d-4e88-aaae-2e0c138d049e","3528056094"
32.217026,-110.89608,2,"Columbidae","Columba livia",2021,6,15,"4fa7b334-ce0d-4e88-aaae-2e0c138d049e","3528325892"
32.217026,-110.89608,1,"Tyrannidae","Pyrocephalus rubinus",2021,6,15,"4fa7b334-ce0d-4e88-aaae-2e0c138d049e","3537087677"
32.217026,-110.89608,3,"Columbidae","Zenaida asiatica",2021,6,15,"4fa7b334-ce0d-4e88-aaae-2e0c138d049e","3538646852"
32.217026,-110.89608,1,"Picidae","Melanerpes uropygialis",2021,6,27,"4fa7b334-ce0d-4e88-aaae-2e0c138d049e","3528708548"
32.217026,-110.89608,1,"Trochilidae","Cynanthus latirostris",2021,6,27,"4fa7b334-ce0d-4e88-aaae-2e0c138d049e","3632834128"
32.217026,-110.89608,1,"Emberizidae","Melozone aberti",2021,6,27,"4fa7b334-ce0d-4e88-aaae-2e0c138d049e","3659529287"
32.217026,-110.89608,4,"Mimidae","Mimus polyglottos",2021,6,27,"4fa7b334-ce0d-4e88-aaae-2e0c138d049e","3662192334"
32.217026,-110.89608,11,"Passeridae","Passer domesticus",2021,6,27,"4fa7b334-ce0d-4e88-aaae-2e0c138d049e","3652307421"
32.217026,-110.89608,1,"Tyrannidae","Pyrocephalus rubinus",2021,6,27,"4fa7b334-ce0d-4e88-aaae-2e0c138d049e","3663128957"
32.217026,-110.89608,3,"Fringillidae","Haemorhous mexicanus",2021,6,27,"4fa7b334-ce0d-4e88-aaae-2e0c138d049e","3661462244"
32.217026,-110.89608,3,"Columbidae","Zenaida macroura",2021,6,27,"4fa7b334-ce0d-4e88-aaae-2e0c138d049e","3661398851"
32.217026,-110.89608,3,"Columbidae","Zenaida asiatica",2021,6,27,"4fa7b334-ce0d-4e88-aaae-2e0c138d049e","3644386624"
32.217026,-110.89608,8,"Passeridae","Passer domesticus",2021,7,2,"4fa7b334-ce0d-4e88-aaae-2e0c138d049e","3614899000"
32.217026,-110.89608,5,"Columbidae","Zenaida asiatica",2021,7,2,"4fa7b334-ce0d-4e88-aaae-2e0c138d049e","3622315294"
32.217026,-110.89608,3,"Trochilidae","Calypte anna",2021,7,2,"4fa7b334-ce0d-4e88-aaae-2e0c138d049e","3622818770"
32.217026,-110.89608,1,"Sturnidae","Sturnus vulgaris",2021,7,2,"4fa7b334-ce0d-4e88-aaae-2e0c138d049e","3599668091"
32.217026,-110.89608,4,"Tyrannidae","Pyrocephalus rubinus",2021,7,2,"4fa7b334-ce0d-4e88-aaae-2e0c138d049e","3600956900"
32.217026,-110.89608,3,"Columbidae","Zenaida macroura",2021,7,2,"4fa7b334-ce0d-4e88-aaae-2e0c138d049e","3604079507"
32.217026,-110.89608,2,"Mimidae","Mimus polyglottos",2021,7,2,"4fa7b334-ce0d-4e88-aaae-2e0c138d049e","3603466697"
32.217026,-110.89608,1,"Picidae","Melanerpes uropygialis",2021,7,8,"4fa7b334-ce0d-4e88-aaae-2e0c138d049e","3622466082"
32.217026,-110.89608,9,"Columbidae","Zenaida macroura",2021,7,8,"4fa7b334-ce0d-4e88-aaae-2e0c138d049e","3630654777"
32.217026,-110.89608,3,"Tyrannidae","Pyrocephalus rubinus",2021,7,8,"4fa7b334-ce0d-4e88-aaae-2e0c138d049e","3633696658"
32.217026,-110.89608,4,"Columbidae","Zenaida asiatica",2021,7,8,"4fa7b334-ce0d-4e88-aaae-2e0c138d049e","3636024889"
32.217026,-110.89608,5,"Fringillidae","Haemorhous mexicanus",2021,7,8,"4fa7b334-ce0d-4e88-aaae-2e0c138d049e","3629439954"
32.217026,-110.89608,14,"Passeridae","Passer domesticus",2021,7,8,"4fa7b334-ce0d-4e88-aaae-2e0c138d049e","3654306894"
32.217026,-110.89608,2,"Mimidae","Mimus polyglottos",2021,7,8,"4fa7b334-ce0d-4e88-aaae-2e0c138d049e","3611050968"
32.217026,-110.89608,1,"Mimidae","Toxostoma curvirostre",2021,7,8,"4fa7b334-ce0d-4e88-aaae-2e0c138d049e","3626961735"
32.217026,-110.89608,4,"Sturnidae","Sturnus vulgaris",2021,7,15,"4fa7b334-ce0d-4e88-aaae-2e0c138d049e","3573550400"
32.217026,-110.89608,1,"Turdidae","Turdus migratorius",2021,7,15,"4fa7b334-ce0d-4e88-aaae-2e0c138d049e","3547922851"
32.217026,-110.89608,18,"Columbidae","Zenaida asiatica",2021,7,15,"4fa7b334-ce0d-4e88-aaae-2e0c138d049e","3549318112"
32.217026,-110.89608,2,"Columbidae","Zenaida macroura",2021,7,15,"4fa7b334-ce0d-4e88-aaae-2e0c138d049e","3552568392"
32.217026,-110.89608,1,"Mimidae","Mimus polyglottos",2021,7,15,"4fa7b334-ce0d-4e88-aaae-2e0c138d049e","3552279926"
32.217026,-110.89608,2,"Tyrannidae","Pyrocephalus rubinus",2021,7,23,"4fa7b334-ce0d-4e88-aaae-2e0c138d049e","3650549704"
32.217026,-110.89608,1,"Columbidae","Zenaida macroura",2021,7,23,"4fa7b334-ce0d-4e88-aaae-2e0c138d049e","3655507256"
32.217026,-110.89608,5,"Passeridae","Passer domesticus",2021,7,23,"4fa7b334-ce0d-4e88-aaae-2e0c138d049e","3657371615"
32.217026,-110.89608,2,"Fringillidae","Haemorhous mexicanus",2021,7,23,"4fa7b334-ce0d-4e88-aaae-2e0c138d049e","3632199388"
32.217026,-110.89608,5,"Columbidae","Zenaida asiatica",2021,7,23,"4fa7b334-ce0d-4e88-aaae-2e0c138d049e","3631746223"
32.217026,-110.89608,1,"Mimidae","Mimus polyglottos",2021,7,23,"4fa7b334-ce0d-4e88-aaae-2e0c138d049e","3653693876"
32.217026,-110.89608,4,"Columbidae","Zenaida asiatica",2021,8,1,"4fa7b334-ce0d-4e88-aaae-2e0c138d049e","3647638772"
32.217026,-110.89608,4,"Columbidae","Zenaida macroura",2021,8,1,"4fa7b334-ce0d-4e88-aaae-2e0c138d049e","3651803093"
32.217026,-110.89608,2,"Mimidae","Mimus polyglottos",2021,8,1,"4fa7b334-ce0d-4e88-aaae-2e0c138d049e","3657184277"
32.217026,-110.89608,2,"Tyrannidae","Pyrocephalus rubinus",2021,8,1,"4fa7b334-ce0d-4e88-aaae-2e0c138d049e","3655880772"
32.217026,-110.89608,12,"Sturnidae","Sturnus vulgaris",2021,8,1,"4fa7b334-ce0d-4e88-aaae-2e0c138d049e","3628126848"
32.217026,-110.89608,1,"Passeridae","Passer domesticus",2021,8,1,"4fa7b334-ce0d-4e88-aaae-2e0c138d049e","3631464348"
32.217026,-110.89608,1,"Fringillidae","Spinus psaltria",2021,8,8,"4fa7b334-ce0d-4e88-aaae-2e0c138d049e","3639477181"
32.217026,-110.89608,1,"Fringillidae","Haemorhous mexicanus",2021,8,8,"4fa7b334-ce0d-4e88-aaae-2e0c138d049e","3631404958"
32.217026,-110.89608,1,"Mimidae","Mimus polyglottos",2021,8,8,"4fa7b334-ce0d-4e88-aaae-2e0c138d049e","3670787283"
32.217026,-110.89608,2,"Picidae","Melanerpes uropygialis",2021,8,8,"4fa7b334-ce0d-4e88-aaae-2e0c138d049e","3659447793"
32.217026,-110.89608,1,"Passeridae","Passer domesticus",2021,8,8,"4fa7b334-ce0d-4e88-aaae-2e0c138d049e","3669601524"
32.217026,-110.89608,1,"Tyrannidae","Pyrocephalus rubinus",2021,8,8,"4fa7b334-ce0d-4e88-aaae-2e0c138d049e","3657215542"
32.217026,-110.89608,17,"Columbidae","Zenaida asiatica",2021,8,8,"4fa7b334-ce0d-4e88-aaae-2e0c138d049e","3658016207"
32.217026,-110.89608,1,"Columbidae","Zenaida macroura",2021,8,8,"4fa7b334-ce0d-4e88-aaae-2e0c138d049e","3649626690"
32.217026,-110.89608,1,"Mimidae","Mimus polyglottos",2021,8,15,"4fa7b334-ce0d-4e88-aaae-2e0c138d049e","3624210557"
32.217026,-110.89608,4,"Fringillidae","Haemorhous mexicanus",2021,8,15,"4fa7b334-ce0d-4e88-aaae-2e0c138d049e","3626927193"
32.217026,-110.89608,2,"Columbidae","Zenaida macroura",2021,8,15,"4fa7b334-ce0d-4e88-aaae-2e0c138d049e","3617977559"
32.217026,-110.89608,3,"Columbidae","Zenaida asiatica",2021,8,15,"4fa7b334-ce0d-4e88-aaae-2e0c138d049e","3652977412"
32.217026,-110.89608,2,"Tyrannidae","Pyrocephalus rubinus",2021,8,15,"4fa7b334-ce0d-4e88-aaae-2e0c138d049e","3622424904"
32.217026,-110.89608,1,"Columbidae","Streptopelia decaocto",2021,8,15,"4fa7b334-ce0d-4e88-aaae-2e0c138d049e","3630101132"
32.217026,-110.89608,2,"Picidae","Melanerpes uropygialis",2021,8,15,"4fa7b334-ce0d-4e88-aaae-2e0c138d049e","3630282970"
32.217026,-110.89608,3,"Fringillidae","Spinus psaltria",2021,8,15,"4fa7b334-ce0d-4e88-aaae-2e0c138d049e","3632838629"
32.217026,-110.89608,3,"Fringillidae","Spinus psaltria",2021,8,22,"4fa7b334-ce0d-4e88-aaae-2e0c138d049e","3564992310"
32.217026,-110.89608,1,"Mimidae","Mimus polyglottos",2021,8,22,"4fa7b334-ce0d-4e88-aaae-2e0c138d049e","3563388685"
32.217026,-110.89608,2,"Picidae","Melanerpes uropygialis",2021,8,22,"4fa7b334-ce0d-4e88-aaae-2e0c138d049e","3566212622"
32.217026,-110.89608,2,"Tyrannidae","Pyrocephalus rubinus",2021,8,22,"4fa7b334-ce0d-4e88-aaae-2e0c138d049e","3568700403"
32.217026,-110.89608,1,"Columbidae","Zenaida macroura",2021,8,22,"4fa7b334-ce0d-4e88-aaae-2e0c138d049e","3603046930"
32.217026,-110.89608,1,"Emberizidae","Melozone aberti",2021,8,22,"4fa7b334-ce0d-4e88-aaae-2e0c138d049e","3599422372"
32.217026,-110.89608,2,"Fringillidae","Haemorhous mexicanus",2021,8,22,"4fa7b334-ce0d-4e88-aaae-2e0c138d049e","3601563873"
32.217026,-110.89608,3,"Fringillidae","Spinus psaltria",2021,9,1,"4fa7b334-ce0d-4e88-aaae-2e0c138d049e","3551454287"
32.217026,-110.89608,1,"Picidae","Melanerpes uropygialis",2021,9,1,"4fa7b334-ce0d-4e88-aaae-2e0c138d049e","3548466568"
32.217026,-110.89608,13,"Fringillidae","Haemorhous mexicanus",2021,9,1,"4fa7b334-ce0d-4e88-aaae-2e0c138d049e","3555182882"
32.217026,-110.89608,2,"Tyrannidae","Pyrocephalus rubinus",2021,9,1,"4fa7b334-ce0d-4e88-aaae-2e0c138d049e","3544177922"
32.217026,-110.89608,1,"Mimidae","Mimus polyglottos",2021,9,1,"4fa7b334-ce0d-4e88-aaae-2e0c138d049e","3654937366"
32.217026,-110.89608,1,"Trochilidae","Calypte anna",2021,9,1,"4fa7b334-ce0d-4e88-aaae-2e0c138d049e","3625418071"
32.217026,-110.89608,1,"Columbidae","Zenaida asiatica",2021,9,8,"4fa7b334-ce0d-4e88-aaae-2e0c138d049e","3655276223"
32.217026,-110.89608,1,"Fringillidae","Haemorhous mexicanus",2021,9,8,"4fa7b334-ce0d-4e88-aaae-2e0c138d049e","3660042646"
32.217026,-110.89608,2,"Picidae","Melanerpes uropygialis",2021,9,8,"4fa7b334-ce0d-4e88-aaae-2e0c138d049e","3679833143"
32.217026,-110.89608,1,"Trochilidae","Calypte anna",2021,9,8,"4fa7b334-ce0d-4e88-aaae-2e0c138d049e","3678541867"
32.217026,-110.89608,3,"Columbidae","Zenaida macroura",2021,9,8,"4fa7b334-ce0d-4e88-aaae-2e0c138d049e","3682372626"
32.217026,-110.89608,2,"Fringillidae","Spinus psaltria",2021,9,8,"4fa7b334-ce0d-4e88-aaae-2e0c138d049e","3681663998"
32.217026,-110.89608,2,"Columbidae","Streptopelia decaocto",2021,9,8,"4fa7b334-ce0d-4e88-aaae-2e0c138d049e","3681301359"
32.217026,-110.89608,2,"Columbidae","Zenaida macroura",2021,9,15,"4fa7b334-ce0d-4e88-aaae-2e0c138d049e","3546024368"
32.217026,-110.89608,2,"Picidae","Melanerpes uropygialis",2021,9,15,"4fa7b334-ce0d-4e88-aaae-2e0c138d049e","3562438792"
32.217026,-110.89608,1,"Fringillidae","Haemorhous mexicanus",2021,9,15,"4fa7b334-ce0d-4e88-aaae-2e0c138d049e","3564948722"
32.217026,-110.89608,5,"Fringillidae","Spinus psaltria",2021,9,15,"4fa7b334-ce0d-4e88-aaae-2e0c138d049e","3575144069"
32.217026,-110.89608,1,"Columbidae","Streptopelia decaocto",2021,9,15,"4fa7b334-ce0d-4e88-aaae-2e0c138d049e","3570882614"
32.217026,-110.89608,2,"Picidae","Melanerpes uropygialis",2021,9,22,"4fa7b334-ce0d-4e88-aaae-2e0c138d049e","3641587464"
32.217026,-110.89608,9,"Fringillidae","Haemorhous mexicanus",2021,9,22,"4fa7b334-ce0d-4e88-aaae-2e0c138d049e","3642650024"
32.217026,-110.89608,9,"Columbidae","Columba livia",2021,9,22,"4fa7b334-ce0d-4e88-aaae-2e0c138d049e","3650146851"
32.217026,-110.89608,18,"Columbidae","Zenaida macroura",2021,9,22,"4fa7b334-ce0d-4e88-aaae-2e0c138d049e","3689766368"
32.217026,-110.89608,1,"Passeridae","Passer domesticus",2021,10,1,"4fa7b334-ce0d-4e88-aaae-2e0c138d049e","3662774683"
32.217026,-110.89608,1,"Mimidae","Mimus polyglottos",2021,10,1,"4fa7b334-ce0d-4e88-aaae-2e0c138d049e","3662125152"
32.217026,-110.89608,1,"Fringillidae","Haemorhous mexicanus",2021,10,1,"4fa7b334-ce0d-4e88-aaae-2e0c138d049e","3662880854"
32.217026,-110.89608,1,"Picidae","Melanerpes uropygialis",2021,10,1,"4fa7b334-ce0d-4e88-aaae-2e0c138d049e","3584013771"
32.217026,-110.89608,1,"Columbidae","Zenaida macroura",2021,10,1,"4fa7b334-ce0d-4e88-aaae-2e0c138d049e","3666476056"
32.217026,-110.89608,4,"Columbidae","Columba livia",2021,10,1,"4fa7b334-ce0d-4e88-aaae-2e0c138d049e","3666940711"
32.217026,-110.89608,1,"Emberizidae","Melozone aberti",2021,10,1,"4fa7b334-ce0d-4e88-aaae-2e0c138d049e","3664018858"
32.217026,-110.89608,1,"Tyrannidae","Sayornis saya",2021,10,1,"4fa7b334-ce0d-4e88-aaae-2e0c138d049e","3666174999"
32.21902,-110.89381,2,"Fringillidae","Haemorhous mexicanus",2021,10,14,"4fa7b334-ce0d-4e88-aaae-2e0c138d049e","3581501598"
32.21902,-110.89381,1,"Passeridae","Passer domesticus",2021,10,14,"4fa7b334-ce0d-4e88-aaae-2e0c138d049e","3570597235"
32.21902,-110.89381,1,"Columbidae","Streptopelia decaocto",2021,10,14,"4fa7b334-ce0d-4e88-aaae-2e0c138d049e","3563309321"
32.21902,-110.89381,1,"Sturnidae","Sturnus vulgaris",2021,10,14,"4fa7b334-ce0d-4e88-aaae-2e0c138d049e","3577092825"
32.21902,-110.89381,5,"Columbidae","Zenaida macroura",2021,10,14,"4fa7b334-ce0d-4e88-aaae-2e0c138d049e","3578752405"
32.217026,-110.89608,1,"Mimidae","Mimus polyglottos",2021,10,21,"4fa7b334-ce0d-4e88-aaae-2e0c138d049e","3647875710"
32.217026,-110.89608,1,"Columbidae","Streptopelia decaocto",2021,10,21,"4fa7b334-ce0d-4e88-aaae-2e0c138d049e","3649556494"
32.217026,-110.89608,1,"Picidae","Melanerpes uropygialis",2021,10,21,"4fa7b334-ce0d-4e88-aaae-2e0c138d049e","3647364889"
32.217026,-110.89608,1,"Emberizidae","Zonotrichia leucophrys",2021,10,21,"4fa7b334-ce0d-4e88-aaae-2e0c138d049e","3630284689"
32.217026,-110.89608,3,"Fringillidae","Haemorhous mexicanus",2021,10,21,"4fa7b334-ce0d-4e88-aaae-2e0c138d049e","3633204800"
32.217026,-110.89608,1,"Sturnidae","Sturnus vulgaris",2021,10,21,"4fa7b334-ce0d-4e88-aaae-2e0c138d049e","3627066767"
32.217026,-110.89608,2,"Tyrannidae","Pyrocephalus rubinus",2021,10,21,"4fa7b334-ce0d-4e88-aaae-2e0c138d049e","3623485005"
32.217026,-110.89608,1,"Falconidae","Falco sparverius",2021,10,21,"4fa7b334-ce0d-4e88-aaae-2e0c138d049e","3629840737"
32.217026,-110.89608,14,"Columbidae","Zenaida macroura",2021,10,21,"4fa7b334-ce0d-4e88-aaae-2e0c138d049e","3665766872"
32.217026,-110.89608,2,"Fringillidae","Haemorhous mexicanus",2021,10,25,"4fa7b334-ce0d-4e88-aaae-2e0c138d049e","3690904960"
32.217026,-110.89608,1,"Tyrannidae","Pyrocephalus rubinus",2021,10,25,"4fa7b334-ce0d-4e88-aaae-2e0c138d049e","3679982085"
32.217026,-110.89608,2,"Passeridae","Passer domesticus",2021,10,25,"4fa7b334-ce0d-4e88-aaae-2e0c138d049e","3679363446"
32.217026,-110.89608,1,"Columbidae","Streptopelia decaocto",2021,10,25,"4fa7b334-ce0d-4e88-aaae-2e0c138d049e","3682903651"
32.217026,-110.89608,13,"Columbidae","Zenaida macroura",2021,10,25,"4fa7b334-ce0d-4e88-aaae-2e0c138d049e","3687210987"
32.217026,-110.89608,1,"Picidae","Melanerpes uropygialis",2021,10,25,"4fa7b334-ce0d-4e88-aaae-2e0c138d049e","3678502872"
32.217026,-110.89608,1,"Mimidae","Mimus polyglottos",2021,10,25,"4fa7b334-ce0d-4e88-aaae-2e0c138d049e","3563827036"
32.217026,-110.89608,2,"Fringillidae","Haemorhous mexicanus",2021,11,22,"4fa7b334-ce0d-4e88-aaae-2e0c138d049e","3647019679"
32.217026,-110.89608,1,"Falconidae","Falco sparverius",2021,11,22,"4fa7b334-ce0d-4e88-aaae-2e0c138d049e","3648716713"
32.217026,-110.89608,1,"Tyrannidae","Pyrocephalus rubinus",2021,12,14,"4fa7b334-ce0d-4e88-aaae-2e0c138d049e","3609620056"
32.217026,-110.89608,1,"Columbidae","Zenaida asiatica",2021,12,14,"4fa7b334-ce0d-4e88-aaae-2e0c138d049e","3617446100"
32.217026,-110.89608,3,"Picidae","Melanerpes uropygialis",2021,12,14,"4fa7b334-ce0d-4e88-aaae-2e0c138d049e","3611328282"
32.217026,-110.89608,2,"Emberizidae","Melozone aberti",2021,12,14,"4fa7b334-ce0d-4e88-aaae-2e0c138d049e","3612968643"
32.217026,-110.89608,6,"Turdidae","Sialia mexicana",2021,12,14,"4fa7b334-ce0d-4e88-aaae-2e0c138d049e","3612679669"
32.217026,-110.89608,2,"Passeridae","Passer domesticus",2021,12,14,"4fa7b334-ce0d-4e88-aaae-2e0c138d049e","3614548122"
32.217026,-110.89608,16,"Columbidae","Zenaida macroura",2021,12,14,"4fa7b334-ce0d-4e88-aaae-2e0c138d049e","3624493873"
32.217026,-110.89608,6,"Fringillidae","Spinus psaltria",2021,12,14,"4fa7b334-ce0d-4e88-aaae-2e0c138d049e","3608785646"
32.217026,-110.89608,12,"Emberizidae","Spizella passerina",2021,12,14,"4fa7b334-ce0d-4e88-aaae-2e0c138d049e","3627307750"
32.217026,-110.89608,1,"Regulidae","Regulus calendula",2021,12,14,"4fa7b334-ce0d-4e88-aaae-2e0c138d049e","3616899886"
32.217026,-110.89608,15,"Parulidae","Setophaga coronata",2021,12,14,"4fa7b334-ce0d-4e88-aaae-2e0c138d049e","3613375315"
32.217026,-110.89608,21,"Fringillidae","Haemorhous mexicanus",2021,12,14,"4fa7b334-ce0d-4e88-aaae-2e0c138d049e","3626302925"
32.217026,-110.89608,1,"Mimidae","Mimus polyglottos",2021,12,14,"4fa7b334-ce0d-4e88-aaae-2e0c138d049e","3614417975"
32.217026,-110.89608,2,"Sturnidae","Sturnus vulgaris",2021,12,23,"4fa7b334-ce0d-4e88-aaae-2e0c138d049e","3655730286"
32.217026,-110.89608,2,"Mimidae","Mimus polyglottos",2021,12,23,"4fa7b334-ce0d-4e88-aaae-2e0c138d049e","3655271719"
32.217026,-110.89608,11,"Fringillidae","Haemorhous mexicanus",2021,12,23,"4fa7b334-ce0d-4e88-aaae-2e0c138d049e","3655788603"
32.217026,-110.89608,1,"Columbidae","Zenaida asiatica",2021,12,23,"4fa7b334-ce0d-4e88-aaae-2e0c138d049e","3662522744"
32.217026,-110.89608,3,"Picidae","Melanerpes uropygialis",2021,12,23,"4fa7b334-ce0d-4e88-aaae-2e0c138d049e","3659465904"
32.217026,-110.89608,2,"Passeridae","Passer domesticus",2021,12,23,"4fa7b334-ce0d-4e88-aaae-2e0c138d049e","3664026738"
32.217026,-110.89608,2,"Emberizidae","Melozone aberti",2021,12,23,"4fa7b334-ce0d-4e88-aaae-2e0c138d049e","3663582023"
32.217026,-110.89608,1,"Accipitridae","Buteo jamaicensis",2021,12,23,"4fa7b334-ce0d-4e88-aaae-2e0c138d049e","3666409935"
32.217026,-110.89608,11,"Emberizidae","Spizella passerina",2021,12,23,"4fa7b334-ce0d-4e88-aaae-2e0c138d049e","3675601186"
32.217026,-110.89608,8,"Columbidae","Zenaida macroura",2021,12,23,"4fa7b334-ce0d-4e88-aaae-2e0c138d049e","3647241875"
32.217026,-110.89608,1,"Columbidae","Streptopelia decaocto",2021,12,23,"4fa7b334-ce0d-4e88-aaae-2e0c138d049e","3584564615"
32.21677,-110.89621,3,"Mimidae","Mimus polyglottos",2020,10,24,"4fa7b334-ce0d-4e88-aaae-2e0c138d049e","3293664718"
32.21677,-110.89621,1,"Sturnidae","Sturnus vulgaris",2020,10,24,"4fa7b334-ce0d-4e88-aaae-2e0c138d049e","3294872734"
32.21677,-110.89621,7,"Columbidae","Columba livia",2020,10,24,"4fa7b334-ce0d-4e88-aaae-2e0c138d049e","3297529793"
32.21677,-110.89621,4,"Tyrannidae","Pyrocephalus rubinus",2020,10,24,"4fa7b334-ce0d-4e88-aaae-2e0c138d049e","3291010660"
32.21677,-110.89621,12,"Passeridae","Passer domesticus",2020,10,24,"4fa7b334-ce0d-4e88-aaae-2e0c138d049e","3290921597"
32.21677,-110.89621,3,"Remizidae","Auriparus flaviceps",2020,10,24,"4fa7b334-ce0d-4e88-aaae-2e0c138d049e","3285938624"
32.21677,-110.89621,4,"Emberizidae","Spizella passerina",2020,10,24,"4fa7b334-ce0d-4e88-aaae-2e0c138d049e","3294981704"
32.21677,-110.89621,3,"Trochilidae","Calypte anna",2020,10,24,"4fa7b334-ce0d-4e88-aaae-2e0c138d049e","3293899665"
32.21677,-110.89621,1,"Emberizidae","Melozone aberti",2020,10,24,"4fa7b334-ce0d-4e88-aaae-2e0c138d049e","3294152726"
32.21677,-110.89621,43,"Columbidae","Zenaida macroura",2020,10,24,"4fa7b334-ce0d-4e88-aaae-2e0c138d049e","3288531795"
32.21677,-110.89621,1,"Accipitridae","Accipiter cooperii",2020,10,24,"4fa7b334-ce0d-4e88-aaae-2e0c138d049e","3287383709"
32.21677,-110.89621,6,"Fringillidae","Haemorhous mexicanus",2020,10,24,"4fa7b334-ce0d-4e88-aaae-2e0c138d049e","3294367781"
32.21677,-110.89621,2,"Mimidae","Toxostoma curvirostre",2020,10,24,"4fa7b334-ce0d-4e88-aaae-2e0c138d049e","3300586054"
32.21677,-110.89621,1,"Emberizidae","Zonotrichia leucophrys",2020,10,24,"4fa7b334-ce0d-4e88-aaae-2e0c138d049e","3296762530"
32.21677,-110.89621,3,"Picidae","Melanerpes uropygialis",2020,10,24,"4fa7b334-ce0d-4e88-aaae-2e0c138d049e","3294226542"
32.21677,-110.89621,6,"Parulidae","Setophaga coronata",2020,10,24,"4fa7b334-ce0d-4e88-aaae-2e0c138d049e","3294530497"
32.21677,-110.89621,3,"Tyrannidae","Pyrocephalus rubinus",2020,10,31,"4fa7b334-ce0d-4e88-aaae-2e0c138d049e","3211655308"
32.21677,-110.89621,10,"Passeridae","Passer domesticus",2020,10,31,"4fa7b334-ce0d-4e88-aaae-2e0c138d049e","3207743355"
32.21677,-110.89621,17,"Fringillidae","Haemorhous mexicanus",2020,10,31,"4fa7b334-ce0d-4e88-aaae-2e0c138d049e","3197238197"
32.21677,-110.89621,1,"Picidae","Melanerpes uropygialis",2020,10,31,"4fa7b334-ce0d-4e88-aaae-2e0c138d049e","3185316101"
32.21677,-110.89621,1,"Emberizidae","Spizella passerina",2020,10,31,"4fa7b334-ce0d-4e88-aaae-2e0c138d049e","3209781973"
32.21677,-110.89621,2,"Mimidae","Toxostoma curvirostre",2020,10,31,"4fa7b334-ce0d-4e88-aaae-2e0c138d049e","3198716151"
32.21677,-110.89621,4,"Fringillidae","Spinus psaltria",2020,10,31,"4fa7b334-ce0d-4e88-aaae-2e0c138d049e","3195991526"
32.21677,-110.89621,2,"Mimidae","Mimus polyglottos",2020,10,31,"4fa7b334-ce0d-4e88-aaae-2e0c138d049e","3207162406"
32.21677,-110.89621,18,"Columbidae","Zenaida macroura",2020,10,31,"4fa7b334-ce0d-4e88-aaae-2e0c138d049e","3201364464"
32.21677,-110.89621,3,"Emberizidae","Junco hyemalis",2020,10,31,"4fa7b334-ce0d-4e88-aaae-2e0c138d049e","3206896338"
32.21677,-110.89621,1,"Parulidae","Setophaga coronata",2020,10,31,"4fa7b334-ce0d-4e88-aaae-2e0c138d049e","3208332429"
32.21677,-110.89621,1,"Emberizidae","Zonotrichia leucophrys",2020,10,31,"4fa7b334-ce0d-4e88-aaae-2e0c138d049e","3207908397"
32.217026,-110.89608,9,"Turdidae","Sialia mexicana",2020,11,9,"4fa7b334-ce0d-4e88-aaae-2e0c138d049e","3279091673"
32.217026,-110.89608,27,"Fringillidae","Haemorhous mexicanus",2020,11,9,"4fa7b334-ce0d-4e88-aaae-2e0c138d049e","3275978687"
32.217026,-110.89608,2,"Parulidae","Setophaga coronata",2020,11,9,"4fa7b334-ce0d-4e88-aaae-2e0c138d049e","3275230704"
32.217026,-110.89608,6,"Columbidae","Zenaida macroura",2020,11,9,"4fa7b334-ce0d-4e88-aaae-2e0c138d049e","3284871685"
32.217026,-110.89608,3,"Emberizidae","Junco hyemalis",2020,11,9,"4fa7b334-ce0d-4e88-aaae-2e0c138d049e","3271124637"
32.217026,-110.89608,2,"Emberizidae","Zonotrichia leucophrys",2020,11,9,"4fa7b334-ce0d-4e88-aaae-2e0c138d049e","3281901399"
32.217026,-110.89608,11,"Fringillidae","Spinus psaltria",2020,11,9,"4fa7b334-ce0d-4e88-aaae-2e0c138d049e","3281018564"
32.217026,-110.89608,1,"Tyrannidae","Sayornis saya",2020,11,9,"4fa7b334-ce0d-4e88-aaae-2e0c138d049e","3275560538"
32.217026,-110.89608,3,"Picidae","Melanerpes uropygialis",2020,11,9,"4fa7b334-ce0d-4e88-aaae-2e0c138d049e","3286651283"
32.217026,-110.89608,2,"Emberizidae","Spizella passerina",2020,11,9,"4fa7b334-ce0d-4e88-aaae-2e0c138d049e","3275486591"
32.217026,-110.89608,2,"Emberizidae","Chondestes grammacus",2020,11,20,"4fa7b334-ce0d-4e88-aaae-2e0c138d049e","3194323307"
32.217026,-110.89608,4,"Emberizidae","Junco hyemalis",2020,11,20,"4fa7b334-ce0d-4e88-aaae-2e0c138d049e","3200541450"
32.217026,-110.89608,2,"Tyrannidae","Pyrocephalus rubinus",2020,11,20,"4fa7b334-ce0d-4e88-aaae-2e0c138d049e","3208648402"
32.217026,-110.89608,8,"Fringillidae","Haemorhous mexicanus",2020,11,20,"4fa7b334-ce0d-4e88-aaae-2e0c138d049e","3213290338"
32.217026,-110.89608,2,"Mimidae","Mimus polyglottos",2020,11,20,"4fa7b334-ce0d-4e88-aaae-2e0c138d049e","3212461393"
32.217026,-110.89608,3,"Turdidae","Sialia mexicana",2020,11,20,"4fa7b334-ce0d-4e88-aaae-2e0c138d049e","3201765404"
32.217026,-110.89608,4,"Columbidae","Zenaida macroura",2020,11,20,"4fa7b334-ce0d-4e88-aaae-2e0c138d049e","3189980357"
32.217026,-110.89608,1,"Emberizidae","Zonotrichia leucophrys",2020,11,20,"4fa7b334-ce0d-4e88-aaae-2e0c138d049e","3280648429"
32.217026,-110.89608,1,"Tyrannidae","Sayornis saya",2020,11,20,"4fa7b334-ce0d-4e88-aaae-2e0c138d049e","3277627436"
32.217026,-110.89608,3,"Picidae","Melanerpes uropygialis",2020,12,1,"4fa7b334-ce0d-4e88-aaae-2e0c138d049e","3210014218"
32.217026,-110.89608,5,"Emberizidae","Spizella passerina",2020,12,1,"4fa7b334-ce0d-4e88-aaae-2e0c138d049e","3293072310"
32.217026,-110.89608,8,"Emberizidae","Junco hyemalis",2020,12,1,"4fa7b334-ce0d-4e88-aaae-2e0c138d049e","3288953307"
32.217026,-110.89608,2,"Turdidae","Sialia mexicana",2020,12,1,"4fa7b334-ce0d-4e88-aaae-2e0c138d049e","3290386229"
32.217026,-110.89608,7,"Emberizidae","Zonotrichia leucophrys",2020,12,1,"4fa7b334-ce0d-4e88-aaae-2e0c138d049e","3292823137"
32.217026,-110.89608,1,"Tyrannidae","Pyrocephalus rubinus",2020,12,1,"4fa7b334-ce0d-4e88-aaae-2e0c138d049e","3292009287"
32.217026,-110.89608,7,"Emberizidae","Chondestes grammacus",2020,12,1,"4fa7b334-ce0d-4e88-aaae-2e0c138d049e","3270563036"
32.217026,-110.89608,3,"Mimidae","Mimus polyglottos",2020,12,1,"4fa7b334-ce0d-4e88-aaae-2e0c138d049e","3300929435"
32.217026,-110.89608,6,"Fringillidae","Spinus psaltria",2020,12,1,"4fa7b334-ce0d-4e88-aaae-2e0c138d049e","3282912907"
32.217026,-110.89608,15,"Fringillidae","Haemorhous mexicanus",2020,12,1,"4fa7b334-ce0d-4e88-aaae-2e0c138d049e","3258872043"
32.217026,-110.89608,1,"Columbidae","Zenaida macroura",2020,12,1,"4fa7b334-ce0d-4e88-aaae-2e0c138d049e","3199633925"
32.217026,-110.89608,8,"Fringillidae","Haemorhous mexicanus",2020,12,15,"4fa7b334-ce0d-4e88-aaae-2e0c138d049e","3286175485"
32.217026,-110.89608,1,"Columbidae","Columba livia",2020,12,15,"4fa7b334-ce0d-4e88-aaae-2e0c138d049e","3269955930"
32.217026,-110.89608,2,"Sturnidae","Sturnus vulgaris",2020,12,15,"4fa7b334-ce0d-4e88-aaae-2e0c138d049e","3275306805"
32.217026,-110.89608,6,"Turdidae","Sialia mexicana",2020,12,15,"4fa7b334-ce0d-4e88-aaae-2e0c138d049e","3282771685"
32.217026,-110.89608,2,"Picidae","Melanerpes uropygialis",2020,12,15,"4fa7b334-ce0d-4e88-aaae-2e0c138d049e","3277044900"
32.217026,-110.89608,3,"Emberizidae","Spizella passerina",2020,12,15,"4fa7b334-ce0d-4e88-aaae-2e0c138d049e","3287277807"
32.217026,-110.89608,5,"Columbidae","Zenaida macroura",2020,12,15,"4fa7b334-ce0d-4e88-aaae-2e0c138d049e","3293358884"
32.217026,-110.89608,1,"Emberizidae","Zonotrichia leucophrys",2020,12,15,"4fa7b334-ce0d-4e88-aaae-2e0c138d049e","3291955882"
32.217026,-110.89608,3,"Fringillidae","Spinus psaltria",2020,12,15,"4fa7b334-ce0d-4e88-aaae-2e0c138d049e","3296360856"
32.21714,-110.89607,2,"Fringillidae","Spinus psaltria",2019,9,10,"4fa7b334-ce0d-4e88-aaae-2e0c138d049e","2700297418"
32.217026,-110.89608,1,"Tyrannidae","Pyrocephalus rubinus",2019,11,26,"4fa7b334-ce0d-4e88-aaae-2e0c138d049e","2794284802"
32.217026,-110.89608,1,"Trochilidae","Calypte anna",2019,11,26,"4fa7b334-ce0d-4e88-aaae-2e0c138d049e","2793782747"
32.217026,-110.89608,2,"Fringillidae","Haemorhous mexicanus",2019,11,26,"4fa7b334-ce0d-4e88-aaae-2e0c138d049e","2792811700"
32.217026,-110.89608,2,"Columbidae","Zenaida macroura",2019,11,26,"4fa7b334-ce0d-4e88-aaae-2e0c138d049e","2791689643"
32.217026,-110.89608,2,"Picidae","Melanerpes uropygialis",2018,2,1,"4fa7b334-ce0d-4e88-aaae-2e0c138d049e","2110133473"
32.217026,-110.89608,2,"Parulidae","Setophaga coronata",2018,2,1,"4fa7b334-ce0d-4e88-aaae-2e0c138d049e","2124089987"
32.217026,-110.89608,1,"Tyrannidae","Pyrocephalus rubinus",2018,2,1,"4fa7b334-ce0d-4e88-aaae-2e0c138d049e","2126268085"
32.217026,-110.89608,2,"Emberizidae","Melozone aberti",2018,2,1,"4fa7b334-ce0d-4e88-aaae-2e0c138d049e","2126259463"
32.217026,-110.89608,4,"Turdidae","Sialia mexicana",2018,2,1,"4fa7b334-ce0d-4e88-aaae-2e0c138d049e","2134815405"
32.217026,-110.89608,1,"Mimidae","Mimus polyglottos",2018,2,1,"4fa7b334-ce0d-4e88-aaae-2e0c138d049e","2134743333"
32.217026,-110.89608,4,"Fringillidae","Haemorhous mexicanus",2018,2,1,"4fa7b334-ce0d-4e88-aaae-2e0c138d049e","2124113745"
32.217026,-110.89608,1,"Picidae","Colaptes auratus",2018,2,1,"4fa7b334-ce0d-4e88-aaae-2e0c138d049e","2134711894"
32.21677,-110.89621,6,"Picidae","Melanerpes uropygialis",2018,2,4,"4fa7b334-ce0d-4e88-aaae-2e0c138d049e","2124590777"
32.21677,-110.89621,6,"Columbidae","Zenaida macroura",2018,2,4,"4fa7b334-ce0d-4e88-aaae-2e0c138d049e","2127065786"
32.21677,-110.89621,20,"Fringillidae","Haemorhous mexicanus",2018,2,4,"4fa7b334-ce0d-4e88-aaae-2e0c138d049e","2110831883"
32.21677,-110.89621,1,"Troglodytidae","Campylorhynchus brunneicapillus",2018,2,4,"4fa7b334-ce0d-4e88-aaae-2e0c138d049e","2135397161"
32.21677,-110.89621,1,"Remizidae","Auriparus flaviceps",2018,2,4,"4fa7b334-ce0d-4e88-aaae-2e0c138d049e","2127061881"
32.21677,-110.89621,4,"Parulidae","Setophaga coronata",2018,2,4,"4fa7b334-ce0d-4e88-aaae-2e0c138d049e","2135397159"
32.21677,-110.89621,1,"Accipitridae","Accipiter cooperii",2018,2,4,"4fa7b334-ce0d-4e88-aaae-2e0c138d049e","2124581974"
32.21677,-110.89621,6,"Columbidae","Columba livia",2018,2,4,"4fa7b334-ce0d-4e88-aaae-2e0c138d049e","2110835200"
32.21677,-110.89621,5,"Sturnidae","Sturnus vulgaris",2018,2,4,"4fa7b334-ce0d-4e88-aaae-2e0c138d049e","2127061113"
32.21677,-110.89621,5,"Mimidae","Mimus polyglottos",2018,2,4,"4fa7b334-ce0d-4e88-aaae-2e0c138d049e","2127078312"
32.21677,-110.89621,3,"Trochilidae","Calypte anna",2018,2,4,"4fa7b334-ce0d-4e88-aaae-2e0c138d049e","2124590152"
32.21677,-110.89621,1,"Columbidae","Streptopelia decaocto",2018,2,4,"4fa7b334-ce0d-4e88-aaae-2e0c138d049e","2124609909"
32.21677,-110.89621,7,"Fringillidae","Spinus psaltria",2018,2,4,"4fa7b334-ce0d-4e88-aaae-2e0c138d049e","2127070370"
32.21677,-110.89621,3,"Mimidae","Toxostoma curvirostre",2018,2,4,"4fa7b334-ce0d-4e88-aaae-2e0c138d049e","2135397163"
32.21677,-110.89621,1,"Cardinalidae","Cardinalis cardinalis",2018,2,4,"4fa7b334-ce0d-4e88-aaae-2e0c138d049e","2110833439"
32.21677,-110.89621,5,"Tyrannidae","Pyrocephalus rubinus",2018,2,4,"4fa7b334-ce0d-4e88-aaae-2e0c138d049e","2135398150"
32.21677,-110.89621,1,"Corvidae","Corvus corax",2018,2,4,"4fa7b334-ce0d-4e88-aaae-2e0c138d049e","2124599992"
32.21677,-110.89621,2,"Emberizidae","Melozone aberti",2018,2,4,"4fa7b334-ce0d-4e88-aaae-2e0c138d049e","2124593329"
32.21677,-110.89621,15,"Passeridae","Passer domesticus",2018,2,4,"4fa7b334-ce0d-4e88-aaae-2e0c138d049e","2124604650"
32.21677,-110.89621,1,"Icteridae","Quiscalus mexicanus",2018,2,4,"4fa7b334-ce0d-4e88-aaae-2e0c138d049e","2124598506"
32.21677,-110.89621,4,"Emberizidae","Zonotrichia leucophrys",2018,2,4,"4fa7b334-ce0d-4e88-aaae-2e0c138d049e","2124587698"
32.21677,-110.89621,2,"Emberizidae","Chondestes grammacus",2018,2,4,"4fa7b334-ce0d-4e88-aaae-2e0c138d049e","2135397263"
32.21677,-110.89621,6,"Picidae","Melanerpes uropygialis",2018,2,4,"4fa7b334-ce0d-4e88-aaae-2e0c138d049e","2110833679"
32.21677,-110.89621,6,"Columbidae","Zenaida macroura",2018,2,4,"4fa7b334-ce0d-4e88-aaae-2e0c138d049e","2110836185"
32.21677,-110.89621,20,"Fringillidae","Haemorhous mexicanus",2018,2,4,"4fa7b334-ce0d-4e88-aaae-2e0c138d049e","2124597797"
32.21677,-110.89621,1,"Troglodytidae","Campylorhynchus brunneicapillus",2018,2,4,"4fa7b334-ce0d-4e88-aaae-2e0c138d049e","2124597775"
32.21677,-110.89621,1,"Remizidae","Auriparus flaviceps",2018,2,4,"4fa7b334-ce0d-4e88-aaae-2e0c138d049e","2135397162"
32.21677,-110.89621,4,"Parulidae","Setophaga coronata",2018,2,4,"4fa7b334-ce0d-4e88-aaae-2e0c138d049e","2135396267"
32.21677,-110.89621,1,"Accipitridae","Accipiter cooperii",2018,2,4,"4fa7b334-ce0d-4e88-aaae-2e0c138d049e","2124606755"
32.21677,-110.89621,6,"Columbidae","Columba livia",2018,2,4,"4fa7b334-ce0d-4e88-aaae-2e0c138d049e","2110831238"
32.21677,-110.89621,5,"Sturnidae","Sturnus vulgaris",2018,2,4,"4fa7b334-ce0d-4e88-aaae-2e0c138d049e","2127064946"
32.21677,-110.89621,5,"Mimidae","Mimus polyglottos",2018,2,4,"4fa7b334-ce0d-4e88-aaae-2e0c138d049e","2110831508"
32.21677,-110.89621,3,"Trochilidae","Calypte anna",2018,2,4,"4fa7b334-ce0d-4e88-aaae-2e0c138d049e","2110839037"
32.21677,-110.89621,1,"Columbidae","Streptopelia decaocto",2018,2,4,"4fa7b334-ce0d-4e88-aaae-2e0c138d049e","2135396569"
32.21677,-110.89621,7,"Fringillidae","Spinus psaltria",2018,2,4,"4fa7b334-ce0d-4e88-aaae-2e0c138d049e","2110837637"
32.21677,-110.89621,3,"Mimidae","Toxostoma curvirostre",2018,2,4,"4fa7b334-ce0d-4e88-aaae-2e0c138d049e","2110836883"
32.21677,-110.89621,1,"Cardinalidae","Cardinalis cardinalis",2018,2,4,"4fa7b334-ce0d-4e88-aaae-2e0c138d049e","2135399023"
32.21677,-110.89621,5,"Tyrannidae","Pyrocephalus rubinus",2018,2,4,"4fa7b334-ce0d-4e88-aaae-2e0c138d049e","2127070487"
32.21677,-110.89621,1,"Corvidae","Corvus corax",2018,2,4,"4fa7b334-ce0d-4e88-aaae-2e0c138d049e","2110834369"
32.21677,-110.89621,2,"Emberizidae","Melozone aberti",2018,2,4,"4fa7b334-ce0d-4e88-aaae-2e0c138d049e","2110839719"
32.21677,-110.89621,15,"Passeridae","Passer domesticus",2018,2,4,"4fa7b334-ce0d-4e88-aaae-2e0c138d049e","2127064449"
32.21677,-110.89621,1,"Icteridae","Quiscalus mexicanus",2018,2,4,"4fa7b334-ce0d-4e88-aaae-2e0c138d049e","2110839750"
32.21677,-110.89621,4,"Emberizidae","Zonotrichia leucophrys",2018,2,4,"4fa7b334-ce0d-4e88-aaae-2e0c138d049e","2110836973"
32.21677,-110.89621,2,"Emberizidae","Chondestes grammacus",2018,2,4,"4fa7b334-ce0d-4e88-aaae-2e0c138d049e","2110827942"
