"decimalLatitude","decimalLongitude","individualCount","family","species","year","month","day","datasetKey","datasetName","gbifID"
32.239583,-111.017928,NA,"Columbidae","Columba livia",2017,10,30,"50c9509d-22c7-4a22-a47d-8c48425ef4a7","iNaturalist research-grade observations","1699383548"
32.239518,-111.017418,NA,"Columbidae","Zenaida macroura",2017,10,30,"50c9509d-22c7-4a22-a47d-8c48425ef4a7","iNaturalist research-grade observations","1699383580"
32.243223,-111.018417,NA,"Columbidae","Zenaida macroura",2017,10,30,"50c9509d-22c7-4a22-a47d-8c48425ef4a7","iNaturalist research-grade observations","1699384183"
32.243301,-111.018276,NA,"Ptilogonatidae","Phainopepla nitens",2017,10,30,"50c9509d-22c7-4a22-a47d-8c48425ef4a7","iNaturalist research-grade observations","1699384184"
