"decimalLatitude","decimalLongitude","individualCount","family","species","year","month","day","datasetKey","datasetName","gbifID"
32.242813,-111.01281,2,"Fringillidae","Haemorhous mexicanus",2020,2,17,"4fa7b334-ce0d-4e88-aaae-2e0c138d049e",NA,"3229842118"
32.242813,-111.01281,1,"Accipitridae","Accipiter cooperii",2020,2,17,"4fa7b334-ce0d-4e88-aaae-2e0c138d049e",NA,"3227060241"
32.242813,-111.01281,1,"Remizidae","Auriparus flaviceps",2020,2,17,"4fa7b334-ce0d-4e88-aaae-2e0c138d049e",NA,"3222498210"
32.242813,-111.01281,4,"Columbidae","Zenaida macroura",2020,2,17,"4fa7b334-ce0d-4e88-aaae-2e0c138d049e",NA,"3231025107"
32.242813,-111.01281,2,"Trochilidae","Calypte anna",2020,2,17,"4fa7b334-ce0d-4e88-aaae-2e0c138d049e",NA,"3222722080"
32.242813,-111.01281,1,"Picidae","Melanerpes uropygialis",2020,2,17,"4fa7b334-ce0d-4e88-aaae-2e0c138d049e",NA,"3233988044"
32.242813,-111.01281,2,"Columbidae","Streptopelia decaocto",2020,2,17,"4fa7b334-ce0d-4e88-aaae-2e0c138d049e",NA,"3224753104"
32.246655,-111.01561,1,"Strigidae","Megascops kennicottii",2020,5,1,"4fa7b334-ce0d-4e88-aaae-2e0c138d049e",NA,"3251716174"
32.242813,-111.01281,7,"Columbidae","Zenaida macroura",2019,2,26,"4fa7b334-ce0d-4e88-aaae-2e0c138d049e",NA,"2745560457"
32.242813,-111.01281,4,"Columbidae","Zenaida asiatica",2019,2,26,"4fa7b334-ce0d-4e88-aaae-2e0c138d049e",NA,"2743531347"
32.242813,-111.01281,3,"Trochilidae","Calypte anna",2019,2,26,"4fa7b334-ce0d-4e88-aaae-2e0c138d049e",NA,"2765835398"
32.242813,-111.01281,1,"Picidae","Melanerpes uropygialis",2019,2,26,"4fa7b334-ce0d-4e88-aaae-2e0c138d049e",NA,"2765786276"
32.242813,-111.01281,1,"Trochilidae","Calypte costae",2019,2,26,"4fa7b334-ce0d-4e88-aaae-2e0c138d049e",NA,"2756820330"
32.246655,-111.01561,1,"Caprimulgidae","Chordeiles acutipennis",2019,8,8,"4fa7b334-ce0d-4e88-aaae-2e0c138d049e",NA,"2687903152"
32.246655,-111.01561,1,"Strigidae","Megascops kennicottii",2019,8,8,"4fa7b334-ce0d-4e88-aaae-2e0c138d049e",NA,"2705650141"
32.246727,-111.015465,2,"Parulidae","Leiothlypis luciae",2018,4,9,"4fa7b334-ce0d-4e88-aaae-2e0c138d049e",NA,"2150846518"
32.246727,-111.015465,2,"Sturnidae","Sturnus vulgaris",2018,4,9,"4fa7b334-ce0d-4e88-aaae-2e0c138d049e",NA,"2150844399"
32.246727,-111.015465,1,"Columbidae","Zenaida macroura",2018,4,9,"4fa7b334-ce0d-4e88-aaae-2e0c138d049e",NA,"2150844945"
32.246727,-111.015465,4,"Passeridae","Passer domesticus",2018,4,9,"4fa7b334-ce0d-4e88-aaae-2e0c138d049e",NA,"2154780232"
32.246727,-111.015465,1,"Cardinalidae","Cardinalis cardinalis",2018,4,9,"4fa7b334-ce0d-4e88-aaae-2e0c138d049e",NA,"2138510583"
32.246727,-111.015465,1,"Trochilidae","Calypte anna",2018,4,9,"4fa7b334-ce0d-4e88-aaae-2e0c138d049e",NA,"2154780251"
32.246727,-111.015465,1,"Columbidae","Columba livia",2018,4,9,"4fa7b334-ce0d-4e88-aaae-2e0c138d049e",NA,"2150923789"
32.246727,-111.015465,2,"Columbidae","Streptopelia decaocto",2018,4,9,"4fa7b334-ce0d-4e88-aaae-2e0c138d049e",NA,"2138512587"
32.246727,-111.015465,4,"Columbidae","Zenaida asiatica",2018,4,9,"4fa7b334-ce0d-4e88-aaae-2e0c138d049e",NA,"2154780039"
32.241085,-111.00967,2,"Sturnidae","Sturnus vulgaris",2017,3,11,"4fa7b334-ce0d-4e88-aaae-2e0c138d049e",NA,"2051529692"
32.241085,-111.00967,10,"Fringillidae","Spinus psaltria",2017,3,11,"4fa7b334-ce0d-4e88-aaae-2e0c138d049e",NA,"2036160497"
32.241085,-111.00967,1,"Emberizidae","Melozone aberti",2017,3,11,"4fa7b334-ce0d-4e88-aaae-2e0c138d049e",NA,"2036157879"
32.241085,-111.00967,5,"Fringillidae","Haemorhous mexicanus",2017,3,11,"4fa7b334-ce0d-4e88-aaae-2e0c138d049e",NA,"2046351554"
32.241085,-111.00967,10,"Columbidae","Zenaida macroura",2017,3,11,"4fa7b334-ce0d-4e88-aaae-2e0c138d049e",NA,"2046360243"
32.241085,-111.00967,2,"Odontophoridae","Callipepla gambelii",2017,3,11,"4fa7b334-ce0d-4e88-aaae-2e0c138d049e",NA,"2046357208"
32.241085,-111.00967,8,"Passeridae","Passer domesticus",2017,3,11,"4fa7b334-ce0d-4e88-aaae-2e0c138d049e",NA,"2051535928"
32.241085,-111.00967,1,"Icteridae","Quiscalus mexicanus",2017,3,11,"4fa7b334-ce0d-4e88-aaae-2e0c138d049e",NA,"2051529221"
32.241085,-111.00967,1,"Parulidae","Setophaga coronata",2017,3,11,"4fa7b334-ce0d-4e88-aaae-2e0c138d049e",NA,"2046358559"
32.241085,-111.00967,1,"Picidae","Melanerpes uropygialis",2017,3,11,"4fa7b334-ce0d-4e88-aaae-2e0c138d049e",NA,"2046360284"
32.241085,-111.00967,1,"Trochilidae","Calypte anna",2017,3,11,"4fa7b334-ce0d-4e88-aaae-2e0c138d049e",NA,"2045256147"
32.241085,-111.00967,2,"Columbidae","Streptopelia decaocto",2017,3,11,"4fa7b334-ce0d-4e88-aaae-2e0c138d049e",NA,"2051523429"
32.241085,-111.00967,2,"Sturnidae","Sturnus vulgaris",2017,3,11,"4fa7b334-ce0d-4e88-aaae-2e0c138d049e",NA,"2046368583"
32.241085,-111.00967,10,"Fringillidae","Spinus psaltria",2017,3,11,"4fa7b334-ce0d-4e88-aaae-2e0c138d049e",NA,"2051538732"
32.241085,-111.00967,1,"Emberizidae","Melozone aberti",2017,3,11,"4fa7b334-ce0d-4e88-aaae-2e0c138d049e",NA,"2051536525"
32.241085,-111.00967,5,"Fringillidae","Haemorhous mexicanus",2017,3,11,"4fa7b334-ce0d-4e88-aaae-2e0c138d049e",NA,"2046370380"
32.241085,-111.00967,10,"Columbidae","Zenaida macroura",2017,3,11,"4fa7b334-ce0d-4e88-aaae-2e0c138d049e",NA,"2051531567"
32.241085,-111.00967,2,"Odontophoridae","Callipepla gambelii",2017,3,11,"4fa7b334-ce0d-4e88-aaae-2e0c138d049e",NA,"2045263196"
32.241085,-111.00967,8,"Passeridae","Passer domesticus",2017,3,11,"4fa7b334-ce0d-4e88-aaae-2e0c138d049e",NA,"2046367415"
32.241085,-111.00967,1,"Icteridae","Quiscalus mexicanus",2017,3,11,"4fa7b334-ce0d-4e88-aaae-2e0c138d049e",NA,"2046381860"
32.241085,-111.00967,1,"Parulidae","Setophaga coronata",2017,3,11,"4fa7b334-ce0d-4e88-aaae-2e0c138d049e",NA,"2046370414"
32.241085,-111.00967,1,"Picidae","Melanerpes uropygialis",2017,3,11,"4fa7b334-ce0d-4e88-aaae-2e0c138d049e",NA,"2045265236"
32.241085,-111.00967,1,"Trochilidae","Calypte anna",2017,3,11,"4fa7b334-ce0d-4e88-aaae-2e0c138d049e",NA,"2046369004"
32.241085,-111.00967,2,"Columbidae","Streptopelia decaocto",2017,3,11,"4fa7b334-ce0d-4e88-aaae-2e0c138d049e",NA,"2051551953"
32.241085,-111.00967,1,"Mimidae","Toxostoma curvirostre",2017,3,13,"4fa7b334-ce0d-4e88-aaae-2e0c138d049e",NA,"2045471413"
32.241085,-111.00967,2,"Columbidae","Columba livia",2017,3,13,"4fa7b334-ce0d-4e88-aaae-2e0c138d049e",NA,"2036469537"
32.241085,-111.00967,8,"Odontophoridae","Callipepla gambelii",2017,3,13,"4fa7b334-ce0d-4e88-aaae-2e0c138d049e",NA,"2036473484"
32.241085,-111.00967,1,"Remizidae","Auriparus flaviceps",2017,3,13,"4fa7b334-ce0d-4e88-aaae-2e0c138d049e",NA,"2045466315"
32.241085,-111.00967,8,"Passeridae","Passer domesticus",2017,3,13,"4fa7b334-ce0d-4e88-aaae-2e0c138d049e",NA,"2046668263"
32.241085,-111.00967,1,"Ptilogonatidae","Phainopepla nitens",2017,3,13,"4fa7b334-ce0d-4e88-aaae-2e0c138d049e",NA,"2036467174"
32.241085,-111.00967,5,"Columbidae","Zenaida macroura",2017,3,13,"4fa7b334-ce0d-4e88-aaae-2e0c138d049e",NA,"2045476107"
32.241085,-111.00967,1,"Trochilidae","Calypte anna",2017,3,13,"4fa7b334-ce0d-4e88-aaae-2e0c138d049e",NA,"2046671795"
32.241085,-111.00967,3,"Fringillidae","Spinus psaltria",2017,3,13,"4fa7b334-ce0d-4e88-aaae-2e0c138d049e",NA,"2036469365"
32.241085,-111.00967,2,"Columbidae","Streptopelia decaocto",2017,3,13,"4fa7b334-ce0d-4e88-aaae-2e0c138d049e",NA,"2036470209"
32.241085,-111.00967,2,"Picidae","Melanerpes uropygialis",2017,3,13,"4fa7b334-ce0d-4e88-aaae-2e0c138d049e",NA,"2036475414"
32.241085,-111.00967,1,"Icteridae","Quiscalus mexicanus",2017,3,13,"4fa7b334-ce0d-4e88-aaae-2e0c138d049e",NA,"2051739098"
32.241085,-111.00967,1,"Mimidae","Mimus polyglottos",2017,3,13,"4fa7b334-ce0d-4e88-aaae-2e0c138d049e",NA,"2051742913"
32.241085,-111.00967,1,"Parulidae","Setophaga coronata",2017,3,13,"4fa7b334-ce0d-4e88-aaae-2e0c138d049e",NA,"2051735136"
32.241085,-111.00967,4,"Fringillidae","Haemorhous mexicanus",2017,3,13,"4fa7b334-ce0d-4e88-aaae-2e0c138d049e",NA,"2046674520"
32.2409,-111.009895,NA,"Passeridae","Passer domesticus",2017,3,12,"4fa7b334-ce0d-4e88-aaae-2e0c138d049e",NA,"2036493004"
32.2409,-111.009895,1,"Emberizidae","Melozone aberti",2017,3,12,"4fa7b334-ce0d-4e88-aaae-2e0c138d049e",NA,"2051736945"
32.2409,-111.009895,6,"Odontophoridae","Callipepla gambelii",2017,3,12,"4fa7b334-ce0d-4e88-aaae-2e0c138d049e",NA,"2046698337"
32.2409,-111.009895,NA,"Columbidae","Streptopelia decaocto",2017,3,12,"4fa7b334-ce0d-4e88-aaae-2e0c138d049e",NA,"2036486423"
32.2409,-111.009895,NA,"Columbidae","Columba livia",2017,3,12,"4fa7b334-ce0d-4e88-aaae-2e0c138d049e",NA,"2046708614"
32.2409,-111.009895,NA,"Fringillidae","Haemorhous mexicanus",2017,3,12,"4fa7b334-ce0d-4e88-aaae-2e0c138d049e",NA,"2045490501"
32.2409,-111.009895,NA,"Fringillidae","Spinus psaltria",2017,3,12,"4fa7b334-ce0d-4e88-aaae-2e0c138d049e",NA,"2046701894"
32.2409,-111.009895,1,"Picidae","Melanerpes uropygialis",2017,3,12,"4fa7b334-ce0d-4e88-aaae-2e0c138d049e",NA,"2036488430"
32.2409,-111.009895,NA,"Columbidae","Zenaida macroura",2017,3,12,"4fa7b334-ce0d-4e88-aaae-2e0c138d049e",NA,"2036488712"
32.2409,-111.009895,1,"Trochilidae","Calypte anna",2017,3,12,"4fa7b334-ce0d-4e88-aaae-2e0c138d049e",NA,"2051735319"
32.241085,-111.00967,1,"Icteridae","Quiscalus mexicanus",2017,3,13,"4fa7b334-ce0d-4e88-aaae-2e0c138d049e",NA,"2037264033"
32.241085,-111.00967,1,"Picidae","Dryobates scalaris",2017,3,13,"4fa7b334-ce0d-4e88-aaae-2e0c138d049e",NA,"2047220487"
32.241085,-111.00967,8,"Fringillidae","Haemorhous mexicanus",2017,3,13,"4fa7b334-ce0d-4e88-aaae-2e0c138d049e",NA,"2046192257"
32.241085,-111.00967,2,"Trochilidae","Calypte anna",2017,3,13,"4fa7b334-ce0d-4e88-aaae-2e0c138d049e",NA,"2037268148"
32.241085,-111.00967,8,"Columbidae","Zenaida macroura",2017,3,13,"4fa7b334-ce0d-4e88-aaae-2e0c138d049e",NA,"2052405198"
32.241085,-111.00967,2,"Picidae","Melanerpes uropygialis",2017,3,13,"4fa7b334-ce0d-4e88-aaae-2e0c138d049e",NA,"2052396467"
32.241085,-111.00967,4,"Fringillidae","Spinus psaltria",2017,3,13,"4fa7b334-ce0d-4e88-aaae-2e0c138d049e",NA,"2047194534"
32.241085,-111.00967,10,"Passeridae","Passer domesticus",2017,3,13,"4fa7b334-ce0d-4e88-aaae-2e0c138d049e",NA,"2046193942"
32.241085,-111.00967,1,"Trochilidae","Archilochus alexandri",2017,3,13,"4fa7b334-ce0d-4e88-aaae-2e0c138d049e",NA,"2047204696"
32.241085,-111.00967,1,"Icteridae","Quiscalus mexicanus",2017,3,13,"4fa7b334-ce0d-4e88-aaae-2e0c138d049e",NA,"2037262580"
32.241085,-111.00967,1,"Picidae","Dryobates scalaris",2017,3,13,"4fa7b334-ce0d-4e88-aaae-2e0c138d049e",NA,"2046194045"
32.241085,-111.00967,8,"Fringillidae","Haemorhous mexicanus",2017,3,13,"4fa7b334-ce0d-4e88-aaae-2e0c138d049e",NA,"2046205929"
32.241085,-111.00967,2,"Trochilidae","Calypte anna",2017,3,13,"4fa7b334-ce0d-4e88-aaae-2e0c138d049e",NA,"2047192290"
32.241085,-111.00967,8,"Columbidae","Zenaida macroura",2017,3,13,"4fa7b334-ce0d-4e88-aaae-2e0c138d049e",NA,"2047199383"
32.241085,-111.00967,2,"Picidae","Melanerpes uropygialis",2017,3,13,"4fa7b334-ce0d-4e88-aaae-2e0c138d049e",NA,"2046196167"
32.241085,-111.00967,4,"Fringillidae","Spinus psaltria",2017,3,13,"4fa7b334-ce0d-4e88-aaae-2e0c138d049e",NA,"2046196238"
32.241085,-111.00967,10,"Passeridae","Passer domesticus",2017,3,13,"4fa7b334-ce0d-4e88-aaae-2e0c138d049e",NA,"2052388262"
32.241085,-111.00967,1,"Trochilidae","Archilochus alexandri",2017,3,13,"4fa7b334-ce0d-4e88-aaae-2e0c138d049e",NA,"2047194718"
32.241085,-111.00967,1,"Icteridae","Quiscalus mexicanus",2017,3,13,"4fa7b334-ce0d-4e88-aaae-2e0c138d049e",NA,"2038498959"
32.241085,-111.00967,1,"Picidae","Dryobates scalaris",2017,3,13,"4fa7b334-ce0d-4e88-aaae-2e0c138d049e",NA,"2047407288"
32.241085,-111.00967,NA,"Fringillidae","Haemorhous mexicanus",2017,3,13,"4fa7b334-ce0d-4e88-aaae-2e0c138d049e",NA,"2047408939"
32.241085,-111.00967,NA,"Trochilidae","Calypte anna",2017,3,13,"4fa7b334-ce0d-4e88-aaae-2e0c138d049e",NA,"2038496616"
32.241085,-111.00967,NA,"Columbidae","Zenaida macroura",2017,3,13,"4fa7b334-ce0d-4e88-aaae-2e0c138d049e",NA,"2038492832"
32.241085,-111.00967,NA,"Picidae","Melanerpes uropygialis",2017,3,13,"4fa7b334-ce0d-4e88-aaae-2e0c138d049e",NA,"2047409703"
32.241085,-111.00967,NA,"Fringillidae","Spinus psaltria",2017,3,13,"4fa7b334-ce0d-4e88-aaae-2e0c138d049e",NA,"2047408647"
32.241085,-111.00967,NA,"Passeridae","Passer domesticus",2017,3,13,"4fa7b334-ce0d-4e88-aaae-2e0c138d049e",NA,"2048458557"
32.241085,-111.00967,1,"Trochilidae","Archilochus alexandri",2017,3,13,"4fa7b334-ce0d-4e88-aaae-2e0c138d049e",NA,"2038485108"
32.241085,-111.00967,NA,"Sturnidae","Sturnus vulgaris",2017,3,11,"4fa7b334-ce0d-4e88-aaae-2e0c138d049e",NA,"2054753726"
32.241085,-111.00967,NA,"Fringillidae","Spinus psaltria",2017,3,11,"4fa7b334-ce0d-4e88-aaae-2e0c138d049e",NA,"2048196091"
32.241085,-111.00967,1,"Emberizidae","Melozone aberti",2017,3,11,"4fa7b334-ce0d-4e88-aaae-2e0c138d049e",NA,"2049421067"
32.241085,-111.00967,NA,"Fringillidae","Haemorhous mexicanus",2017,3,11,"4fa7b334-ce0d-4e88-aaae-2e0c138d049e",NA,"2049439413"
32.241085,-111.00967,NA,"Columbidae","Zenaida macroura",2017,3,11,"4fa7b334-ce0d-4e88-aaae-2e0c138d049e",NA,"2048190969"
32.241085,-111.00967,NA,"Odontophoridae","Callipepla gambelii",2017,3,11,"4fa7b334-ce0d-4e88-aaae-2e0c138d049e",NA,"2054756247"
32.241085,-111.00967,NA,"Passeridae","Passer domesticus",2017,3,11,"4fa7b334-ce0d-4e88-aaae-2e0c138d049e",NA,"2054759215"
32.241085,-111.00967,1,"Icteridae","Quiscalus mexicanus",2017,3,11,"4fa7b334-ce0d-4e88-aaae-2e0c138d049e",NA,"2054760459"
32.241085,-111.00967,1,"Parulidae","Setophaga coronata",2017,3,11,"4fa7b334-ce0d-4e88-aaae-2e0c138d049e",NA,"2048199150"
32.241085,-111.00967,1,"Picidae","Melanerpes uropygialis",2017,3,11,"4fa7b334-ce0d-4e88-aaae-2e0c138d049e",NA,"2054749536"
32.241085,-111.00967,1,"Trochilidae","Calypte anna",2017,3,11,"4fa7b334-ce0d-4e88-aaae-2e0c138d049e",NA,"2049425966"
32.241085,-111.00967,NA,"Columbidae","Streptopelia decaocto",2017,3,11,"4fa7b334-ce0d-4e88-aaae-2e0c138d049e",NA,"2048199196"
32.241085,-111.00967,NA,"Columbidae","Streptopelia decaocto",2017,3,13,"4fa7b334-ce0d-4e88-aaae-2e0c138d049e",NA,"2053731118"
32.246655,-111.01561,NA,"Troglodytidae","Campylorhynchus brunneicapillus",2017,3,26,"4fa7b334-ce0d-4e88-aaae-2e0c138d049e",NA,"2054884746"
32.246655,-111.01561,NA,"Columbidae","Zenaida asiatica",2017,3,26,"4fa7b334-ce0d-4e88-aaae-2e0c138d049e",NA,"2049562622"
32.246655,-111.01561,1,"Emberizidae","Melozone fusca",2017,3,26,"4fa7b334-ce0d-4e88-aaae-2e0c138d049e",NA,"2039472463"
32.246655,-111.01561,NA,"Columbidae","Streptopelia decaocto",2017,3,26,"4fa7b334-ce0d-4e88-aaae-2e0c138d049e",NA,"2054874121"
32.246655,-111.01561,2,"Polioptilidae","Polioptila melanura",2017,3,26,"4fa7b334-ce0d-4e88-aaae-2e0c138d049e",NA,"2054878687"
32.246655,-111.01561,NA,"Cathartidae","Cathartes aura",2017,3,26,"4fa7b334-ce0d-4e88-aaae-2e0c138d049e",NA,"2048351153"
32.246655,-111.01561,2,"Ptilogonatidae","Phainopepla nitens",2017,3,26,"4fa7b334-ce0d-4e88-aaae-2e0c138d049e",NA,"2049563087"
32.246655,-111.01561,NA,"Odontophoridae","Callipepla gambelii",2017,3,26,"4fa7b334-ce0d-4e88-aaae-2e0c138d049e",NA,"2048337553"
32.246655,-111.01561,NA,"Fringillidae","Haemorhous mexicanus",2017,3,26,"4fa7b334-ce0d-4e88-aaae-2e0c138d049e",NA,"2049543761"
32.246655,-111.01561,1,"Mimidae","Mimus polyglottos",2017,3,26,"4fa7b334-ce0d-4e88-aaae-2e0c138d049e",NA,"2039467753"
32.246655,-111.01561,NA,"Mimidae","Toxostoma curvirostre",2017,3,26,"4fa7b334-ce0d-4e88-aaae-2e0c138d049e",NA,"2049540518"
32.246655,-111.01561,NA,"Picidae","Melanerpes uropygialis",2017,3,26,"4fa7b334-ce0d-4e88-aaae-2e0c138d049e",NA,"2054872220"
32.246655,-111.01561,NA,"Passeridae","Passer domesticus",2017,3,26,"4fa7b334-ce0d-4e88-aaae-2e0c138d049e",NA,"2039470444"
32.246655,-111.01561,1,"Accipitridae","Accipiter cooperii",2017,3,26,"4fa7b334-ce0d-4e88-aaae-2e0c138d049e",NA,"2039474770"
32.246655,-111.01561,NA,"Remizidae","Auriparus flaviceps",2017,3,26,"4fa7b334-ce0d-4e88-aaae-2e0c138d049e",NA,"2054876488"
32.246655,-111.01561,1,"Emberizidae","Amphispiza bilineata",2017,3,26,"4fa7b334-ce0d-4e88-aaae-2e0c138d049e",NA,"2049542746"
32.246655,-111.01561,NA,"Sturnidae","Sturnus vulgaris",2017,3,26,"4fa7b334-ce0d-4e88-aaae-2e0c138d049e",NA,"2049556556"
32.246655,-111.01561,2,"Cardinalidae","Cardinalis sinuatus",2017,3,26,"4fa7b334-ce0d-4e88-aaae-2e0c138d049e",NA,"2048340913"
32.246655,-111.01561,1,"Cardinalidae","Cardinalis cardinalis",2017,3,26,"4fa7b334-ce0d-4e88-aaae-2e0c138d049e",NA,"2048338799"
32.246655,-111.01561,1,"Emberizidae","Melospiza lincolnii",2017,3,26,"4fa7b334-ce0d-4e88-aaae-2e0c138d049e",NA,"2054875679"
32.246655,-111.01561,NA,"Columbidae","Zenaida macroura",2017,3,26,"4fa7b334-ce0d-4e88-aaae-2e0c138d049e",NA,"2054891531"
32.246655,-111.01561,1,"Trochilidae","Calypte anna",2017,3,26,"4fa7b334-ce0d-4e88-aaae-2e0c138d049e",NA,"2048341070"
32.246655,-111.01561,NA,"Fringillidae","Spinus psaltria",2017,3,26,"4fa7b334-ce0d-4e88-aaae-2e0c138d049e",NA,"2054879845"
32.246931,-111.012207,NA,"Parulidae","Leiothlypis celata",2021,12,2,"50c9509d-22c7-4a22-a47d-8c48425ef4a7","iNaturalist research-grade observations","3456656176"
32.242514,-111.015986,NA,"Sturnidae","Sturnus vulgaris",2017,9,20,"50c9509d-22c7-4a22-a47d-8c48425ef4a7","iNaturalist research-grade observations","1668838751"
32.240511,-111.00726,NA,"Falconidae","Falco sparverius",2017,10,14,"50c9509d-22c7-4a22-a47d-8c48425ef4a7","iNaturalist research-grade observations","1677307013"
32.245842,-111.0106,NA,"Falconidae","Falco sparverius",2017,10,20,"50c9509d-22c7-4a22-a47d-8c48425ef4a7","iNaturalist research-grade observations","1677331034"
32.241245,-111.010449,NA,"Mimidae","Mimus polyglottos",2017,10,30,"50c9509d-22c7-4a22-a47d-8c48425ef4a7","iNaturalist research-grade observations","1699384176"
