"decimalLatitude","decimalLongitude","individualCount","family","species","year","month","day","datasetKey","gbifID"
32.233124,-110.79214,8,"Columbidae","Zenaida asiatica",2021,8,12,"4fa7b334-ce0d-4e88-aaae-2e0c138d049e","3678164928"
32.233124,-110.79214,2,"Fringillidae","Haemorhous mexicanus",2021,8,12,"4fa7b334-ce0d-4e88-aaae-2e0c138d049e","3677004377"
32.233124,-110.79214,2,"Odontophoridae","Callipepla gambelii",2021,8,12,"4fa7b334-ce0d-4e88-aaae-2e0c138d049e","3680444115"
32.233124,-110.79214,1,"Accipitridae","Parabuteo unicinctus",2021,8,12,"4fa7b334-ce0d-4e88-aaae-2e0c138d049e","3679882853"
32.233124,-110.79214,1,"Picidae","Melanerpes uropygialis",2021,8,12,"4fa7b334-ce0d-4e88-aaae-2e0c138d049e","3679420974"
32.233124,-110.79214,2,"Columbidae","Zenaida macroura",2021,8,12,"4fa7b334-ce0d-4e88-aaae-2e0c138d049e","3682197552"
32.233124,-110.79214,1,"Cathartidae","Cathartes aura",2021,8,12,"4fa7b334-ce0d-4e88-aaae-2e0c138d049e","3633115253"
32.233124,-110.79214,1,"Falconidae","Falco sparverius",2021,8,12,"4fa7b334-ce0d-4e88-aaae-2e0c138d049e","3626133564"
32.233124,-110.79214,8,"Columbidae","Zenaida macroura",2021,8,12,"4fa7b334-ce0d-4e88-aaae-2e0c138d049e","3626699512"
32.233124,-110.79214,3,"Accipitridae","Buteo jamaicensis",2021,8,12,"4fa7b334-ce0d-4e88-aaae-2e0c138d049e","3617130478"
32.233124,-110.79214,3,"Columbidae","Zenaida asiatica",2021,8,12,"4fa7b334-ce0d-4e88-aaae-2e0c138d049e","3647540842"
32.233124,-110.79214,1,"Fringillidae","Haemorhous mexicanus",2021,8,12,"4fa7b334-ce0d-4e88-aaae-2e0c138d049e","3653080957"
32.23192,-110.79804,1,"Picidae","Melanerpes uropygialis",2020,5,3,"4fa7b334-ce0d-4e88-aaae-2e0c138d049e","3148377785"
32.23192,-110.79804,1,"Tyrannidae","Myiarchus cinerascens",2020,5,3,"4fa7b334-ce0d-4e88-aaae-2e0c138d049e","3154382787"
32.23192,-110.79804,1,"Ptilogonatidae","Phainopepla nitens",2020,5,3,"4fa7b334-ce0d-4e88-aaae-2e0c138d049e","3170601754"
32.23192,-110.79804,1,"Tyrannidae","Sayornis saya",2020,5,3,"4fa7b334-ce0d-4e88-aaae-2e0c138d049e","3158562828"
32.23192,-110.79804,1,"Troglodytidae","Campylorhynchus brunneicapillus",2020,5,3,"4fa7b334-ce0d-4e88-aaae-2e0c138d049e","3158291869"
32.23192,-110.79804,1,"Parulidae","Leiothlypis luciae",2020,5,3,"4fa7b334-ce0d-4e88-aaae-2e0c138d049e","3167977941"
32.23192,-110.79804,4,"Columbidae","Zenaida macroura",2020,5,3,"4fa7b334-ce0d-4e88-aaae-2e0c138d049e","3148915914"
32.23192,-110.79804,4,"Fringillidae","Haemorhous mexicanus",2020,5,3,"4fa7b334-ce0d-4e88-aaae-2e0c138d049e","3152772759"
32.23192,-110.79804,4,"Remizidae","Auriparus flaviceps",2020,5,3,"4fa7b334-ce0d-4e88-aaae-2e0c138d049e","3163080824"
32.23192,-110.79804,4,"Columbidae","Zenaida asiatica",2020,5,3,"4fa7b334-ce0d-4e88-aaae-2e0c138d049e","3154967818"
32.23192,-110.79804,1,"Mimidae","Mimus polyglottos",2020,5,3,"4fa7b334-ce0d-4e88-aaae-2e0c138d049e","3164446925"
32.23192,-110.79804,1,"Passeridae","Passer domesticus",2020,5,3,"4fa7b334-ce0d-4e88-aaae-2e0c138d049e","3163992964"
32.23192,-110.79804,1,"Trochilidae","Cynanthus latirostris",2020,5,3,"4fa7b334-ce0d-4e88-aaae-2e0c138d049e","3270587122"
32.23192,-110.79804,1,"Picidae","Melanerpes uropygialis",2020,5,3,"4fa7b334-ce0d-4e88-aaae-2e0c138d049e","3228424285"
32.23192,-110.79804,1,"Tyrannidae","Myiarchus cinerascens",2020,5,3,"4fa7b334-ce0d-4e88-aaae-2e0c138d049e","3230305200"
32.23192,-110.79804,1,"Ptilogonatidae","Phainopepla nitens",2020,5,3,"4fa7b334-ce0d-4e88-aaae-2e0c138d049e","3238301060"
32.23192,-110.79804,1,"Tyrannidae","Sayornis saya",2020,5,3,"4fa7b334-ce0d-4e88-aaae-2e0c138d049e","3243640398"
32.23192,-110.79804,1,"Troglodytidae","Campylorhynchus brunneicapillus",2020,5,3,"4fa7b334-ce0d-4e88-aaae-2e0c138d049e","3247002104"
32.23192,-110.79804,1,"Parulidae","Leiothlypis luciae",2020,5,3,"4fa7b334-ce0d-4e88-aaae-2e0c138d049e","3238204202"
32.23192,-110.79804,4,"Columbidae","Zenaida macroura",2020,5,3,"4fa7b334-ce0d-4e88-aaae-2e0c138d049e","3244923048"
32.23192,-110.79804,4,"Fringillidae","Haemorhous mexicanus",2020,5,3,"4fa7b334-ce0d-4e88-aaae-2e0c138d049e","3255944255"
32.23192,-110.79804,4,"Remizidae","Auriparus flaviceps",2020,5,3,"4fa7b334-ce0d-4e88-aaae-2e0c138d049e","3249764140"
32.23192,-110.79804,4,"Columbidae","Zenaida asiatica",2020,5,3,"4fa7b334-ce0d-4e88-aaae-2e0c138d049e","3249025136"
32.23192,-110.79804,1,"Mimidae","Mimus polyglottos",2020,5,3,"4fa7b334-ce0d-4e88-aaae-2e0c138d049e","3254974188"
32.23192,-110.79804,1,"Passeridae","Passer domesticus",2020,5,3,"4fa7b334-ce0d-4e88-aaae-2e0c138d049e","3234967166"
32.23192,-110.79804,1,"Trochilidae","Cynanthus latirostris",2020,5,3,"4fa7b334-ce0d-4e88-aaae-2e0c138d049e","3243733118"
32.23192,-110.79804,2,"Remizidae","Auriparus flaviceps",2019,5,5,"4fa7b334-ce0d-4e88-aaae-2e0c138d049e","2747441745"
32.23192,-110.79804,2,"Cardinalidae","Cardinalis cardinalis",2019,5,5,"4fa7b334-ce0d-4e88-aaae-2e0c138d049e","2732088778"
32.23192,-110.79804,2,"Mimidae","Mimus polyglottos",2019,5,5,"4fa7b334-ce0d-4e88-aaae-2e0c138d049e","2733373747"
32.23192,-110.79804,1,"Parulidae","Leiothlypis luciae",2019,5,5,"4fa7b334-ce0d-4e88-aaae-2e0c138d049e","2747293637"
32.23192,-110.79804,4,"Columbidae","Zenaida macroura",2019,5,5,"4fa7b334-ce0d-4e88-aaae-2e0c138d049e","2745959652"
32.23192,-110.79804,3,"Fringillidae","Haemorhous mexicanus",2019,5,5,"4fa7b334-ce0d-4e88-aaae-2e0c138d049e","2752131778"
32.23192,-110.79804,1,"Trochilidae","Calypte anna",2019,5,5,"4fa7b334-ce0d-4e88-aaae-2e0c138d049e","2760842802"
32.23192,-110.79804,5,"Columbidae","Zenaida asiatica",2019,5,5,"4fa7b334-ce0d-4e88-aaae-2e0c138d049e","2734366687"
32.23192,-110.79804,1,"Mimidae","Toxostoma curvirostre",2019,5,5,"4fa7b334-ce0d-4e88-aaae-2e0c138d049e","2758664756"
32.23192,-110.79804,1,"Picidae","Melanerpes uropygialis",2019,5,5,"4fa7b334-ce0d-4e88-aaae-2e0c138d049e","2734971624"
32.23192,-110.79804,1,"Ptilogonatidae","Phainopepla nitens",2019,5,5,"4fa7b334-ce0d-4e88-aaae-2e0c138d049e","2732981693"
32.23192,-110.79804,2,"Remizidae","Auriparus flaviceps",2019,5,5,"4fa7b334-ce0d-4e88-aaae-2e0c138d049e","2777858501"
32.23192,-110.79804,2,"Cardinalidae","Cardinalis cardinalis",2019,5,5,"4fa7b334-ce0d-4e88-aaae-2e0c138d049e","2784499649"
32.23192,-110.79804,2,"Mimidae","Mimus polyglottos",2019,5,5,"4fa7b334-ce0d-4e88-aaae-2e0c138d049e","2686406370"
32.23192,-110.79804,1,"Parulidae","Leiothlypis luciae",2019,5,5,"4fa7b334-ce0d-4e88-aaae-2e0c138d049e","2680915586"
32.23192,-110.79804,4,"Columbidae","Zenaida macroura",2019,5,5,"4fa7b334-ce0d-4e88-aaae-2e0c138d049e","2670265422"
32.23192,-110.79804,3,"Fringillidae","Haemorhous mexicanus",2019,5,5,"4fa7b334-ce0d-4e88-aaae-2e0c138d049e","2672454382"
32.23192,-110.79804,1,"Trochilidae","Calypte anna",2019,5,5,"4fa7b334-ce0d-4e88-aaae-2e0c138d049e","2683341456"
32.23192,-110.79804,5,"Columbidae","Zenaida asiatica",2019,5,5,"4fa7b334-ce0d-4e88-aaae-2e0c138d049e","2680679633"
32.23192,-110.79804,1,"Mimidae","Toxostoma curvirostre",2019,5,5,"4fa7b334-ce0d-4e88-aaae-2e0c138d049e","2675498661"
32.23192,-110.79804,1,"Picidae","Melanerpes uropygialis",2019,5,5,"4fa7b334-ce0d-4e88-aaae-2e0c138d049e","2671680729"
32.23192,-110.79804,1,"Ptilogonatidae","Phainopepla nitens",2019,5,5,"4fa7b334-ce0d-4e88-aaae-2e0c138d049e","2688538518"
