"decimalLatitude","decimalLongitude","individualCount","family","species","year","month","day","datasetKey","datasetName","gbifID"
32.13753,-110.90122,4,"Sturnidae","Sturnus vulgaris",2021,4,24,"4fa7b334-ce0d-4e88-aaae-2e0c138d049e",NA,"3520976903"
32.13753,-110.90122,2,"Columbidae","Zenaida macroura",2021,4,24,"4fa7b334-ce0d-4e88-aaae-2e0c138d049e",NA,"3521972975"
32.13753,-110.90122,1,"Mimidae","Mimus polyglottos",2021,4,24,"4fa7b334-ce0d-4e88-aaae-2e0c138d049e",NA,"3515223229"
32.13753,-110.90122,1,"Tyrannidae","Pyrocephalus rubinus",2021,4,24,"4fa7b334-ce0d-4e88-aaae-2e0c138d049e",NA,"3541769878"
32.13753,-110.90122,11,"Passeridae","Passer domesticus",2021,4,24,"4fa7b334-ce0d-4e88-aaae-2e0c138d049e",NA,"3594038899"
32.13753,-110.90122,5,"Columbidae","Columba livia",2021,4,24,"4fa7b334-ce0d-4e88-aaae-2e0c138d049e",NA,"3592901812"
32.13753,-110.90122,2,"Picidae","Melanerpes uropygialis",2021,4,24,"4fa7b334-ce0d-4e88-aaae-2e0c138d049e",NA,"3594077961"
32.13753,-110.90122,2,"Odontophoridae","Callipepla gambelii",2021,4,24,"4fa7b334-ce0d-4e88-aaae-2e0c138d049e",NA,"3591822254"
32.13753,-110.90122,1,"Icteridae","Icterus cucullatus",2021,4,24,"4fa7b334-ce0d-4e88-aaae-2e0c138d049e",NA,"3592549151"
32.13753,-110.90122,1,"Fringillidae","Haemorhous mexicanus",2021,4,24,"4fa7b334-ce0d-4e88-aaae-2e0c138d049e",NA,"3520780169"
32.13753,-110.90122,4,"Icteridae","Quiscalus mexicanus",2021,4,24,"4fa7b334-ce0d-4e88-aaae-2e0c138d049e",NA,"3592308836"
32.13753,-110.90122,4,"Sturnidae","Sturnus vulgaris",2021,4,24,"4fa7b334-ce0d-4e88-aaae-2e0c138d049e",NA,"3568431406"
32.13753,-110.90122,2,"Columbidae","Zenaida macroura",2021,4,24,"4fa7b334-ce0d-4e88-aaae-2e0c138d049e",NA,"3566036185"
32.13753,-110.90122,1,"Mimidae","Mimus polyglottos",2021,4,24,"4fa7b334-ce0d-4e88-aaae-2e0c138d049e",NA,"3568693665"
32.13753,-110.90122,1,"Tyrannidae","Pyrocephalus rubinus",2021,4,24,"4fa7b334-ce0d-4e88-aaae-2e0c138d049e",NA,"3560125966"
32.13753,-110.90122,11,"Passeridae","Passer domesticus",2021,4,24,"4fa7b334-ce0d-4e88-aaae-2e0c138d049e",NA,"3567634300"
32.13753,-110.90122,5,"Columbidae","Columba livia",2021,4,24,"4fa7b334-ce0d-4e88-aaae-2e0c138d049e",NA,"3566234034"
32.13753,-110.90122,2,"Picidae","Melanerpes uropygialis",2021,4,24,"4fa7b334-ce0d-4e88-aaae-2e0c138d049e",NA,"3563931198"
32.13753,-110.90122,2,"Odontophoridae","Callipepla gambelii",2021,4,24,"4fa7b334-ce0d-4e88-aaae-2e0c138d049e",NA,"3548664088"
32.13753,-110.90122,1,"Icteridae","Icterus cucullatus",2021,4,24,"4fa7b334-ce0d-4e88-aaae-2e0c138d049e",NA,"3539525770"
32.13753,-110.90122,1,"Fringillidae","Haemorhous mexicanus",2021,4,24,"4fa7b334-ce0d-4e88-aaae-2e0c138d049e",NA,"3539043239"
32.13753,-110.90122,4,"Icteridae","Quiscalus mexicanus",2021,4,24,"4fa7b334-ce0d-4e88-aaae-2e0c138d049e",NA,"3542311540"
32.13753,-110.90122,1,"Mimidae","Toxostoma curvirostre",2020,5,15,"4fa7b334-ce0d-4e88-aaae-2e0c138d049e",NA,"3164300840"
32.13753,-110.90122,1,"Fringillidae","Haemorhous mexicanus",2020,5,15,"4fa7b334-ce0d-4e88-aaae-2e0c138d049e",NA,"3176428850"
32.13753,-110.90122,3,"Columbidae","Streptopelia decaocto",2020,5,15,"4fa7b334-ce0d-4e88-aaae-2e0c138d049e",NA,"3171167896"
32.13753,-110.90122,1,"Remizidae","Auriparus flaviceps",2020,5,15,"4fa7b334-ce0d-4e88-aaae-2e0c138d049e",NA,"3169066904"
32.13753,-110.90122,3,"Columbidae","Zenaida macroura",2020,5,15,"4fa7b334-ce0d-4e88-aaae-2e0c138d049e",NA,"3183229892"
32.13753,-110.90122,3,"Tyrannidae","Pyrocephalus rubinus",2020,5,15,"4fa7b334-ce0d-4e88-aaae-2e0c138d049e",NA,"3163051844"
32.13753,-110.90122,3,"Mimidae","Mimus polyglottos",2020,5,15,"4fa7b334-ce0d-4e88-aaae-2e0c138d049e",NA,"3177332836"
32.13753,-110.90122,1,"Picidae","Melanerpes uropygialis",2020,5,15,"4fa7b334-ce0d-4e88-aaae-2e0c138d049e",NA,"3173284899"
32.13753,-110.90122,5,"Columbidae","Zenaida asiatica",2020,5,15,"4fa7b334-ce0d-4e88-aaae-2e0c138d049e",NA,"3170809916"
32.13753,-110.90122,1,"Mimidae","Toxostoma curvirostre",2020,5,15,"4fa7b334-ce0d-4e88-aaae-2e0c138d049e",NA,"3241053772"
32.13753,-110.90122,1,"Fringillidae","Haemorhous mexicanus",2020,5,15,"4fa7b334-ce0d-4e88-aaae-2e0c138d049e",NA,"3258460583"
32.13753,-110.90122,3,"Columbidae","Streptopelia decaocto",2020,5,15,"4fa7b334-ce0d-4e88-aaae-2e0c138d049e",NA,"3241755776"
32.13753,-110.90122,1,"Remizidae","Auriparus flaviceps",2020,5,15,"4fa7b334-ce0d-4e88-aaae-2e0c138d049e",NA,"3270769771"
32.13753,-110.90122,3,"Columbidae","Zenaida macroura",2020,5,15,"4fa7b334-ce0d-4e88-aaae-2e0c138d049e",NA,"3271632878"
32.13753,-110.90122,3,"Tyrannidae","Pyrocephalus rubinus",2020,5,15,"4fa7b334-ce0d-4e88-aaae-2e0c138d049e",NA,"3261181931"
32.13753,-110.90122,3,"Mimidae","Mimus polyglottos",2020,5,15,"4fa7b334-ce0d-4e88-aaae-2e0c138d049e",NA,"3267557688"
32.13753,-110.90122,1,"Picidae","Melanerpes uropygialis",2020,5,15,"4fa7b334-ce0d-4e88-aaae-2e0c138d049e",NA,"3256283751"
32.13753,-110.90122,5,"Columbidae","Zenaida asiatica",2020,5,15,"4fa7b334-ce0d-4e88-aaae-2e0c138d049e",NA,"3264733648"
32.14525,-110.90907,1,"Cuculidae","Geococcyx californianus",2020,9,6,"4fa7b334-ce0d-4e88-aaae-2e0c138d049e",NA,"3190790397"
32.14439,-110.909164,2,"Columbidae","Zenaida macroura",2019,7,10,"4fa7b334-ce0d-4e88-aaae-2e0c138d049e",NA,"2785166916"
32.14439,-110.909164,1,"Columbidae","Streptopelia decaocto",2019,7,10,"4fa7b334-ce0d-4e88-aaae-2e0c138d049e",NA,"2741476783"
32.14439,-110.909164,3,"Columbidae","Zenaida asiatica",2019,7,10,"4fa7b334-ce0d-4e88-aaae-2e0c138d049e",NA,"2773205819"
32.14654,-110.90908,2,"Columbidae","Zenaida asiatica",2019,7,10,"4fa7b334-ce0d-4e88-aaae-2e0c138d049e",NA,"2778987971"
32.14654,-110.90908,2,"Columbidae","Columba livia",2019,7,10,"4fa7b334-ce0d-4e88-aaae-2e0c138d049e",NA,"2778019848"
32.14654,-110.90908,2,"Columbidae","Zenaida asiatica",2019,7,10,"4fa7b334-ce0d-4e88-aaae-2e0c138d049e",NA,"2787871867"
32.14654,-110.90908,2,"Columbidae","Columba livia",2019,7,10,"4fa7b334-ce0d-4e88-aaae-2e0c138d049e",NA,"2788018944"
32.137917,-110.90943,1,"Cathartidae","Cathartes aura",2019,8,6,"4fa7b334-ce0d-4e88-aaae-2e0c138d049e",NA,"2783653589"
32.137917,-110.90943,5,"Columbidae","Streptopelia decaocto",2019,8,6,"4fa7b334-ce0d-4e88-aaae-2e0c138d049e",NA,"2762100740"
32.13987,-110.90933,1,"Picidae","Melanerpes uropygialis",2019,8,7,"4fa7b334-ce0d-4e88-aaae-2e0c138d049e",NA,"2689639084"
32.13465,-110.89951,1,"Cathartidae","Cathartes aura",2018,7,15,"4fa7b334-ce0d-4e88-aaae-2e0c138d049e",NA,"2217499840"
32.13465,-110.89951,1,"Remizidae","Auriparus flaviceps",2018,7,15,"4fa7b334-ce0d-4e88-aaae-2e0c138d049e",NA,"2229598215"
32.13465,-110.89951,3,"Icteridae","Quiscalus mexicanus",2018,7,15,"4fa7b334-ce0d-4e88-aaae-2e0c138d049e",NA,"2229598293"
32.13465,-110.89951,1,"Sturnidae","Sturnus vulgaris",2018,7,15,"4fa7b334-ce0d-4e88-aaae-2e0c138d049e",NA,"2229611449"
32.13465,-110.89951,14,"Columbidae","Streptopelia decaocto",2018,7,15,"4fa7b334-ce0d-4e88-aaae-2e0c138d049e",NA,"2227071203"
32.13465,-110.89951,1,"Accipitridae","Buteo jamaicensis",2018,7,15,"4fa7b334-ce0d-4e88-aaae-2e0c138d049e",NA,"2217484817"
32.13465,-110.89951,8,"Columbidae","Columba livia",2018,7,15,"4fa7b334-ce0d-4e88-aaae-2e0c138d049e",NA,"2227062871"
32.13465,-110.89951,2,"Mimidae","Mimus polyglottos",2018,7,15,"4fa7b334-ce0d-4e88-aaae-2e0c138d049e",NA,"2227065415"
32.13465,-110.89951,1,"Cuculidae","Geococcyx californianus",2018,7,15,"4fa7b334-ce0d-4e88-aaae-2e0c138d049e",NA,"2229607264"
32.13465,-110.89951,2,"Columbidae","Zenaida macroura",2018,7,15,"4fa7b334-ce0d-4e88-aaae-2e0c138d049e",NA,"2233316135"
32.13465,-110.89951,4,"Columbidae","Zenaida asiatica",2018,7,15,"4fa7b334-ce0d-4e88-aaae-2e0c138d049e",NA,"2233315464"
32.14653,-110.909004,1,"Accipitridae","Buteo jamaicensis",2018,12,5,"4fa7b334-ce0d-4e88-aaae-2e0c138d049e",NA,"2221851756"
