"decimalLatitude","decimalLongitude","individualCount","family","species","year","month","day","datasetKey","datasetName","gbifID"
32.2408,-111.0324,1,"Caprimulgidae","Phalaenoptilus nuttallii",2021,3,9,"4fa7b334-ce0d-4e88-aaae-2e0c138d049e",NA,"3615912101"
32.2408,-111.0324,1,"Cardinalidae","Cardinalis cardinalis",2021,3,9,"4fa7b334-ce0d-4e88-aaae-2e0c138d049e",NA,"3600160279"
32.2408,-111.0324,2,"Picidae","Melanerpes uropygialis",2021,3,9,"4fa7b334-ce0d-4e88-aaae-2e0c138d049e",NA,"3608340350"
32.2408,-111.0324,7,"Odontophoridae","Callipepla gambelii",2021,3,9,"4fa7b334-ce0d-4e88-aaae-2e0c138d049e",NA,"3605281635"
32.2408,-111.0324,1,"Polioptilidae","Polioptila melanura",2021,3,9,"4fa7b334-ce0d-4e88-aaae-2e0c138d049e",NA,"3612005403"
32.2408,-111.0324,2,"Cardinalidae","Cardinalis sinuatus",2021,3,9,"4fa7b334-ce0d-4e88-aaae-2e0c138d049e",NA,"3611370598"
32.2408,-111.0324,1,"Trochilidae","Calypte costae",2021,3,9,"4fa7b334-ce0d-4e88-aaae-2e0c138d049e",NA,"3623575430"
32.2408,-111.0324,1,"Mimidae","Toxostoma curvirostre",2021,3,9,"4fa7b334-ce0d-4e88-aaae-2e0c138d049e",NA,"3658167156"
32.2408,-111.0324,1,"Ptilogonatidae","Phainopepla nitens",2021,3,9,"4fa7b334-ce0d-4e88-aaae-2e0c138d049e",NA,"3597966835"
32.2408,-111.0324,4,"Fringillidae","Haemorhous mexicanus",2021,3,9,"4fa7b334-ce0d-4e88-aaae-2e0c138d049e",NA,"3604093412"
32.2408,-111.0324,1,"Emberizidae","Melozone aberti",2021,3,9,"4fa7b334-ce0d-4e88-aaae-2e0c138d049e",NA,"3602849255"
32.2408,-111.0324,7,"Columbidae","Zenaida macroura",2021,3,9,"4fa7b334-ce0d-4e88-aaae-2e0c138d049e",NA,"3600329053"
32.2408,-111.0324,2,"Remizidae","Auriparus flaviceps",2021,3,9,"4fa7b334-ce0d-4e88-aaae-2e0c138d049e",NA,"3603667957"
32.2408,-111.0324,1,"Emberizidae","Melozone aberti",2021,3,30,"4fa7b334-ce0d-4e88-aaae-2e0c138d049e",NA,"3642386928"
32.2408,-111.0324,6,"Columbidae","Zenaida macroura",2021,3,30,"4fa7b334-ce0d-4e88-aaae-2e0c138d049e",NA,"3621110777"
32.2408,-111.0324,1,"Picidae","Melanerpes uropygialis",2021,3,30,"4fa7b334-ce0d-4e88-aaae-2e0c138d049e",NA,"3662228969"
32.2408,-111.0324,2,"Ptilogonatidae","Phainopepla nitens",2021,3,30,"4fa7b334-ce0d-4e88-aaae-2e0c138d049e",NA,"3663846818"
32.2408,-111.0324,1,"Cardinalidae","Cardinalis cardinalis",2021,3,30,"4fa7b334-ce0d-4e88-aaae-2e0c138d049e",NA,"3655468615"
32.2408,-111.0324,1,"Mimidae","Toxostoma curvirostre",2021,3,30,"4fa7b334-ce0d-4e88-aaae-2e0c138d049e",NA,"3650209497"
32.2408,-111.0324,1,"Trochilidae","Calypte costae",2021,3,30,"4fa7b334-ce0d-4e88-aaae-2e0c138d049e",NA,"3649940404"
32.2408,-111.0324,1,"Trochilidae","Calypte costae",2021,4,23,"4fa7b334-ce0d-4e88-aaae-2e0c138d049e",NA,"3684909959"
32.2408,-111.0324,2,"Remizidae","Auriparus flaviceps",2021,4,23,"4fa7b334-ce0d-4e88-aaae-2e0c138d049e",NA,"3685593314"
32.2408,-111.0324,1,"Mimidae","Toxostoma curvirostre",2021,4,23,"4fa7b334-ce0d-4e88-aaae-2e0c138d049e",NA,"3658674451"
32.2408,-111.0324,2,"Passeridae","Passer domesticus",2021,4,23,"4fa7b334-ce0d-4e88-aaae-2e0c138d049e",NA,"3654648741"
32.2408,-111.0324,7,"Odontophoridae","Callipepla gambelii",2021,4,23,"4fa7b334-ce0d-4e88-aaae-2e0c138d049e",NA,"3658861168"
32.2408,-111.0324,7,"Columbidae","Zenaida asiatica",2021,4,23,"4fa7b334-ce0d-4e88-aaae-2e0c138d049e",NA,"3663939590"
32.2408,-111.0324,1,"Trochilidae","Calypte anna",2021,4,23,"4fa7b334-ce0d-4e88-aaae-2e0c138d049e",NA,"3652988529"
32.2408,-111.0324,3,"Columbidae","Zenaida macroura",2021,4,23,"4fa7b334-ce0d-4e88-aaae-2e0c138d049e",NA,"3652446571"
32.2408,-111.0324,3,"Fringillidae","Haemorhous mexicanus",2021,4,23,"4fa7b334-ce0d-4e88-aaae-2e0c138d049e",NA,"3649810848"
32.2408,-111.0324,2,"Picidae","Melanerpes uropygialis",2021,4,23,"4fa7b334-ce0d-4e88-aaae-2e0c138d049e",NA,"3642715246"
32.2408,-111.0324,1,"Cardinalidae","Cardinalis cardinalis",2021,4,23,"4fa7b334-ce0d-4e88-aaae-2e0c138d049e",NA,"3634437275"
32.2408,-111.0324,1,"Mimidae","Mimus polyglottos",2021,4,23,"4fa7b334-ce0d-4e88-aaae-2e0c138d049e",NA,"3660762329"
32.2408,-111.0324,1,"Picidae","Dryobates scalaris",2021,4,23,"4fa7b334-ce0d-4e88-aaae-2e0c138d049e",NA,"3659284130"
32.2408,-111.0324,1,"Ptilogonatidae","Phainopepla nitens",2021,4,23,"4fa7b334-ce0d-4e88-aaae-2e0c138d049e",NA,"3598441445"
32.2408,-111.0324,1,"Tyrannidae","Myiarchus tyrannulus",2021,4,23,"4fa7b334-ce0d-4e88-aaae-2e0c138d049e",NA,"3513827704"
32.240475,-111.03298,1,"Columbidae","Columba livia",2021,8,11,"4fa7b334-ce0d-4e88-aaae-2e0c138d049e",NA,"3543097113"
32.240475,-111.03298,5,"Columbidae","Zenaida macroura",2021,8,11,"4fa7b334-ce0d-4e88-aaae-2e0c138d049e",NA,"3541191833"
32.240475,-111.03298,1,"Fringillidae","Spinus psaltria",2021,8,11,"4fa7b334-ce0d-4e88-aaae-2e0c138d049e",NA,"3539369602"
32.240475,-111.03298,1,"Tyrannidae","Myiarchus tyrannulus",2021,8,11,"4fa7b334-ce0d-4e88-aaae-2e0c138d049e",NA,"3537185917"
32.240475,-111.03298,1,"Cardinalidae","Cardinalis cardinalis",2021,8,11,"4fa7b334-ce0d-4e88-aaae-2e0c138d049e",NA,"3532555307"
32.240475,-111.03298,2,"Emberizidae","Melozone aberti",2021,8,11,"4fa7b334-ce0d-4e88-aaae-2e0c138d049e",NA,"3532114276"
32.240475,-111.03298,1,"Remizidae","Auriparus flaviceps",2021,8,11,"4fa7b334-ce0d-4e88-aaae-2e0c138d049e",NA,"3532883526"
32.240475,-111.03298,3,"Picidae","Melanerpes uropygialis",2021,8,11,"4fa7b334-ce0d-4e88-aaae-2e0c138d049e",NA,"3533043919"
32.240475,-111.03298,3,"Passeridae","Passer domesticus",2021,8,11,"4fa7b334-ce0d-4e88-aaae-2e0c138d049e",NA,"3533455209"
32.240475,-111.03298,2,"Columbidae","Streptopelia decaocto",2021,8,11,"4fa7b334-ce0d-4e88-aaae-2e0c138d049e",NA,"3535255189"
32.240475,-111.03298,9,"Columbidae","Zenaida asiatica",2021,8,11,"4fa7b334-ce0d-4e88-aaae-2e0c138d049e",NA,"3539801226"
32.240475,-111.03298,1,"Odontophoridae","Callipepla gambelii",2021,8,11,"4fa7b334-ce0d-4e88-aaae-2e0c138d049e",NA,"3652333367"
32.240475,-111.03298,1,"Columbidae","Columba livia",2021,8,11,"4fa7b334-ce0d-4e88-aaae-2e0c138d049e",NA,"3575170620"
32.240475,-111.03298,5,"Columbidae","Zenaida macroura",2021,8,11,"4fa7b334-ce0d-4e88-aaae-2e0c138d049e",NA,"3578593312"
32.240475,-111.03298,1,"Fringillidae","Spinus psaltria",2021,8,11,"4fa7b334-ce0d-4e88-aaae-2e0c138d049e",NA,"3576471867"
32.240475,-111.03298,1,"Tyrannidae","Myiarchus tyrannulus",2021,8,11,"4fa7b334-ce0d-4e88-aaae-2e0c138d049e",NA,"3568081060"
32.240475,-111.03298,1,"Cardinalidae","Cardinalis cardinalis",2021,8,11,"4fa7b334-ce0d-4e88-aaae-2e0c138d049e",NA,"3578225891"
32.240475,-111.03298,2,"Emberizidae","Melozone aberti",2021,8,11,"4fa7b334-ce0d-4e88-aaae-2e0c138d049e",NA,"3552510407"
32.240475,-111.03298,1,"Remizidae","Auriparus flaviceps",2021,8,11,"4fa7b334-ce0d-4e88-aaae-2e0c138d049e",NA,"3562742860"
32.240475,-111.03298,3,"Picidae","Melanerpes uropygialis",2021,8,11,"4fa7b334-ce0d-4e88-aaae-2e0c138d049e",NA,"3561318826"
32.240475,-111.03298,3,"Passeridae","Passer domesticus",2021,8,11,"4fa7b334-ce0d-4e88-aaae-2e0c138d049e",NA,"3564021454"
32.240475,-111.03298,2,"Columbidae","Streptopelia decaocto",2021,8,11,"4fa7b334-ce0d-4e88-aaae-2e0c138d049e",NA,"3566635097"
32.240475,-111.03298,9,"Columbidae","Zenaida asiatica",2021,8,11,"4fa7b334-ce0d-4e88-aaae-2e0c138d049e",NA,"3570980971"
32.240475,-111.03298,1,"Odontophoridae","Callipepla gambelii",2021,8,11,"4fa7b334-ce0d-4e88-aaae-2e0c138d049e",NA,"3626475489"
32.2408,-111.0324,1,"Remizidae","Auriparus flaviceps",2021,9,17,"4fa7b334-ce0d-4e88-aaae-2e0c138d049e",NA,"3693646882"
32.2408,-111.0324,3,"Fringillidae","Haemorhous mexicanus",2021,9,17,"4fa7b334-ce0d-4e88-aaae-2e0c138d049e",NA,"3691354777"
32.2408,-111.0324,1,"Cardinalidae","Cardinalis cardinalis",2021,9,17,"4fa7b334-ce0d-4e88-aaae-2e0c138d049e",NA,"3691292587"
32.2408,-111.0324,1,"Mimidae","Toxostoma curvirostre",2021,9,17,"4fa7b334-ce0d-4e88-aaae-2e0c138d049e",NA,"3693731474"
32.2408,-111.0324,1,"Columbidae","Streptopelia decaocto",2021,9,17,"4fa7b334-ce0d-4e88-aaae-2e0c138d049e",NA,"3694448623"
32.2408,-111.0324,2,"Passeridae","Passer domesticus",2021,9,17,"4fa7b334-ce0d-4e88-aaae-2e0c138d049e",NA,"3693695798"
32.2408,-111.0324,2,"Emberizidae","Melozone aberti",2021,9,17,"4fa7b334-ce0d-4e88-aaae-2e0c138d049e",NA,"3693700218"
32.2408,-111.0324,1,"Fringillidae","Spinus psaltria",2021,9,17,"4fa7b334-ce0d-4e88-aaae-2e0c138d049e",NA,"3688176529"
32.2408,-111.0324,1,"Trochilidae","Calypte costae",2021,9,17,"4fa7b334-ce0d-4e88-aaae-2e0c138d049e",NA,"3691735053"
32.2408,-111.0324,1,"Cuculidae","Geococcyx californianus",2021,9,17,"4fa7b334-ce0d-4e88-aaae-2e0c138d049e",NA,"3685941836"
32.2408,-111.0324,1,"Trochilidae","Calypte anna",2021,9,17,"4fa7b334-ce0d-4e88-aaae-2e0c138d049e",NA,"3691927287"
32.2408,-111.0324,18,"Columbidae","Zenaida macroura",2021,9,17,"4fa7b334-ce0d-4e88-aaae-2e0c138d049e",NA,"3692829872"
32.2408,-111.0324,15,"Odontophoridae","Callipepla gambelii",2021,9,17,"4fa7b334-ce0d-4e88-aaae-2e0c138d049e",NA,"3694916560"
32.2408,-111.0324,2,"Picidae","Melanerpes uropygialis",2021,9,17,"4fa7b334-ce0d-4e88-aaae-2e0c138d049e",NA,"3694918773"
32.2408,-111.0324,1,"Emberizidae","Melozone aberti",2021,10,24,"4fa7b334-ce0d-4e88-aaae-2e0c138d049e",NA,"3571516911"
32.2408,-111.0324,6,"Columbidae","Zenaida macroura",2021,10,24,"4fa7b334-ce0d-4e88-aaae-2e0c138d049e",NA,"3578245820"
32.2408,-111.0324,12,"Odontophoridae","Callipepla gambelii",2021,10,24,"4fa7b334-ce0d-4e88-aaae-2e0c138d049e",NA,"3579733603"
32.2408,-111.0324,1,"Trochilidae","Calypte anna",2021,10,24,"4fa7b334-ce0d-4e88-aaae-2e0c138d049e",NA,"3582456136"
32.2408,-111.0324,3,"Picidae","Melanerpes uropygialis",2021,10,24,"4fa7b334-ce0d-4e88-aaae-2e0c138d049e",NA,"3584375172"
32.2408,-111.0324,1,"Ptilogonatidae","Phainopepla nitens",2021,10,24,"4fa7b334-ce0d-4e88-aaae-2e0c138d049e",NA,"3585604849"
32.2408,-111.0324,2,"Cardinalidae","Cardinalis sinuatus",2021,10,24,"4fa7b334-ce0d-4e88-aaae-2e0c138d049e",NA,"3585346391"
32.2408,-111.0324,2,"Passeridae","Passer domesticus",2021,10,24,"4fa7b334-ce0d-4e88-aaae-2e0c138d049e",NA,"3584415333"
32.2408,-111.0324,1,"Trochilidae","Calypte costae",2021,10,24,"4fa7b334-ce0d-4e88-aaae-2e0c138d049e",NA,"3584899801"
32.2408,-111.0324,1,"Mimidae","Toxostoma curvirostre",2021,10,24,"4fa7b334-ce0d-4e88-aaae-2e0c138d049e",NA,"3656135852"
32.2408,-111.0324,2,"Picidae","Melanerpes uropygialis",2021,11,11,"4fa7b334-ce0d-4e88-aaae-2e0c138d049e",NA,"3650871544"
32.2408,-111.0324,4,"Columbidae","Zenaida macroura",2021,11,11,"4fa7b334-ce0d-4e88-aaae-2e0c138d049e",NA,"3645780049"
32.2408,-111.0324,5,"Passeridae","Passer domesticus",2021,11,11,"4fa7b334-ce0d-4e88-aaae-2e0c138d049e",NA,"3642334219"
32.2408,-111.0324,13,"Odontophoridae","Callipepla gambelii",2021,11,11,"4fa7b334-ce0d-4e88-aaae-2e0c138d049e",NA,"3643753499"
32.2408,-111.0324,2,"Fringillidae","Haemorhous mexicanus",2021,11,11,"4fa7b334-ce0d-4e88-aaae-2e0c138d049e",NA,"3649482628"
32.2408,-111.0324,11,"Odontophoridae","Callipepla gambelii",2021,11,18,"4fa7b334-ce0d-4e88-aaae-2e0c138d049e",NA,"3629820482"
32.2408,-111.0324,1,"Columbidae","Zenaida macroura",2021,11,18,"4fa7b334-ce0d-4e88-aaae-2e0c138d049e",NA,"3622181357"
32.2408,-111.0324,1,"Passeridae","Passer domesticus",2021,11,18,"4fa7b334-ce0d-4e88-aaae-2e0c138d049e",NA,"3640032045"
32.2408,-111.0324,1,"Troglodytidae","Campylorhynchus brunneicapillus",2021,11,18,"4fa7b334-ce0d-4e88-aaae-2e0c138d049e",NA,"3647684150"
32.2408,-111.0324,1,"Mimidae","Toxostoma curvirostre",2021,11,28,"4fa7b334-ce0d-4e88-aaae-2e0c138d049e",NA,"3568734310"
32.2408,-111.0324,10,"Odontophoridae","Callipepla gambelii",2021,11,28,"4fa7b334-ce0d-4e88-aaae-2e0c138d049e",NA,"3562442066"
32.2408,-111.0324,1,"Trochilidae","Calypte anna",2021,11,28,"4fa7b334-ce0d-4e88-aaae-2e0c138d049e",NA,"3559254934"
32.2408,-111.0324,1,"Cardinalidae","Cardinalis sinuatus",2021,11,28,"4fa7b334-ce0d-4e88-aaae-2e0c138d049e",NA,"3551991282"
32.2408,-111.0324,1,"Ptilogonatidae","Phainopepla nitens",2021,12,14,"4fa7b334-ce0d-4e88-aaae-2e0c138d049e",NA,"3563125649"
32.2408,-111.0324,2,"Mimidae","Mimus polyglottos",2021,12,14,"4fa7b334-ce0d-4e88-aaae-2e0c138d049e",NA,"3561122105"
32.2408,-111.0324,1,"Trochilidae","Calypte costae",2021,12,14,"4fa7b334-ce0d-4e88-aaae-2e0c138d049e",NA,"3545463650"
32.2408,-111.0324,8,"Odontophoridae","Callipepla gambelii",2021,12,14,"4fa7b334-ce0d-4e88-aaae-2e0c138d049e",NA,"3543276585"
32.2408,-111.0324,2,"Mimidae","Toxostoma curvirostre",2021,12,14,"4fa7b334-ce0d-4e88-aaae-2e0c138d049e",NA,"3543246609"
32.2408,-111.0324,1,"Cardinalidae","Cardinalis cardinalis",2021,12,14,"4fa7b334-ce0d-4e88-aaae-2e0c138d049e",NA,"3552772921"
32.2408,-111.0324,7,"Fringillidae","Haemorhous mexicanus",2021,12,14,"4fa7b334-ce0d-4e88-aaae-2e0c138d049e",NA,"3549449712"
32.2408,-111.0324,1,"Emberizidae","Melozone aberti",2021,12,14,"4fa7b334-ce0d-4e88-aaae-2e0c138d049e",NA,"3545116182"
32.2408,-111.0324,13,"Columbidae","Zenaida macroura",2021,12,14,"4fa7b334-ce0d-4e88-aaae-2e0c138d049e",NA,"3547865991"
32.2408,-111.0324,5,"Picidae","Melanerpes uropygialis",2021,12,14,"4fa7b334-ce0d-4e88-aaae-2e0c138d049e",NA,"3558958908"
32.2408,-111.0324,2,"Fringillidae","Spinus psaltria",2021,12,14,"4fa7b334-ce0d-4e88-aaae-2e0c138d049e",NA,"3561078070"
32.2408,-111.0324,2,"Remizidae","Auriparus flaviceps",2021,12,14,"4fa7b334-ce0d-4e88-aaae-2e0c138d049e",NA,"3568749637"
32.2408,-111.0324,4,"Passeridae","Passer domesticus",2021,12,14,"4fa7b334-ce0d-4e88-aaae-2e0c138d049e",NA,"3567406391"
32.2408,-111.0324,1,"Columbidae","Streptopelia decaocto",2021,12,14,"4fa7b334-ce0d-4e88-aaae-2e0c138d049e",NA,"3568272984"
32.2408,-111.0324,1,"Troglodytidae","Campylorhynchus brunneicapillus",2021,12,14,"4fa7b334-ce0d-4e88-aaae-2e0c138d049e",NA,"3564846669"
32.2408,-111.0324,13,"Odontophoridae","Callipepla gambelii",2021,12,18,"4fa7b334-ce0d-4e88-aaae-2e0c138d049e",NA,"3584430121"
32.2408,-111.0324,2,"Columbidae","Zenaida macroura",2021,12,18,"4fa7b334-ce0d-4e88-aaae-2e0c138d049e",NA,"3694957022"
32.2408,-111.0324,1,"Picidae","Melanerpes uropygialis",2021,12,18,"4fa7b334-ce0d-4e88-aaae-2e0c138d049e",NA,"3694653219"
32.2408,-111.0324,5,"Fringillidae","Haemorhous mexicanus",2021,12,18,"4fa7b334-ce0d-4e88-aaae-2e0c138d049e",NA,"3692863135"
32.2408,-111.0324,2,"Cardinalidae","Cardinalis sinuatus",2021,12,18,"4fa7b334-ce0d-4e88-aaae-2e0c138d049e",NA,"3692687260"
32.2408,-111.0324,1,"Trochilidae","Calypte costae",2021,12,18,"4fa7b334-ce0d-4e88-aaae-2e0c138d049e",NA,"3694436031"
32.2408,-111.0324,1,"Cardinalidae","Cardinalis cardinalis",2021,12,18,"4fa7b334-ce0d-4e88-aaae-2e0c138d049e",NA,"3585308949"
32.2408,-111.0324,1,"Passeridae","Passer domesticus",2021,12,18,"4fa7b334-ce0d-4e88-aaae-2e0c138d049e",NA,"3560359509"
32.2408,-111.0324,1,"Mimidae","Toxostoma curvirostre",2020,3,12,"4fa7b334-ce0d-4e88-aaae-2e0c138d049e",NA,"3138237965"
32.2408,-111.0324,7,"Columbidae","Zenaida macroura",2020,3,12,"4fa7b334-ce0d-4e88-aaae-2e0c138d049e",NA,"3151623996"
32.2408,-111.0324,2,"Passeridae","Passer domesticus",2020,3,12,"4fa7b334-ce0d-4e88-aaae-2e0c138d049e",NA,"3152904823"
32.2408,-111.0324,1,"Picidae","Melanerpes uropygialis",2020,3,12,"4fa7b334-ce0d-4e88-aaae-2e0c138d049e",NA,"3155115917"
32.2408,-111.0324,1,"Cardinalidae","Cardinalis cardinalis",2020,3,12,"4fa7b334-ce0d-4e88-aaae-2e0c138d049e",NA,"3155733112"
32.2408,-111.0324,1,"Ptilogonatidae","Phainopepla nitens",2020,3,12,"4fa7b334-ce0d-4e88-aaae-2e0c138d049e",NA,"3142226096"
32.2408,-111.0324,1,"Cardinalidae","Cardinalis sinuatus",2020,3,12,"4fa7b334-ce0d-4e88-aaae-2e0c138d049e",NA,"3137234069"
32.2408,-111.0324,1,"Trochilidae","Calypte costae",2020,3,12,"4fa7b334-ce0d-4e88-aaae-2e0c138d049e",NA,"3148506123"
32.2408,-111.0324,4,"Odontophoridae","Callipepla gambelii",2020,3,12,"4fa7b334-ce0d-4e88-aaae-2e0c138d049e",NA,"3142821035"
32.2408,-111.0324,2,"Picidae","Melanerpes uropygialis",2020,3,23,"4fa7b334-ce0d-4e88-aaae-2e0c138d049e",NA,"3140957642"
32.2408,-111.0324,1,"Troglodytidae","Campylorhynchus brunneicapillus",2020,3,23,"4fa7b334-ce0d-4e88-aaae-2e0c138d049e",NA,"3139639673"
32.2408,-111.0324,2,"Columbidae","Zenaida macroura",2020,3,23,"4fa7b334-ce0d-4e88-aaae-2e0c138d049e",NA,"3142461634"
32.2408,-111.0324,6,"Odontophoridae","Callipepla gambelii",2020,3,23,"4fa7b334-ce0d-4e88-aaae-2e0c138d049e",NA,"3142963744"
32.2408,-111.0324,1,"Ptilogonatidae","Phainopepla nitens",2020,3,23,"4fa7b334-ce0d-4e88-aaae-2e0c138d049e",NA,"3139074735"
32.2408,-111.0324,1,"Mimidae","Toxostoma curvirostre",2020,3,23,"4fa7b334-ce0d-4e88-aaae-2e0c138d049e",NA,"3145753638"
32.2408,-111.0324,1,"Polioptilidae","Polioptila melanura",2020,3,23,"4fa7b334-ce0d-4e88-aaae-2e0c138d049e",NA,"3140076681"
32.2408,-111.0324,1,"Fringillidae","Haemorhous mexicanus",2020,3,23,"4fa7b334-ce0d-4e88-aaae-2e0c138d049e",NA,"3157090776"
32.2408,-111.0324,1,"Columbidae","Zenaida asiatica",2020,3,23,"4fa7b334-ce0d-4e88-aaae-2e0c138d049e",NA,"3161006808"
32.2408,-111.0324,4,"Remizidae","Auriparus flaviceps",2020,3,23,"4fa7b334-ce0d-4e88-aaae-2e0c138d049e",NA,"3157528837"
32.2408,-111.0324,1,"Fringillidae","Spinus psaltria",2020,3,23,"4fa7b334-ce0d-4e88-aaae-2e0c138d049e",NA,"3146297810"
32.2408,-111.0324,1,"Trochilidae","Calypte costae",2020,3,23,"4fa7b334-ce0d-4e88-aaae-2e0c138d049e",NA,"3153381789"
32.2408,-111.0324,1,"Passeridae","Passer domesticus",2020,3,23,"4fa7b334-ce0d-4e88-aaae-2e0c138d049e",NA,"3153797787"
32.2408,-111.0324,11,"Odontophoridae","Callipepla gambelii",2020,8,15,"4fa7b334-ce0d-4e88-aaae-2e0c138d049e",NA,"3180393667"
32.2408,-111.0324,2,"Columbidae","Zenaida asiatica",2020,8,15,"4fa7b334-ce0d-4e88-aaae-2e0c138d049e",NA,"3190079586"
32.2408,-111.0324,2,"Picidae","Melanerpes uropygialis",2020,8,15,"4fa7b334-ce0d-4e88-aaae-2e0c138d049e",NA,"3195078618"
32.2408,-111.0324,2,"Passeridae","Passer domesticus",2020,8,15,"4fa7b334-ce0d-4e88-aaae-2e0c138d049e",NA,"3173260600"
32.2408,-111.0324,1,"Mimidae","Toxostoma curvirostre",2020,8,15,"4fa7b334-ce0d-4e88-aaae-2e0c138d049e",NA,"3197098473"
32.2408,-111.0324,1,"Remizidae","Auriparus flaviceps",2020,8,15,"4fa7b334-ce0d-4e88-aaae-2e0c138d049e",NA,"3177185485"
32.2408,-111.0324,2,"Troglodytidae","Campylorhynchus brunneicapillus",2020,8,15,"4fa7b334-ce0d-4e88-aaae-2e0c138d049e",NA,"3182090570"
32.2408,-111.0324,1,"Fringillidae","Haemorhous mexicanus",2020,8,15,"4fa7b334-ce0d-4e88-aaae-2e0c138d049e",NA,"3183660445"
32.2408,-111.0324,6,"Columbidae","Zenaida macroura",2020,8,15,"4fa7b334-ce0d-4e88-aaae-2e0c138d049e",NA,"3191551510"
32.2408,-111.0324,1,"Mimidae","Toxostoma curvirostre",2020,9,10,"4fa7b334-ce0d-4e88-aaae-2e0c138d049e",NA,"3274557178"
32.2408,-111.0324,1,"Ptilogonatidae","Phainopepla nitens",2020,9,10,"4fa7b334-ce0d-4e88-aaae-2e0c138d049e",NA,"3275187176"
32.2408,-111.0324,2,"Trochilidae","Calypte costae",2020,9,10,"4fa7b334-ce0d-4e88-aaae-2e0c138d049e",NA,"3282676022"
32.2408,-111.0324,1,"Columbidae","Zenaida asiatica",2020,9,10,"4fa7b334-ce0d-4e88-aaae-2e0c138d049e",NA,"3283500091"
32.2408,-111.0324,2,"Columbidae","Zenaida macroura",2020,9,10,"4fa7b334-ce0d-4e88-aaae-2e0c138d049e",NA,"3269207113"
32.2408,-111.0324,1,"Icteridae","Icterus parisorum",2020,9,10,"4fa7b334-ce0d-4e88-aaae-2e0c138d049e",NA,"3292138334"
32.2408,-111.0324,2,"Remizidae","Auriparus flaviceps",2020,9,10,"4fa7b334-ce0d-4e88-aaae-2e0c138d049e",NA,"3288966321"
32.2408,-111.0324,2,"Picidae","Melanerpes uropygialis",2020,11,6,"4fa7b334-ce0d-4e88-aaae-2e0c138d049e",NA,"3189883250"
32.2408,-111.0324,1,"Mimidae","Toxostoma curvirostre",2020,11,6,"4fa7b334-ce0d-4e88-aaae-2e0c138d049e",NA,"3195891151"
32.2408,-111.0324,12,"Odontophoridae","Callipepla gambelii",2020,11,6,"4fa7b334-ce0d-4e88-aaae-2e0c138d049e",NA,"3194994028"
32.2408,-111.0324,1,"Cardinalidae","Cardinalis sinuatus",2020,11,6,"4fa7b334-ce0d-4e88-aaae-2e0c138d049e",NA,"3270172133"
32.2408,-111.0324,1,"Accipitridae","Accipiter cooperii",2020,11,6,"4fa7b334-ce0d-4e88-aaae-2e0c138d049e",NA,"3273758339"
32.2408,-111.0324,2,"Troglodytidae","Campylorhynchus brunneicapillus",2020,11,6,"4fa7b334-ce0d-4e88-aaae-2e0c138d049e",NA,"3258093241"
32.2408,-111.0324,8,"Columbidae","Zenaida macroura",2020,11,6,"4fa7b334-ce0d-4e88-aaae-2e0c138d049e",NA,"3274650334"
32.2408,-111.0324,2,"Cardinalidae","Cardinalis cardinalis",2020,11,6,"4fa7b334-ce0d-4e88-aaae-2e0c138d049e",NA,"3262552147"
32.2408,-111.0324,3,"Fringillidae","Haemorhous mexicanus",2020,11,6,"4fa7b334-ce0d-4e88-aaae-2e0c138d049e",NA,"3267969046"
32.2408,-111.0324,1,"Trochilidae","Calypte costae",2020,11,6,"4fa7b334-ce0d-4e88-aaae-2e0c138d049e",NA,"3277093912"
32.2408,-111.0324,1,"Mimidae","Mimus polyglottos",2020,11,6,"4fa7b334-ce0d-4e88-aaae-2e0c138d049e",NA,"3270093175"
32.2408,-111.0324,1,"Remizidae","Auriparus flaviceps",2020,11,6,"4fa7b334-ce0d-4e88-aaae-2e0c138d049e",NA,"3281155928"
32.2408,-111.0324,3,"Passeridae","Passer domesticus",2020,11,6,"4fa7b334-ce0d-4e88-aaae-2e0c138d049e",NA,"3271692092"
32.2408,-111.0324,1,"Emberizidae","Melozone aberti",2020,11,6,"4fa7b334-ce0d-4e88-aaae-2e0c138d049e",NA,"3296004166"
32.2408,-111.0324,1,"Trochilidae","Calypte anna",2020,11,6,"4fa7b334-ce0d-4e88-aaae-2e0c138d049e",NA,"3294588156"
32.24062,-111.033,1,"Columbidae","Zenaida asiatica",2019,3,10,"4fa7b334-ce0d-4e88-aaae-2e0c138d049e",NA,"2663786757"
32.24062,-111.033,2,"Remizidae","Auriparus flaviceps",2019,3,10,"4fa7b334-ce0d-4e88-aaae-2e0c138d049e",NA,"2662753715"
32.24062,-111.033,2,"Fringillidae","Spinus psaltria",2019,3,10,"4fa7b334-ce0d-4e88-aaae-2e0c138d049e",NA,"2668939555"
32.24062,-111.033,2,"Columbidae","Streptopelia decaocto",2019,3,10,"4fa7b334-ce0d-4e88-aaae-2e0c138d049e",NA,"2667089697"
32.24062,-111.033,4,"Fringillidae","Haemorhous mexicanus",2019,3,10,"4fa7b334-ce0d-4e88-aaae-2e0c138d049e",NA,"2662690748"
32.24062,-111.033,1,"Cardinalidae","Cardinalis cardinalis",2019,3,10,"4fa7b334-ce0d-4e88-aaae-2e0c138d049e",NA,"2659342729"
32.24062,-111.033,13,"Columbidae","Zenaida macroura",2019,3,10,"4fa7b334-ce0d-4e88-aaae-2e0c138d049e",NA,"2673712586"
32.24062,-111.033,1,"Picidae","Melanerpes uropygialis",2019,3,10,"4fa7b334-ce0d-4e88-aaae-2e0c138d049e",NA,"2675783627"
32.24062,-111.033,6,"Odontophoridae","Callipepla gambelii",2019,3,10,"4fa7b334-ce0d-4e88-aaae-2e0c138d049e",NA,"2670659654"
32.24062,-111.033,1,"Polioptilidae","Polioptila melanura",2019,3,10,"4fa7b334-ce0d-4e88-aaae-2e0c138d049e",NA,"2661540725"
32.24062,-111.033,1,"Ptilogonatidae","Phainopepla nitens",2019,3,10,"4fa7b334-ce0d-4e88-aaae-2e0c138d049e",NA,"2661522689"
32.2408,-111.0324,5,"Strigidae","Megascops kennicottii",2019,3,21,"4fa7b334-ce0d-4e88-aaae-2e0c138d049e",NA,"2791871969"
32.242336,-111.03082,1,"Accipitridae","Buteo albonotatus",2019,4,10,"4fa7b334-ce0d-4e88-aaae-2e0c138d049e",NA,"2663663172"
32.242336,-111.03082,3,"Odontophoridae","Callipepla gambelii",2019,4,10,"4fa7b334-ce0d-4e88-aaae-2e0c138d049e",NA,"2666064159"
32.242336,-111.03082,1,"Cardinalidae","Cardinalis sinuatus",2019,4,10,"4fa7b334-ce0d-4e88-aaae-2e0c138d049e",NA,"2675891274"
32.242336,-111.03082,2,"Ptilogonatidae","Phainopepla nitens",2019,4,10,"4fa7b334-ce0d-4e88-aaae-2e0c138d049e",NA,"2673543360"
32.242336,-111.03082,4,"Sturnidae","Sturnus vulgaris",2019,4,10,"4fa7b334-ce0d-4e88-aaae-2e0c138d049e",NA,"2668877270"
32.242336,-111.03082,3,"Picidae","Melanerpes uropygialis",2019,4,11,"4fa7b334-ce0d-4e88-aaae-2e0c138d049e",NA,"2667208239"
32.242336,-111.03082,3,"Odontophoridae","Callipepla gambelii",2019,4,11,"4fa7b334-ce0d-4e88-aaae-2e0c138d049e",NA,"2667679279"
32.242336,-111.03082,1,"Ptilogonatidae","Phainopepla nitens",2019,4,11,"4fa7b334-ce0d-4e88-aaae-2e0c138d049e",NA,"2665609317"
32.242336,-111.03082,4,"Sturnidae","Sturnus vulgaris",2019,4,11,"4fa7b334-ce0d-4e88-aaae-2e0c138d049e",NA,"2676157341"
32.242336,-111.03082,5,"Columbidae","Zenaida asiatica",2019,4,11,"4fa7b334-ce0d-4e88-aaae-2e0c138d049e",NA,"2679022562"
32.242336,-111.03082,1,"Icteridae","Molothrus ater",2019,4,11,"4fa7b334-ce0d-4e88-aaae-2e0c138d049e",NA,"2667272538"
32.242336,-111.03082,1,"Emberizidae","Amphispiza bilineata",2019,4,11,"4fa7b334-ce0d-4e88-aaae-2e0c138d049e",NA,"2665989520"
32.24049,-111.032776,1,"Columbidae","Zenaida asiatica",2018,3,8,"4fa7b334-ce0d-4e88-aaae-2e0c138d049e",NA,"2120200849"
32.24049,-111.032776,4,"Odontophoridae","Callipepla gambelii",2018,3,8,"4fa7b334-ce0d-4e88-aaae-2e0c138d049e",NA,"2144962142"
32.24049,-111.032776,1,"Columbidae","Streptopelia decaocto",2018,3,8,"4fa7b334-ce0d-4e88-aaae-2e0c138d049e",NA,"2120191385"
32.24049,-111.032776,1,"Mimidae","Toxostoma curvirostre",2018,3,8,"4fa7b334-ce0d-4e88-aaae-2e0c138d049e",NA,"2144946809"
32.24049,-111.032776,2,"Columbidae","Zenaida macroura",2018,3,8,"4fa7b334-ce0d-4e88-aaae-2e0c138d049e",NA,"2120182100"
32.249218,-111.03034,1,"Cuculidae","Geococcyx californianus",2018,9,13,"4fa7b334-ce0d-4e88-aaae-2e0c138d049e",NA,"2197094101"
32.249218,-111.03034,3,"Columbidae","Zenaida macroura",2018,9,13,"4fa7b334-ce0d-4e88-aaae-2e0c138d049e",NA,"2210069042"
32.242577,-111.03203,2,"Columbidae","Zenaida macroura",2017,7,15,"4fa7b334-ce0d-4e88-aaae-2e0c138d049e",NA,"2086854590"
32.242577,-111.03203,2,"Columbidae","Streptopelia decaocto",2017,7,15,"4fa7b334-ce0d-4e88-aaae-2e0c138d049e",NA,"2086849970"
32.242577,-111.03203,1,"Caprimulgidae","Chordeiles acutipennis",2017,7,15,"4fa7b334-ce0d-4e88-aaae-2e0c138d049e",NA,"2069235172"
32.242577,-111.03203,3,"Columbidae","Zenaida asiatica",2017,7,15,"4fa7b334-ce0d-4e88-aaae-2e0c138d049e",NA,"2069235185"
