"decimalLatitude","decimalLongitude","individualCount","family","species","year","month","day","datasetKey","datasetName","gbifID"
32.245716,-110.852715,1,"Trochilidae","Cynanthus latirostris",2021,12,27,"4fa7b334-ce0d-4e88-aaae-2e0c138d049e",NA,"3660700886"
32.245716,-110.852715,2,"Trochilidae","Calypte anna",2021,12,27,"4fa7b334-ce0d-4e88-aaae-2e0c138d049e",NA,"3663534285"
32.245716,-110.852715,3,"Fringillidae","Spinus psaltria",2021,12,27,"4fa7b334-ce0d-4e88-aaae-2e0c138d049e",NA,"3664892933"
32.24572,-110.852684,1,"Trochilidae","Calypte anna",2020,1,5,"4fa7b334-ce0d-4e88-aaae-2e0c138d049e",NA,"3234971529"
32.24572,-110.852684,5,"Fringillidae","Spinus psaltria",2020,1,5,"4fa7b334-ce0d-4e88-aaae-2e0c138d049e",NA,"3227041498"
32.24572,-110.852684,2,"Trochilidae","Cynanthus latirostris",2020,1,5,"4fa7b334-ce0d-4e88-aaae-2e0c138d049e",NA,"3231313482"
32.24572,-110.852684,1,"Trochilidae","Calypte anna",2020,1,5,"4fa7b334-ce0d-4e88-aaae-2e0c138d049e",NA,"3132830754"
32.24572,-110.852684,5,"Fringillidae","Spinus psaltria",2020,1,5,"4fa7b334-ce0d-4e88-aaae-2e0c138d049e",NA,"3132371775"
32.24572,-110.852684,2,"Trochilidae","Cynanthus latirostris",2020,1,5,"4fa7b334-ce0d-4e88-aaae-2e0c138d049e",NA,"3133812725"
32.245766,-110.85274,1,"Trochilidae","Cynanthus latirostris",2020,2,15,"4fa7b334-ce0d-4e88-aaae-2e0c138d049e",NA,"3218779246"
32.245758,-110.85265,1,"Trochilidae","Cynanthus latirostris",2019,6,1,"4fa7b334-ce0d-4e88-aaae-2e0c138d049e",NA,"2679561435"
32.245804,-110.8527,1,"Columbidae","Zenaida macroura",2018,2,2,"4fa7b334-ce0d-4e88-aaae-2e0c138d049e",NA,"2110423937"
32.245804,-110.8527,1,"Trochilidae","Cynanthus latirostris",2018,2,2,"4fa7b334-ce0d-4e88-aaae-2e0c138d049e",NA,"2134981112"
32.245804,-110.8527,9,"Fringillidae","Spinus psaltria",2018,2,2,"4fa7b334-ce0d-4e88-aaae-2e0c138d049e",NA,"2110400330"
32.24577,-110.85269,6,"Fringillidae","Spinus psaltria",2018,11,29,"4fa7b334-ce0d-4e88-aaae-2e0c138d049e",NA,"2208778546"
32.24577,-110.85269,3,"Trochilidae","Cynanthus latirostris",2018,11,29,"4fa7b334-ce0d-4e88-aaae-2e0c138d049e",NA,"2220349194"
32.24573,-110.85269,1,"Trochilidae","Cynanthus latirostris",2018,12,7,"4fa7b334-ce0d-4e88-aaae-2e0c138d049e",NA,"2222139871"
32.24573,-110.85269,10,"Fringillidae","Spinus psaltria",2018,12,7,"4fa7b334-ce0d-4e88-aaae-2e0c138d049e",NA,"2231516997"
32.245792,-110.85273,14,"Fringillidae","Spinus psaltria",2018,12,27,"4fa7b334-ce0d-4e88-aaae-2e0c138d049e",NA,"2225587680"
32.245792,-110.85273,1,"Trochilidae","Cynanthus latirostris",2018,12,27,"4fa7b334-ce0d-4e88-aaae-2e0c138d049e",NA,"2225588189"
