"decimalLatitude","decimalLongitude","family","species","year","month","day","datasetKey","datasetName","gbifID"
32.253979,-110.974177,"Trochilidae","Calypte anna",2021,8,6,"50c9509d-22c7-4a22-a47d-8c48425ef4a7","iNaturalist research-grade observations","3902372731"
32.253827,-110.974177,"Cardinalidae","Pheucticus melanocephalus",2021,8,11,"50c9509d-22c7-4a22-a47d-8c48425ef4a7","iNaturalist research-grade observations","4009916972"
32.253827,-110.974177,"Cardinalidae","Pheucticus melanocephalus",2021,10,13,"50c9509d-22c7-4a22-a47d-8c48425ef4a7","iNaturalist research-grade observations","4009840954"
32.253979,-110.974177,"Odontophoridae","Cyrtonyx montezumae",2018,2,9,"50c9509d-22c7-4a22-a47d-8c48425ef4a7","iNaturalist research-grade observations","4034789766"
