"decimalLatitude","decimalLongitude","individualCount","family","species","year","month","day","datasetKey","datasetName","gbifID"
32.236393,-110.82101,2,"Trochilidae","Cynanthus latirostris",2021,1,26,"4fa7b334-ce0d-4e88-aaae-2e0c138d049e",NA,"3660238599"
32.236393,-110.82101,1,"Mimidae","Mimus polyglottos",2021,1,26,"4fa7b334-ce0d-4e88-aaae-2e0c138d049e",NA,"3682325718"
32.236393,-110.82101,1,"Columbidae","Zenaida macroura",2021,1,26,"4fa7b334-ce0d-4e88-aaae-2e0c138d049e",NA,"3672785654"
32.235653,-110.82329,1,"Cathartidae","Cathartes aura",2021,2,28,"4fa7b334-ce0d-4e88-aaae-2e0c138d049e",NA,"3507930923"
32.23623,-110.82131,1,"Accipitridae","Parabuteo unicinctus",2021,2,28,"4fa7b334-ce0d-4e88-aaae-2e0c138d049e",NA,"3509069165"
32.23623,-110.82131,1,"Accipitridae","Parabuteo unicinctus",2021,2,28,"4fa7b334-ce0d-4e88-aaae-2e0c138d049e",NA,"3518723876"
32.23618,-110.8235,2,"Passeridae","Passer domesticus",2021,5,2,"4fa7b334-ce0d-4e88-aaae-2e0c138d049e",NA,"3553765082"
32.23618,-110.8235,2,"Fringillidae","Spinus psaltria",2021,5,2,"4fa7b334-ce0d-4e88-aaae-2e0c138d049e",NA,"3563766384"
32.23618,-110.8235,6,"Columbidae","Zenaida asiatica",2021,5,2,"4fa7b334-ce0d-4e88-aaae-2e0c138d049e",NA,"3555785358"
32.23618,-110.8235,1,"Trochilidae","Calypte anna",2021,5,2,"4fa7b334-ce0d-4e88-aaae-2e0c138d049e",NA,"3673726159"
32.23618,-110.8235,2,"Passeridae","Passer domesticus",2021,5,2,"4fa7b334-ce0d-4e88-aaae-2e0c138d049e",NA,"3685057836"
32.23618,-110.8235,2,"Fringillidae","Spinus psaltria",2021,5,2,"4fa7b334-ce0d-4e88-aaae-2e0c138d049e",NA,"3680334555"
32.23618,-110.8235,6,"Columbidae","Zenaida asiatica",2021,5,2,"4fa7b334-ce0d-4e88-aaae-2e0c138d049e",NA,"3682273618"
32.23618,-110.8235,1,"Trochilidae","Calypte anna",2021,5,2,"4fa7b334-ce0d-4e88-aaae-2e0c138d049e",NA,"3682203685"
32.23563,-110.82162,2,"Mimidae","Mimus polyglottos",2020,5,16,"4fa7b334-ce0d-4e88-aaae-2e0c138d049e",NA,"3271173595"
32.23563,-110.82162,1,"Picidae","Melanerpes uropygialis",2020,5,16,"4fa7b334-ce0d-4e88-aaae-2e0c138d049e",NA,"3262023430"
32.23563,-110.82162,7,"Columbidae","Zenaida asiatica",2020,5,16,"4fa7b334-ce0d-4e88-aaae-2e0c138d049e",NA,"3255282647"
32.23563,-110.82162,5,"Columbidae","Zenaida macroura",2020,5,16,"4fa7b334-ce0d-4e88-aaae-2e0c138d049e",NA,"3272728603"
32.23563,-110.82162,3,"Passeridae","Passer domesticus",2020,5,16,"4fa7b334-ce0d-4e88-aaae-2e0c138d049e",NA,"3249616468"
32.23563,-110.82162,2,"Mimidae","Mimus polyglottos",2020,5,16,"4fa7b334-ce0d-4e88-aaae-2e0c138d049e",NA,"3256510689"
32.23563,-110.82162,1,"Picidae","Melanerpes uropygialis",2020,5,16,"4fa7b334-ce0d-4e88-aaae-2e0c138d049e",NA,"3256164460"
32.23563,-110.82162,7,"Columbidae","Zenaida asiatica",2020,5,16,"4fa7b334-ce0d-4e88-aaae-2e0c138d049e",NA,"3260904330"
32.23563,-110.82162,5,"Columbidae","Zenaida macroura",2020,5,16,"4fa7b334-ce0d-4e88-aaae-2e0c138d049e",NA,"3261393439"
32.23563,-110.82162,3,"Passeridae","Passer domesticus",2020,5,16,"4fa7b334-ce0d-4e88-aaae-2e0c138d049e",NA,"3262420472"
32.2362,-110.82109,1,"Mimidae","Mimus polyglottos",2019,1,13,"4fa7b334-ce0d-4e88-aaae-2e0c138d049e",NA,"2660551487"
32.235703,-110.823524,1,"Cathartidae","Cathartes aura",2019,3,13,"4fa7b334-ce0d-4e88-aaae-2e0c138d049e",NA,"2667671016"
32.239227,-110.8197,1,"Columbidae","Zenaida macroura",2019,8,6,"4fa7b334-ce0d-4e88-aaae-2e0c138d049e",NA,"2704215287"
32.239227,-110.8197,1,"Corvidae","Corvus corax",2019,8,6,"4fa7b334-ce0d-4e88-aaae-2e0c138d049e",NA,"2690825491"
32.239227,-110.8197,5,"Trochilidae","Cynanthus latirostris",2019,8,6,"4fa7b334-ce0d-4e88-aaae-2e0c138d049e",NA,"2690772269"
32.239227,-110.8197,1,"Picidae","Melanerpes uropygialis",2019,8,6,"4fa7b334-ce0d-4e88-aaae-2e0c138d049e",NA,"2702481415"
32.239227,-110.8197,1,"Trochilidae","Calypte anna",2019,8,6,"4fa7b334-ce0d-4e88-aaae-2e0c138d049e",NA,"2690010457"
32.239227,-110.8197,1,"Tyrannidae","Tyrannus verticalis",2019,8,6,"4fa7b334-ce0d-4e88-aaae-2e0c138d049e",NA,"2691901155"
32.239227,-110.8197,1,"Fringillidae","Spinus psaltria",2019,8,6,"4fa7b334-ce0d-4e88-aaae-2e0c138d049e",NA,"2688770486"
32.239227,-110.8197,1,"Passeridae","Passer domesticus",2019,8,6,"4fa7b334-ce0d-4e88-aaae-2e0c138d049e",NA,"2705907524"
32.236294,-110.821594,1,"Mimidae","Mimus polyglottos",2017,4,8,"4fa7b334-ce0d-4e88-aaae-2e0c138d049e",NA,"2058749040"
32.2394,-110.820022,NA,"Ardeidae","Ardea alba",2021,2,15,"50c9509d-22c7-4a22-a47d-8c48425ef4a7","iNaturalist research-grade observations","3044705268"
32.236113,-110.821891,NA,"Trochilidae","Cynanthus latirostris",2021,10,11,"50c9509d-22c7-4a22-a47d-8c48425ef4a7","iNaturalist research-grade observations","3391290040"
32.236287,-110.822045,NA,"Trochilidae","Calypte anna",2020,1,6,"50c9509d-22c7-4a22-a47d-8c48425ef4a7","iNaturalist research-grade observations","2550052511"
