"decimalLatitude","decimalLongitude","individualCount","family","species","year","month","day","datasetKey","datasetName","gbifID"
32.206,-110.98861,2,"Emberizidae","Melozone aberti",2021,1,18,"4fa7b334-ce0d-4e88-aaae-2e0c138d049e",NA,"3531098416"
32.206,-110.98861,2,"Emberizidae","Melospiza melodia",2021,1,18,"4fa7b334-ce0d-4e88-aaae-2e0c138d049e",NA,"3521776222"
32.206,-110.98861,1,"Falconidae","Falco sparverius",2021,1,18,"4fa7b334-ce0d-4e88-aaae-2e0c138d049e",NA,"3514339195"
32.206,-110.98861,2,"Polioptilidae","Polioptila melanura",2021,1,18,"4fa7b334-ce0d-4e88-aaae-2e0c138d049e",NA,"3514277381"
32.206,-110.98861,1,"Scolopacidae","Tringa melanoleuca",2021,1,18,"4fa7b334-ce0d-4e88-aaae-2e0c138d049e",NA,"3512728602"
32.206,-110.98861,7,"Passeridae","Passer domesticus",2021,1,18,"4fa7b334-ce0d-4e88-aaae-2e0c138d049e",NA,"3507206846"
32.206,-110.98861,1,"Cuculidae","Geococcyx californianus",2021,1,18,"4fa7b334-ce0d-4e88-aaae-2e0c138d049e",NA,"3505759064"
32.206,-110.98861,1,"Tyrannidae","Sayornis saya",2021,1,18,"4fa7b334-ce0d-4e88-aaae-2e0c138d049e",NA,"3505182210"
32.206,-110.98861,1,"Trochilidae","Calypte costae",2021,1,18,"4fa7b334-ce0d-4e88-aaae-2e0c138d049e",NA,"3505874276"
32.206,-110.98861,2,"Trochilidae","Calypte anna",2021,1,18,"4fa7b334-ce0d-4e88-aaae-2e0c138d049e",NA,"3504940199"
32.206,-110.98861,2,"Ptilogonatidae","Phainopepla nitens",2021,1,18,"4fa7b334-ce0d-4e88-aaae-2e0c138d049e",NA,"3535463680"
32.206,-110.98861,1,"Tyrannidae","Sayornis nigricans",2021,1,18,"4fa7b334-ce0d-4e88-aaae-2e0c138d049e",NA,"3528465369"
32.206,-110.98861,1,"Rallidae","Rallus limicola",2021,1,18,"4fa7b334-ce0d-4e88-aaae-2e0c138d049e",NA,"3519152217"
32.206,-110.98861,1,"Accipitridae","Accipiter cooperii",2021,1,18,"4fa7b334-ce0d-4e88-aaae-2e0c138d049e",NA,"3513270362"
32.206,-110.98861,2,"Accipitridae","Buteo jamaicensis",2021,1,18,"4fa7b334-ce0d-4e88-aaae-2e0c138d049e",NA,"3511584638"
32.206,-110.98861,3,"Tyrannidae","Pyrocephalus rubinus",2021,1,18,"4fa7b334-ce0d-4e88-aaae-2e0c138d049e",NA,"3508109777"
32.206,-110.98861,1,"Troglodytidae","Troglodytes aedon",2021,1,18,"4fa7b334-ce0d-4e88-aaae-2e0c138d049e",NA,"3507038022"
32.206,-110.98861,2,"Remizidae","Auriparus flaviceps",2021,1,18,"4fa7b334-ce0d-4e88-aaae-2e0c138d049e",NA,"3505197210"
32.206,-110.98861,6,"Anatidae","Anas platyrhynchos",2021,1,18,"4fa7b334-ce0d-4e88-aaae-2e0c138d049e",NA,"3505771320"
32.206,-110.98861,4,"Icteridae","Sturnella neglecta",2021,1,18,"4fa7b334-ce0d-4e88-aaae-2e0c138d049e",NA,"3505041221"
32.206,-110.98861,14,"Sturnidae","Sturnus vulgaris",2021,1,18,"4fa7b334-ce0d-4e88-aaae-2e0c138d049e",NA,"3505575003"
32.206,-110.98861,8,"Charadriidae","Charadrius vociferus",2021,1,18,"4fa7b334-ce0d-4e88-aaae-2e0c138d049e",NA,"3504859504"
32.205193,-110.98801,7,"Anatidae","Anas platyrhynchos",2021,2,7,"4fa7b334-ce0d-4e88-aaae-2e0c138d049e",NA,"3663273806"
32.205193,-110.98801,1,"Tyrannidae","Sayornis saya",2021,2,7,"4fa7b334-ce0d-4e88-aaae-2e0c138d049e",NA,"3662500047"
32.205193,-110.98801,1,"Ptilogonatidae","Phainopepla nitens",2021,2,7,"4fa7b334-ce0d-4e88-aaae-2e0c138d049e",NA,"3663935037"
32.205193,-110.98801,1,"Troglodytidae","Campylorhynchus brunneicapillus",2021,2,7,"4fa7b334-ce0d-4e88-aaae-2e0c138d049e",NA,"3663173780"
32.205193,-110.98801,3,"Emberizidae","Zonotrichia leucophrys",2021,2,7,"4fa7b334-ce0d-4e88-aaae-2e0c138d049e",NA,"3661157135"
32.205193,-110.98801,3,"Trochilidae","Calypte anna",2021,2,7,"4fa7b334-ce0d-4e88-aaae-2e0c138d049e",NA,"3661354271"
32.205193,-110.98801,6,"Fringillidae","Haemorhous mexicanus",2021,2,7,"4fa7b334-ce0d-4e88-aaae-2e0c138d049e",NA,"3673065094"
32.205193,-110.98801,2,"Scolopacidae","Tringa melanoleuca",2021,2,7,"4fa7b334-ce0d-4e88-aaae-2e0c138d049e",NA,"3671908159"
32.205193,-110.98801,2,"Sturnidae","Sturnus vulgaris",2021,2,7,"4fa7b334-ce0d-4e88-aaae-2e0c138d049e",NA,"3673052487"
32.205193,-110.98801,1,"Mimidae","Oreoscoptes montanus",2021,2,7,"4fa7b334-ce0d-4e88-aaae-2e0c138d049e",NA,"3674351908"
32.205193,-110.98801,3,"Emberizidae","Melospiza lincolnii",2021,2,7,"4fa7b334-ce0d-4e88-aaae-2e0c138d049e",NA,"3667769371"
32.205193,-110.98801,4,"Fringillidae","Spinus psaltria",2021,2,7,"4fa7b334-ce0d-4e88-aaae-2e0c138d049e",NA,"3669114751"
32.205193,-110.98801,3,"Tyrannidae","Pyrocephalus rubinus",2021,2,7,"4fa7b334-ce0d-4e88-aaae-2e0c138d049e",NA,"3665358049"
32.205193,-110.98801,1,"Remizidae","Auriparus flaviceps",2021,2,7,"4fa7b334-ce0d-4e88-aaae-2e0c138d049e",NA,"3667834166"
32.205193,-110.98801,6,"Icteridae","Quiscalus mexicanus",2021,2,7,"4fa7b334-ce0d-4e88-aaae-2e0c138d049e",NA,"3667644854"
32.205193,-110.98801,3,"Emberizidae","Spizella passerina",2021,2,7,"4fa7b334-ce0d-4e88-aaae-2e0c138d049e",NA,"3665833473"
32.205193,-110.98801,22,"Columbidae","Zenaida macroura",2021,2,7,"4fa7b334-ce0d-4e88-aaae-2e0c138d049e",NA,"3677520525"
32.205193,-110.98801,2,"Picidae","Melanerpes uropygialis",2021,2,7,"4fa7b334-ce0d-4e88-aaae-2e0c138d049e",NA,"3676089296"
32.205193,-110.98801,5,"Columbidae","Columba livia",2021,2,7,"4fa7b334-ce0d-4e88-aaae-2e0c138d049e",NA,"3678358244"
32.205193,-110.98801,1,"Emberizidae","Melozone aberti",2021,2,7,"4fa7b334-ce0d-4e88-aaae-2e0c138d049e",NA,"3673137527"
32.205193,-110.98801,1,"Cuculidae","Geococcyx californianus",2021,2,7,"4fa7b334-ce0d-4e88-aaae-2e0c138d049e",NA,"3675220949"
32.205193,-110.98801,15,"Passeridae","Passer domesticus",2021,2,7,"4fa7b334-ce0d-4e88-aaae-2e0c138d049e",NA,"3673888373"
32.20183,-110.98314,1,"Tyrannidae","Pyrocephalus rubinus",2021,2,9,"4fa7b334-ce0d-4e88-aaae-2e0c138d049e",NA,"3600331846"
32.20183,-110.98314,2,"Tyrannidae","Sayornis saya",2021,2,9,"4fa7b334-ce0d-4e88-aaae-2e0c138d049e",NA,"3596877074"
32.20183,-110.98314,3,"Emberizidae","Melozone aberti",2021,2,9,"4fa7b334-ce0d-4e88-aaae-2e0c138d049e",NA,"3596058650"
32.20183,-110.98314,8,"Columbidae","Zenaida macroura",2021,2,9,"4fa7b334-ce0d-4e88-aaae-2e0c138d049e",NA,"3589038122"
32.20183,-110.98314,5,"Picidae","Melanerpes uropygialis",2021,2,9,"4fa7b334-ce0d-4e88-aaae-2e0c138d049e",NA,"3588542627"
32.20183,-110.98314,9,"Anatidae","Anas clypeata",2021,2,9,"4fa7b334-ce0d-4e88-aaae-2e0c138d049e",NA,"3588966069"
32.20183,-110.98314,2,"Troglodytidae","Campylorhynchus brunneicapillus",2021,2,9,"4fa7b334-ce0d-4e88-aaae-2e0c138d049e",NA,"3587292206"
32.20183,-110.98314,3,"Trochilidae","Calypte anna",2021,2,9,"4fa7b334-ce0d-4e88-aaae-2e0c138d049e",NA,"3587642287"
32.20183,-110.98314,3,"Remizidae","Auriparus flaviceps",2021,2,9,"4fa7b334-ce0d-4e88-aaae-2e0c138d049e",NA,"3587468732"
32.20183,-110.98314,2,"Mimidae","Toxostoma curvirostre",2021,2,9,"4fa7b334-ce0d-4e88-aaae-2e0c138d049e",NA,"3588925863"
32.20183,-110.98314,2,"Ptilogonatidae","Phainopepla nitens",2021,2,9,"4fa7b334-ce0d-4e88-aaae-2e0c138d049e",NA,"3588544925"
32.20183,-110.98314,1,"Cardinalidae","Cardinalis sinuatus",2021,2,9,"4fa7b334-ce0d-4e88-aaae-2e0c138d049e",NA,"3603493749"
32.20183,-110.98314,1,"Passeridae","Passer domesticus",2021,2,9,"4fa7b334-ce0d-4e88-aaae-2e0c138d049e",NA,"3595791876"
32.20183,-110.98314,3,"Regulidae","Regulus calendula",2021,2,9,"4fa7b334-ce0d-4e88-aaae-2e0c138d049e",NA,"3595145136"
32.20183,-110.98314,1,"Accipitridae","Accipiter cooperii",2021,2,9,"4fa7b334-ce0d-4e88-aaae-2e0c138d049e",NA,"3598412578"
32.20183,-110.98314,1,"Odontophoridae","Callipepla gambelii",2021,2,9,"4fa7b334-ce0d-4e88-aaae-2e0c138d049e",NA,"3507240328"
32.20183,-110.98314,1,"Falconidae","Falco sparverius",2021,2,9,"4fa7b334-ce0d-4e88-aaae-2e0c138d049e",NA,"3505618907"
32.20183,-110.98314,5,"Fringillidae","Haemorhous mexicanus",2021,2,9,"4fa7b334-ce0d-4e88-aaae-2e0c138d049e",NA,"3505582061"
32.20183,-110.98314,1,"Parulidae","Setophaga coronata",2021,2,9,"4fa7b334-ce0d-4e88-aaae-2e0c138d049e",NA,"3508422524"
32.20183,-110.98314,1,"Troglodytidae","Salpinctes obsoletus",2021,2,9,"4fa7b334-ce0d-4e88-aaae-2e0c138d049e",NA,"3510035527"
32.20284,-110.98897,1,"Parulidae","Geothlypis trichas",2021,4,23,"4fa7b334-ce0d-4e88-aaae-2e0c138d049e",NA,"3532522229"
32.20284,-110.98897,1,"Charadriidae","Charadrius vociferus",2021,4,23,"4fa7b334-ce0d-4e88-aaae-2e0c138d049e",NA,"3538522914"
32.20284,-110.98897,5,"Columbidae","Zenaida asiatica",2021,4,23,"4fa7b334-ce0d-4e88-aaae-2e0c138d049e",NA,"3543189065"
32.20284,-110.98897,2,"Icteridae","Quiscalus mexicanus",2021,4,23,"4fa7b334-ce0d-4e88-aaae-2e0c138d049e",NA,"3606273697"
32.20284,-110.98897,1,"Mimidae","Toxostoma curvirostre",2021,4,23,"4fa7b334-ce0d-4e88-aaae-2e0c138d049e",NA,"3657984776"
32.20284,-110.98897,6,"Icteridae","Agelaius phoeniceus",2021,4,23,"4fa7b334-ce0d-4e88-aaae-2e0c138d049e",NA,"3607072149"
32.20284,-110.98897,2,"Emberizidae","Melozone aberti",2021,4,23,"4fa7b334-ce0d-4e88-aaae-2e0c138d049e",NA,"3592444629"
32.20284,-110.98897,2,"Cardinalidae","Passerina amoena",2021,4,23,"4fa7b334-ce0d-4e88-aaae-2e0c138d049e",NA,"3593073898"
32.20284,-110.98897,1,"Tyrannidae","Sayornis nigricans",2021,4,23,"4fa7b334-ce0d-4e88-aaae-2e0c138d049e",NA,"3594912388"
32.20284,-110.98897,2,"Fringillidae","Haemorhous mexicanus",2021,4,23,"4fa7b334-ce0d-4e88-aaae-2e0c138d049e",NA,"3598806247"
32.20284,-110.98897,1,"Cuculidae","Geococcyx californianus",2021,4,23,"4fa7b334-ce0d-4e88-aaae-2e0c138d049e",NA,"3604968157"
32.20284,-110.98897,1,"Tyrannidae","Tyrannus vociferans",2021,4,23,"4fa7b334-ce0d-4e88-aaae-2e0c138d049e",NA,"3606749187"
32.20284,-110.98897,2,"Tyrannidae","Tyrannus verticalis",2021,4,23,"4fa7b334-ce0d-4e88-aaae-2e0c138d049e",NA,"3608508973"
32.20284,-110.98897,4,"Columbidae","Zenaida macroura",2021,4,23,"4fa7b334-ce0d-4e88-aaae-2e0c138d049e",NA,"3591903860"
32.201866,-110.988495,7,"Fringillidae","Haemorhous mexicanus",2021,4,27,"4fa7b334-ce0d-4e88-aaae-2e0c138d049e",NA,"3631800784"
32.201866,-110.988495,9,"Hirundinidae","Stelgidopteryx serripennis",2021,4,27,"4fa7b334-ce0d-4e88-aaae-2e0c138d049e",NA,"3599973316"
32.201866,-110.988495,5,"Columbidae","Columba livia",2021,4,27,"4fa7b334-ce0d-4e88-aaae-2e0c138d049e",NA,"3593555446"
32.201866,-110.988495,2,"Charadriidae","Charadrius vociferus",2021,4,27,"4fa7b334-ce0d-4e88-aaae-2e0c138d049e",NA,"3589170230"
32.201866,-110.988495,4,"Anatidae","Anas cyanoptera",2021,4,27,"4fa7b334-ce0d-4e88-aaae-2e0c138d049e",NA,"3590976396"
32.201866,-110.988495,7,"Icteridae","Quiscalus mexicanus",2021,4,27,"4fa7b334-ce0d-4e88-aaae-2e0c138d049e",NA,"3591169335"
32.201866,-110.988495,3,"Columbidae","Zenaida asiatica",2021,4,27,"4fa7b334-ce0d-4e88-aaae-2e0c138d049e",NA,"3592558339"
32.201866,-110.988495,5,"Icteridae","Agelaius phoeniceus",2021,4,27,"4fa7b334-ce0d-4e88-aaae-2e0c138d049e",NA,"3591820126"
32.201866,-110.988495,4,"Columbidae","Zenaida macroura",2021,4,27,"4fa7b334-ce0d-4e88-aaae-2e0c138d049e",NA,"3595936208"
32.201866,-110.988495,2,"Mimidae","Toxostoma curvirostre",2021,4,27,"4fa7b334-ce0d-4e88-aaae-2e0c138d049e",NA,"3600600865"
32.201866,-110.988495,2,"Passeridae","Passer domesticus",2021,4,27,"4fa7b334-ce0d-4e88-aaae-2e0c138d049e",NA,"3594444247"
32.203922,-110.98352,1,"Mimidae","Mimus polyglottos",2021,5,16,"4fa7b334-ce0d-4e88-aaae-2e0c138d049e",NA,"3613092282"
32.203922,-110.98352,4,"Passeridae","Passer domesticus",2021,5,16,"4fa7b334-ce0d-4e88-aaae-2e0c138d049e",NA,"3661547110"
32.203922,-110.98352,2,"Columbidae","Columba livia",2021,5,16,"4fa7b334-ce0d-4e88-aaae-2e0c138d049e",NA,"3612971071"
32.203922,-110.98352,1,"Fringillidae","Haemorhous mexicanus",2021,5,16,"4fa7b334-ce0d-4e88-aaae-2e0c138d049e",NA,"3615764337"
32.203922,-110.98352,1,"Columbidae","Streptopelia decaocto",2021,5,16,"4fa7b334-ce0d-4e88-aaae-2e0c138d049e",NA,"3597087100"
32.203922,-110.98352,1,"Picidae","Melanerpes uropygialis",2021,5,16,"4fa7b334-ce0d-4e88-aaae-2e0c138d049e",NA,"3598077983"
32.203922,-110.98352,5,"Sturnidae","Sturnus vulgaris",2021,5,16,"4fa7b334-ce0d-4e88-aaae-2e0c138d049e",NA,"3601173430"
32.203922,-110.98352,1,"Icteridae","Icterus cucullatus",2021,5,16,"4fa7b334-ce0d-4e88-aaae-2e0c138d049e",NA,"3639034592"
32.203922,-110.98352,2,"Ptilogonatidae","Phainopepla nitens",2021,5,16,"4fa7b334-ce0d-4e88-aaae-2e0c138d049e",NA,"3605914197"
32.203922,-110.98352,2,"Tyrannidae","Pyrocephalus rubinus",2021,5,16,"4fa7b334-ce0d-4e88-aaae-2e0c138d049e",NA,"3613344218"
32.203922,-110.98352,1,"Icteridae","Quiscalus mexicanus",2021,5,16,"4fa7b334-ce0d-4e88-aaae-2e0c138d049e",NA,"3614950708"
32.203922,-110.98352,8,"Columbidae","Zenaida macroura",2021,5,16,"4fa7b334-ce0d-4e88-aaae-2e0c138d049e",NA,"3618346361"
32.205902,-110.987724,2,"Icteridae","Quiscalus mexicanus",2021,6,29,"4fa7b334-ce0d-4e88-aaae-2e0c138d049e",NA,"3538191987"
32.205902,-110.987724,1,"Mimidae","Toxostoma curvirostre",2021,6,29,"4fa7b334-ce0d-4e88-aaae-2e0c138d049e",NA,"3532046843"
32.205902,-110.987724,8,"Remizidae","Auriparus flaviceps",2021,6,29,"4fa7b334-ce0d-4e88-aaae-2e0c138d049e",NA,"3529898469"
32.205902,-110.987724,4,"Fringillidae","Haemorhous mexicanus",2021,6,29,"4fa7b334-ce0d-4e88-aaae-2e0c138d049e",NA,"3525492797"
32.205902,-110.987724,3,"Charadriidae","Charadrius vociferus",2021,6,29,"4fa7b334-ce0d-4e88-aaae-2e0c138d049e",NA,"3524149300"
32.205902,-110.987724,15,"Columbidae","Zenaida macroura",2021,6,29,"4fa7b334-ce0d-4e88-aaae-2e0c138d049e",NA,"3530915847"
32.205902,-110.987724,6,"Trochilidae","Calypte anna",2021,6,29,"4fa7b334-ce0d-4e88-aaae-2e0c138d049e",NA,"3531396947"
32.205902,-110.987724,1,"Cathartidae","Cathartes aura",2021,6,29,"4fa7b334-ce0d-4e88-aaae-2e0c138d049e",NA,"3537330052"
32.205902,-110.987724,2,"Cuculidae","Geococcyx californianus",2021,6,29,"4fa7b334-ce0d-4e88-aaae-2e0c138d049e",NA,"3550299635"
32.205902,-110.987724,8,"Columbidae","Columba livia",2021,6,29,"4fa7b334-ce0d-4e88-aaae-2e0c138d049e",NA,"3542278892"
32.205902,-110.987724,2,"Emberizidae","Melozone aberti",2021,6,29,"4fa7b334-ce0d-4e88-aaae-2e0c138d049e",NA,"3536618129"
32.205902,-110.987724,12,"Columbidae","Zenaida asiatica",2021,6,29,"4fa7b334-ce0d-4e88-aaae-2e0c138d049e",NA,"3533805875"
32.205902,-110.987724,8,"Hirundinidae","Petrochelidon pyrrhonota",2021,6,29,"4fa7b334-ce0d-4e88-aaae-2e0c138d049e",NA,"3529095002"
32.205902,-110.987724,1,"Accipitridae","Buteo jamaicensis",2021,6,29,"4fa7b334-ce0d-4e88-aaae-2e0c138d049e",NA,"3528520315"
32.205902,-110.987724,2,"Tyrannidae","Pyrocephalus rubinus",2021,6,29,"4fa7b334-ce0d-4e88-aaae-2e0c138d049e",NA,"3676782490"
32.205902,-110.987724,1,"Mimidae","Mimus polyglottos",2021,6,29,"4fa7b334-ce0d-4e88-aaae-2e0c138d049e",NA,"3678022972"
32.205902,-110.987724,2,"Picidae","Melanerpes uropygialis",2021,6,29,"4fa7b334-ce0d-4e88-aaae-2e0c138d049e",NA,"3684522586"
32.205902,-110.987724,1,"Picidae","Dryobates scalaris",2021,6,29,"4fa7b334-ce0d-4e88-aaae-2e0c138d049e",NA,"3680470571"
32.205902,-110.987724,2,"Icteridae","Agelaius phoeniceus",2021,6,29,"4fa7b334-ce0d-4e88-aaae-2e0c138d049e",NA,"3683555132"
32.205902,-110.987724,1,"Cardinalidae","Passerina caerulea",2021,6,29,"4fa7b334-ce0d-4e88-aaae-2e0c138d049e",NA,"3682434419"
32.20284,-110.98897,1,"Cardinalidae","Passerina caerulea",2021,6,30,"4fa7b334-ce0d-4e88-aaae-2e0c138d049e",NA,"3562138634"
32.203922,-110.98352,1,"Picidae","Melanerpes uropygialis",2021,8,20,"4fa7b334-ce0d-4e88-aaae-2e0c138d049e",NA,"3537120799"
32.203922,-110.98352,2,"Columbidae","Columba livia",2021,8,20,"4fa7b334-ce0d-4e88-aaae-2e0c138d049e",NA,"3541340911"
32.203922,-110.98352,1,"Cathartidae","Cathartes aura",2021,8,20,"4fa7b334-ce0d-4e88-aaae-2e0c138d049e",NA,"3548857069"
32.203922,-110.98352,1,"Remizidae","Auriparus flaviceps",2021,8,20,"4fa7b334-ce0d-4e88-aaae-2e0c138d049e",NA,"3541440690"
32.203922,-110.98352,1,"Fringillidae","Spinus psaltria",2021,8,20,"4fa7b334-ce0d-4e88-aaae-2e0c138d049e",NA,"3625589470"
32.203922,-110.98352,1,"Parulidae","Leiothlypis luciae",2021,8,20,"4fa7b334-ce0d-4e88-aaae-2e0c138d049e",NA,"3599992852"
32.203922,-110.98352,1,"Tyrannidae","Tyrannus vociferans",2021,8,20,"4fa7b334-ce0d-4e88-aaae-2e0c138d049e",NA,"3599915108"
32.203922,-110.98352,10,"Columbidae","Zenaida macroura",2021,8,20,"4fa7b334-ce0d-4e88-aaae-2e0c138d049e",NA,"3600037613"
32.203922,-110.98352,3,"Tyrannidae","Pyrocephalus rubinus",2021,8,20,"4fa7b334-ce0d-4e88-aaae-2e0c138d049e",NA,"3617479138"
32.203922,-110.98352,2,"Columbidae","Zenaida macroura",2021,8,20,"4fa7b334-ce0d-4e88-aaae-2e0c138d049e",NA,"3616053160"
32.203922,-110.98352,1,"Remizidae","Auriparus flaviceps",2021,8,20,"4fa7b334-ce0d-4e88-aaae-2e0c138d049e",NA,"3632791375"
32.203922,-110.98352,33,"Sturnidae","Sturnus vulgaris",2021,8,20,"4fa7b334-ce0d-4e88-aaae-2e0c138d049e",NA,"3626481727"
32.203922,-110.98352,1,"Mimidae","Toxostoma curvirostre",2021,8,20,"4fa7b334-ce0d-4e88-aaae-2e0c138d049e",NA,"3636626917"
32.203922,-110.98352,1,"Polioptilidae","Polioptila melanura",2021,8,20,"4fa7b334-ce0d-4e88-aaae-2e0c138d049e",NA,"3630084031"
32.203922,-110.98352,1,"Fringillidae","Haemorhous mexicanus",2021,8,20,"4fa7b334-ce0d-4e88-aaae-2e0c138d049e",NA,"3638370390"
32.203922,-110.98352,1,"Emberizidae","Melozone aberti",2021,12,12,"4fa7b334-ce0d-4e88-aaae-2e0c138d049e",NA,"3667960831"
32.203922,-110.98352,50,"Fringillidae","Haemorhous mexicanus",2021,12,12,"4fa7b334-ce0d-4e88-aaae-2e0c138d049e",NA,"3665446440"
32.203922,-110.98352,40,"Passeridae","Passer domesticus",2021,12,12,"4fa7b334-ce0d-4e88-aaae-2e0c138d049e",NA,"3667663114"
32.203922,-110.98352,1,"Trochilidae","Calypte anna",2021,12,12,"4fa7b334-ce0d-4e88-aaae-2e0c138d049e",NA,"3649413598"
32.203922,-110.98352,1,"Picidae","Melanerpes uropygialis",2021,12,12,"4fa7b334-ce0d-4e88-aaae-2e0c138d049e",NA,"3646695384"
32.203922,-110.98352,1,"Trochilidae","Calypte costae",2021,12,12,"4fa7b334-ce0d-4e88-aaae-2e0c138d049e",NA,"3647598647"
32.203922,-110.98352,2,"Accipitridae","Accipiter cooperii",2021,12,12,"4fa7b334-ce0d-4e88-aaae-2e0c138d049e",NA,"3654069290"
32.203922,-110.98352,1,"Tyrannidae","Sayornis saya",2021,12,12,"4fa7b334-ce0d-4e88-aaae-2e0c138d049e",NA,"3656551230"
32.203922,-110.98352,75,"Columbidae","Zenaida macroura",2021,12,12,"4fa7b334-ce0d-4e88-aaae-2e0c138d049e",NA,"3663986578"
32.203922,-110.98352,2,"Parulidae","Setophaga coronata",2021,12,12,"4fa7b334-ce0d-4e88-aaae-2e0c138d049e",NA,"3648348152"
32.203922,-110.98352,4,"Sturnidae","Sturnus vulgaris",2021,12,12,"4fa7b334-ce0d-4e88-aaae-2e0c138d049e",NA,"3646477980"
32.203922,-110.98352,20,"Columbidae","Streptopelia decaocto",2021,12,12,"4fa7b334-ce0d-4e88-aaae-2e0c138d049e",NA,"3644512800"
32.203922,-110.98352,3,"Tyrannidae","Pyrocephalus rubinus",2021,12,12,"4fa7b334-ce0d-4e88-aaae-2e0c138d049e",NA,"3633845293"
32.203922,-110.98352,1,"Emberizidae","Peucaea carpalis",2021,12,12,"4fa7b334-ce0d-4e88-aaae-2e0c138d049e",NA,"3663115865"
32.203922,-110.98352,1,"Fringillidae","Spinus psaltria",2021,12,12,"4fa7b334-ce0d-4e88-aaae-2e0c138d049e",NA,"3650260212"
32.203922,-110.98352,1,"Mimidae","Mimus polyglottos",2021,12,12,"4fa7b334-ce0d-4e88-aaae-2e0c138d049e",NA,"3649579883"
32.203922,-110.98352,13,"Emberizidae","Chondestes grammacus",2021,12,12,"4fa7b334-ce0d-4e88-aaae-2e0c138d049e",NA,"3654298252"
32.203922,-110.98352,20,"Icteridae","Quiscalus mexicanus",2021,12,12,"4fa7b334-ce0d-4e88-aaae-2e0c138d049e",NA,"3653580329"
32.203922,-110.98352,5,"Columbidae","Columba livia",2021,12,12,"4fa7b334-ce0d-4e88-aaae-2e0c138d049e",NA,"3645673090"
32.203922,-110.98352,2,"Remizidae","Auriparus flaviceps",2021,12,12,"4fa7b334-ce0d-4e88-aaae-2e0c138d049e",NA,"3653933338"
32.203922,-110.98352,1,"Fringillidae","Spinus psaltria",2021,12,14,"4fa7b334-ce0d-4e88-aaae-2e0c138d049e",NA,"3568867228"
32.203922,-110.98352,1,"Mimidae","Mimus polyglottos",2021,12,14,"4fa7b334-ce0d-4e88-aaae-2e0c138d049e",NA,"3575565640"
32.203922,-110.98352,3,"Tyrannidae","Pyrocephalus rubinus",2021,12,14,"4fa7b334-ce0d-4e88-aaae-2e0c138d049e",NA,"3572779700"
32.203922,-110.98352,2,"Remizidae","Auriparus flaviceps",2021,12,14,"4fa7b334-ce0d-4e88-aaae-2e0c138d049e",NA,"3581027781"
32.203922,-110.98352,18,"Fringillidae","Haemorhous mexicanus",2021,12,14,"4fa7b334-ce0d-4e88-aaae-2e0c138d049e",NA,"3579752999"
32.203922,-110.98352,30,"Passeridae","Passer domesticus",2021,12,14,"4fa7b334-ce0d-4e88-aaae-2e0c138d049e",NA,"3585141156"
32.203922,-110.98352,10,"Columbidae","Columba livia",2021,12,14,"4fa7b334-ce0d-4e88-aaae-2e0c138d049e",NA,"3583459593"
32.203922,-110.98352,35,"Columbidae","Zenaida macroura",2021,12,14,"4fa7b334-ce0d-4e88-aaae-2e0c138d049e",NA,"3582801887"
32.203922,-110.98352,1,"Emberizidae","Melozone aberti",2021,12,14,"4fa7b334-ce0d-4e88-aaae-2e0c138d049e",NA,"3561078109"
32.203922,-110.98352,2,"Picidae","Melanerpes uropygialis",2021,12,14,"4fa7b334-ce0d-4e88-aaae-2e0c138d049e",NA,"3568749681"
32.203922,-110.98352,1,"Trochilidae","Calypte anna",2021,12,14,"4fa7b334-ce0d-4e88-aaae-2e0c138d049e",NA,"3567406434"
32.203922,-110.98352,1,"Parulidae","Setophaga nigrescens",2021,12,14,"4fa7b334-ce0d-4e88-aaae-2e0c138d049e",NA,"3568273028"
32.203922,-110.98352,1,"Fringillidae","Spinus psaltria",2021,12,14,"4fa7b334-ce0d-4e88-aaae-2e0c138d049e",NA,"3655297262"
32.203922,-110.98352,1,"Mimidae","Mimus polyglottos",2021,12,14,"4fa7b334-ce0d-4e88-aaae-2e0c138d049e",NA,"3656802986"
32.203922,-110.98352,3,"Tyrannidae","Pyrocephalus rubinus",2021,12,14,"4fa7b334-ce0d-4e88-aaae-2e0c138d049e",NA,"3648208971"
32.203922,-110.98352,2,"Remizidae","Auriparus flaviceps",2021,12,14,"4fa7b334-ce0d-4e88-aaae-2e0c138d049e",NA,"3647312909"
32.203922,-110.98352,18,"Fringillidae","Haemorhous mexicanus",2021,12,14,"4fa7b334-ce0d-4e88-aaae-2e0c138d049e",NA,"3650141766"
32.203922,-110.98352,30,"Passeridae","Passer domesticus",2021,12,14,"4fa7b334-ce0d-4e88-aaae-2e0c138d049e",NA,"3639218187"
32.203922,-110.98352,10,"Columbidae","Columba livia",2021,12,14,"4fa7b334-ce0d-4e88-aaae-2e0c138d049e",NA,"3646433449"
32.203922,-110.98352,35,"Columbidae","Zenaida macroura",2021,12,14,"4fa7b334-ce0d-4e88-aaae-2e0c138d049e",NA,"3648467038"
32.203922,-110.98352,1,"Emberizidae","Melozone aberti",2021,12,14,"4fa7b334-ce0d-4e88-aaae-2e0c138d049e",NA,"3666968781"
32.203922,-110.98352,2,"Picidae","Melanerpes uropygialis",2021,12,14,"4fa7b334-ce0d-4e88-aaae-2e0c138d049e",NA,"3673637239"
32.203922,-110.98352,1,"Trochilidae","Calypte anna",2021,12,14,"4fa7b334-ce0d-4e88-aaae-2e0c138d049e",NA,"3671693452"
32.203922,-110.98352,1,"Parulidae","Setophaga nigrescens",2021,12,14,"4fa7b334-ce0d-4e88-aaae-2e0c138d049e",NA,"3671828262"
32.203922,-110.98352,1,"Emberizidae","Spizella breweri",2020,2,10,"4fa7b334-ce0d-4e88-aaae-2e0c138d049e",NA,"3137294265"
32.203003,-110.989,1,"Emberizidae","Melozone aberti",2020,2,27,"4fa7b334-ce0d-4e88-aaae-2e0c138d049e",NA,"3143392577"
32.203003,-110.989,1,"Icteridae","Quiscalus mexicanus",2020,2,27,"4fa7b334-ce0d-4e88-aaae-2e0c138d049e",NA,"3139834472"
32.203003,-110.989,2,"Hirundinidae","Stelgidopteryx serripennis",2020,2,27,"4fa7b334-ce0d-4e88-aaae-2e0c138d049e",NA,"3139903485"
32.203003,-110.989,1,"Polioptilidae","Polioptila melanura",2020,2,27,"4fa7b334-ce0d-4e88-aaae-2e0c138d049e",NA,"3146875418"
32.203003,-110.989,1,"Tyrannidae","Sayornis nigricans",2020,2,27,"4fa7b334-ce0d-4e88-aaae-2e0c138d049e",NA,"3154600376"
32.203003,-110.989,25,"Columbidae","Columba livia",2020,2,27,"4fa7b334-ce0d-4e88-aaae-2e0c138d049e",NA,"3135916418"
32.203003,-110.989,2,"Picidae","Melanerpes uropygialis",2020,2,27,"4fa7b334-ce0d-4e88-aaae-2e0c138d049e",NA,"3138954458"
32.203003,-110.989,3,"Icteridae","Agelaius phoeniceus",2020,2,27,"4fa7b334-ce0d-4e88-aaae-2e0c138d049e",NA,"3141426511"
32.20506,-110.988945,1,"Strigidae","Asio otus",2020,3,29,"4fa7b334-ce0d-4e88-aaae-2e0c138d049e",NA,"3227668444"
32.2057,-110.98873,2,"Ptilogonatidae","Phainopepla nitens",2020,4,29,"4fa7b334-ce0d-4e88-aaae-2e0c138d049e",NA,"3167519390"
32.2057,-110.98873,1,"Scolopacidae","Actitis macularius",2020,4,29,"4fa7b334-ce0d-4e88-aaae-2e0c138d049e",NA,"3159806320"
32.2057,-110.98873,5,"Hirundinidae","Stelgidopteryx serripennis",2020,4,29,"4fa7b334-ce0d-4e88-aaae-2e0c138d049e",NA,"3146965334"
32.2057,-110.98873,2,"Passeridae","Passer domesticus",2020,4,29,"4fa7b334-ce0d-4e88-aaae-2e0c138d049e",NA,"3154985428"
32.2057,-110.98873,5,"Columbidae","Zenaida macroura",2020,4,29,"4fa7b334-ce0d-4e88-aaae-2e0c138d049e",NA,"3163731269"
32.2057,-110.98873,6,"Hirundinidae","Petrochelidon pyrrhonota",2020,4,29,"4fa7b334-ce0d-4e88-aaae-2e0c138d049e",NA,"3167749310"
32.2057,-110.98873,1,"Remizidae","Auriparus flaviceps",2020,4,29,"4fa7b334-ce0d-4e88-aaae-2e0c138d049e",NA,"3167528520"
32.2057,-110.98873,11,"Fringillidae","Haemorhous mexicanus",2020,4,29,"4fa7b334-ce0d-4e88-aaae-2e0c138d049e",NA,"3153503498"
32.2057,-110.98873,1,"Parulidae","Leiothlypis luciae",2020,4,29,"4fa7b334-ce0d-4e88-aaae-2e0c138d049e",NA,"3146037450"
32.2057,-110.98873,4,"Columbidae","Columba livia",2020,4,29,"4fa7b334-ce0d-4e88-aaae-2e0c138d049e",NA,"3159737542"
32.2057,-110.98873,1,"Trochilidae","Calypte anna",2020,4,29,"4fa7b334-ce0d-4e88-aaae-2e0c138d049e",NA,"3154443404"
32.2057,-110.98873,1,"Picidae","Melanerpes uropygialis",2020,4,29,"4fa7b334-ce0d-4e88-aaae-2e0c138d049e",NA,"3153363320"
32.2057,-110.98873,5,"Icteridae","Agelaius phoeniceus",2020,4,29,"4fa7b334-ce0d-4e88-aaae-2e0c138d049e",NA,"3162506258"
32.2057,-110.98873,1,"Charadriidae","Charadrius vociferus",2020,4,29,"4fa7b334-ce0d-4e88-aaae-2e0c138d049e",NA,"3154113171"
32.2057,-110.98873,1,"Mimidae","Toxostoma curvirostre",2020,4,29,"4fa7b334-ce0d-4e88-aaae-2e0c138d049e",NA,"3161041291"
32.2057,-110.98873,7,"Columbidae","Zenaida asiatica",2020,4,29,"4fa7b334-ce0d-4e88-aaae-2e0c138d049e",NA,"3166036327"
32.2057,-110.98873,4,"Icteridae","Quiscalus mexicanus",2020,4,29,"4fa7b334-ce0d-4e88-aaae-2e0c138d049e",NA,"3165005387"
32.2057,-110.98873,1,"Tyrannidae","Pyrocephalus rubinus",2020,4,29,"4fa7b334-ce0d-4e88-aaae-2e0c138d049e",NA,"3145723401"
32.2057,-110.98873,2,"Emberizidae","Melozone aberti",2020,4,29,"4fa7b334-ce0d-4e88-aaae-2e0c138d049e",NA,"3155326418"
32.203014,-110.98903,10,"Columbidae","Zenaida asiatica",2020,6,21,"4fa7b334-ce0d-4e88-aaae-2e0c138d049e",NA,"3184720953"
32.203014,-110.98903,5,"Tyrannidae","Pyrocephalus rubinus",2020,6,21,"4fa7b334-ce0d-4e88-aaae-2e0c138d049e",NA,"3178162278"
32.203014,-110.98903,1,"Tyrannidae","Sayornis nigricans",2020,6,21,"4fa7b334-ce0d-4e88-aaae-2e0c138d049e",NA,"3167353238"
32.203014,-110.98903,5,"Columbidae","Zenaida macroura",2020,6,21,"4fa7b334-ce0d-4e88-aaae-2e0c138d049e",NA,"3164834134"
32.203014,-110.98903,1,"Charadriidae","Charadrius vociferus",2020,6,21,"4fa7b334-ce0d-4e88-aaae-2e0c138d049e",NA,"3178136145"
32.203014,-110.98903,1,"Cardinalidae","Cardinalis sinuatus",2020,6,21,"4fa7b334-ce0d-4e88-aaae-2e0c138d049e",NA,"3171703280"
32.203014,-110.98903,1,"Passeridae","Passer domesticus",2020,6,21,"4fa7b334-ce0d-4e88-aaae-2e0c138d049e",NA,"3174300120"
32.203014,-110.98903,1,"Ardeidae","Ardea alba",2020,6,21,"4fa7b334-ce0d-4e88-aaae-2e0c138d049e",NA,"3174175085"
32.203014,-110.98903,1,"Cuculidae","Geococcyx californianus",2020,6,21,"4fa7b334-ce0d-4e88-aaae-2e0c138d049e",NA,"3176271996"
32.203014,-110.98903,10,"Columbidae","Zenaida asiatica",2020,6,27,"4fa7b334-ce0d-4e88-aaae-2e0c138d049e",NA,"3186251743"
32.203014,-110.98903,1,"Trochilidae","Calypte anna",2020,6,27,"4fa7b334-ce0d-4e88-aaae-2e0c138d049e",NA,"3162128833"
32.203014,-110.98903,1,"Tyrannidae","Myiarchus cinerascens",2020,6,27,"4fa7b334-ce0d-4e88-aaae-2e0c138d049e",NA,"3165988720"
32.203014,-110.98903,1,"Trochilidae","Archilochus alexandri",2020,6,27,"4fa7b334-ce0d-4e88-aaae-2e0c138d049e",NA,"3184562924"
32.203014,-110.98903,2,"Cuculidae","Geococcyx californianus",2020,6,27,"4fa7b334-ce0d-4e88-aaae-2e0c138d049e",NA,"3162358081"
32.203014,-110.98903,1,"Remizidae","Auriparus flaviceps",2020,6,27,"4fa7b334-ce0d-4e88-aaae-2e0c138d049e",NA,"3172392934"
32.203014,-110.98903,6,"Hirundinidae","Petrochelidon pyrrhonota",2020,6,27,"4fa7b334-ce0d-4e88-aaae-2e0c138d049e",NA,"3170527755"
32.203014,-110.98903,3,"Tyrannidae","Pyrocephalus rubinus",2020,6,27,"4fa7b334-ce0d-4e88-aaae-2e0c138d049e",NA,"3167445829"
32.203014,-110.98903,8,"Columbidae","Zenaida macroura",2020,6,27,"4fa7b334-ce0d-4e88-aaae-2e0c138d049e",NA,"3177940708"
32.203014,-110.98903,3,"Charadriidae","Charadrius vociferus",2020,6,27,"4fa7b334-ce0d-4e88-aaae-2e0c138d049e",NA,"3183212639"
32.203014,-110.98903,2,"Tyrannidae","Tyrannus vociferans",2020,6,27,"4fa7b334-ce0d-4e88-aaae-2e0c138d049e",NA,"3164550641"
32.203922,-110.98352,4,"Columbidae","Streptopelia decaocto",2020,8,27,"4fa7b334-ce0d-4e88-aaae-2e0c138d049e",NA,"3183836137"
32.203922,-110.98352,3,"Cuculidae","Geococcyx californianus",2020,8,27,"4fa7b334-ce0d-4e88-aaae-2e0c138d049e",NA,"3194775058"
32.203922,-110.98352,1,"Mimidae","Mimus polyglottos",2020,8,27,"4fa7b334-ce0d-4e88-aaae-2e0c138d049e",NA,"3185294858"
32.203922,-110.98352,1,"Remizidae","Auriparus flaviceps",2020,8,27,"4fa7b334-ce0d-4e88-aaae-2e0c138d049e",NA,"3184704911"
32.203922,-110.98352,5,"Columbidae","Zenaida macroura",2020,8,27,"4fa7b334-ce0d-4e88-aaae-2e0c138d049e",NA,"3191874975"
32.203922,-110.98352,1,"Picidae","Melanerpes uropygialis",2020,8,27,"4fa7b334-ce0d-4e88-aaae-2e0c138d049e",NA,"3179344948"
32.203922,-110.98352,1,"Tyrannidae","Tyrannus vociferans",2020,8,27,"4fa7b334-ce0d-4e88-aaae-2e0c138d049e",NA,"3180943190"
32.203922,-110.98352,2,"Emberizidae","Melozone aberti",2020,8,27,"4fa7b334-ce0d-4e88-aaae-2e0c138d049e",NA,"3188423020"
32.203922,-110.98352,6,"Passeridae","Passer domesticus",2020,8,27,"4fa7b334-ce0d-4e88-aaae-2e0c138d049e",NA,"3181656100"
32.20284,-110.98897,1,"Trochilidae","Cynanthus latirostris",2020,8,28,"4fa7b334-ce0d-4e88-aaae-2e0c138d049e",NA,"3188581657"
32.20284,-110.98897,1,"Remizidae","Auriparus flaviceps",2020,8,28,"4fa7b334-ce0d-4e88-aaae-2e0c138d049e",NA,"3177059554"
32.20284,-110.98897,1,"Mimidae","Toxostoma curvirostre",2020,8,28,"4fa7b334-ce0d-4e88-aaae-2e0c138d049e",NA,"3194589799"
32.20284,-110.98897,1,"Picidae","Melanerpes uropygialis",2020,8,28,"4fa7b334-ce0d-4e88-aaae-2e0c138d049e",NA,"3194521598"
32.20284,-110.98897,4,"Columbidae","Zenaida macroura",2020,8,28,"4fa7b334-ce0d-4e88-aaae-2e0c138d049e",NA,"3175692809"
32.20284,-110.98897,1,"Trochilidae","Calypte anna",2020,8,28,"4fa7b334-ce0d-4e88-aaae-2e0c138d049e",NA,"3198089848"
32.20284,-110.98897,2,"Cuculidae","Geococcyx californianus",2020,8,28,"4fa7b334-ce0d-4e88-aaae-2e0c138d049e",NA,"3197345240"
32.20284,-110.98897,1,"Fringillidae","Haemorhous mexicanus",2020,8,28,"4fa7b334-ce0d-4e88-aaae-2e0c138d049e",NA,"3197342218"
32.20284,-110.98897,1,"Tyrannidae","Pyrocephalus rubinus",2020,8,28,"4fa7b334-ce0d-4e88-aaae-2e0c138d049e",NA,"3180128367"
32.20284,-110.98897,2,"Columbidae","Zenaida asiatica",2020,8,28,"4fa7b334-ce0d-4e88-aaae-2e0c138d049e",NA,"3176857442"
32.20284,-110.98897,1,"Cardinalidae","Passerina amoena",2020,8,28,"4fa7b334-ce0d-4e88-aaae-2e0c138d049e",NA,"3195563547"
32.20284,-110.98897,2,"Ptilogonatidae","Phainopepla nitens",2020,9,1,"4fa7b334-ce0d-4e88-aaae-2e0c138d049e",NA,"3192672092"
32.20284,-110.98897,5,"Columbidae","Zenaida macroura",2020,9,1,"4fa7b334-ce0d-4e88-aaae-2e0c138d049e",NA,"3179871066"
32.20284,-110.98897,2,"Picidae","Melanerpes uropygialis",2020,9,1,"4fa7b334-ce0d-4e88-aaae-2e0c138d049e",NA,"3184871081"
32.20284,-110.98897,1,"Remizidae","Auriparus flaviceps",2020,9,1,"4fa7b334-ce0d-4e88-aaae-2e0c138d049e",NA,"3201523865"
32.20284,-110.98897,1,"Mimidae","Toxostoma curvirostre",2020,9,1,"4fa7b334-ce0d-4e88-aaae-2e0c138d049e",NA,"3195361951"
32.20284,-110.98897,2,"Parulidae","Cardellina pusilla",2020,9,1,"4fa7b334-ce0d-4e88-aaae-2e0c138d049e",NA,"3293760713"
32.20284,-110.98897,2,"Cuculidae","Geococcyx californianus",2020,9,1,"4fa7b334-ce0d-4e88-aaae-2e0c138d049e",NA,"3300551939"
32.20284,-110.98897,1,"Trochilidae","Calypte anna",2020,9,1,"4fa7b334-ce0d-4e88-aaae-2e0c138d049e",NA,"3290322716"
32.20284,-110.98897,1,"Tyrannidae","Pyrocephalus rubinus",2020,9,1,"4fa7b334-ce0d-4e88-aaae-2e0c138d049e",NA,"3290941977"
32.20284,-110.98897,1,"Fringillidae","Spinus psaltria",2020,9,1,"4fa7b334-ce0d-4e88-aaae-2e0c138d049e",NA,"3190989998"
32.20284,-110.98897,1,"Corvidae","Corvus corax",2020,9,1,"4fa7b334-ce0d-4e88-aaae-2e0c138d049e",NA,"3271509989"
32.20413,-110.98896,4,"Charadriidae","Charadrius vociferus",2020,9,6,"4fa7b334-ce0d-4e88-aaae-2e0c138d049e",NA,"3179238219"
32.20413,-110.98896,1,"Cuculidae","Geococcyx californianus",2020,9,6,"4fa7b334-ce0d-4e88-aaae-2e0c138d049e",NA,"3176078885"
32.20413,-110.98896,1,"Accipitridae","Accipiter cooperii",2020,9,6,"4fa7b334-ce0d-4e88-aaae-2e0c138d049e",NA,"3180767907"
32.20413,-110.98896,1,"Picidae","Melanerpes uropygialis",2020,9,6,"4fa7b334-ce0d-4e88-aaae-2e0c138d049e",NA,"3175846938"
32.20413,-110.98896,1,"Tyrannidae","Pyrocephalus rubinus",2020,9,6,"4fa7b334-ce0d-4e88-aaae-2e0c138d049e",NA,"3202154900"
32.20413,-110.98896,1,"Scolopacidae","Calidris melanotos",2020,9,6,"4fa7b334-ce0d-4e88-aaae-2e0c138d049e",NA,"3189181111"
32.20413,-110.98896,20,"Columbidae","Zenaida macroura",2020,9,6,"4fa7b334-ce0d-4e88-aaae-2e0c138d049e",NA,"3184088098"
32.20413,-110.98896,2,"Columbidae","Columba livia",2020,9,6,"4fa7b334-ce0d-4e88-aaae-2e0c138d049e",NA,"3197395117"
32.20413,-110.98896,2,"Scolopacidae","Calidris bairdii",2020,9,6,"4fa7b334-ce0d-4e88-aaae-2e0c138d049e",NA,"3257162069"
32.20413,-110.98896,2,"Fringillidae","Haemorhous mexicanus",2020,9,6,"4fa7b334-ce0d-4e88-aaae-2e0c138d049e",NA,"3300291424"
32.20413,-110.98896,1,"Parulidae","Setophaga petechia",2020,9,6,"4fa7b334-ce0d-4e88-aaae-2e0c138d049e",NA,"3253486998"
32.20284,-110.98897,1,"Vireonidae","Vireo bellii",2020,9,9,"4fa7b334-ce0d-4e88-aaae-2e0c138d049e",NA,"3179171679"
32.20284,-110.98897,NA,"Columbidae","Zenaida macroura",2020,9,9,"4fa7b334-ce0d-4e88-aaae-2e0c138d049e",NA,"3178414718"
32.20284,-110.98897,2,"Tyrannidae","Pyrocephalus rubinus",2020,9,9,"4fa7b334-ce0d-4e88-aaae-2e0c138d049e",NA,"3181146683"
32.20284,-110.98897,1,"Mimidae","Toxostoma curvirostre",2020,9,9,"4fa7b334-ce0d-4e88-aaae-2e0c138d049e",NA,"3200905828"
32.20284,-110.98897,1,"Ptilogonatidae","Phainopepla nitens",2020,9,9,"4fa7b334-ce0d-4e88-aaae-2e0c138d049e",NA,"3180637914"
32.20284,-110.98897,2,"Parulidae","Cardellina pusilla",2020,9,9,"4fa7b334-ce0d-4e88-aaae-2e0c138d049e",NA,"3184940785"
32.20284,-110.98897,1,"Accipitridae","Accipiter cooperii",2020,9,9,"4fa7b334-ce0d-4e88-aaae-2e0c138d049e",NA,"3176462571"
32.20284,-110.98897,1,"Picidae","Melanerpes uropygialis",2020,9,9,"4fa7b334-ce0d-4e88-aaae-2e0c138d049e",NA,"3188216605"
32.20284,-110.98897,2,"Fringillidae","Spinus psaltria",2020,9,9,"4fa7b334-ce0d-4e88-aaae-2e0c138d049e",NA,"3179002567"
32.20284,-110.98897,3,"Emberizidae","Melozone aberti",2020,9,9,"4fa7b334-ce0d-4e88-aaae-2e0c138d049e",NA,"3199873821"
32.20284,-110.98897,1,"Polioptilidae","Polioptila melanura",2020,9,9,"4fa7b334-ce0d-4e88-aaae-2e0c138d049e",NA,"3206278721"
32.20284,-110.98897,1,"Remizidae","Auriparus flaviceps",2020,9,9,"4fa7b334-ce0d-4e88-aaae-2e0c138d049e",NA,"3201238888"
32.20284,-110.98897,1,"Tyrannidae","Sayornis nigricans",2020,9,9,"4fa7b334-ce0d-4e88-aaae-2e0c138d049e",NA,"3194958765"
32.20284,-110.98897,2,"Trochilidae","Calypte anna",2020,9,9,"4fa7b334-ce0d-4e88-aaae-2e0c138d049e",NA,"3177280910"
32.20284,-110.98897,1,"Vireonidae","Vireo gilvus",2020,9,9,"4fa7b334-ce0d-4e88-aaae-2e0c138d049e",NA,"3179197666"
32.20284,-110.98897,1,"Cuculidae","Geococcyx californianus",2020,9,9,"4fa7b334-ce0d-4e88-aaae-2e0c138d049e",NA,"3175092688"
32.20284,-110.98897,NA,"Columbidae","Zenaida asiatica",2020,9,9,"4fa7b334-ce0d-4e88-aaae-2e0c138d049e",NA,"3175838522"
32.20284,-110.98897,1,"Trochilidae","Cynanthus latirostris",2020,9,9,"4fa7b334-ce0d-4e88-aaae-2e0c138d049e",NA,"3204123517"
32.206,-110.98861,1,"Parulidae","Leiothlypis celata",2020,9,12,"4fa7b334-ce0d-4e88-aaae-2e0c138d049e",NA,"3182683573"
32.206,-110.98861,10,"Sturnidae","Sturnus vulgaris",2020,9,12,"4fa7b334-ce0d-4e88-aaae-2e0c138d049e",NA,"3266543497"
32.206,-110.98861,2,"Tyrannidae","Pyrocephalus rubinus",2020,9,12,"4fa7b334-ce0d-4e88-aaae-2e0c138d049e",NA,"3291354356"
32.206,-110.98861,2,"Charadriidae","Charadrius vociferus",2020,9,12,"4fa7b334-ce0d-4e88-aaae-2e0c138d049e",NA,"3272441241"
32.206,-110.98861,2,"Remizidae","Auriparus flaviceps",2020,9,12,"4fa7b334-ce0d-4e88-aaae-2e0c138d049e",NA,"3272022281"
32.206,-110.98861,25,"Columbidae","Zenaida macroura",2020,9,12,"4fa7b334-ce0d-4e88-aaae-2e0c138d049e",NA,"3278182321"
32.206,-110.98861,10,"Columbidae","Columba livia",2020,9,12,"4fa7b334-ce0d-4e88-aaae-2e0c138d049e",NA,"3282165162"
32.206,-110.98861,6,"Fringillidae","Haemorhous mexicanus",2020,9,12,"4fa7b334-ce0d-4e88-aaae-2e0c138d049e",NA,"3281606426"
32.206,-110.98861,2,"Parulidae","Cardellina pusilla",2020,9,12,"4fa7b334-ce0d-4e88-aaae-2e0c138d049e",NA,"3291402345"
32.206,-110.98861,4,"Fringillidae","Spinus psaltria",2020,9,12,"4fa7b334-ce0d-4e88-aaae-2e0c138d049e",NA,"3271564383"
32.206,-110.98861,1,"Tyrannidae","Sayornis nigricans",2020,9,12,"4fa7b334-ce0d-4e88-aaae-2e0c138d049e",NA,"3267515226"
32.206,-110.98861,3,"Emberizidae","Spizella passerina",2020,9,12,"4fa7b334-ce0d-4e88-aaae-2e0c138d049e",NA,"3277102421"
32.206,-110.98861,2,"Mimidae","Toxostoma curvirostre",2020,9,12,"4fa7b334-ce0d-4e88-aaae-2e0c138d049e",NA,"3275212370"
32.206,-110.98861,1,"Picidae","Dryobates scalaris",2020,9,12,"4fa7b334-ce0d-4e88-aaae-2e0c138d049e",NA,"3275810356"
32.206,-110.98861,2,"Accipitridae","Accipiter cooperii",2020,9,12,"4fa7b334-ce0d-4e88-aaae-2e0c138d049e",NA,"3282927193"
32.206,-110.98861,1,"Tyrannidae","Sayornis saya",2020,9,12,"4fa7b334-ce0d-4e88-aaae-2e0c138d049e",NA,"3283728257"
32.206,-110.98861,4,"Emberizidae","Chondestes grammacus",2020,9,12,"4fa7b334-ce0d-4e88-aaae-2e0c138d049e",NA,"3269572280"
32.206,-110.98861,2,"Cardinalidae","Passerina amoena",2020,9,12,"4fa7b334-ce0d-4e88-aaae-2e0c138d049e",NA,"3292279504"
32.206,-110.98861,1,"Polioptilidae","Polioptila caerulea",2020,9,12,"4fa7b334-ce0d-4e88-aaae-2e0c138d049e",NA,"3289133494"
32.206,-110.98861,2,"Parulidae","Setophaga petechia",2020,9,12,"4fa7b334-ce0d-4e88-aaae-2e0c138d049e",NA,"3279689413"
32.206,-110.98861,2,"Trochilidae","Cynanthus latirostris",2020,9,12,"4fa7b334-ce0d-4e88-aaae-2e0c138d049e",NA,"3271128358"
32.206,-110.98861,1,"Cathartidae","Cathartes aura",2020,9,12,"4fa7b334-ce0d-4e88-aaae-2e0c138d049e",NA,"3278301586"
32.206,-110.98861,1,"Tyrannidae","Contopus sordidulus",2020,9,12,"4fa7b334-ce0d-4e88-aaae-2e0c138d049e",NA,"3283410491"
32.206,-110.98861,1,"Ardeidae","Butorides virescens",2020,9,12,"4fa7b334-ce0d-4e88-aaae-2e0c138d049e",NA,"3290323579"
32.206,-110.98861,2,"Falconidae","Falco sparverius",2020,9,12,"4fa7b334-ce0d-4e88-aaae-2e0c138d049e",NA,"3295009573"
32.206,-110.98861,1,"Cardinalidae","Piranga ludoviciana",2020,9,12,"4fa7b334-ce0d-4e88-aaae-2e0c138d049e",NA,"3282748388"
32.206,-110.98861,2,"Picidae","Melanerpes uropygialis",2020,9,12,"4fa7b334-ce0d-4e88-aaae-2e0c138d049e",NA,"3285415560"
32.203922,-110.98352,1,"Emberizidae","Melozone aberti",2020,9,24,"4fa7b334-ce0d-4e88-aaae-2e0c138d049e",NA,"3189993831"
32.203922,-110.98352,13,"Fringillidae","Haemorhous mexicanus",2020,9,24,"4fa7b334-ce0d-4e88-aaae-2e0c138d049e",NA,"3187343256"
32.203922,-110.98352,1,"Trochilidae","Calypte anna",2020,9,24,"4fa7b334-ce0d-4e88-aaae-2e0c138d049e",NA,"3198875148"
32.203922,-110.98352,6,"Emberizidae","Chondestes grammacus",2020,9,24,"4fa7b334-ce0d-4e88-aaae-2e0c138d049e",NA,"3192001207"
32.203922,-110.98352,1,"Picidae","Melanerpes uropygialis",2020,9,24,"4fa7b334-ce0d-4e88-aaae-2e0c138d049e",NA,"3198249147"
32.203922,-110.98352,1,"Emberizidae","Peucaea carpalis",2020,9,24,"4fa7b334-ce0d-4e88-aaae-2e0c138d049e",NA,"3200671180"
32.203922,-110.98352,9,"Columbidae","Zenaida macroura",2020,9,24,"4fa7b334-ce0d-4e88-aaae-2e0c138d049e",NA,"3199770179"
32.203922,-110.98352,1,"Tyrannidae","Pyrocephalus rubinus",2020,9,24,"4fa7b334-ce0d-4e88-aaae-2e0c138d049e",NA,"3184430279"
32.203922,-110.98352,1,"Columbidae","Columba livia",2020,9,24,"4fa7b334-ce0d-4e88-aaae-2e0c138d049e",NA,"3188874076"
32.203922,-110.98352,2,"Accipitridae","Accipiter cooperii",2020,9,24,"4fa7b334-ce0d-4e88-aaae-2e0c138d049e",NA,"3189089184"
32.203922,-110.98352,1,"Sturnidae","Sturnus vulgaris",2020,9,24,"4fa7b334-ce0d-4e88-aaae-2e0c138d049e",NA,"3185102121"
32.203922,-110.98352,2,"Columbidae","Streptopelia decaocto",2020,9,24,"4fa7b334-ce0d-4e88-aaae-2e0c138d049e",NA,"3190651781"
32.203922,-110.98352,1,"Remizidae","Auriparus flaviceps",2020,9,24,"4fa7b334-ce0d-4e88-aaae-2e0c138d049e",NA,"3182986057"
32.203922,-110.98352,3,"Columbidae","Columba livia",2020,10,31,"4fa7b334-ce0d-4e88-aaae-2e0c138d049e",NA,"3255731635"
32.203922,-110.98352,1,"Columbidae","Zenaida macroura",2020,10,31,"4fa7b334-ce0d-4e88-aaae-2e0c138d049e",NA,"3254454603"
32.203922,-110.98352,2,"Accipitridae","Parabuteo unicinctus",2020,10,31,"4fa7b334-ce0d-4e88-aaae-2e0c138d049e",NA,"3299313943"
32.20284,-110.98897,1,"Emberizidae","Zonotrichia leucophrys",2020,10,17,"4fa7b334-ce0d-4e88-aaae-2e0c138d049e",NA,"3206405618"
32.20284,-110.98897,2,"Parulidae","Setophaga coronata",2020,10,17,"4fa7b334-ce0d-4e88-aaae-2e0c138d049e",NA,"3201754394"
32.20284,-110.98897,1,"Cuculidae","Geococcyx californianus",2020,10,17,"4fa7b334-ce0d-4e88-aaae-2e0c138d049e",NA,"3197022488"
32.20284,-110.98897,1,"Tyrannidae","Sayornis nigricans",2020,10,17,"4fa7b334-ce0d-4e88-aaae-2e0c138d049e",NA,"3196798340"
32.203922,-110.98352,2,"Emberizidae","Spizella passerina",2020,11,23,"4fa7b334-ce0d-4e88-aaae-2e0c138d049e",NA,"3300877634"
32.203922,-110.98352,22,"Columbidae","Streptopelia decaocto",2020,11,23,"4fa7b334-ce0d-4e88-aaae-2e0c138d049e",NA,"3281737138"
32.203922,-110.98352,1,"Picidae","Sphyrapicus nuchalis",2020,11,23,"4fa7b334-ce0d-4e88-aaae-2e0c138d049e",NA,"3257380271"
32.203922,-110.98352,1,"Remizidae","Auriparus flaviceps",2020,11,23,"4fa7b334-ce0d-4e88-aaae-2e0c138d049e",NA,"3301076566"
32.203922,-110.98352,1,"Columbidae","Zenaida macroura",2020,11,23,"4fa7b334-ce0d-4e88-aaae-2e0c138d049e",NA,"3263486271"
32.203922,-110.98352,1,"Sturnidae","Sturnus vulgaris",2020,11,23,"4fa7b334-ce0d-4e88-aaae-2e0c138d049e",NA,"3275257233"
32.203922,-110.98352,1,"Tyrannidae","Pyrocephalus rubinus",2020,11,23,"4fa7b334-ce0d-4e88-aaae-2e0c138d049e",NA,"3268411374"
32.203922,-110.98352,4,"Columbidae","Columba livia",2020,11,23,"4fa7b334-ce0d-4e88-aaae-2e0c138d049e",NA,"3268871465"
32.203922,-110.98352,1,"Cardinalidae","Cardinalis sinuatus",2020,11,23,"4fa7b334-ce0d-4e88-aaae-2e0c138d049e",NA,"3270062415"
32.203922,-110.98352,1,"Trochilidae","Calypte anna",2020,11,23,"4fa7b334-ce0d-4e88-aaae-2e0c138d049e",NA,"3264267424"
32.203922,-110.98352,1,"Picidae","Melanerpes uropygialis",2020,11,23,"4fa7b334-ce0d-4e88-aaae-2e0c138d049e",NA,"3260423391"
32.203922,-110.98352,1,"Emberizidae","Zonotrichia leucophrys",2020,11,23,"4fa7b334-ce0d-4e88-aaae-2e0c138d049e",NA,"3278516332"
32.203922,-110.98352,1,"Mimidae","Mimus polyglottos",2020,11,23,"4fa7b334-ce0d-4e88-aaae-2e0c138d049e",NA,"3288345286"
32.203922,-110.98352,5,"Fringillidae","Haemorhous mexicanus",2020,11,23,"4fa7b334-ce0d-4e88-aaae-2e0c138d049e",NA,"3265145358"
32.203922,-110.98352,1,"Emberizidae","Peucaea carpalis",2020,11,23,"4fa7b334-ce0d-4e88-aaae-2e0c138d049e",NA,"3268738217"
32.203922,-110.98352,4,"Emberizidae","Chondestes grammacus",2020,11,23,"4fa7b334-ce0d-4e88-aaae-2e0c138d049e",NA,"3279564338"
32.203922,-110.98352,1,"Regulidae","Regulus calendula",2020,11,23,"4fa7b334-ce0d-4e88-aaae-2e0c138d049e",NA,"3264573387"
32.203922,-110.98352,4,"Emberizidae","Melozone aberti",2020,11,23,"4fa7b334-ce0d-4e88-aaae-2e0c138d049e",NA,"3281327150"
32.206,-110.98861,1,"Scolopacidae","Gallinago delicata",2020,11,24,"4fa7b334-ce0d-4e88-aaae-2e0c138d049e",NA,"3298793856"
32.206,-110.98861,2,"Emberizidae","Melospiza lincolnii",2020,11,24,"4fa7b334-ce0d-4e88-aaae-2e0c138d049e",NA,"3296778882"
32.206,-110.98861,2,"Regulidae","Regulus calendula",2020,11,24,"4fa7b334-ce0d-4e88-aaae-2e0c138d049e",NA,"3296258919"
32.206,-110.98861,1,"Falconidae","Falco sparverius",2020,11,24,"4fa7b334-ce0d-4e88-aaae-2e0c138d049e",NA,"3300441854"
32.206,-110.98861,1,"Icteridae","Sturnella neglecta",2020,11,24,"4fa7b334-ce0d-4e88-aaae-2e0c138d049e",NA,"3299050918"
32.206,-110.98861,1,"Accipitridae","Accipiter cooperii",2020,11,24,"4fa7b334-ce0d-4e88-aaae-2e0c138d049e",NA,"3299493271"
32.206,-110.98861,7,"Emberizidae","Zonotrichia leucophrys",2020,11,24,"4fa7b334-ce0d-4e88-aaae-2e0c138d049e",NA,"3301117206"
32.206,-110.98861,3,"Tyrannidae","Pyrocephalus rubinus",2020,11,24,"4fa7b334-ce0d-4e88-aaae-2e0c138d049e",NA,"3201160306"
32.206,-110.98861,3,"Picidae","Melanerpes uropygialis",2020,11,24,"4fa7b334-ce0d-4e88-aaae-2e0c138d049e",NA,"3210649984"
32.206,-110.98861,1,"Ptilogonatidae","Phainopepla nitens",2020,11,24,"4fa7b334-ce0d-4e88-aaae-2e0c138d049e",NA,"3196086129"
32.206,-110.98861,1,"Polioptilidae","Polioptila melanura",2020,11,24,"4fa7b334-ce0d-4e88-aaae-2e0c138d049e",NA,"3197569163"
32.206,-110.98861,2,"Emberizidae","Melozone aberti",2020,11,24,"4fa7b334-ce0d-4e88-aaae-2e0c138d049e",NA,"3209311192"
32.206,-110.98861,2,"Emberizidae","Spizella passerina",2020,11,24,"4fa7b334-ce0d-4e88-aaae-2e0c138d049e",NA,"3215441862"
32.206,-110.98861,2,"Emberizidae","Melospiza melodia",2020,11,24,"4fa7b334-ce0d-4e88-aaae-2e0c138d049e",NA,"3214420841"
32.206,-110.98861,7,"Fringillidae","Haemorhous mexicanus",2020,11,24,"4fa7b334-ce0d-4e88-aaae-2e0c138d049e",NA,"3205370798"
32.206,-110.98861,9,"Columbidae","Zenaida macroura",2020,11,24,"4fa7b334-ce0d-4e88-aaae-2e0c138d049e",NA,"3211611903"
32.206,-110.98861,1,"Picidae","Colaptes chrysoides",2020,11,24,"4fa7b334-ce0d-4e88-aaae-2e0c138d049e",NA,"3207837892"
32.206,-110.98861,3,"Icteridae","Agelaius phoeniceus",2020,11,24,"4fa7b334-ce0d-4e88-aaae-2e0c138d049e",NA,"3196741978"
32.206,-110.98861,1,"Cuculidae","Geococcyx californianus",2020,11,24,"4fa7b334-ce0d-4e88-aaae-2e0c138d049e",NA,"3203895849"
32.206,-110.98861,4,"Charadriidae","Charadrius vociferus",2020,11,24,"4fa7b334-ce0d-4e88-aaae-2e0c138d049e",NA,"3204222947"
32.206,-110.98861,3,"Remizidae","Auriparus flaviceps",2020,11,24,"4fa7b334-ce0d-4e88-aaae-2e0c138d049e",NA,"3213064074"
32.206,-110.98861,7,"Parulidae","Setophaga coronata",2020,11,24,"4fa7b334-ce0d-4e88-aaae-2e0c138d049e",NA,"3208460031"
32.206,-110.98861,2,"Troglodytidae","Campylorhynchus brunneicapillus",2020,11,24,"4fa7b334-ce0d-4e88-aaae-2e0c138d049e",NA,"3195744921"
32.206,-110.98861,1,"Tyrannidae","Sayornis saya",2020,11,24,"4fa7b334-ce0d-4e88-aaae-2e0c138d049e",NA,"3212748954"
32.206,-110.98861,5,"Fringillidae","Spinus psaltria",2020,11,24,"4fa7b334-ce0d-4e88-aaae-2e0c138d049e",NA,"3214520870"
32.206,-110.98861,1,"Troglodytidae","Cistothorus palustris",2020,11,24,"4fa7b334-ce0d-4e88-aaae-2e0c138d049e",NA,"3190741922"
32.206,-110.98861,2,"Tyrannidae","Sayornis nigricans",2020,11,24,"4fa7b334-ce0d-4e88-aaae-2e0c138d049e",NA,"3197585916"
32.203922,-110.98352,3,"Mimidae","Mimus polyglottos",2019,7,6,"4fa7b334-ce0d-4e88-aaae-2e0c138d049e",NA,"2685133207"
32.203922,-110.98352,24,"Sturnidae","Sturnus vulgaris",2019,7,6,"4fa7b334-ce0d-4e88-aaae-2e0c138d049e",NA,"2689092200"
32.203922,-110.98352,6,"Emberizidae","Melozone aberti",2019,7,6,"4fa7b334-ce0d-4e88-aaae-2e0c138d049e",NA,"2698959331"
32.203922,-110.98352,24,"Hirundinidae","Petrochelidon pyrrhonota",2019,7,6,"4fa7b334-ce0d-4e88-aaae-2e0c138d049e",NA,"2710829214"
32.203922,-110.98352,4,"Tyrannidae","Pyrocephalus rubinus",2019,7,6,"4fa7b334-ce0d-4e88-aaae-2e0c138d049e",NA,"2708326271"
32.203922,-110.98352,1,"Cardinalidae","Pheucticus melanocephalus",2019,7,6,"4fa7b334-ce0d-4e88-aaae-2e0c138d049e",NA,"2687882402"
32.203922,-110.98352,1,"Trochilidae","Calypte anna",2019,7,6,"4fa7b334-ce0d-4e88-aaae-2e0c138d049e",NA,"2687806292"
32.203922,-110.98352,1,"Hirundinidae","Progne subis",2019,7,6,"4fa7b334-ce0d-4e88-aaae-2e0c138d049e",NA,"2685305214"
32.203922,-110.98352,1,"Columbidae","Zenaida macroura",2019,7,6,"4fa7b334-ce0d-4e88-aaae-2e0c138d049e",NA,"2698008227"
32.203922,-110.98352,1,"Columbidae","Zenaida asiatica",2019,7,6,"4fa7b334-ce0d-4e88-aaae-2e0c138d049e",NA,"2701328139"
32.203922,-110.98352,1,"Remizidae","Auriparus flaviceps",2019,7,6,"4fa7b334-ce0d-4e88-aaae-2e0c138d049e",NA,"2686632076"
32.203922,-110.98352,4,"Picidae","Melanerpes uropygialis",2019,7,6,"4fa7b334-ce0d-4e88-aaae-2e0c138d049e",NA,"2705076101"
32.203922,-110.98352,2,"Icteridae","Molothrus aeneus",2019,7,6,"4fa7b334-ce0d-4e88-aaae-2e0c138d049e",NA,"2703012186"
32.203922,-110.98352,1,"Emberizidae","Peucaea carpalis",2019,7,6,"4fa7b334-ce0d-4e88-aaae-2e0c138d049e",NA,"2697181139"
32.203922,-110.98352,1,"Vireonidae","Vireo bellii",2019,7,6,"4fa7b334-ce0d-4e88-aaae-2e0c138d049e",NA,"2687116960"
32.203922,-110.98352,5,"Fringillidae","Haemorhous mexicanus",2019,7,6,"4fa7b334-ce0d-4e88-aaae-2e0c138d049e",NA,"2687969266"
32.203922,-110.98352,2,"Columbidae","Streptopelia decaocto",2019,7,6,"4fa7b334-ce0d-4e88-aaae-2e0c138d049e",NA,"2686519157"
32.203922,-110.98352,1,"Tyrannidae","Myiarchus cinerascens",2019,7,6,"4fa7b334-ce0d-4e88-aaae-2e0c138d049e",NA,"2701585986"
32.203922,-110.98352,18,"Passeridae","Passer domesticus",2019,7,6,"4fa7b334-ce0d-4e88-aaae-2e0c138d049e",NA,"2699299055"
32.203922,-110.98352,1,"Mimidae","Toxostoma curvirostre",2019,7,6,"4fa7b334-ce0d-4e88-aaae-2e0c138d049e",NA,"2710829234"
32.203922,-110.98352,2,"Columbidae","Columba livia",2019,7,6,"4fa7b334-ce0d-4e88-aaae-2e0c138d049e",NA,"2708326290"
32.203922,-110.98352,1,"Fringillidae","Haemorhous mexicanus",2019,11,3,"4fa7b334-ce0d-4e88-aaae-2e0c138d049e",NA,"2720869156"
32.203922,-110.98352,1,"Remizidae","Auriparus flaviceps",2019,11,3,"4fa7b334-ce0d-4e88-aaae-2e0c138d049e",NA,"2717160336"
32.203922,-110.98352,1,"Mimidae","Toxostoma curvirostre",2019,11,3,"4fa7b334-ce0d-4e88-aaae-2e0c138d049e",NA,"2708682499"
32.203922,-110.98352,2,"Columbidae","Streptopelia decaocto",2019,11,3,"4fa7b334-ce0d-4e88-aaae-2e0c138d049e",NA,"2704543463"
32.203922,-110.98352,1,"Trochilidae","Calypte anna",2019,11,3,"4fa7b334-ce0d-4e88-aaae-2e0c138d049e",NA,"2716732120"
32.203922,-110.98352,16,"Icteridae","Quiscalus mexicanus",2019,11,3,"4fa7b334-ce0d-4e88-aaae-2e0c138d049e",NA,"2703514172"
32.203922,-110.98352,18,"Columbidae","Zenaida macroura",2019,11,3,"4fa7b334-ce0d-4e88-aaae-2e0c138d049e",NA,"2706428280"
32.203922,-110.98352,1,"Emberizidae","Zonotrichia leucophrys",2019,11,3,"4fa7b334-ce0d-4e88-aaae-2e0c138d049e",NA,"2705871358"
32.203922,-110.98352,11,"Emberizidae","Chondestes grammacus",2019,11,3,"4fa7b334-ce0d-4e88-aaae-2e0c138d049e",NA,"2718847389"
32.203922,-110.98352,1,"Emberizidae","Melozone aberti",2019,11,3,"4fa7b334-ce0d-4e88-aaae-2e0c138d049e",NA,"2699809189"
32.203922,-110.98352,4,"Picidae","Melanerpes uropygialis",2019,11,3,"4fa7b334-ce0d-4e88-aaae-2e0c138d049e",NA,"2719202187"
32.203922,-110.98352,1,"Tyrannidae","Pyrocephalus rubinus",2019,11,3,"4fa7b334-ce0d-4e88-aaae-2e0c138d049e",NA,"2706147136"
32.203922,-110.98352,1,"Picidae","Dryobates scalaris",2019,11,3,"4fa7b334-ce0d-4e88-aaae-2e0c138d049e",NA,"2717730120"
32.203922,-110.98352,1,"Emberizidae","Peucaea carpalis",2019,11,3,"4fa7b334-ce0d-4e88-aaae-2e0c138d049e",NA,"2705445283"
32.203922,-110.98352,1,"Regulidae","Regulus calendula",2019,11,3,"4fa7b334-ce0d-4e88-aaae-2e0c138d049e",NA,"2715734238"
32.203922,-110.98352,1,"Mimidae","Mimus polyglottos",2019,11,3,"4fa7b334-ce0d-4e88-aaae-2e0c138d049e",NA,"2701076280"
32.203922,-110.98352,1,"Mimidae","Mimus polyglottos",2018,1,19,"4fa7b334-ce0d-4e88-aaae-2e0c138d049e",NA,"2122154002"
32.203922,-110.98352,2,"Picidae","Melanerpes uropygialis",2018,1,19,"4fa7b334-ce0d-4e88-aaae-2e0c138d049e",NA,"2130565684"
32.203922,-110.98352,6,"Emberizidae","Chondestes grammacus",2018,1,19,"4fa7b334-ce0d-4e88-aaae-2e0c138d049e",NA,"2106448636"
32.203922,-110.98352,3,"Columbidae","Streptopelia decaocto",2018,1,19,"4fa7b334-ce0d-4e88-aaae-2e0c138d049e",NA,"2130569612"
32.203922,-110.98352,32,"Fringillidae","Haemorhous mexicanus",2018,1,19,"4fa7b334-ce0d-4e88-aaae-2e0c138d049e",NA,"2130573007"
32.203922,-110.98352,2,"Fringillidae","Spinus psaltria",2018,1,19,"4fa7b334-ce0d-4e88-aaae-2e0c138d049e",NA,"2120674164"
32.203922,-110.98352,1,"Picidae","Colaptes auratus",2018,1,19,"4fa7b334-ce0d-4e88-aaae-2e0c138d049e",NA,"2106443343"
32.203922,-110.98352,4,"Sturnidae","Sturnus vulgaris",2018,1,19,"4fa7b334-ce0d-4e88-aaae-2e0c138d049e",NA,"2120670397"
32.203922,-110.98352,4,"Columbidae","Zenaida macroura",2018,1,19,"4fa7b334-ce0d-4e88-aaae-2e0c138d049e",NA,"2130565683"
32.204517,-110.98619,22,"Columbidae","Columba livia",2018,11,22,"4fa7b334-ce0d-4e88-aaae-2e0c138d049e",NA,"2218440763"
32.204517,-110.98619,1,"Accipitridae","Accipiter cooperii",2018,11,22,"4fa7b334-ce0d-4e88-aaae-2e0c138d049e",NA,"2229090419"
32.203922,-110.98352,3,"Passeridae","Passer domesticus",2018,12,2,"4fa7b334-ce0d-4e88-aaae-2e0c138d049e",NA,"2209393274"
32.203922,-110.98352,2,"Picidae","Melanerpes uropygialis",2018,12,2,"4fa7b334-ce0d-4e88-aaae-2e0c138d049e",NA,"2223489917"
32.203922,-110.98352,1,"Parulidae","Setophaga coronata",2018,12,2,"4fa7b334-ce0d-4e88-aaae-2e0c138d049e",NA,"2230785092"
32.203922,-110.98352,1,"Falconidae","Falco mexicanus",2018,12,2,"4fa7b334-ce0d-4e88-aaae-2e0c138d049e",NA,"2220877098"
32.203922,-110.98352,2,"Columbidae","Zenaida macroura",2018,12,2,"4fa7b334-ce0d-4e88-aaae-2e0c138d049e",NA,"2209406274"
32.203922,-110.98352,1,"Trochilidae","Calypte anna",2018,12,2,"4fa7b334-ce0d-4e88-aaae-2e0c138d049e",NA,"2230785438"
32.203922,-110.98352,8,"Emberizidae","Chondestes grammacus",2018,12,2,"4fa7b334-ce0d-4e88-aaae-2e0c138d049e",NA,"2209391657"
32.203922,-110.98352,4,"Fringillidae","Haemorhous mexicanus",2018,12,2,"4fa7b334-ce0d-4e88-aaae-2e0c138d049e",NA,"2209396452"
32.203922,-110.98352,1,"Remizidae","Auriparus flaviceps",2018,12,2,"4fa7b334-ce0d-4e88-aaae-2e0c138d049e",NA,"2230785427"
32.203922,-110.98352,1,"Polioptilidae","Polioptila melanura",2018,12,2,"4fa7b334-ce0d-4e88-aaae-2e0c138d049e",NA,"2220876363"
32.20349,-110.983,1,"Accipitridae","Accipiter striatus",2018,12,14,"4fa7b334-ce0d-4e88-aaae-2e0c138d049e",NA,"2231871783"
32.20349,-110.983,2,"Columbidae","Zenaida macroura",2018,12,14,"4fa7b334-ce0d-4e88-aaae-2e0c138d049e",NA,"2231871897"
32.20349,-110.983,24,"Columbidae","Columba livia",2018,12,14,"4fa7b334-ce0d-4e88-aaae-2e0c138d049e",NA,"2225756628"
32.20349,-110.983,1,"Falconidae","Falco columbarius",2018,12,14,"4fa7b334-ce0d-4e88-aaae-2e0c138d049e",NA,"2225750367"
32.20349,-110.983,6,"Parulidae","Setophaga coronata",2018,12,14,"4fa7b334-ce0d-4e88-aaae-2e0c138d049e",NA,"2212126589"
32.20349,-110.983,4,"Fringillidae","Haemorhous mexicanus",2018,12,14,"4fa7b334-ce0d-4e88-aaae-2e0c138d049e",NA,"2222914213"
32.202866,-110.98453,1,"Falconidae","Falco columbarius",2018,12,18,"4fa7b334-ce0d-4e88-aaae-2e0c138d049e",NA,"2213506023"
32.20349,-110.983,1,"Polioptilidae","Polioptila melanura",2018,12,18,"4fa7b334-ce0d-4e88-aaae-2e0c138d049e",NA,"2232236163"
32.20349,-110.983,4,"Remizidae","Auriparus flaviceps",2018,12,18,"4fa7b334-ce0d-4e88-aaae-2e0c138d049e",NA,"2213482918"
32.20349,-110.983,2,"Falconidae","Falco sparverius",2018,12,18,"4fa7b334-ce0d-4e88-aaae-2e0c138d049e",NA,"2223853876"
32.20349,-110.983,6,"Passeridae","Passer domesticus",2018,12,18,"4fa7b334-ce0d-4e88-aaae-2e0c138d049e",NA,"2226844604"
32.20349,-110.983,6,"Icteridae","Quiscalus mexicanus",2018,12,18,"4fa7b334-ce0d-4e88-aaae-2e0c138d049e",NA,"2223857722"
32.20349,-110.983,2,"Mimidae","Mimus polyglottos",2018,12,18,"4fa7b334-ce0d-4e88-aaae-2e0c138d049e",NA,"2232236217"
32.20349,-110.983,24,"Columbidae","Columba livia",2018,12,18,"4fa7b334-ce0d-4e88-aaae-2e0c138d049e",NA,"2223855838"
32.20349,-110.983,12,"Columbidae","Zenaida macroura",2018,12,18,"4fa7b334-ce0d-4e88-aaae-2e0c138d049e",NA,"2223860423"
32.20349,-110.983,1,"Ptilogonatidae","Phainopepla nitens",2018,12,18,"4fa7b334-ce0d-4e88-aaae-2e0c138d049e",NA,"2223875749"
32.20349,-110.983,4,"Parulidae","Setophaga coronata",2018,12,18,"4fa7b334-ce0d-4e88-aaae-2e0c138d049e",NA,"2226831234"
32.20349,-110.983,1,"Accipitridae","Buteo jamaicensis",2018,12,18,"4fa7b334-ce0d-4e88-aaae-2e0c138d049e",NA,"2213493332"
32.20349,-110.983,1,"Vireonidae","Vireo plumbeus",2018,12,18,"4fa7b334-ce0d-4e88-aaae-2e0c138d049e",NA,"2226844664"
32.20349,-110.983,8,"Sturnidae","Sturnus vulgaris",2018,12,18,"4fa7b334-ce0d-4e88-aaae-2e0c138d049e",NA,"2223862527"
32.20349,-110.983,2,"Picidae","Melanerpes uropygialis",2018,12,18,"4fa7b334-ce0d-4e88-aaae-2e0c138d049e",NA,"2232236167"
32.20349,-110.983,1,"Emberizidae","Melozone aberti",2018,12,18,"4fa7b334-ce0d-4e88-aaae-2e0c138d049e",NA,"2223866892"
32.20349,-110.983,16,"Fringillidae","Haemorhous mexicanus",2018,12,18,"4fa7b334-ce0d-4e88-aaae-2e0c138d049e",NA,"2232236303"
32.203922,-110.98352,1,"Mimidae","Mimus polyglottos",2017,1,9,"4fa7b334-ce0d-4e88-aaae-2e0c138d049e",NA,"2029945974"
32.203922,-110.98352,1,"Columbidae","Streptopelia decaocto",2017,1,9,"4fa7b334-ce0d-4e88-aaae-2e0c138d049e",NA,"2037308035"
32.203922,-110.98352,2,"Tyrannidae","Pyrocephalus rubinus",2017,1,9,"4fa7b334-ce0d-4e88-aaae-2e0c138d049e",NA,"2029947141"
32.203922,-110.98352,1,"Columbidae","Zenaida macroura",2017,1,9,"4fa7b334-ce0d-4e88-aaae-2e0c138d049e",NA,"2029945767"
32.203922,-110.98352,7,"Icteridae","Quiscalus mexicanus",2017,1,9,"4fa7b334-ce0d-4e88-aaae-2e0c138d049e",NA,"2032585761"
32.203922,-110.98352,5,"Columbidae","Zenaida macroura",2017,6,30,"4fa7b334-ce0d-4e88-aaae-2e0c138d049e",NA,"2078351692"
32.203922,-110.98352,4,"Icteridae","Quiscalus mexicanus",2017,6,30,"4fa7b334-ce0d-4e88-aaae-2e0c138d049e",NA,"2084190073"
32.203922,-110.98352,1,"Remizidae","Auriparus flaviceps",2017,6,30,"4fa7b334-ce0d-4e88-aaae-2e0c138d049e",NA,"2066421775"
32.203922,-110.98352,7,"Fringillidae","Haemorhous mexicanus",2017,6,30,"4fa7b334-ce0d-4e88-aaae-2e0c138d049e",NA,"2078832493"
32.203922,-110.98352,2,"Sturnidae","Sturnus vulgaris",2017,6,30,"4fa7b334-ce0d-4e88-aaae-2e0c138d049e",NA,"2078359423"
32.203922,-110.98352,3,"Passeridae","Passer domesticus",2017,6,30,"4fa7b334-ce0d-4e88-aaae-2e0c138d049e",NA,"2084197212"
32.203922,-110.98352,4,"Columbidae","Zenaida asiatica",2017,6,30,"4fa7b334-ce0d-4e88-aaae-2e0c138d049e",NA,"2078345058"
32.203922,-110.98352,2,"Columbidae","Streptopelia decaocto",2017,6,30,"4fa7b334-ce0d-4e88-aaae-2e0c138d049e",NA,"2078359415"
32.203922,-110.98352,3,"Hirundinidae","Petrochelidon pyrrhonota",2017,6,30,"4fa7b334-ce0d-4e88-aaae-2e0c138d049e",NA,"2084181464"
32.203922,-110.98352,7,"Sturnidae","Sturnus vulgaris",2017,11,28,"4fa7b334-ce0d-4e88-aaae-2e0c138d049e",NA,"2107685936"
32.203922,-110.98352,1,"Emberizidae","Peucaea carpalis",2017,11,28,"4fa7b334-ce0d-4e88-aaae-2e0c138d049e",NA,"2107684464"
32.203922,-110.98352,1,"Remizidae","Auriparus flaviceps",2017,11,28,"4fa7b334-ce0d-4e88-aaae-2e0c138d049e",NA,"2108143928"
32.203922,-110.98352,2,"Icteridae","Quiscalus mexicanus",2017,11,28,"4fa7b334-ce0d-4e88-aaae-2e0c138d049e",NA,"2107685949"
32.203922,-110.98352,3,"Columbidae","Streptopelia decaocto",2017,11,28,"4fa7b334-ce0d-4e88-aaae-2e0c138d049e",NA,"2108144234"
32.203922,-110.98352,3,"Emberizidae","Melozone aberti",2017,11,28,"4fa7b334-ce0d-4e88-aaae-2e0c138d049e",NA,"2108136741"
32.203922,-110.98352,5,"Picidae","Melanerpes uropygialis",2017,11,28,"4fa7b334-ce0d-4e88-aaae-2e0c138d049e",NA,"2095508000"
32.203922,-110.98352,1,"Emberizidae","Zonotrichia leucophrys",2017,11,28,"4fa7b334-ce0d-4e88-aaae-2e0c138d049e",NA,"2116276620"
32.203922,-110.98352,2,"Picidae","Colaptes auratus",2017,11,28,"4fa7b334-ce0d-4e88-aaae-2e0c138d049e",NA,"2107689910"
32.203922,-110.98352,2,"Fringillidae","Haemorhous mexicanus",2017,11,28,"4fa7b334-ce0d-4e88-aaae-2e0c138d049e",NA,"2095517167"
32.203922,-110.98352,2,"Trochilidae","Calypte anna",2017,11,28,"4fa7b334-ce0d-4e88-aaae-2e0c138d049e",NA,"2095496633"
32.203922,-110.98352,5,"Emberizidae","Chondestes grammacus",2017,11,28,"4fa7b334-ce0d-4e88-aaae-2e0c138d049e",NA,"2108143977"
32.203922,-110.98352,6,"Columbidae","Zenaida macroura",2017,11,28,"4fa7b334-ce0d-4e88-aaae-2e0c138d049e",NA,"2108138776"
32.203922,-110.98352,3,"Emberizidae","Spizella passerina",2017,11,28,"4fa7b334-ce0d-4e88-aaae-2e0c138d049e",NA,"2116267622"
32.203922,-110.98352,4,"Columbidae","Columba livia",2017,11,28,"4fa7b334-ce0d-4e88-aaae-2e0c138d049e",NA,"2095517176"
32.203922,-110.98352,2,"Sturnidae","Sturnus vulgaris",2017,12,14,"4fa7b334-ce0d-4e88-aaae-2e0c138d049e",NA,"2111433514"
32.203922,-110.98352,20,"Emberizidae","Chondestes grammacus",2017,12,14,"4fa7b334-ce0d-4e88-aaae-2e0c138d049e",NA,"2120618591"
32.203922,-110.98352,1,"Emberizidae","Passerculus sandwichensis",2017,12,14,"4fa7b334-ce0d-4e88-aaae-2e0c138d049e",NA,"2112100319"
32.203922,-110.98352,4,"Passeridae","Passer domesticus",2017,12,14,"4fa7b334-ce0d-4e88-aaae-2e0c138d049e",NA,"2120613708"
32.203922,-110.98352,1,"Trochilidae","Calypte anna",2017,12,14,"4fa7b334-ce0d-4e88-aaae-2e0c138d049e",NA,"2120632473"
32.203922,-110.98352,2,"Ptilogonatidae","Phainopepla nitens",2017,12,14,"4fa7b334-ce0d-4e88-aaae-2e0c138d049e",NA,"2112099816"
32.203922,-110.98352,2,"Emberizidae","Spizella passerina",2017,12,14,"4fa7b334-ce0d-4e88-aaae-2e0c138d049e",NA,"2098712292"
32.203922,-110.98352,1,"Picidae","Colaptes auratus",2017,12,14,"4fa7b334-ce0d-4e88-aaae-2e0c138d049e",NA,"2120620867"
32.203922,-110.98352,1,"Cardinalidae","Cardinalis sinuatus",2017,12,14,"4fa7b334-ce0d-4e88-aaae-2e0c138d049e",NA,"2098710805"
32.203922,-110.98352,1,"Parulidae","Setophaga coronata",2017,12,14,"4fa7b334-ce0d-4e88-aaae-2e0c138d049e",NA,"2111449300"
32.203922,-110.98352,1,"Picidae","Melanerpes uropygialis",2017,12,14,"4fa7b334-ce0d-4e88-aaae-2e0c138d049e",NA,"2112100329"
32.203922,-110.98352,1,"Tyrannidae","Pyrocephalus rubinus",2017,12,14,"4fa7b334-ce0d-4e88-aaae-2e0c138d049e",NA,"2111449286"
32.203922,-110.98352,1,"Remizidae","Auriparus flaviceps",2017,12,14,"4fa7b334-ce0d-4e88-aaae-2e0c138d049e",NA,"2120611362"
32.203922,-110.98352,15,"Columbidae","Zenaida macroura",2017,12,14,"4fa7b334-ce0d-4e88-aaae-2e0c138d049e",NA,"2098715803"
32.203922,-110.98352,3,"Columbidae","Columba livia",2017,12,14,"4fa7b334-ce0d-4e88-aaae-2e0c138d049e",NA,"2111448289"
32.203922,-110.98352,2,"Emberizidae","Peucaea carpalis",2017,12,14,"4fa7b334-ce0d-4e88-aaae-2e0c138d049e",NA,"2120630016"
32.203922,-110.98352,5,"Fringillidae","Haemorhous mexicanus",2017,12,14,"4fa7b334-ce0d-4e88-aaae-2e0c138d049e",NA,"2111448277"
32.203922,-110.98352,1,"Picidae","Dryobates scalaris",2017,12,14,"4fa7b334-ce0d-4e88-aaae-2e0c138d049e",NA,"2098718323"
32.203581,-110.98913,NA,"Remizidae","Auriparus flaviceps",2021,1,3,"50c9509d-22c7-4a22-a47d-8c48425ef4a7","iNaturalist research-grade observations","3032136403"
32.201681,-110.98834,NA,"Emberizidae","Amphispiza bilineata",2021,1,18,"50c9509d-22c7-4a22-a47d-8c48425ef4a7","iNaturalist research-grade observations","3031797336"
32.205602,-110.988851,NA,"Charadriidae","Charadrius vociferus",2021,1,18,"50c9509d-22c7-4a22-a47d-8c48425ef4a7","iNaturalist research-grade observations","3031826298"
32.204678,-110.988844,NA,"Emberizidae","Passerculus sandwichensis",2021,2,28,"50c9509d-22c7-4a22-a47d-8c48425ef4a7","iNaturalist research-grade observations","3058755230"
32.204622,-110.988869,NA,"Scolopacidae","Gallinago delicata",2021,2,28,"50c9509d-22c7-4a22-a47d-8c48425ef4a7","iNaturalist research-grade observations","3059148306"
32.204242,-110.988914,NA,"Tyrannidae","Sayornis nigricans",2021,2,28,"50c9509d-22c7-4a22-a47d-8c48425ef4a7","iNaturalist research-grade observations","3058706833"
32.2025,-110.988803,NA,"Anatidae","Anas cyanoptera",2021,2,28,"50c9509d-22c7-4a22-a47d-8c48425ef4a7","iNaturalist research-grade observations","3058781117"
32.202922,-110.988997,NA,"Charadriidae","Charadrius vociferus",2021,2,28,"50c9509d-22c7-4a22-a47d-8c48425ef4a7","iNaturalist research-grade observations","3058812894"
32.203697,-110.988994,NA,"Tyrannidae","Sayornis saya",2021,2,28,"50c9509d-22c7-4a22-a47d-8c48425ef4a7","iNaturalist research-grade observations","3059026146"
32.204233,-110.989014,NA,"Emberizidae","Zonotrichia leucophrys",2021,3,3,"50c9509d-22c7-4a22-a47d-8c48425ef4a7","iNaturalist research-grade observations","3059092876"
32.204422,-110.988914,NA,"Fringillidae","Haemorhous mexicanus",2021,3,3,"50c9509d-22c7-4a22-a47d-8c48425ef4a7","iNaturalist research-grade observations","3059079873"
32.204225,-110.988928,NA,"Tyrannidae","Pyrocephalus rubinus",2021,3,3,"50c9509d-22c7-4a22-a47d-8c48425ef4a7","iNaturalist research-grade observations","3058833800"
32.20416,-110.988953,NA,"Emberizidae","Zonotrichia leucophrys",2021,3,3,"50c9509d-22c7-4a22-a47d-8c48425ef4a7","iNaturalist research-grade observations","3059104572"
32.201981,-110.988547,NA,"Charadriidae","Charadrius vociferus",2021,3,3,"50c9509d-22c7-4a22-a47d-8c48425ef4a7","iNaturalist research-grade observations","3059080886"
32.202261,-110.988683,NA,"Anatidae","Anas cyanoptera",2021,3,3,"50c9509d-22c7-4a22-a47d-8c48425ef4a7","iNaturalist research-grade observations","3059038778"
32.203949,-110.984123,NA,"Accipitridae","Accipiter cooperii",2021,6,15,"50c9509d-22c7-4a22-a47d-8c48425ef4a7","iNaturalist research-grade observations","3307473715"
32.205247,-110.988808,NA,"Charadriidae","Charadrius vociferus",2021,10,3,"50c9509d-22c7-4a22-a47d-8c48425ef4a7","iNaturalist research-grade observations","3384728200"
32.204186,-110.988931,NA,"Ardeidae","Ardea herodias",2021,10,3,"50c9509d-22c7-4a22-a47d-8c48425ef4a7","iNaturalist research-grade observations","3384846205"
32.204181,-110.988881,NA,"Cathartidae","Cathartes aura",2021,10,3,"50c9509d-22c7-4a22-a47d-8c48425ef4a7","iNaturalist research-grade observations","3384501207"
32.204656,-110.989116,NA,"Tyrannidae","Sayornis saya",2020,1,5,"50c9509d-22c7-4a22-a47d-8c48425ef4a7","iNaturalist research-grade observations","2596236600"
32.205418,-110.988739,NA,"Tyrannidae","Pyrocephalus rubinus",2020,2,8,"50c9509d-22c7-4a22-a47d-8c48425ef4a7","iNaturalist research-grade observations","2596250568"
32.204361,-110.98911,NA,"Tyrannidae","Sayornis nigricans",2020,6,21,"50c9509d-22c7-4a22-a47d-8c48425ef4a7","iNaturalist research-grade observations","2803156680"
32.204323,-110.988974,NA,"Cuculidae","Geococcyx californianus",2020,6,21,"50c9509d-22c7-4a22-a47d-8c48425ef4a7","iNaturalist research-grade observations","2802801509"
32.204147,-110.989081,NA,"Passeridae","Passer domesticus",2020,6,21,"50c9509d-22c7-4a22-a47d-8c48425ef4a7","iNaturalist research-grade observations","2803162784"
32.20487,-110.988969,NA,"Tyrannidae","Tyrannus vociferans",2020,6,27,"50c9509d-22c7-4a22-a47d-8c48425ef4a7","iNaturalist research-grade observations","2814056905"
32.205701,-110.988832,NA,"Charadriidae","Charadrius vociferus",2020,6,27,"50c9509d-22c7-4a22-a47d-8c48425ef4a7","iNaturalist research-grade observations","2813905180"
32.20523,-110.98859,NA,"Trochilidae","Calypte anna",2020,6,27,"50c9509d-22c7-4a22-a47d-8c48425ef4a7","iNaturalist research-grade observations","2813910295"
32.205328,-110.988794,NA,"Hirundinidae","Petrochelidon pyrrhonota",2020,6,27,"50c9509d-22c7-4a22-a47d-8c48425ef4a7","iNaturalist research-grade observations","2814229234"
32.20424,-110.988852,NA,"Tyrannidae","Pyrocephalus rubinus",2020,6,27,"50c9509d-22c7-4a22-a47d-8c48425ef4a7","iNaturalist research-grade observations","2813909267"
32.204128,-110.98917,NA,"Charadriidae","Charadrius vociferus",2020,7,4,"50c9509d-22c7-4a22-a47d-8c48425ef4a7","iNaturalist research-grade observations","2814358144"
32.20498,-110.988607,NA,"Parulidae","Leiothlypis luciae",2020,7,4,"50c9509d-22c7-4a22-a47d-8c48425ef4a7","iNaturalist research-grade observations","2814392102"
32.201686,-110.988205,NA,"Columbidae","Zenaida asiatica",2020,7,4,"50c9509d-22c7-4a22-a47d-8c48425ef4a7","iNaturalist research-grade observations","2813957605"
32.204014,-110.988783,NA,"Scolopacidae","Calidris melanotos",2020,9,6,"50c9509d-22c7-4a22-a47d-8c48425ef4a7","iNaturalist research-grade observations","3031708591"
32.204177,-110.98539,NA,"Troglodytidae","Campylorhynchus brunneicapillus",2019,3,14,"50c9509d-22c7-4a22-a47d-8c48425ef4a7","iNaturalist research-grade observations","2397465741"
