"decimalLatitude","decimalLongitude","individualCount","family","species","year","month","day","datasetKey","datasetName","gbifID"
32.232864,-110.9003,3,"Emberizidae","Melozone aberti",2021,3,12,"4fa7b334-ce0d-4e88-aaae-2e0c138d049e",NA,"3588776438"
32.232864,-110.9003,6,"Columbidae","Zenaida macroura",2021,3,12,"4fa7b334-ce0d-4e88-aaae-2e0c138d049e",NA,"3511438540"
32.232864,-110.9003,1,"Parulidae","Setophaga coronata",2021,3,12,"4fa7b334-ce0d-4e88-aaae-2e0c138d049e",NA,"3509180339"
32.232864,-110.9003,3,"Emberizidae","Zonotrichia leucophrys",2021,3,12,"4fa7b334-ce0d-4e88-aaae-2e0c138d049e",NA,"3510382409"
32.232864,-110.9003,1,"Tyrannidae","Pyrocephalus rubinus",2021,3,12,"4fa7b334-ce0d-4e88-aaae-2e0c138d049e",NA,"3535337039"
32.232864,-110.9003,2,"Columbidae","Columba livia",2021,3,12,"4fa7b334-ce0d-4e88-aaae-2e0c138d049e",NA,"3534518715"
32.232864,-110.9003,10,"Passeridae","Passer domesticus",2021,3,12,"4fa7b334-ce0d-4e88-aaae-2e0c138d049e",NA,"3529079005"
32.232864,-110.9003,1,"Mimidae","Toxostoma curvirostre",2021,3,12,"4fa7b334-ce0d-4e88-aaae-2e0c138d049e",NA,"3528494811"
32.232864,-110.9003,8,"Fringillidae","Haemorhous mexicanus",2021,3,12,"4fa7b334-ce0d-4e88-aaae-2e0c138d049e",NA,"3525114880"
32.232864,-110.9003,1,"Picidae","Dryobates scalaris",2021,3,12,"4fa7b334-ce0d-4e88-aaae-2e0c138d049e",NA,"3517507454"
32.232864,-110.9003,2,"Parulidae","Leiothlypis luciae",2021,3,12,"4fa7b334-ce0d-4e88-aaae-2e0c138d049e",NA,"3518650980"
32.232864,-110.9003,1,"Trochilidae","Cynanthus latirostris",2021,3,12,"4fa7b334-ce0d-4e88-aaae-2e0c138d049e",NA,"3512806405"
32.232864,-110.9003,4,"Trochilidae","Calypte anna",2021,3,12,"4fa7b334-ce0d-4e88-aaae-2e0c138d049e",NA,"3510286592"
32.232864,-110.9003,4,"Fringillidae","Spinus psaltria",2021,3,12,"4fa7b334-ce0d-4e88-aaae-2e0c138d049e",NA,"3510385243"
32.232864,-110.9003,2,"Cardinalidae","Cardinalis cardinalis",2021,3,12,"4fa7b334-ce0d-4e88-aaae-2e0c138d049e",NA,"3510559331"
32.232864,-110.9003,2,"Picidae","Melanerpes uropygialis",2021,3,12,"4fa7b334-ce0d-4e88-aaae-2e0c138d049e",NA,"3509283710"
32.232864,-110.9003,2,"Emberizidae","Melospiza lincolnii",2021,3,12,"4fa7b334-ce0d-4e88-aaae-2e0c138d049e",NA,"3510391313"
32.232864,-110.9003,2,"Accipitridae","Accipiter cooperii",2021,3,12,"4fa7b334-ce0d-4e88-aaae-2e0c138d049e",NA,"3511790045"
32.232864,-110.9003,2,"Corvidae","Corvus corax",2021,3,12,"4fa7b334-ce0d-4e88-aaae-2e0c138d049e",NA,"3513791681"
32.232864,-110.9003,2,"Mimidae","Mimus polyglottos",2021,3,12,"4fa7b334-ce0d-4e88-aaae-2e0c138d049e",NA,"3512988495"
32.232864,-110.9003,1,"Tyrannidae","Sayornis nigricans",2021,3,12,"4fa7b334-ce0d-4e88-aaae-2e0c138d049e",NA,"3514210272"
32.232864,-110.9003,1,"Falconidae","Falco sparverius",2021,3,12,"4fa7b334-ce0d-4e88-aaae-2e0c138d049e",NA,"3513252342"
32.2328,-110.900314,1,"Picidae","Dryobates scalaris",2019,4,20,"4fa7b334-ce0d-4e88-aaae-2e0c138d049e",NA,"2748619951"
32.2328,-110.900314,1,"Trochilidae","Calypte anna",2019,4,20,"4fa7b334-ce0d-4e88-aaae-2e0c138d049e",NA,"2752329039"
32.2328,-110.900314,6,"Columbidae","Zenaida asiatica",2019,4,20,"4fa7b334-ce0d-4e88-aaae-2e0c138d049e",NA,"2746730170"
32.2328,-110.900314,2,"Mimidae","Toxostoma curvirostre",2019,4,20,"4fa7b334-ce0d-4e88-aaae-2e0c138d049e",NA,"2744670954"
32.2328,-110.900314,2,"Columbidae","Streptopelia decaocto",2019,4,20,"4fa7b334-ce0d-4e88-aaae-2e0c138d049e",NA,"2746075931"
32.2328,-110.900314,1,"Sturnidae","Sturnus vulgaris",2019,4,20,"4fa7b334-ce0d-4e88-aaae-2e0c138d049e",NA,"2746009045"
32.2328,-110.900314,1,"Tyrannidae","Empidonax hammondii",2019,4,20,"4fa7b334-ce0d-4e88-aaae-2e0c138d049e",NA,"2747090104"
32.2328,-110.900314,2,"Trochilidae","Archilochus alexandri",2019,4,20,"4fa7b334-ce0d-4e88-aaae-2e0c138d049e",NA,"2744666247"
32.2328,-110.900314,1,"Accipitridae","Accipiter cooperii",2019,4,20,"4fa7b334-ce0d-4e88-aaae-2e0c138d049e",NA,"2748812218"
32.2328,-110.900314,1,"Tyrannidae","Myiarchus cinerascens",2019,4,20,"4fa7b334-ce0d-4e88-aaae-2e0c138d049e",NA,"2745823983"
32.2328,-110.900314,6,"Passeridae","Passer domesticus",2019,4,20,"4fa7b334-ce0d-4e88-aaae-2e0c138d049e",NA,"2755502170"
32.2328,-110.900314,3,"Fringillidae","Spinus psaltria",2019,4,20,"4fa7b334-ce0d-4e88-aaae-2e0c138d049e",NA,"2752722184"
32.2328,-110.900314,6,"Fringillidae","Haemorhous mexicanus",2019,4,20,"4fa7b334-ce0d-4e88-aaae-2e0c138d049e",NA,"2754661092"
32.2328,-110.900314,2,"Cardinalidae","Cardinalis cardinalis",2019,4,20,"4fa7b334-ce0d-4e88-aaae-2e0c138d049e",NA,"2752958148"
32.2328,-110.900314,2,"Picidae","Melanerpes uropygialis",2019,4,20,"4fa7b334-ce0d-4e88-aaae-2e0c138d049e",NA,"2756753012"
32.2328,-110.900314,3,"Trochilidae","Cynanthus latirostris",2019,4,20,"4fa7b334-ce0d-4e88-aaae-2e0c138d049e",NA,"2754856091"
32.2328,-110.900314,1,"Falconidae","Falco sparverius",2019,4,20,"4fa7b334-ce0d-4e88-aaae-2e0c138d049e",NA,"2752180052"
32.2328,-110.900314,1,"Icteridae","Icterus cucullatus",2019,4,20,"4fa7b334-ce0d-4e88-aaae-2e0c138d049e",NA,"2751533995"
32.2328,-110.900314,3,"Mimidae","Mimus polyglottos",2019,4,20,"4fa7b334-ce0d-4e88-aaae-2e0c138d049e",NA,"2754009039"
32.2328,-110.900314,2,"Parulidae","Leiothlypis luciae",2019,4,20,"4fa7b334-ce0d-4e88-aaae-2e0c138d049e",NA,"2759966057"
32.2328,-110.900314,1,"Icteridae","Quiscalus mexicanus",2019,4,20,"4fa7b334-ce0d-4e88-aaae-2e0c138d049e",NA,"2763177906"
32.2328,-110.900314,1,"Emberizidae","Melospiza lincolnii",2019,4,20,"4fa7b334-ce0d-4e88-aaae-2e0c138d049e",NA,"2761906013"
32.2328,-110.900314,1,"Tyrannidae","Pyrocephalus rubinus",2019,4,20,"4fa7b334-ce0d-4e88-aaae-2e0c138d049e",NA,"2776697176"
32.2328,-110.900314,2,"Emberizidae","Melozone aberti",2019,4,20,"4fa7b334-ce0d-4e88-aaae-2e0c138d049e",NA,"2790888114"
32.2328,-110.900314,7,"Columbidae","Zenaida macroura",2019,4,20,"4fa7b334-ce0d-4e88-aaae-2e0c138d049e",NA,"2775824042"
32.2328,-110.900314,1,"Strigidae","Bubo virginianus",2019,5,24,"4fa7b334-ce0d-4e88-aaae-2e0c138d049e",NA,"2759119869"
32.232864,-110.9003,2,"Hirundinidae","Progne subis",2018,8,26,"4fa7b334-ce0d-4e88-aaae-2e0c138d049e",NA,"2181603184"
32.232864,-110.9003,3,"Mimidae","Mimus polyglottos",2017,2,19,"4fa7b334-ce0d-4e88-aaae-2e0c138d049e",NA,"2032529633"
32.232864,-110.9003,8,"Phalacrocoracidae","Phalacrocorax brasilianus",2017,2,19,"4fa7b334-ce0d-4e88-aaae-2e0c138d049e",NA,"2040925428"
32.232864,-110.9003,4,"Columbidae","Streptopelia decaocto",2017,2,19,"4fa7b334-ce0d-4e88-aaae-2e0c138d049e",NA,"2032529475"
32.232864,-110.9003,12,"Columbidae","Columba livia",2017,2,19,"4fa7b334-ce0d-4e88-aaae-2e0c138d049e",NA,"2045864216"
32.232864,-110.9003,7,"Emberizidae","Zonotrichia leucophrys",2017,2,19,"4fa7b334-ce0d-4e88-aaae-2e0c138d049e",NA,"2040123894"
32.232864,-110.9003,1,"Falconidae","Falco sparverius",2017,2,19,"4fa7b334-ce0d-4e88-aaae-2e0c138d049e",NA,"2032535950"
32.232864,-110.9003,15,"Passeridae","Passer domesticus",2017,2,19,"4fa7b334-ce0d-4e88-aaae-2e0c138d049e",NA,"2032529489"
32.232864,-110.9003,2,"Mimidae","Toxostoma curvirostre",2017,2,19,"4fa7b334-ce0d-4e88-aaae-2e0c138d049e",NA,"2040918023"
32.232864,-110.9003,1,"Picidae","Dryobates scalaris",2017,2,19,"4fa7b334-ce0d-4e88-aaae-2e0c138d049e",NA,"2032533248"
32.232864,-110.9003,2,"Columbidae","Zenaida asiatica",2017,2,19,"4fa7b334-ce0d-4e88-aaae-2e0c138d049e",NA,"2045864235"
32.232864,-110.9003,3,"Emberizidae","Melozone aberti",2017,2,19,"4fa7b334-ce0d-4e88-aaae-2e0c138d049e",NA,"2040916259"
32.232864,-110.9003,2,"Trochilidae","Cynanthus latirostris",2017,2,19,"4fa7b334-ce0d-4e88-aaae-2e0c138d049e",NA,"2040916948"
32.232864,-110.9003,4,"Picidae","Melanerpes uropygialis",2017,2,19,"4fa7b334-ce0d-4e88-aaae-2e0c138d049e",NA,"2032535343"
32.232864,-110.9003,2,"Sturnidae","Sturnus vulgaris",2017,2,19,"4fa7b334-ce0d-4e88-aaae-2e0c138d049e",NA,"2040121900"
32.232864,-110.9003,1,"Remizidae","Auriparus flaviceps",2017,2,19,"4fa7b334-ce0d-4e88-aaae-2e0c138d049e",NA,"2040127227"
32.232864,-110.9003,3,"Icteridae","Quiscalus mexicanus",2017,2,19,"4fa7b334-ce0d-4e88-aaae-2e0c138d049e",NA,"2045866339"
32.232864,-110.9003,1,"Regulidae","Regulus calendula",2017,2,19,"4fa7b334-ce0d-4e88-aaae-2e0c138d049e",NA,"2032527249"
32.232864,-110.9003,2,"Accipitridae","Parabuteo unicinctus",2017,2,19,"4fa7b334-ce0d-4e88-aaae-2e0c138d049e",NA,"2040922168"
32.232864,-110.9003,10,"Columbidae","Zenaida macroura",2017,2,19,"4fa7b334-ce0d-4e88-aaae-2e0c138d049e",NA,"2045860295"
32.232864,-110.9003,6,"Trochilidae","Calypte anna",2017,2,19,"4fa7b334-ce0d-4e88-aaae-2e0c138d049e",NA,"2032536027"
32.232864,-110.9003,20,"Fringillidae","Spinus psaltria",2017,2,19,"4fa7b334-ce0d-4e88-aaae-2e0c138d049e",NA,"2045863525"
32.232864,-110.9003,4,"Parulidae","Setophaga coronata",2017,2,19,"4fa7b334-ce0d-4e88-aaae-2e0c138d049e",NA,"2032526022"
32.232864,-110.9003,2,"Cardinalidae","Cardinalis cardinalis",2017,2,19,"4fa7b334-ce0d-4e88-aaae-2e0c138d049e",NA,"2045884930"
32.232864,-110.9003,1,"Accipitridae","Accipiter cooperii",2017,2,19,"4fa7b334-ce0d-4e88-aaae-2e0c138d049e",NA,"2040128246"
32.232864,-110.9003,30,"Fringillidae","Haemorhous mexicanus",2017,2,19,"4fa7b334-ce0d-4e88-aaae-2e0c138d049e",NA,"2040119266"
32.232864,-110.9003,2,"Columbidae","Streptopelia decaocto",2017,3,25,"4fa7b334-ce0d-4e88-aaae-2e0c138d049e",NA,"2039318386"
32.232864,-110.9003,2,"Columbidae","Zenaida macroura",2017,3,25,"4fa7b334-ce0d-4e88-aaae-2e0c138d049e",NA,"2039322751"
32.232864,-110.9003,2,"Columbidae","Streptopelia decaocto",2017,3,25,"4fa7b334-ce0d-4e88-aaae-2e0c138d049e",NA,"2080666846"
32.232864,-110.9003,2,"Columbidae","Zenaida macroura",2017,3,25,"4fa7b334-ce0d-4e88-aaae-2e0c138d049e",NA,"2074975669"
32.232864,-110.9003,30,"Fringillidae","Spinus psaltria",2017,4,17,"4fa7b334-ce0d-4e88-aaae-2e0c138d049e",NA,"2055319410"
32.232864,-110.9003,1,"Tyrannidae","Pyrocephalus rubinus",2017,4,17,"4fa7b334-ce0d-4e88-aaae-2e0c138d049e",NA,"2061671370"
32.232864,-110.9003,50,"Fringillidae","Haemorhous mexicanus",2017,4,17,"4fa7b334-ce0d-4e88-aaae-2e0c138d049e",NA,"2044792596"
32.232864,-110.9003,2,"Mimidae","Mimus polyglottos",2017,4,17,"4fa7b334-ce0d-4e88-aaae-2e0c138d049e",NA,"2056027383"
32.232864,-110.9003,3,"Remizidae","Auriparus flaviceps",2017,4,17,"4fa7b334-ce0d-4e88-aaae-2e0c138d049e",NA,"2061674000"
32.232864,-110.9003,10,"Columbidae","Zenaida asiatica",2017,4,17,"4fa7b334-ce0d-4e88-aaae-2e0c138d049e",NA,"2061678017"
32.232864,-110.9003,1,"Trochilidae","Calypte costae",2017,4,17,"4fa7b334-ce0d-4e88-aaae-2e0c138d049e",NA,"2061670522"
32.232864,-110.9003,1,"Icteridae","Quiscalus mexicanus",2017,4,17,"4fa7b334-ce0d-4e88-aaae-2e0c138d049e",NA,"2056027317"
32.232864,-110.9003,4,"Trochilidae","Cynanthus latirostris",2017,4,17,"4fa7b334-ce0d-4e88-aaae-2e0c138d049e",NA,"2056051822"
32.232864,-110.9003,1,"Falconidae","Falco sparverius",2017,4,17,"4fa7b334-ce0d-4e88-aaae-2e0c138d049e",NA,"2056033100"
32.232864,-110.9003,3,"Columbidae","Streptopelia decaocto",2017,4,17,"4fa7b334-ce0d-4e88-aaae-2e0c138d049e",NA,"2061668688"
32.232864,-110.9003,2,"Cardinalidae","Cardinalis cardinalis",2017,4,17,"4fa7b334-ce0d-4e88-aaae-2e0c138d049e",NA,"2055318337"
32.232864,-110.9003,4,"Mimidae","Toxostoma curvirostre",2017,4,17,"4fa7b334-ce0d-4e88-aaae-2e0c138d049e",NA,"2061681471"
32.232864,-110.9003,7,"Columbidae","Zenaida macroura",2017,4,17,"4fa7b334-ce0d-4e88-aaae-2e0c138d049e",NA,"2055317187"
32.232864,-110.9003,8,"Columbidae","Columba livia",2017,4,17,"4fa7b334-ce0d-4e88-aaae-2e0c138d049e",NA,"2044788400"
32.232864,-110.9003,10,"Passeridae","Passer domesticus",2017,4,17,"4fa7b334-ce0d-4e88-aaae-2e0c138d049e",NA,"2055319018"
32.232864,-110.9003,3,"Trochilidae","Calypte anna",2017,4,17,"4fa7b334-ce0d-4e88-aaae-2e0c138d049e",NA,"2044792660"
32.232864,-110.9003,2,"Parulidae","Leiothlypis luciae",2017,4,17,"4fa7b334-ce0d-4e88-aaae-2e0c138d049e",NA,"2055317674"
32.232864,-110.9003,2,"Trochilidae","Archilochus alexandri",2017,4,17,"4fa7b334-ce0d-4e88-aaae-2e0c138d049e",NA,"2061662999"
32.232864,-110.9003,3,"Emberizidae","Chondestes grammacus",2017,4,17,"4fa7b334-ce0d-4e88-aaae-2e0c138d049e",NA,"2044792731"
32.232864,-110.9003,3,"Emberizidae","Melozone aberti",2017,4,17,"4fa7b334-ce0d-4e88-aaae-2e0c138d049e",NA,"2055319219"
32.232864,-110.9003,10,"Bombycillidae","Bombycilla cedrorum",2017,4,17,"4fa7b334-ce0d-4e88-aaae-2e0c138d049e",NA,"2056030764"
32.232864,-110.9003,1,"Accipitridae","Accipiter cooperii",2017,4,17,"4fa7b334-ce0d-4e88-aaae-2e0c138d049e",NA,"2061670509"
32.232864,-110.9003,1,"Sturnidae","Sturnus vulgaris",2017,4,17,"4fa7b334-ce0d-4e88-aaae-2e0c138d049e",NA,"2056048019"
32.232864,-110.9003,5,"Picidae","Melanerpes uropygialis",2017,4,17,"4fa7b334-ce0d-4e88-aaae-2e0c138d049e",NA,"2056030653"
32.232864,-110.9003,3,"Picidae","Melanerpes uropygialis",2017,5,8,"4fa7b334-ce0d-4e88-aaae-2e0c138d049e",NA,"2068805920"
32.232864,-110.9003,4,"Emberizidae","Melozone aberti",2017,5,8,"4fa7b334-ce0d-4e88-aaae-2e0c138d049e",NA,"2068793709"
32.232864,-110.9003,2,"Mimidae","Toxostoma curvirostre",2017,5,8,"4fa7b334-ce0d-4e88-aaae-2e0c138d049e",NA,"2062719517"
32.232864,-110.9003,3,"Columbidae","Streptopelia decaocto",2017,5,8,"4fa7b334-ce0d-4e88-aaae-2e0c138d049e",NA,"2068810212"
32.232864,-110.9003,4,"Mimidae","Mimus polyglottos",2017,5,8,"4fa7b334-ce0d-4e88-aaae-2e0c138d049e",NA,"2068799947"
32.232864,-110.9003,3,"Trochilidae","Cynanthus latirostris",2017,5,8,"4fa7b334-ce0d-4e88-aaae-2e0c138d049e",NA,"2062714153"
32.232864,-110.9003,15,"Columbidae","Zenaida macroura",2017,5,8,"4fa7b334-ce0d-4e88-aaae-2e0c138d049e",NA,"2062730857"
32.232864,-110.9003,10,"Passeridae","Passer domesticus",2017,5,8,"4fa7b334-ce0d-4e88-aaae-2e0c138d049e",NA,"2062736603"
32.232864,-110.9003,1,"Accipitridae","Accipiter cooperii",2017,5,8,"4fa7b334-ce0d-4e88-aaae-2e0c138d049e",NA,"2050576792"
32.232864,-110.9003,1,"Cardinalidae","Cardinalis cardinalis",2017,5,8,"4fa7b334-ce0d-4e88-aaae-2e0c138d049e",NA,"2068795468"
32.232864,-110.9003,3,"Remizidae","Auriparus flaviceps",2017,5,8,"4fa7b334-ce0d-4e88-aaae-2e0c138d049e",NA,"2068807929"
32.232864,-110.9003,2,"Parulidae","Setophaga petechia",2017,5,8,"4fa7b334-ce0d-4e88-aaae-2e0c138d049e",NA,"2068790171"
32.232864,-110.9003,2,"Icteridae","Quiscalus mexicanus",2017,5,8,"4fa7b334-ce0d-4e88-aaae-2e0c138d049e",NA,"2062711567"
32.232864,-110.9003,12,"Columbidae","Zenaida asiatica",2017,5,8,"4fa7b334-ce0d-4e88-aaae-2e0c138d049e",NA,"2068788444"
32.232864,-110.9003,1,"Tyrannidae","Myiarchus cinerascens",2017,5,8,"4fa7b334-ce0d-4e88-aaae-2e0c138d049e",NA,"2063101997"
32.232864,-110.9003,30,"Fringillidae","Haemorhous mexicanus",2017,5,8,"4fa7b334-ce0d-4e88-aaae-2e0c138d049e",NA,"2063107571"
32.232864,-110.9003,2,"Parulidae","Leiothlypis luciae",2017,5,8,"4fa7b334-ce0d-4e88-aaae-2e0c138d049e",NA,"2062718923"
32.232864,-110.9003,2,"Sturnidae","Sturnus vulgaris",2017,5,8,"4fa7b334-ce0d-4e88-aaae-2e0c138d049e",NA,"2063109191"
32.232864,-110.9003,1,"Parulidae","Cardellina pusilla",2017,5,8,"4fa7b334-ce0d-4e88-aaae-2e0c138d049e",NA,"2068799760"
32.232864,-110.9003,2,"Emberizidae","Zonotrichia leucophrys",2017,5,8,"4fa7b334-ce0d-4e88-aaae-2e0c138d049e",NA,"2068792153"
32.232864,-110.9003,5,"Trochilidae","Calypte anna",2017,5,8,"4fa7b334-ce0d-4e88-aaae-2e0c138d049e",NA,"2063098176"
32.232864,-110.9003,1,"Trochilidae","Calypte costae",2017,5,8,"4fa7b334-ce0d-4e88-aaae-2e0c138d049e",NA,"2068786162"
32.232864,-110.9003,8,"Columbidae","Columba livia",2017,5,8,"4fa7b334-ce0d-4e88-aaae-2e0c138d049e",NA,"2050588387"
32.232864,-110.9003,1,"Phalacrocoracidae","Phalacrocorax brasilianus",2017,5,8,"4fa7b334-ce0d-4e88-aaae-2e0c138d049e",NA,"2062710324"
32.232864,-110.9003,20,"Fringillidae","Spinus psaltria",2017,5,8,"4fa7b334-ce0d-4e88-aaae-2e0c138d049e",NA,"2063114630"
32.232864,-110.9003,1,"Tyrannidae","Pyrocephalus rubinus",2017,5,8,"4fa7b334-ce0d-4e88-aaae-2e0c138d049e",NA,"2063108323"
32.232864,-110.9003,1,"Emberizidae","Pipilo chlorurus",2017,5,8,"4fa7b334-ce0d-4e88-aaae-2e0c138d049e",NA,"2050591572"
32.232864,-110.9003,2,"Caprimulgidae","Chordeiles acutipennis",2017,5,14,"4fa7b334-ce0d-4e88-aaae-2e0c138d049e",NA,"2071447312"
32.232864,-110.9003,7,"Phalacrocoracidae","Phalacrocorax brasilianus",2017,5,14,"4fa7b334-ce0d-4e88-aaae-2e0c138d049e",NA,"2065564765"
32.232864,-110.9003,3,"Trochilidae","Cynanthus latirostris",2017,7,19,"4fa7b334-ce0d-4e88-aaae-2e0c138d049e",NA,"2070004559"
32.232864,-110.9003,1,"Cardinalidae","Piranga rubra",2017,7,19,"4fa7b334-ce0d-4e88-aaae-2e0c138d049e",NA,"2082090939"
32.232864,-110.9003,2,"Picidae","Melanerpes uropygialis",2017,7,19,"4fa7b334-ce0d-4e88-aaae-2e0c138d049e",NA,"2081478099"
32.232864,-110.9003,2,"Trochilidae","Calypte anna",2017,7,19,"4fa7b334-ce0d-4e88-aaae-2e0c138d049e",NA,"2087535618"
32.232864,-110.9003,2,"Cardinalidae","Cardinalis cardinalis",2017,7,19,"4fa7b334-ce0d-4e88-aaae-2e0c138d049e",NA,"2082079864"
32.232864,-110.9003,1,"Remizidae","Auriparus flaviceps",2017,7,19,"4fa7b334-ce0d-4e88-aaae-2e0c138d049e",NA,"2082067784"
32.232864,-110.9003,1,"Trochilidae","Archilochus alexandri",2017,7,19,"4fa7b334-ce0d-4e88-aaae-2e0c138d049e",NA,"2087534616"
32.232864,-110.9003,3,"Icteridae","Quiscalus mexicanus",2017,7,19,"4fa7b334-ce0d-4e88-aaae-2e0c138d049e",NA,"2081479650"
32.232864,-110.9003,2,"Picidae","Melanerpes uropygialis",2017,9,3,"4fa7b334-ce0d-4e88-aaae-2e0c138d049e",NA,"2077972475"
32.232864,-110.9003,10,"Passeridae","Passer domesticus",2017,9,3,"4fa7b334-ce0d-4e88-aaae-2e0c138d049e",NA,"2096205041"
32.232864,-110.9003,2,"Cardinalidae","Cardinalis cardinalis",2017,9,3,"4fa7b334-ce0d-4e88-aaae-2e0c138d049e",NA,"2096207917"
32.232864,-110.9003,4,"Icteridae","Quiscalus mexicanus",2017,9,3,"4fa7b334-ce0d-4e88-aaae-2e0c138d049e",NA,"2090115596"
32.232864,-110.9003,20,"Fringillidae","Haemorhous mexicanus",2017,9,3,"4fa7b334-ce0d-4e88-aaae-2e0c138d049e",NA,"2090112699"
32.232864,-110.9003,1,"Falconidae","Falco sparverius",2017,9,3,"4fa7b334-ce0d-4e88-aaae-2e0c138d049e",NA,"2096206445"
32.232864,-110.9003,3,"Mimidae","Toxostoma curvirostre",2017,9,3,"4fa7b334-ce0d-4e88-aaae-2e0c138d049e",NA,"2077975389"
32.232864,-110.9003,10,"Columbidae","Zenaida macroura",2017,9,3,"4fa7b334-ce0d-4e88-aaae-2e0c138d049e",NA,"2077968047"
32.232864,-110.9003,1,"Parulidae","Setophaga petechia",2017,9,3,"4fa7b334-ce0d-4e88-aaae-2e0c138d049e",NA,"2077965049"
32.232864,-110.9003,2,"Polioptilidae","Polioptila caerulea",2017,9,3,"4fa7b334-ce0d-4e88-aaae-2e0c138d049e",NA,"2077963171"
32.232864,-110.9003,1,"Tyrannidae","Pyrocephalus rubinus",2017,9,3,"4fa7b334-ce0d-4e88-aaae-2e0c138d049e",NA,"2089573964"
32.232864,-110.9003,12,"Fringillidae","Spinus psaltria",2017,9,3,"4fa7b334-ce0d-4e88-aaae-2e0c138d049e",NA,"2077965796"
32.232864,-110.9003,2,"Mimidae","Mimus polyglottos",2017,9,3,"4fa7b334-ce0d-4e88-aaae-2e0c138d049e",NA,"2090120878"
32.232864,-110.9003,5,"Trochilidae","Calypte anna",2017,9,3,"4fa7b334-ce0d-4e88-aaae-2e0c138d049e",NA,"2077979905"
32.232864,-110.9003,1,"Troglodytidae","Campylorhynchus brunneicapillus",2017,9,3,"4fa7b334-ce0d-4e88-aaae-2e0c138d049e",NA,"2090111164"
32.232864,-110.9003,2,"Parulidae","Setophaga coronata",2017,9,3,"4fa7b334-ce0d-4e88-aaae-2e0c138d049e",NA,"2089575132"
32.232864,-110.9003,12,"Columbidae","Columba livia",2017,9,3,"4fa7b334-ce0d-4e88-aaae-2e0c138d049e",NA,"2089585422"
32.232864,-110.9003,2,"Parulidae","Geothlypis tolmiei",2017,9,3,"4fa7b334-ce0d-4e88-aaae-2e0c138d049e",NA,"2096214922"
32.232864,-110.9003,3,"Remizidae","Auriparus flaviceps",2017,9,3,"4fa7b334-ce0d-4e88-aaae-2e0c138d049e",NA,"2077979848"
32.232864,-110.9003,4,"Trochilidae","Cynanthus latirostris",2017,9,3,"4fa7b334-ce0d-4e88-aaae-2e0c138d049e",NA,"2096216903"
32.232864,-110.9003,1,"Sturnidae","Sturnus vulgaris",2017,9,3,"4fa7b334-ce0d-4e88-aaae-2e0c138d049e",NA,"2089572804"
32.232864,-110.9003,1,"Picidae","Dryobates scalaris",2017,9,3,"4fa7b334-ce0d-4e88-aaae-2e0c138d049e",NA,"2089573281"
32.232864,-110.9003,3,"Tyrannidae","Tyrannus vociferans",2017,9,3,"4fa7b334-ce0d-4e88-aaae-2e0c138d049e",NA,"2096220692"
32.232864,-110.9003,1,"Accipitridae","Accipiter cooperii",2017,9,3,"4fa7b334-ce0d-4e88-aaae-2e0c138d049e",NA,"2096215146"
32.232864,-110.9003,4,"Columbidae","Zenaida asiatica",2017,9,3,"4fa7b334-ce0d-4e88-aaae-2e0c138d049e",NA,"2077974005"
32.232864,-110.9003,3,"Emberizidae","Melozone aberti",2017,9,3,"4fa7b334-ce0d-4e88-aaae-2e0c138d049e",NA,"2090117668"
32.232864,-110.9003,2,"Trochilidae","Archilochus alexandri",2017,9,3,"4fa7b334-ce0d-4e88-aaae-2e0c138d049e",NA,"2090116426"
32.232881,-110.900323,NA,"Emberizidae","Melospiza lincolnii",2019,4,20,"50c9509d-22c7-4a22-a47d-8c48425ef4a7","iNaturalist research-grade observations","2237454480"
32.232881,-110.900323,NA,"Parulidae","Setophaga townsendi",2019,4,27,"50c9509d-22c7-4a22-a47d-8c48425ef4a7","iNaturalist research-grade observations","2238938360"
32.232875,-110.900335,NA,"Parulidae","Setophaga petechia",2017,5,8,"50c9509d-22c7-4a22-a47d-8c48425ef4a7","iNaturalist research-grade observations","1562911660"
32.232875,-110.900335,NA,"Parulidae","Cardellina pusilla",2017,5,8,"50c9509d-22c7-4a22-a47d-8c48425ef4a7","iNaturalist research-grade observations","1562911712"
32.232875,-110.900335,NA,"Trochilidae","Calypte anna",2017,9,4,"50c9509d-22c7-4a22-a47d-8c48425ef4a7","iNaturalist research-grade observations","1640095321"
