"decimalLatitude","decimalLongitude","individualCount","family","species","year","month","day","datasetKey","datasetName","gbifID"
32.254215,-110.982666,3,"Columbidae","Zenaida asiatica",2021,4,8,"4fa7b334-ce0d-4e88-aaae-2e0c138d049e",NA,"3513834560"
32.254215,-110.982666,20,"Passeridae","Passer domesticus",2021,4,8,"4fa7b334-ce0d-4e88-aaae-2e0c138d049e",NA,"3517887320"
32.254215,-110.982666,4,"Fringillidae","Spinus psaltria",2021,4,8,"4fa7b334-ce0d-4e88-aaae-2e0c138d049e",NA,"3519769842"
32.254215,-110.982666,1,"Columbidae","Streptopelia decaocto",2021,4,8,"4fa7b334-ce0d-4e88-aaae-2e0c138d049e",NA,"3526609425"
32.254215,-110.982666,7,"Columbidae","Zenaida macroura",2021,4,8,"4fa7b334-ce0d-4e88-aaae-2e0c138d049e",NA,"3524934622"
32.254215,-110.982666,15,"Fringillidae","Haemorhous mexicanus",2021,4,8,"4fa7b334-ce0d-4e88-aaae-2e0c138d049e",NA,"3515261762"
32.254215,-110.982666,1,"Picidae","Melanerpes uropygialis",2021,4,8,"4fa7b334-ce0d-4e88-aaae-2e0c138d049e",NA,"3513881314"
32.254215,-110.982666,2,"Tyrannidae","Pyrocephalus rubinus",2021,4,8,"4fa7b334-ce0d-4e88-aaae-2e0c138d049e",NA,"3514732148"
32.254215,-110.982666,1,"Trochilidae","Calypte anna",2021,4,8,"4fa7b334-ce0d-4e88-aaae-2e0c138d049e",NA,"3513329381"
32.254215,-110.982666,1,"Picidae","Dryobates scalaris",2021,4,8,"4fa7b334-ce0d-4e88-aaae-2e0c138d049e",NA,"3510518580"
32.252026,-110.98117,4,"Columbidae","Columba livia",2021,5,9,"4fa7b334-ce0d-4e88-aaae-2e0c138d049e",NA,"3634733937"
32.252026,-110.98117,3,"Columbidae","Zenaida asiatica",2021,5,9,"4fa7b334-ce0d-4e88-aaae-2e0c138d049e",NA,"3641151970"
32.252026,-110.98117,4,"Emberizidae","Chondestes grammacus",2021,5,9,"4fa7b334-ce0d-4e88-aaae-2e0c138d049e",NA,"3670813263"
32.252026,-110.98117,1,"Remizidae","Auriparus flaviceps",2021,5,9,"4fa7b334-ce0d-4e88-aaae-2e0c138d049e",NA,"3673602916"
32.252026,-110.98117,2,"Mimidae","Mimus polyglottos",2021,5,9,"4fa7b334-ce0d-4e88-aaae-2e0c138d049e",NA,"3673744590"
32.252026,-110.98117,2,"Passeridae","Passer domesticus",2021,5,9,"4fa7b334-ce0d-4e88-aaae-2e0c138d049e",NA,"3673646714"
32.252026,-110.98117,2,"Picidae","Melanerpes uropygialis",2021,5,9,"4fa7b334-ce0d-4e88-aaae-2e0c138d049e",NA,"3676019299"
32.252026,-110.98117,1,"Mimidae","Toxostoma curvirostre",2021,5,9,"4fa7b334-ce0d-4e88-aaae-2e0c138d049e",NA,"3676386926"
32.252026,-110.98117,4,"Columbidae","Columba livia",2021,5,9,"4fa7b334-ce0d-4e88-aaae-2e0c138d049e",NA,"3676071062"
32.252026,-110.98117,3,"Columbidae","Zenaida asiatica",2021,5,9,"4fa7b334-ce0d-4e88-aaae-2e0c138d049e",NA,"3675237027"
32.252026,-110.98117,4,"Emberizidae","Chondestes grammacus",2021,5,9,"4fa7b334-ce0d-4e88-aaae-2e0c138d049e",NA,"3693074783"
32.252026,-110.98117,1,"Remizidae","Auriparus flaviceps",2021,5,9,"4fa7b334-ce0d-4e88-aaae-2e0c138d049e",NA,"3692095436"
32.252026,-110.98117,2,"Mimidae","Mimus polyglottos",2021,5,9,"4fa7b334-ce0d-4e88-aaae-2e0c138d049e",NA,"3692310587"
32.252026,-110.98117,2,"Passeridae","Passer domesticus",2021,5,9,"4fa7b334-ce0d-4e88-aaae-2e0c138d049e",NA,"3685441474"
32.252026,-110.98117,2,"Picidae","Melanerpes uropygialis",2021,5,9,"4fa7b334-ce0d-4e88-aaae-2e0c138d049e",NA,"3689792245"
32.252026,-110.98117,1,"Mimidae","Toxostoma curvirostre",2021,5,9,"4fa7b334-ce0d-4e88-aaae-2e0c138d049e",NA,"3683023063"
32.250336,-110.97832,1,"Accipitridae","Accipiter cooperii",2021,8,15,"4fa7b334-ce0d-4e88-aaae-2e0c138d049e",NA,"3665419923"
32.250336,-110.97832,1,"Accipitridae","Accipiter cooperii",2021,8,15,"4fa7b334-ce0d-4e88-aaae-2e0c138d049e",NA,"3664770948"
32.250336,-110.97832,1,"Accipitridae","Accipiter cooperii",2021,8,15,"4fa7b334-ce0d-4e88-aaae-2e0c138d049e",NA,"3552297299"
32.252026,-110.98117,1,"Mimidae","Mimus polyglottos",2020,5,17,"4fa7b334-ce0d-4e88-aaae-2e0c138d049e",NA,"3153118220"
32.252026,-110.98117,2,"Columbidae","Zenaida asiatica",2020,5,17,"4fa7b334-ce0d-4e88-aaae-2e0c138d049e",NA,"3152975079"
32.252026,-110.98117,1,"Remizidae","Auriparus flaviceps",2020,5,17,"4fa7b334-ce0d-4e88-aaae-2e0c138d049e",NA,"3177504076"
32.252026,-110.98117,3,"Columbidae","Zenaida macroura",2020,5,17,"4fa7b334-ce0d-4e88-aaae-2e0c138d049e",NA,"3172516080"
32.252026,-110.98117,3,"Columbidae","Columba livia",2020,5,17,"4fa7b334-ce0d-4e88-aaae-2e0c138d049e",NA,"3151958158"
32.252026,-110.98117,3,"Passeridae","Passer domesticus",2020,5,17,"4fa7b334-ce0d-4e88-aaae-2e0c138d049e",NA,"3172640093"
32.252026,-110.98117,3,"Picidae","Melanerpes uropygialis",2020,5,17,"4fa7b334-ce0d-4e88-aaae-2e0c138d049e",NA,"3226463188"
32.252026,-110.98117,5,"Sturnidae","Sturnus vulgaris",2020,5,17,"4fa7b334-ce0d-4e88-aaae-2e0c138d049e",NA,"3288643638"
32.252026,-110.98117,1,"Fringillidae","Haemorhous mexicanus",2020,5,17,"4fa7b334-ce0d-4e88-aaae-2e0c138d049e",NA,"3228712298"
32.252026,-110.98117,1,"Mimidae","Mimus polyglottos",2020,5,17,"4fa7b334-ce0d-4e88-aaae-2e0c138d049e",NA,"3169568907"
32.252026,-110.98117,2,"Columbidae","Zenaida asiatica",2020,5,17,"4fa7b334-ce0d-4e88-aaae-2e0c138d049e",NA,"3173607768"
32.252026,-110.98117,1,"Remizidae","Auriparus flaviceps",2020,5,17,"4fa7b334-ce0d-4e88-aaae-2e0c138d049e",NA,"3267026910"
32.252026,-110.98117,3,"Columbidae","Zenaida macroura",2020,5,17,"4fa7b334-ce0d-4e88-aaae-2e0c138d049e",NA,"3236598311"
32.252026,-110.98117,3,"Columbidae","Columba livia",2020,5,17,"4fa7b334-ce0d-4e88-aaae-2e0c138d049e",NA,"3233449357"
32.252026,-110.98117,3,"Passeridae","Passer domesticus",2020,5,17,"4fa7b334-ce0d-4e88-aaae-2e0c138d049e",NA,"3229379345"
32.252026,-110.98117,3,"Picidae","Melanerpes uropygialis",2020,5,17,"4fa7b334-ce0d-4e88-aaae-2e0c138d049e",NA,"3226665415"
32.252026,-110.98117,5,"Sturnidae","Sturnus vulgaris",2020,5,17,"4fa7b334-ce0d-4e88-aaae-2e0c138d049e",NA,"3228868657"
32.252026,-110.98117,1,"Fringillidae","Haemorhous mexicanus",2020,5,17,"4fa7b334-ce0d-4e88-aaae-2e0c138d049e",NA,"3229601539"
32.255703,-110.98016,NA,"Columbidae","Streptopelia decaocto",2020,8,29,"4fa7b334-ce0d-4e88-aaae-2e0c138d049e",NA,"3243929136"
32.255703,-110.98016,NA,"Trochilidae","Calypte anna",2020,8,29,"4fa7b334-ce0d-4e88-aaae-2e0c138d049e",NA,"3270982352"
32.255703,-110.98016,NA,"Columbidae","Zenaida macroura",2020,8,29,"4fa7b334-ce0d-4e88-aaae-2e0c138d049e",NA,"3255118235"
32.255703,-110.98016,NA,"Columbidae","Zenaida asiatica",2020,8,29,"4fa7b334-ce0d-4e88-aaae-2e0c138d049e",NA,"3250710183"
32.255703,-110.98016,NA,"Fringillidae","Spinus psaltria",2020,8,29,"4fa7b334-ce0d-4e88-aaae-2e0c138d049e",NA,"3254248041"
32.255703,-110.98016,NA,"Fringillidae","Haemorhous mexicanus",2020,8,29,"4fa7b334-ce0d-4e88-aaae-2e0c138d049e",NA,"3246949227"
32.255703,-110.98016,NA,"Columbidae","Columba livia",2020,8,29,"4fa7b334-ce0d-4e88-aaae-2e0c138d049e",NA,"3244174143"
32.254658,-110.98285,1,"Columbidae","Streptopelia decaocto",2020,12,15,"4fa7b334-ce0d-4e88-aaae-2e0c138d049e",NA,"3203734921"
32.254658,-110.98285,2,"Trochilidae","Calypte anna",2020,12,15,"4fa7b334-ce0d-4e88-aaae-2e0c138d049e",NA,"3212839997"
32.254658,-110.98285,1,"Falconidae","Falco sparverius",2020,12,15,"4fa7b334-ce0d-4e88-aaae-2e0c138d049e",NA,"3200489658"
32.254658,-110.98285,10,"Parulidae","Setophaga coronata",2020,12,15,"4fa7b334-ce0d-4e88-aaae-2e0c138d049e",NA,"3208987583"
32.254658,-110.98285,6,"Passeridae","Passer domesticus",2020,12,15,"4fa7b334-ce0d-4e88-aaae-2e0c138d049e",NA,"3204905551"
32.254658,-110.98285,2,"Fringillidae","Spinus psaltria",2020,12,15,"4fa7b334-ce0d-4e88-aaae-2e0c138d049e",NA,"3197681688"
32.254658,-110.98285,7,"Remizidae","Auriparus flaviceps",2020,12,15,"4fa7b334-ce0d-4e88-aaae-2e0c138d049e",NA,"3200349771"
32.254658,-110.98285,16,"Fringillidae","Haemorhous mexicanus",2020,12,15,"4fa7b334-ce0d-4e88-aaae-2e0c138d049e",NA,"3206640937"
32.254658,-110.98285,1,"Columbidae","Zenaida macroura",2020,12,15,"4fa7b334-ce0d-4e88-aaae-2e0c138d049e",NA,"3212056786"
32.25078,-110.985146,2,"Columbidae","Zenaida asiatica",2019,1,3,"4fa7b334-ce0d-4e88-aaae-2e0c138d049e",NA,"2654406963"
32.25078,-110.985146,1,"Vireonidae","Vireo plumbeus",2019,1,3,"4fa7b334-ce0d-4e88-aaae-2e0c138d049e",NA,"2658210986"
32.25078,-110.985146,1,"Columbidae","Columba livia",2019,1,3,"4fa7b334-ce0d-4e88-aaae-2e0c138d049e",NA,"2653546019"
32.25078,-110.985146,1,"Passeridae","Passer domesticus",2019,1,3,"4fa7b334-ce0d-4e88-aaae-2e0c138d049e",NA,"2660748916"
32.25046,-110.98193,2,"Passeridae","Passer domesticus",2019,2,11,"4fa7b334-ce0d-4e88-aaae-2e0c138d049e",NA,"2665581245"
32.25046,-110.98193,27,"Columbidae","Columba livia",2019,2,11,"4fa7b334-ce0d-4e88-aaae-2e0c138d049e",NA,"2657156237"
32.25046,-110.98193,4,"Sturnidae","Sturnus vulgaris",2019,2,11,"4fa7b334-ce0d-4e88-aaae-2e0c138d049e",NA,"2662928130"
32.252026,-110.98117,1,"Mimidae","Mimus polyglottos",2019,5,14,"4fa7b334-ce0d-4e88-aaae-2e0c138d049e",NA,"2785980799"
32.252026,-110.98117,1,"Tyrannidae","Pyrocephalus rubinus",2019,5,14,"4fa7b334-ce0d-4e88-aaae-2e0c138d049e",NA,"2764506900"
32.252026,-110.98117,4,"Fringillidae","Haemorhous mexicanus",2019,5,14,"4fa7b334-ce0d-4e88-aaae-2e0c138d049e",NA,"2785918924"
32.252026,-110.98117,2,"Columbidae","Zenaida asiatica",2019,5,14,"4fa7b334-ce0d-4e88-aaae-2e0c138d049e",NA,"2771665954"
32.252026,-110.98117,3,"Columbidae","Streptopelia decaocto",2019,5,14,"4fa7b334-ce0d-4e88-aaae-2e0c138d049e",NA,"2770424025"
32.252026,-110.98117,2,"Columbidae","Columba livia",2019,5,14,"4fa7b334-ce0d-4e88-aaae-2e0c138d049e",NA,"2783651132"
32.252026,-110.98117,1,"Icteridae","Quiscalus mexicanus",2019,5,14,"4fa7b334-ce0d-4e88-aaae-2e0c138d049e",NA,"2795781132"
32.252026,-110.98117,1,"Picidae","Melanerpes uropygialis",2019,5,14,"4fa7b334-ce0d-4e88-aaae-2e0c138d049e",NA,"2782736020"
32.252026,-110.98117,3,"Sturnidae","Sturnus vulgaris",2019,5,14,"4fa7b334-ce0d-4e88-aaae-2e0c138d049e",NA,"2774207907"
32.252026,-110.98117,3,"Passeridae","Passer domesticus",2019,5,14,"4fa7b334-ce0d-4e88-aaae-2e0c138d049e",NA,"2775666045"
32.252026,-110.98117,1,"Mimidae","Mimus polyglottos",2019,5,14,"4fa7b334-ce0d-4e88-aaae-2e0c138d049e",NA,"2686770061"
32.252026,-110.98117,1,"Tyrannidae","Pyrocephalus rubinus",2019,5,14,"4fa7b334-ce0d-4e88-aaae-2e0c138d049e",NA,"2689757264"
32.252026,-110.98117,4,"Fringillidae","Haemorhous mexicanus",2019,5,14,"4fa7b334-ce0d-4e88-aaae-2e0c138d049e",NA,"2676840337"
32.252026,-110.98117,2,"Columbidae","Zenaida asiatica",2019,5,14,"4fa7b334-ce0d-4e88-aaae-2e0c138d049e",NA,"2675699318"
32.252026,-110.98117,3,"Columbidae","Streptopelia decaocto",2019,5,14,"4fa7b334-ce0d-4e88-aaae-2e0c138d049e",NA,"2693621473"
32.252026,-110.98117,2,"Columbidae","Columba livia",2019,5,14,"4fa7b334-ce0d-4e88-aaae-2e0c138d049e",NA,"2691323418"
32.252026,-110.98117,1,"Icteridae","Quiscalus mexicanus",2019,5,14,"4fa7b334-ce0d-4e88-aaae-2e0c138d049e",NA,"2686283434"
32.252026,-110.98117,1,"Picidae","Melanerpes uropygialis",2019,5,14,"4fa7b334-ce0d-4e88-aaae-2e0c138d049e",NA,"2676909326"
32.252026,-110.98117,3,"Sturnidae","Sturnus vulgaris",2019,5,14,"4fa7b334-ce0d-4e88-aaae-2e0c138d049e",NA,"2679125265"
32.252026,-110.98117,3,"Passeridae","Passer domesticus",2019,5,14,"4fa7b334-ce0d-4e88-aaae-2e0c138d049e",NA,"2676064048"
32.260975,-110.979324,1,"Accipitridae","Parabuteo unicinctus",2018,11,15,"4fa7b334-ce0d-4e88-aaae-2e0c138d049e",NA,"2204314648"
32.251943,-110.982373,NA,"Accipitridae","Buteo jamaicensis",2021,1,28,"50c9509d-22c7-4a22-a47d-8c48425ef4a7","iNaturalist research-grade observations","3039253876"
32.250376,-110.979019,NA,"Fringillidae","Haemorhous mexicanus",2017,11,20,"50c9509d-22c7-4a22-a47d-8c48425ef4a7","iNaturalist research-grade observations","1802746313"
