"decimalLatitude","decimalLongitude","individualCount","family","species","year","month","day","datasetKey","datasetName","gbifID","lifeStage"
32.235455,-110.78615,1,"Accipitridae","Parabuteo unicinctus",2021,2,6,"4fa7b334-ce0d-4e88-aaae-2e0c138d049e",NA,"3542752439",NA
32.238903,-110.79356,9,"Passeridae","Passer domesticus",2021,2,12,"4fa7b334-ce0d-4e88-aaae-2e0c138d049e",NA,"3545442460",NA
32.238903,-110.79356,6,"Columbidae","Streptopelia decaocto",2021,2,12,"4fa7b334-ce0d-4e88-aaae-2e0c138d049e",NA,"3536261691",NA
32.238903,-110.79356,1,"Emberizidae","Melospiza melodia",2021,2,12,"4fa7b334-ce0d-4e88-aaae-2e0c138d049e",NA,"3516845932",NA
32.238903,-110.79356,1,"Mimidae","Toxostoma curvirostre",2021,2,12,"4fa7b334-ce0d-4e88-aaae-2e0c138d049e",NA,"3513105491",NA
32.238903,-110.79356,1,"Tyrannidae","Myiarchus cinerascens",2021,2,12,"4fa7b334-ce0d-4e88-aaae-2e0c138d049e",NA,"3514204260",NA
32.238903,-110.79356,1,"Cardinalidae","Cardinalis sinuatus",2021,2,12,"4fa7b334-ce0d-4e88-aaae-2e0c138d049e",NA,"3510472094",NA
32.238903,-110.79356,3,"Cardinalidae","Cardinalis cardinalis",2021,2,12,"4fa7b334-ce0d-4e88-aaae-2e0c138d049e",NA,"3550197864",NA
32.238903,-110.79356,3,"Parulidae","Setophaga coronata",2021,2,12,"4fa7b334-ce0d-4e88-aaae-2e0c138d049e",NA,"3546634644",NA
32.238903,-110.79356,7,"Odontophoridae","Callipepla gambelii",2021,2,12,"4fa7b334-ce0d-4e88-aaae-2e0c138d049e",NA,"3668068061",NA
32.238903,-110.79356,1,"Trochilidae","Calypte anna",2021,2,12,"4fa7b334-ce0d-4e88-aaae-2e0c138d049e",NA,"3689940777",NA
32.238903,-110.79356,3,"Corvidae","Corvus corax",2021,2,12,"4fa7b334-ce0d-4e88-aaae-2e0c138d049e",NA,"3682290535",NA
32.238903,-110.79356,4,"Remizidae","Auriparus flaviceps",2021,2,12,"4fa7b334-ce0d-4e88-aaae-2e0c138d049e",NA,"3687157767",NA
32.238903,-110.79356,2,"Picidae","Melanerpes uropygialis",2021,2,12,"4fa7b334-ce0d-4e88-aaae-2e0c138d049e",NA,"3611571769",NA
32.238903,-110.79356,1,"Ptilogonatidae","Phainopepla nitens",2021,2,12,"4fa7b334-ce0d-4e88-aaae-2e0c138d049e",NA,"3671942312",NA
32.238903,-110.79356,18,"Columbidae","Zenaida macroura",2021,2,12,"4fa7b334-ce0d-4e88-aaae-2e0c138d049e",NA,"3670240309",NA
32.238903,-110.79356,2,"Emberizidae","Melozone aberti",2021,2,12,"4fa7b334-ce0d-4e88-aaae-2e0c138d049e",NA,"3669219611",NA
32.238903,-110.79356,1,"Troglodytidae","Thryomanes bewickii",2021,2,12,"4fa7b334-ce0d-4e88-aaae-2e0c138d049e",NA,"3666942285",NA
32.238903,-110.79356,4,"Fringillidae","Haemorhous mexicanus",2021,2,12,"4fa7b334-ce0d-4e88-aaae-2e0c138d049e",NA,"3604470541",NA
32.238903,-110.79356,2,"Troglodytidae","Campylorhynchus brunneicapillus",2021,2,12,"4fa7b334-ce0d-4e88-aaae-2e0c138d049e",NA,"3598819263",NA
32.238903,-110.79356,1,"Accipitridae","Accipiter cooperii",2021,2,12,"4fa7b334-ce0d-4e88-aaae-2e0c138d049e",NA,"3618393690",NA
32.238903,-110.79356,1,"Sturnidae","Sturnus vulgaris",2021,2,12,"4fa7b334-ce0d-4e88-aaae-2e0c138d049e",NA,"3601458698",NA
32.238903,-110.79356,6,"Emberizidae","Zonotrichia leucophrys",2021,2,12,"4fa7b334-ce0d-4e88-aaae-2e0c138d049e",NA,"3600398003",NA
32.238903,-110.79356,2,"Trochilidae","Cynanthus latirostris",2021,2,12,"4fa7b334-ce0d-4e88-aaae-2e0c138d049e",NA,"3612335889",NA
32.238903,-110.79356,1,"Cuculidae","Geococcyx californianus",2021,2,12,"4fa7b334-ce0d-4e88-aaae-2e0c138d049e",NA,"3609683240",NA
32.238903,-110.79356,2,"Mimidae","Mimus polyglottos",2021,2,12,"4fa7b334-ce0d-4e88-aaae-2e0c138d049e",NA,"3615315072",NA
32.238903,-110.79356,4,"Trochilidae","Calypte anna",2021,2,13,"4fa7b334-ce0d-4e88-aaae-2e0c138d049e",NA,"3518618136",NA
32.238903,-110.79356,2,"Polioptilidae","Polioptila caerulea",2021,2,13,"4fa7b334-ce0d-4e88-aaae-2e0c138d049e",NA,"3522393657",NA
32.238903,-110.79356,5,"Picidae","Melanerpes uropygialis",2021,2,13,"4fa7b334-ce0d-4e88-aaae-2e0c138d049e",NA,"3529526829",NA
32.238903,-110.79356,1,"Troglodytidae","Thryomanes bewickii",2021,2,13,"4fa7b334-ce0d-4e88-aaae-2e0c138d049e",NA,"3507572458",NA
32.238903,-110.79356,1,"Tyrannidae","Pyrocephalus rubinus",2021,2,13,"4fa7b334-ce0d-4e88-aaae-2e0c138d049e",NA,"3506919461",NA
32.238903,-110.79356,15,"Emberizidae","Zonotrichia leucophrys",2021,2,13,"4fa7b334-ce0d-4e88-aaae-2e0c138d049e",NA,"3506753829",NA
32.238903,-110.79356,2,"Cardinalidae","Cardinalis cardinalis",2021,2,13,"4fa7b334-ce0d-4e88-aaae-2e0c138d049e",NA,"3507176881",NA
32.238903,-110.79356,3,"Trochilidae","Cynanthus latirostris",2021,2,13,"4fa7b334-ce0d-4e88-aaae-2e0c138d049e",NA,"3507682130",NA
32.238903,-110.79356,2,"Parulidae","Setophaga coronata",2021,2,13,"4fa7b334-ce0d-4e88-aaae-2e0c138d049e",NA,"3510857836",NA
32.238903,-110.79356,23,"Columbidae","Zenaida macroura",2021,2,13,"4fa7b334-ce0d-4e88-aaae-2e0c138d049e",NA,"3511337780",NA
32.238903,-110.79356,6,"Fringillidae","Spinus psaltria",2021,2,13,"4fa7b334-ce0d-4e88-aaae-2e0c138d049e",NA,"3512129181",NA
32.238903,-110.79356,1,"Corvidae","Corvus corax",2021,2,13,"4fa7b334-ce0d-4e88-aaae-2e0c138d049e",NA,"3516832057",NA
32.238903,-110.79356,2,"Sturnidae","Sturnus vulgaris",2021,2,13,"4fa7b334-ce0d-4e88-aaae-2e0c138d049e",NA,"3523769495",NA
32.238903,-110.79356,1,"Cardinalidae","Cardinalis sinuatus",2021,2,13,"4fa7b334-ce0d-4e88-aaae-2e0c138d049e",NA,"3506825872",NA
32.238903,-110.79356,8,"Fringillidae","Haemorhous mexicanus",2021,2,13,"4fa7b334-ce0d-4e88-aaae-2e0c138d049e",NA,"3507927267",NA
32.238903,-110.79356,14,"Odontophoridae","Callipepla gambelii",2021,2,13,"4fa7b334-ce0d-4e88-aaae-2e0c138d049e",NA,"3506525113",NA
32.238903,-110.79356,1,"Tyrannidae","Myiarchus cinerascens",2021,2,13,"4fa7b334-ce0d-4e88-aaae-2e0c138d049e",NA,"3507259698",NA
32.238903,-110.79356,9,"Columbidae","Streptopelia decaocto",2021,2,13,"4fa7b334-ce0d-4e88-aaae-2e0c138d049e",NA,"3507586613",NA
32.238903,-110.79356,1,"Emberizidae","Melospiza melodia",2021,2,13,"4fa7b334-ce0d-4e88-aaae-2e0c138d049e",NA,"3508950034",NA
32.238903,-110.79356,2,"Troglodytidae","Campylorhynchus brunneicapillus",2021,2,13,"4fa7b334-ce0d-4e88-aaae-2e0c138d049e",NA,"3509668564",NA
32.238903,-110.79356,4,"Accipitridae","Parabuteo unicinctus",2021,2,13,"4fa7b334-ce0d-4e88-aaae-2e0c138d049e",NA,"3512035593",NA
32.238903,-110.79356,1,"Mimidae","Toxostoma curvirostre",2021,2,13,"4fa7b334-ce0d-4e88-aaae-2e0c138d049e",NA,"3514777965",NA
32.238903,-110.79356,9,"Passeridae","Passer domesticus",2021,2,13,"4fa7b334-ce0d-4e88-aaae-2e0c138d049e",NA,"3521358052",NA
32.238903,-110.79356,1,"Accipitridae","Accipiter cooperii",2021,2,13,"4fa7b334-ce0d-4e88-aaae-2e0c138d049e",NA,"3508946287",NA
32.238903,-110.79356,1,"Cuculidae","Geococcyx californianus",2021,2,13,"4fa7b334-ce0d-4e88-aaae-2e0c138d049e",NA,"3516087177",NA
32.238903,-110.79356,2,"Emberizidae","Melozone aberti",2021,2,13,"4fa7b334-ce0d-4e88-aaae-2e0c138d049e",NA,"3515904055",NA
32.238903,-110.79356,2,"Columbidae","Columba livia",2021,2,13,"4fa7b334-ce0d-4e88-aaae-2e0c138d049e",NA,"3520371502",NA
32.238903,-110.79356,2,"Falconidae","Falco sparverius",2021,2,13,"4fa7b334-ce0d-4e88-aaae-2e0c138d049e",NA,"3526389682",NA
32.238903,-110.79356,2,"Mimidae","Mimus polyglottos",2021,2,13,"4fa7b334-ce0d-4e88-aaae-2e0c138d049e",NA,"3602257497",NA
32.238903,-110.79356,2,"Ptilogonatidae","Phainopepla nitens",2021,2,13,"4fa7b334-ce0d-4e88-aaae-2e0c138d049e",NA,"3508950051",NA
32.235497,-110.78977,2,"Accipitridae","Parabuteo unicinctus",2021,2,20,"4fa7b334-ce0d-4e88-aaae-2e0c138d049e",NA,"3511886292",NA
32.235455,-110.78615,12,"Fringillidae","Spinus psaltria",2021,3,30,"4fa7b334-ce0d-4e88-aaae-2e0c138d049e",NA,"3513057342",NA
32.235455,-110.78615,1,"Trochilidae","Calypte anna",2021,3,30,"4fa7b334-ce0d-4e88-aaae-2e0c138d049e",NA,"3512429448",NA
32.235455,-110.78615,23,"Fringillidae","Haemorhous mexicanus",2021,3,30,"4fa7b334-ce0d-4e88-aaae-2e0c138d049e",NA,"3516049528",NA
32.235455,-110.78615,5,"Passeridae","Passer domesticus",2021,3,30,"4fa7b334-ce0d-4e88-aaae-2e0c138d049e",NA,"3517888438",NA
32.235455,-110.78615,8,"Columbidae","Zenaida macroura",2021,3,30,"4fa7b334-ce0d-4e88-aaae-2e0c138d049e",NA,"3605651370",NA
32.235455,-110.78615,12,"Threskiornithidae","Plegadis chihi",2021,5,21,"4fa7b334-ce0d-4e88-aaae-2e0c138d049e",NA,"3619713978",NA
32.235455,-110.78615,1,"Parulidae","Leiothlypis luciae",2021,5,17,"4fa7b334-ce0d-4e88-aaae-2e0c138d049e",NA,"3521359179",NA
32.235455,-110.78615,10,"Columbidae","Zenaida macroura",2021,5,17,"4fa7b334-ce0d-4e88-aaae-2e0c138d049e",NA,"3523482199",NA
32.235455,-110.78615,1,"Trochilidae","Calypte costae",2021,5,17,"4fa7b334-ce0d-4e88-aaae-2e0c138d049e",NA,"3526005527",NA
32.235455,-110.78615,2,"Cathartidae","Cathartes aura",2021,5,17,"4fa7b334-ce0d-4e88-aaae-2e0c138d049e",NA,"3526403651",NA
32.235455,-110.78615,3,"Fringillidae","Spinus psaltria",2021,5,17,"4fa7b334-ce0d-4e88-aaae-2e0c138d049e",NA,"3532937980",NA
32.235455,-110.78615,1,"Picidae","Melanerpes uropygialis",2021,6,13,"4fa7b334-ce0d-4e88-aaae-2e0c138d049e",NA,"3679367253",NA
32.235455,-110.78615,1,"Caprimulgidae","Chordeiles acutipennis",2021,6,13,"4fa7b334-ce0d-4e88-aaae-2e0c138d049e",NA,"3681423874",NA
32.235455,-110.78615,4,"Fringillidae","Spinus psaltria",2021,6,13,"4fa7b334-ce0d-4e88-aaae-2e0c138d049e",NA,"3682724291",NA
32.235455,-110.78615,5,"Columbidae","Zenaida macroura",2021,6,13,"4fa7b334-ce0d-4e88-aaae-2e0c138d049e",NA,"3688278686",NA
32.235455,-110.78615,2,"Columbidae","Zenaida asiatica",2021,6,13,"4fa7b334-ce0d-4e88-aaae-2e0c138d049e",NA,"3680672928",NA
32.235455,-110.78615,1,"Parulidae","Leiothlypis luciae",2021,6,13,"4fa7b334-ce0d-4e88-aaae-2e0c138d049e",NA,"3677467421",NA
32.235455,-110.78615,2,"Strigidae","Bubo virginianus",2021,6,14,"4fa7b334-ce0d-4e88-aaae-2e0c138d049e",NA,"3638362949",NA
32.235455,-110.78615,2,"Caprimulgidae","Chordeiles acutipennis",2021,6,18,"4fa7b334-ce0d-4e88-aaae-2e0c138d049e",NA,"3522569780",NA
32.235455,-110.78615,1,"Strigidae","Bubo virginianus",2021,6,26,"4fa7b334-ce0d-4e88-aaae-2e0c138d049e",NA,"3524881930",NA
32.235455,-110.78615,4,"Columbidae","Zenaida macroura",2021,7,9,"4fa7b334-ce0d-4e88-aaae-2e0c138d049e",NA,"3533661123",NA
32.235455,-110.78615,5,"Fringillidae","Spinus psaltria",2021,7,9,"4fa7b334-ce0d-4e88-aaae-2e0c138d049e",NA,"3535029386",NA
32.235455,-110.78615,1,"Columbidae","Zenaida asiatica",2021,7,9,"4fa7b334-ce0d-4e88-aaae-2e0c138d049e",NA,"3530685306",NA
32.235455,-110.78615,2,"Fringillidae","Haemorhous mexicanus",2021,7,9,"4fa7b334-ce0d-4e88-aaae-2e0c138d049e",NA,"3534002161",NA
32.235455,-110.78615,3,"Columbidae","Zenaida macroura",2021,7,20,"4fa7b334-ce0d-4e88-aaae-2e0c138d049e",NA,"3653361074",NA
32.235455,-110.78615,1,"Accipitridae","Buteo jamaicensis",2021,7,20,"4fa7b334-ce0d-4e88-aaae-2e0c138d049e",NA,"3663749809",NA
32.235455,-110.78615,5,"Fringillidae","Spinus psaltria",2021,7,20,"4fa7b334-ce0d-4e88-aaae-2e0c138d049e",NA,"3662276498",NA
32.235455,-110.78615,1,"Trochilidae","Calypte anna",2021,7,20,"4fa7b334-ce0d-4e88-aaae-2e0c138d049e",NA,"3662019815",NA
32.235455,-110.78615,3,"Columbidae","Zenaida asiatica",2021,7,20,"4fa7b334-ce0d-4e88-aaae-2e0c138d049e",NA,"3645466455",NA
32.235455,-110.78615,2,"Trochilidae","Archilochus alexandri",2021,7,19,"4fa7b334-ce0d-4e88-aaae-2e0c138d049e",NA,"3662409885",NA
32.235455,-110.78615,2,"Columbidae","Zenaida asiatica",2021,7,19,"4fa7b334-ce0d-4e88-aaae-2e0c138d049e",NA,"3670004804",NA
32.235455,-110.78615,2,"Emberizidae","Melozone aberti",2021,7,19,"4fa7b334-ce0d-4e88-aaae-2e0c138d049e",NA,"3658298153",NA
32.235455,-110.78615,6,"Fringillidae","Haemorhous mexicanus",2021,7,19,"4fa7b334-ce0d-4e88-aaae-2e0c138d049e",NA,"3668763823",NA
32.235455,-110.78615,9,"Fringillidae","Spinus psaltria",2021,7,19,"4fa7b334-ce0d-4e88-aaae-2e0c138d049e",NA,"3656225721",NA
32.235455,-110.78615,5,"Columbidae","Zenaida macroura",2021,7,19,"4fa7b334-ce0d-4e88-aaae-2e0c138d049e",NA,"3657174263",NA
32.235455,-110.78615,1,"Trochilidae","Calypte anna",2021,7,24,"4fa7b334-ce0d-4e88-aaae-2e0c138d049e",NA,"3645026055",NA
32.235455,-110.78615,5,"Fringillidae","Spinus psaltria",2021,7,24,"4fa7b334-ce0d-4e88-aaae-2e0c138d049e",NA,"3650947956",NA
32.235455,-110.78615,3,"Fringillidae","Haemorhous mexicanus",2021,7,24,"4fa7b334-ce0d-4e88-aaae-2e0c138d049e",NA,"3644136680",NA
32.235455,-110.78615,1,"Passeridae","Passer domesticus",2021,7,24,"4fa7b334-ce0d-4e88-aaae-2e0c138d049e",NA,"3633120767",NA
32.235455,-110.78615,1,"Columbidae","Zenaida macroura",2021,7,24,"4fa7b334-ce0d-4e88-aaae-2e0c138d049e",NA,"3640698384",NA
32.235455,-110.78615,5,"Columbidae","Zenaida asiatica",2021,7,24,"4fa7b334-ce0d-4e88-aaae-2e0c138d049e",NA,"3650751311",NA
32.235455,-110.78615,1,"Trochilidae","Archilochus alexandri",2021,7,24,"4fa7b334-ce0d-4e88-aaae-2e0c138d049e",NA,"3642553970",NA
32.235455,-110.78615,1,"Odontophoridae","Callipepla gambelii",2021,7,28,"4fa7b334-ce0d-4e88-aaae-2e0c138d049e",NA,"3686250199",NA
32.235455,-110.78615,3,"Fringillidae","Spinus psaltria",2021,7,28,"4fa7b334-ce0d-4e88-aaae-2e0c138d049e",NA,"3685008992",NA
32.235455,-110.78615,4,"Columbidae","Zenaida macroura",2021,7,28,"4fa7b334-ce0d-4e88-aaae-2e0c138d049e",NA,"3684126245",NA
32.235455,-110.78615,2,"Columbidae","Zenaida asiatica",2021,7,28,"4fa7b334-ce0d-4e88-aaae-2e0c138d049e",NA,"3687955189",NA
32.235455,-110.78615,2,"Fringillidae","Haemorhous mexicanus",2021,7,28,"4fa7b334-ce0d-4e88-aaae-2e0c138d049e",NA,"3692334352",NA
32.235455,-110.78615,1,"Strigidae","Bubo virginianus",2021,7,30,"4fa7b334-ce0d-4e88-aaae-2e0c138d049e",NA,"3662929601",NA
32.235455,-110.78615,3,"Columbidae","Zenaida macroura",2021,7,30,"4fa7b334-ce0d-4e88-aaae-2e0c138d049e",NA,"3663838359",NA
32.235455,-110.78615,6,"Fringillidae","Haemorhous mexicanus",2021,7,30,"4fa7b334-ce0d-4e88-aaae-2e0c138d049e",NA,"3662262695",NA
32.235455,-110.78615,1,"Icteridae","Icterus cucullatus",2021,8,10,"4fa7b334-ce0d-4e88-aaae-2e0c138d049e",NA,"3650893323",NA
32.235455,-110.78615,11,"Columbidae","Zenaida macroura",2021,8,10,"4fa7b334-ce0d-4e88-aaae-2e0c138d049e",NA,"3629021644",NA
32.235455,-110.78615,5,"Fringillidae","Spinus psaltria",2021,8,10,"4fa7b334-ce0d-4e88-aaae-2e0c138d049e",NA,"3629609479",NA
32.235455,-110.78615,2,"Columbidae","Zenaida asiatica",2021,8,10,"4fa7b334-ce0d-4e88-aaae-2e0c138d049e",NA,"3636284213",NA
32.235455,-110.78615,2,"Strigidae","Bubo virginianus",2021,8,14,"4fa7b334-ce0d-4e88-aaae-2e0c138d049e",NA,"3577932402",NA
32.23559,-110.79737,1,"Accipitridae","Parabuteo unicinctus",2021,8,14,"4fa7b334-ce0d-4e88-aaae-2e0c138d049e",NA,"3679585574",NA
32.235455,-110.78615,2,"Columbidae","Zenaida asiatica",2021,8,16,"4fa7b334-ce0d-4e88-aaae-2e0c138d049e",NA,"3572004641",NA
32.235455,-110.78615,5,"Columbidae","Zenaida macroura",2021,8,16,"4fa7b334-ce0d-4e88-aaae-2e0c138d049e",NA,"3627492309",NA
32.235455,-110.78615,1,"Icteridae","Icterus cucullatus",2021,8,16,"4fa7b334-ce0d-4e88-aaae-2e0c138d049e",NA,"3666849982",NA
32.235455,-110.78615,3,"Fringillidae","Spinus psaltria",2021,8,16,"4fa7b334-ce0d-4e88-aaae-2e0c138d049e",NA,"3624658516",NA
32.235455,-110.78615,5,"Fringillidae","Haemorhous mexicanus",2021,8,16,"4fa7b334-ce0d-4e88-aaae-2e0c138d049e",NA,"3626240657",NA
32.235455,-110.78615,1,"Accipitridae","Buteo jamaicensis",2021,8,23,"4fa7b334-ce0d-4e88-aaae-2e0c138d049e",NA,"3532837573",NA
32.235455,-110.78615,11,"Fringillidae","Spinus psaltria",2021,8,23,"4fa7b334-ce0d-4e88-aaae-2e0c138d049e",NA,"3537336836",NA
32.235455,-110.78615,5,"Columbidae","Zenaida asiatica",2021,8,23,"4fa7b334-ce0d-4e88-aaae-2e0c138d049e",NA,"3539303571",NA
32.235455,-110.78615,2,"Fringillidae","Haemorhous mexicanus",2021,8,23,"4fa7b334-ce0d-4e88-aaae-2e0c138d049e",NA,"3543576876",NA
32.235455,-110.78615,2,"Corvidae","Corvus corax",2021,8,23,"4fa7b334-ce0d-4e88-aaae-2e0c138d049e",NA,"3547328106",NA
32.235455,-110.78615,3,"Columbidae","Zenaida macroura",2021,8,23,"4fa7b334-ce0d-4e88-aaae-2e0c138d049e",NA,"3554636914",NA
32.235455,-110.78615,1,"Strigidae","Bubo virginianus",2021,8,26,"4fa7b334-ce0d-4e88-aaae-2e0c138d049e",NA,"3539103709",NA
32.235455,-110.78615,1,"Trochilidae","Calypte anna",2021,8,29,"4fa7b334-ce0d-4e88-aaae-2e0c138d049e",NA,"3680579907",NA
32.235455,-110.78615,1,"Columbidae","Zenaida asiatica",2021,8,29,"4fa7b334-ce0d-4e88-aaae-2e0c138d049e",NA,"3683390453",NA
32.235455,-110.78615,1,"Cathartidae","Cathartes aura",2021,8,29,"4fa7b334-ce0d-4e88-aaae-2e0c138d049e",NA,"3683438374",NA
32.235455,-110.78615,5,"Columbidae","Zenaida macroura",2021,8,29,"4fa7b334-ce0d-4e88-aaae-2e0c138d049e",NA,"3677837372",NA
32.235455,-110.78615,6,"Fringillidae","Spinus psaltria",2021,8,30,"4fa7b334-ce0d-4e88-aaae-2e0c138d049e",NA,"3679529604",NA
32.235455,-110.78615,1,"Accipitridae","Buteo albonotatus",2021,8,30,"4fa7b334-ce0d-4e88-aaae-2e0c138d049e",NA,"3679816755",NA
32.235455,-110.78615,3,"Columbidae","Zenaida macroura",2021,8,30,"4fa7b334-ce0d-4e88-aaae-2e0c138d049e",NA,"3682502150",NA
32.235455,-110.78615,1,"Trochilidae","Calypte anna",2021,8,30,"4fa7b334-ce0d-4e88-aaae-2e0c138d049e",NA,"3686857876",NA
32.235455,-110.78615,1,"Columbidae","Streptopelia decaocto",2021,8,30,"4fa7b334-ce0d-4e88-aaae-2e0c138d049e",NA,"3680532658",NA
32.235455,-110.78615,1,"Strigidae","Bubo virginianus",2021,9,3,"4fa7b334-ce0d-4e88-aaae-2e0c138d049e",NA,"3582918847",NA
32.235455,-110.78615,1,"Fringillidae","Spinus psaltria",2021,9,4,"4fa7b334-ce0d-4e88-aaae-2e0c138d049e",NA,"3666878118",NA
32.235455,-110.78615,2,"Accipitridae","Buteo jamaicensis",2021,9,4,"4fa7b334-ce0d-4e88-aaae-2e0c138d049e",NA,"3663658164",NA
32.235455,-110.78615,2,"Columbidae","Zenaida macroura",2021,9,4,"4fa7b334-ce0d-4e88-aaae-2e0c138d049e",NA,"3667494322",NA
32.235455,-110.78615,3,"Columbidae","Zenaida asiatica",2021,9,4,"4fa7b334-ce0d-4e88-aaae-2e0c138d049e",NA,"3666205061",NA
32.235455,-110.78615,5,"Columbidae","Zenaida macroura",2021,9,5,"4fa7b334-ce0d-4e88-aaae-2e0c138d049e",NA,"3577810743",NA
32.235455,-110.78615,1,"Fringillidae","Spinus psaltria",2021,9,5,"4fa7b334-ce0d-4e88-aaae-2e0c138d049e",NA,"3578508846",NA
32.235455,-110.78615,2,"Trochilidae","Calypte anna",2021,9,5,"4fa7b334-ce0d-4e88-aaae-2e0c138d049e",NA,"3537866082",NA
32.235455,-110.78615,1,"Fringillidae","Spinus psaltria",2021,9,6,"4fa7b334-ce0d-4e88-aaae-2e0c138d049e",NA,"3537557435",NA
32.235455,-110.78615,5,"Columbidae","Zenaida macroura",2021,9,6,"4fa7b334-ce0d-4e88-aaae-2e0c138d049e",NA,"3538680104",NA
32.235455,-110.78615,2,"Trochilidae","Calypte anna",2021,9,6,"4fa7b334-ce0d-4e88-aaae-2e0c138d049e",NA,"3538440773",NA
32.235455,-110.78615,1,"Strigidae","Bubo virginianus",2021,9,7,"4fa7b334-ce0d-4e88-aaae-2e0c138d049e",NA,"3568603534",NA
32.235455,-110.78615,2,"Columbidae","Zenaida macroura",2021,10,7,"4fa7b334-ce0d-4e88-aaae-2e0c138d049e",NA,"3555755417",NA
32.235455,-110.78615,2,"Remizidae","Auriparus flaviceps",2021,10,7,"4fa7b334-ce0d-4e88-aaae-2e0c138d049e",NA,"3554207361",NA
32.235455,-110.78615,2,"Cathartidae","Cathartes aura",2021,10,7,"4fa7b334-ce0d-4e88-aaae-2e0c138d049e",NA,"3553973266",NA
32.235455,-110.78615,10,"Columbidae","Zenaida macroura",2021,10,9,"4fa7b334-ce0d-4e88-aaae-2e0c138d049e",NA,"3542052823",NA
32.235455,-110.78615,1,"Accipitridae","Accipiter cooperii",2021,10,9,"4fa7b334-ce0d-4e88-aaae-2e0c138d049e",NA,"3544722558",NA
32.235455,-110.78615,2,"Picidae","Melanerpes uropygialis",2021,10,13,"4fa7b334-ce0d-4e88-aaae-2e0c138d049e",NA,"3577694501",NA
32.235455,-110.78615,9,"Columbidae","Zenaida macroura",2021,10,13,"4fa7b334-ce0d-4e88-aaae-2e0c138d049e",NA,"3584512457",NA
32.235455,-110.78615,3,"Fringillidae","Spinus psaltria",2021,10,13,"4fa7b334-ce0d-4e88-aaae-2e0c138d049e",NA,"3582405494",NA
32.235455,-110.78615,1,"Columbidae","Zenaida asiatica",2021,10,13,"4fa7b334-ce0d-4e88-aaae-2e0c138d049e",NA,"3582589391",NA
32.235455,-110.78615,10,"Columbidae","Zenaida macroura",2021,10,20,"4fa7b334-ce0d-4e88-aaae-2e0c138d049e",NA,"3619530810",NA
32.235455,-110.78615,1,"Columbidae","Columba livia",2021,10,20,"4fa7b334-ce0d-4e88-aaae-2e0c138d049e",NA,"3623679941",NA
32.235455,-110.78615,2,"Corvidae","Corvus corax",2021,10,20,"4fa7b334-ce0d-4e88-aaae-2e0c138d049e",NA,"3625234794",NA
32.235455,-110.78615,1,"Strigidae","Bubo virginianus",2021,10,22,"4fa7b334-ce0d-4e88-aaae-2e0c138d049e",NA,"3679121510",NA
32.235455,-110.78615,2,"Remizidae","Auriparus flaviceps",2021,10,25,"4fa7b334-ce0d-4e88-aaae-2e0c138d049e",NA,"3641805501",NA
32.235455,-110.78615,1,"Trochilidae","Calypte anna",2021,10,25,"4fa7b334-ce0d-4e88-aaae-2e0c138d049e",NA,"3644278726",NA
32.235455,-110.78615,5,"Columbidae","Zenaida macroura",2021,10,25,"4fa7b334-ce0d-4e88-aaae-2e0c138d049e",NA,"3641925515",NA
32.235455,-110.78615,1,"Strigidae","Megascops kennicottii",2021,10,24,"4fa7b334-ce0d-4e88-aaae-2e0c138d049e",NA,"3692153536",NA
32.235455,-110.78615,2,"Corvidae","Corvus corax",2021,10,30,"4fa7b334-ce0d-4e88-aaae-2e0c138d049e",NA,"3662740942",NA
32.235455,-110.78615,3,"Remizidae","Auriparus flaviceps",2021,10,30,"4fa7b334-ce0d-4e88-aaae-2e0c138d049e",NA,"3665253031",NA
32.235455,-110.78615,5,"Columbidae","Zenaida macroura",2021,10,30,"4fa7b334-ce0d-4e88-aaae-2e0c138d049e",NA,"3644978976",NA
32.235455,-110.78615,1,"Trochilidae","Calypte anna",2021,10,30,"4fa7b334-ce0d-4e88-aaae-2e0c138d049e",NA,"3642009673",NA
32.235455,-110.78615,1,"Columbidae","Columba livia",2021,10,30,"4fa7b334-ce0d-4e88-aaae-2e0c138d049e",NA,"3642503120",NA
32.2356,-110.79002,1,"Accipitridae","Buteo jamaicensis",2021,11,3,"4fa7b334-ce0d-4e88-aaae-2e0c138d049e",NA,"3654996668",NA
32.2356,-110.79002,1,"Picidae","Melanerpes uropygialis",2021,11,3,"4fa7b334-ce0d-4e88-aaae-2e0c138d049e",NA,"3655801230",NA
32.2356,-110.79002,16,"Columbidae","Columba livia",2021,11,3,"4fa7b334-ce0d-4e88-aaae-2e0c138d049e",NA,"3659610342",NA
32.235455,-110.78615,2,"Strigidae","Bubo virginianus",2021,11,14,"4fa7b334-ce0d-4e88-aaae-2e0c138d049e",NA,"3669339351",NA
32.235565,-110.792274,1,"Accipitridae","Parabuteo unicinctus",2021,11,17,"4fa7b334-ce0d-4e88-aaae-2e0c138d049e",NA,"3652657510",NA
32.235455,-110.78615,2,"Strigidae","Bubo virginianus",2021,11,16,"4fa7b334-ce0d-4e88-aaae-2e0c138d049e",NA,"3650109607",NA
32.235455,-110.78615,5,"Columbidae","Zenaida macroura",2021,11,12,"4fa7b334-ce0d-4e88-aaae-2e0c138d049e",NA,"3547109178",NA
32.235455,-110.78615,3,"Fringillidae","Spinus psaltria",2021,11,12,"4fa7b334-ce0d-4e88-aaae-2e0c138d049e",NA,"3576145802",NA
32.235455,-110.78615,2,"Strigidae","Bubo virginianus",2021,12,2,"4fa7b334-ce0d-4e88-aaae-2e0c138d049e",NA,"3581453136",NA
32.235455,-110.78615,2,"Corvidae","Corvus corax",2021,12,1,"4fa7b334-ce0d-4e88-aaae-2e0c138d049e",NA,"3580063319",NA
32.235455,-110.78615,2,"Fringillidae","Spinus psaltria",2021,12,1,"4fa7b334-ce0d-4e88-aaae-2e0c138d049e",NA,"3578758144",NA
32.235455,-110.78615,2,"Columbidae","Zenaida macroura",2021,12,1,"4fa7b334-ce0d-4e88-aaae-2e0c138d049e",NA,"3686811256",NA
32.235455,-110.78615,1,"Fringillidae","Haemorhous mexicanus",2021,12,1,"4fa7b334-ce0d-4e88-aaae-2e0c138d049e",NA,"3688898802",NA
32.235455,-110.78615,1,"Trochilidae","Calypte anna",2021,12,13,"4fa7b334-ce0d-4e88-aaae-2e0c138d049e",NA,"3658076817",NA
32.235455,-110.78615,8,"Fringillidae","Spinus psaltria",2021,12,13,"4fa7b334-ce0d-4e88-aaae-2e0c138d049e",NA,"3645422009",NA
32.235455,-110.78615,5,"Columbidae","Zenaida macroura",2021,12,13,"4fa7b334-ce0d-4e88-aaae-2e0c138d049e",NA,"3651393849",NA
32.235455,-110.78615,5,"Columbidae","Zenaida macroura",2021,12,18,"4fa7b334-ce0d-4e88-aaae-2e0c138d049e",NA,"3575983562",NA
32.235455,-110.78615,4,"Fringillidae","Spinus psaltria",2021,12,18,"4fa7b334-ce0d-4e88-aaae-2e0c138d049e",NA,"3575783592",NA
32.235455,-110.78615,1,"Remizidae","Auriparus flaviceps",2021,12,18,"4fa7b334-ce0d-4e88-aaae-2e0c138d049e",NA,"3554813192",NA
32.235455,-110.78615,1,"Trochilidae","Calypte anna",2021,12,18,"4fa7b334-ce0d-4e88-aaae-2e0c138d049e",NA,"3540713400",NA
32.235455,-110.78615,1,"Strigidae","Bubo virginianus",2021,12,22,"4fa7b334-ce0d-4e88-aaae-2e0c138d049e",NA,"3546415901",NA
32.235455,-110.78615,1,"Strigidae","Bubo virginianus",2021,12,27,"4fa7b334-ce0d-4e88-aaae-2e0c138d049e",NA,"3567825469",NA
32.235455,-110.78615,1,"Strigidae","Bubo virginianus",2021,12,29,"4fa7b334-ce0d-4e88-aaae-2e0c138d049e",NA,"3651442105",NA
32.235455,-110.78615,5,"Columbidae","Zenaida macroura",2021,12,31,"4fa7b334-ce0d-4e88-aaae-2e0c138d049e",NA,"3644861816",NA
32.235455,-110.78615,12,"Fringillidae","Spinus psaltria",2021,12,31,"4fa7b334-ce0d-4e88-aaae-2e0c138d049e",NA,"3653407442",NA
32.235455,-110.78615,1,"Trochilidae","Calypte anna",2021,12,31,"4fa7b334-ce0d-4e88-aaae-2e0c138d049e",NA,"3655387807",NA
32.236145,-110.80074,1,"Accipitridae","Accipiter cooperii",2020,1,1,"4fa7b334-ce0d-4e88-aaae-2e0c138d049e",NA,"3216908107",NA
32.236145,-110.80074,15,"Fringillidae","Haemorhous mexicanus",2020,1,1,"4fa7b334-ce0d-4e88-aaae-2e0c138d049e",NA,"3217059073",NA
32.236145,-110.80074,5,"Corvidae","Corvus corax",2020,1,1,"4fa7b334-ce0d-4e88-aaae-2e0c138d049e",NA,"3223627048",NA
32.236145,-110.80074,1,"Trochilidae","Cynanthus latirostris",2020,1,1,"4fa7b334-ce0d-4e88-aaae-2e0c138d049e",NA,"3219100066",NA
32.236145,-110.80074,1,"Columbidae","Streptopelia decaocto",2020,1,1,"4fa7b334-ce0d-4e88-aaae-2e0c138d049e",NA,"3217311079",NA
32.236145,-110.80074,4,"Trochilidae","Calypte anna",2020,1,1,"4fa7b334-ce0d-4e88-aaae-2e0c138d049e",NA,"3216909099",NA
32.236145,-110.80074,13,"Parulidae","Setophaga coronata",2020,1,1,"4fa7b334-ce0d-4e88-aaae-2e0c138d049e",NA,"3216924089",NA
32.236145,-110.80074,1,"Falconidae","Falco peregrinus",2020,1,1,"4fa7b334-ce0d-4e88-aaae-2e0c138d049e",NA,"3217258104",NA
32.2356,-110.79002,1,"Accipitridae","Accipiter cooperii",2020,1,13,"4fa7b334-ce0d-4e88-aaae-2e0c138d049e",NA,"3243987135",NA
32.2356,-110.79002,2,"Corvidae","Corvus corax",2020,1,13,"4fa7b334-ce0d-4e88-aaae-2e0c138d049e",NA,"3232896180",NA
32.23856,-110.78954,25,"Columbidae","Columba livia",2020,11,20,"4fa7b334-ce0d-4e88-aaae-2e0c138d049e",NA,"3263001058",NA
32.235497,-110.78977,4,"Accipitridae","Parabuteo unicinctus",2019,1,17,"4fa7b334-ce0d-4e88-aaae-2e0c138d049e",NA,"2653529022",NA
32.2356,-110.79002,1,"Accipitridae","Accipiter cooperii",2019,2,10,"4fa7b334-ce0d-4e88-aaae-2e0c138d049e",NA,"2658755306",NA
32.2356,-110.79002,1,"Falconidae","Falco sparverius",2019,2,10,"4fa7b334-ce0d-4e88-aaae-2e0c138d049e",NA,"2655129482",NA
32.2356,-110.79002,1,"Accipitridae","Buteo jamaicensis",2018,11,5,"4fa7b334-ce0d-4e88-aaae-2e0c138d049e",NA,"2216754011",NA
32.2356,-110.79002,1,"Falconidae","Falco sparverius",2018,11,5,"4fa7b334-ce0d-4e88-aaae-2e0c138d049e",NA,"2213737286",NA
32.2356,-110.79002,1,"Ptilogonatidae","Phainopepla nitens",2018,11,5,"4fa7b334-ce0d-4e88-aaae-2e0c138d049e",NA,"2216757725",NA
32.237225,-110.789825,1,"Falconidae","Falco peregrinus",2018,12,14,"4fa7b334-ce0d-4e88-aaae-2e0c138d049e",NA,"2231984958",NA
32.237225,-110.789825,1,"Accipitridae","Accipiter cooperii",2018,12,14,"4fa7b334-ce0d-4e88-aaae-2e0c138d049e",NA,"2223142289",NA
32.237225,-110.789825,1,"Falconidae","Falco peregrinus",2018,12,14,"4fa7b334-ce0d-4e88-aaae-2e0c138d049e",NA,"2227092704",NA
32.237225,-110.789825,1,"Accipitridae","Accipiter cooperii",2018,12,14,"4fa7b334-ce0d-4e88-aaae-2e0c138d049e",NA,"2232333442",NA
32.236106,-110.795758,NA,"Accipitridae","Accipiter cooperii",2021,3,12,"50c9509d-22c7-4a22-a47d-8c48425ef4a7","iNaturalist research-grade observations","3061601547",NA
32.237451,-110.797617,NA,"Emberizidae","Melozone aberti",2021,3,17,"50c9509d-22c7-4a22-a47d-8c48425ef4a7","iNaturalist research-grade observations","3061794784",NA
32.237451,-110.797617,NA,"Falconidae","Falco sparverius",2021,3,17,"50c9509d-22c7-4a22-a47d-8c48425ef4a7","iNaturalist research-grade observations","3061786734",NA
32.237423,-110.797562,NA,"Mimidae","Mimus polyglottos",2021,5,3,"50c9509d-22c7-4a22-a47d-8c48425ef4a7","iNaturalist research-grade observations","3112398045",NA
32.237423,-110.797562,NA,"Ptilogonatidae","Phainopepla nitens",2021,5,3,"50c9509d-22c7-4a22-a47d-8c48425ef4a7","iNaturalist research-grade observations","3112624098",NA
32.237423,-110.797562,NA,"Picidae","Melanerpes uropygialis",2021,5,3,"50c9509d-22c7-4a22-a47d-8c48425ef4a7","iNaturalist research-grade observations","3112456063",NA
32.237423,-110.797562,NA,"Parulidae","Cardellina pusilla",2021,5,3,"50c9509d-22c7-4a22-a47d-8c48425ef4a7","iNaturalist research-grade observations","3112754087",NA
32.237423,-110.797562,NA,"Passeridae","Passer domesticus",2021,5,3,"50c9509d-22c7-4a22-a47d-8c48425ef4a7","iNaturalist research-grade observations","3112803072",NA
32.237423,-110.797562,NA,"Accipitridae","Parabuteo unicinctus",2021,5,3,"50c9509d-22c7-4a22-a47d-8c48425ef4a7","iNaturalist research-grade observations","3112762071",NA
32.237423,-110.797562,NA,"Fringillidae","Spinus psaltria",2021,5,3,"50c9509d-22c7-4a22-a47d-8c48425ef4a7","iNaturalist research-grade observations","3112797102",NA
32.237423,-110.797562,NA,"Fringillidae","Haemorhous mexicanus",2021,5,3,"50c9509d-22c7-4a22-a47d-8c48425ef4a7","iNaturalist research-grade observations","3112860077",NA
32.237731,-110.798098,NA,"Picidae","Melanerpes uropygialis",2020,4,14,"50c9509d-22c7-4a22-a47d-8c48425ef4a7","iNaturalist research-grade observations","2603496316",NA
32.237731,-110.798098,NA,"Ptilogonatidae","Phainopepla nitens",2020,4,14,"50c9509d-22c7-4a22-a47d-8c48425ef4a7","iNaturalist research-grade observations","2603497302",NA
32.237731,-110.798098,NA,"Trochilidae","Cynanthus latirostris",2020,4,14,"50c9509d-22c7-4a22-a47d-8c48425ef4a7","iNaturalist research-grade observations","2603495306",NA
32.237731,-110.798098,NA,"Cardinalidae","Cardinalis cardinalis",2020,4,14,"50c9509d-22c7-4a22-a47d-8c48425ef4a7","iNaturalist research-grade observations","2603499312","Adult"
32.237731,-110.798098,NA,"Passeridae","Passer domesticus",2020,4,14,"50c9509d-22c7-4a22-a47d-8c48425ef4a7","iNaturalist research-grade observations","2603524331",NA
32.237731,-110.798098,NA,"Parulidae","Leiothlypis luciae",2020,4,14,"50c9509d-22c7-4a22-a47d-8c48425ef4a7","iNaturalist research-grade observations","2603529303",NA
32.237731,-110.798098,NA,"Cuculidae","Geococcyx californianus",2020,4,14,"50c9509d-22c7-4a22-a47d-8c48425ef4a7","iNaturalist research-grade observations","2603413099",NA
32.237731,-110.798098,NA,"Polioptilidae","Polioptila melanura",2020,4,14,"50c9509d-22c7-4a22-a47d-8c48425ef4a7","iNaturalist research-grade observations","2603400082",NA
32.237731,-110.798098,NA,"Polioptilidae","Polioptila melanura",2020,4,14,"50c9509d-22c7-4a22-a47d-8c48425ef4a7","iNaturalist research-grade observations","2603373095",NA
32.237731,-110.798098,NA,"Polioptilidae","Polioptila melanura",2020,4,14,"50c9509d-22c7-4a22-a47d-8c48425ef4a7","iNaturalist research-grade observations","2603371058",NA
32.238294,-110.798248,NA,"Ptilogonatidae","Phainopepla nitens",2020,4,19,"50c9509d-22c7-4a22-a47d-8c48425ef4a7","iNaturalist research-grade observations","2609115737",NA
32.238294,-110.798248,NA,"Fringillidae","Spinus psaltria",2020,4,19,"50c9509d-22c7-4a22-a47d-8c48425ef4a7","iNaturalist research-grade observations","2609097754",NA
32.238294,-110.798248,NA,"Trochilidae","Archilochus alexandri",2020,4,19,"50c9509d-22c7-4a22-a47d-8c48425ef4a7","iNaturalist research-grade observations","2609268910",NA
32.238403,-110.798248,NA,"Odontophoridae","Callipepla gambelii",2020,4,27,"50c9509d-22c7-4a22-a47d-8c48425ef4a7","iNaturalist research-grade observations","2611394854",NA
32.238403,-110.798248,NA,"Vireonidae","Vireo bellii",2020,4,27,"50c9509d-22c7-4a22-a47d-8c48425ef4a7","iNaturalist research-grade observations","2611327374",NA
32.238403,-110.798248,NA,"Trochilidae","Cynanthus latirostris",2020,4,27,"50c9509d-22c7-4a22-a47d-8c48425ef4a7","iNaturalist research-grade observations","2611371457",NA
32.238403,-110.798248,NA,"Remizidae","Auriparus flaviceps",2020,4,27,"50c9509d-22c7-4a22-a47d-8c48425ef4a7","iNaturalist research-grade observations","2611425400",NA
32.238403,-110.798248,NA,"Tyrannidae","Pyrocephalus rubinus",2020,4,27,"50c9509d-22c7-4a22-a47d-8c48425ef4a7","iNaturalist research-grade observations","2611252467",NA
32.238403,-110.798248,NA,"Odontophoridae","Callipepla gambelii",2020,4,27,"50c9509d-22c7-4a22-a47d-8c48425ef4a7","iNaturalist research-grade observations","2611371458",NA
32.238675,-110.798248,NA,"Remizidae","Auriparus flaviceps",2020,7,1,"50c9509d-22c7-4a22-a47d-8c48425ef4a7","iNaturalist research-grade observations","2814345463",NA
32.238675,-110.798248,NA,"Fringillidae","Haemorhous mexicanus",2020,7,1,"50c9509d-22c7-4a22-a47d-8c48425ef4a7","iNaturalist research-grade observations","2814341148",NA
32.238675,-110.798248,NA,"Odontophoridae","Callipepla gambelii",2020,7,1,"50c9509d-22c7-4a22-a47d-8c48425ef4a7","iNaturalist research-grade observations","2814461062",NA
32.238675,-110.798248,NA,"Troglodytidae","Campylorhynchus brunneicapillus",2020,7,1,"50c9509d-22c7-4a22-a47d-8c48425ef4a7","iNaturalist research-grade observations","2814241480",NA
32.238675,-110.798248,NA,"Passeridae","Passer domesticus",2020,7,1,"50c9509d-22c7-4a22-a47d-8c48425ef4a7","iNaturalist research-grade observations","2814057386",NA
32.238675,-110.798248,NA,"Columbidae","Zenaida asiatica",2020,7,1,"50c9509d-22c7-4a22-a47d-8c48425ef4a7","iNaturalist research-grade observations","2813962211",NA
32.238675,-110.798248,NA,"Picidae","Melanerpes uropygialis",2020,7,1,"50c9509d-22c7-4a22-a47d-8c48425ef4a7","iNaturalist research-grade observations","2814005102",NA
32.237895,-110.798034,NA,"Troglodytidae","Campylorhynchus brunneicapillus",2020,8,14,"50c9509d-22c7-4a22-a47d-8c48425ef4a7","iNaturalist research-grade observations","2850781851",NA
32.237895,-110.798034,NA,"Cardinalidae","Cardinalis cardinalis",2020,8,14,"50c9509d-22c7-4a22-a47d-8c48425ef4a7","iNaturalist research-grade observations","2850663770","Juvenile"
32.237895,-110.798034,NA,"Fringillidae","Spinus psaltria",2020,8,14,"50c9509d-22c7-4a22-a47d-8c48425ef4a7","iNaturalist research-grade observations","2850817656",NA
32.237895,-110.798034,NA,"Columbidae","Zenaida macroura",2020,8,14,"50c9509d-22c7-4a22-a47d-8c48425ef4a7","iNaturalist research-grade observations","2850899767",NA
32.237895,-110.798034,NA,"Trochilidae","Archilochus alexandri",2020,8,14,"50c9509d-22c7-4a22-a47d-8c48425ef4a7","iNaturalist research-grade observations","2850778722",NA
32.237895,-110.798034,NA,"Trochilidae","Selasphorus rufus",2020,8,14,"50c9509d-22c7-4a22-a47d-8c48425ef4a7","iNaturalist research-grade observations","2850910753",NA
32.237895,-110.798034,NA,"Trochilidae","Calypte anna",2020,8,14,"50c9509d-22c7-4a22-a47d-8c48425ef4a7","iNaturalist research-grade observations","3355041389",NA
32.237895,-110.798034,NA,"Ptilogonatidae","Phainopepla nitens",2020,8,14,"50c9509d-22c7-4a22-a47d-8c48425ef4a7","iNaturalist research-grade observations","2851123701",NA
32.237895,-110.798034,NA,"Odontophoridae","Callipepla gambelii",2020,8,14,"50c9509d-22c7-4a22-a47d-8c48425ef4a7","iNaturalist research-grade observations","2851124792",NA
