"decimalLatitude","decimalLongitude","individualCount","family","species","year","month","day","datasetKey","datasetName","gbifID"
32.296837,-110.97176,1,"Accipitridae","Accipiter cooperii",2021,9,2,"4fa7b334-ce0d-4e88-aaae-2e0c138d049e",NA,"3655816409"
32.29622,-110.97114,1,"Falconidae","Falco mexicanus",2019,1,13,"4fa7b334-ce0d-4e88-aaae-2e0c138d049e",NA,"2661391562"
32.296375,-110.97236,1,"Accipitridae","Buteo jamaicensis",2018,1,7,"4fa7b334-ce0d-4e88-aaae-2e0c138d049e",NA,"2103929928"
32.296803,-110.972358,NA,"Columbidae","Columba livia",2018,2,3,"50c9509d-22c7-4a22-a47d-8c48425ef4a7","iNaturalist research-grade observations","1807303618"
32.29701,-110.972214,NA,"Remizidae","Auriparus flaviceps",2017,1,24,"50c9509d-22c7-4a22-a47d-8c48425ef4a7","iNaturalist research-grade observations","1453379429"
