"decimalLatitude","decimalLongitude","individualCount","family","species","year","month","day","datasetKey","gbifID"
32.17614,-110.93087,1,"Corvidae","Corvus corax",2021,2,5,"4fa7b334-ce0d-4e88-aaae-2e0c138d049e","3509851451"
32.17614,-110.93087,1,"Accipitridae","Buteo jamaicensis",2021,2,7,"4fa7b334-ce0d-4e88-aaae-2e0c138d049e","3507203074"
32.17614,-110.93087,1,"Accipitridae","Accipiter cooperii",2021,2,7,"4fa7b334-ce0d-4e88-aaae-2e0c138d049e","3509370977"
32.17614,-110.93087,3,"Columbidae","Zenaida macroura",2021,2,8,"4fa7b334-ce0d-4e88-aaae-2e0c138d049e","3525369710"
32.17614,-110.93087,1,"Ardeidae","Ardea alba",2021,2,8,"4fa7b334-ce0d-4e88-aaae-2e0c138d049e","3506137445"
32.17614,-110.93087,8,"Fringillidae","Haemorhous mexicanus",2021,2,8,"4fa7b334-ce0d-4e88-aaae-2e0c138d049e","3506799946"
32.17668,-110.92886,1,"Corvidae","Corvus corax",2021,2,17,"4fa7b334-ce0d-4e88-aaae-2e0c138d049e","3508156012"
32.17668,-110.92886,1,"Fringillidae","Haemorhous mexicanus",2021,2,17,"4fa7b334-ce0d-4e88-aaae-2e0c138d049e","3506692950"
32.17301,-110.932594,1,"Remizidae","Auriparus flaviceps",2021,3,24,"4fa7b334-ce0d-4e88-aaae-2e0c138d049e","3595479098"
32.176193,-110.93368,6,"Hirundinidae","Petrochelidon pyrrhonota",2021,4,7,"4fa7b334-ce0d-4e88-aaae-2e0c138d049e","3680423398"
32.176193,-110.93368,2,"Passeridae","Passer domesticus",2021,4,7,"4fa7b334-ce0d-4e88-aaae-2e0c138d049e","3524743722"
32.168213,-110.93488,1,"Tyrannidae","Sayornis saya",2021,4,10,"4fa7b334-ce0d-4e88-aaae-2e0c138d049e","3591910985"
32.168213,-110.93488,1,"Mimidae","Toxostoma curvirostre",2021,4,10,"4fa7b334-ce0d-4e88-aaae-2e0c138d049e","3592635085"
32.168213,-110.93488,1,"Columbidae","Zenaida macroura",2021,4,10,"4fa7b334-ce0d-4e88-aaae-2e0c138d049e","3592481030"
32.168213,-110.93488,1,"Emberizidae","Peucaea carpalis",2021,4,11,"4fa7b334-ce0d-4e88-aaae-2e0c138d049e","3639386967"
32.168213,-110.93488,1,"Columbidae","Zenaida macroura",2021,4,11,"4fa7b334-ce0d-4e88-aaae-2e0c138d049e","3653984925"
32.168213,-110.93488,3,"Icteridae","Quiscalus mexicanus",2021,4,11,"4fa7b334-ce0d-4e88-aaae-2e0c138d049e","3633457018"
32.17301,-110.932594,1,"Tyrannidae","Pyrocephalus rubinus",2021,4,14,"4fa7b334-ce0d-4e88-aaae-2e0c138d049e","3592855225"
32.17301,-110.932594,3,"Passeridae","Passer domesticus",2021,4,14,"4fa7b334-ce0d-4e88-aaae-2e0c138d049e","3597411223"
32.17301,-110.932594,2,"Parulidae","Leiothlypis luciae",2021,4,14,"4fa7b334-ce0d-4e88-aaae-2e0c138d049e","3524320062"
32.17301,-110.932594,2,"Columbidae","Zenaida macroura",2021,4,14,"4fa7b334-ce0d-4e88-aaae-2e0c138d049e","3530801835"
32.17301,-110.932594,2,"Fringillidae","Haemorhous mexicanus",2021,4,14,"4fa7b334-ce0d-4e88-aaae-2e0c138d049e","3534703653"
32.177235,-110.92668,1,"Icteridae","Quiscalus mexicanus",2021,4,15,"4fa7b334-ce0d-4e88-aaae-2e0c138d049e","3512739733"
32.177235,-110.92668,2,"Columbidae","Columba livia",2021,4,15,"4fa7b334-ce0d-4e88-aaae-2e0c138d049e","3512956403"
32.177235,-110.92668,1,"Columbidae","Streptopelia decaocto",2021,4,15,"4fa7b334-ce0d-4e88-aaae-2e0c138d049e","3513736395"
32.177235,-110.92668,3,"Columbidae","Zenaida macroura",2021,4,15,"4fa7b334-ce0d-4e88-aaae-2e0c138d049e","3515212255"
32.177235,-110.92668,1,"Icteridae","Quiscalus mexicanus",2021,4,15,"4fa7b334-ce0d-4e88-aaae-2e0c138d049e","3593201723"
32.177235,-110.92668,2,"Columbidae","Columba livia",2021,4,15,"4fa7b334-ce0d-4e88-aaae-2e0c138d049e","3600546282"
32.177235,-110.92668,1,"Columbidae","Streptopelia decaocto",2021,4,15,"4fa7b334-ce0d-4e88-aaae-2e0c138d049e","3596695954"
32.177235,-110.92668,3,"Columbidae","Zenaida macroura",2021,4,15,"4fa7b334-ce0d-4e88-aaae-2e0c138d049e","3593466933"
32.177235,-110.92668,1,"Icteridae","Quiscalus mexicanus",2021,4,15,"4fa7b334-ce0d-4e88-aaae-2e0c138d049e","3547912828"
32.177235,-110.92668,2,"Columbidae","Columba livia",2021,4,15,"4fa7b334-ce0d-4e88-aaae-2e0c138d049e","3560376027"
32.177235,-110.92668,1,"Columbidae","Streptopelia decaocto",2021,4,15,"4fa7b334-ce0d-4e88-aaae-2e0c138d049e","3564374678"
32.177235,-110.92668,3,"Columbidae","Zenaida macroura",2021,4,15,"4fa7b334-ce0d-4e88-aaae-2e0c138d049e","3569571065"
32.177235,-110.92668,1,"Icteridae","Quiscalus mexicanus",2021,4,15,"4fa7b334-ce0d-4e88-aaae-2e0c138d049e","3535901608"
32.177235,-110.92668,2,"Columbidae","Columba livia",2021,4,15,"4fa7b334-ce0d-4e88-aaae-2e0c138d049e","3537103543"
32.177235,-110.92668,1,"Columbidae","Streptopelia decaocto",2021,4,15,"4fa7b334-ce0d-4e88-aaae-2e0c138d049e","3513821228"
32.177235,-110.92668,3,"Columbidae","Zenaida macroura",2021,4,15,"4fa7b334-ce0d-4e88-aaae-2e0c138d049e","3511718051"
32.177235,-110.92668,1,"Icteridae","Quiscalus mexicanus",2021,4,15,"4fa7b334-ce0d-4e88-aaae-2e0c138d049e","3666361105"
32.177235,-110.92668,2,"Columbidae","Columba livia",2021,4,15,"4fa7b334-ce0d-4e88-aaae-2e0c138d049e","3666530281"
32.177235,-110.92668,1,"Columbidae","Streptopelia decaocto",2021,4,15,"4fa7b334-ce0d-4e88-aaae-2e0c138d049e","3667629966"
32.177235,-110.92668,3,"Columbidae","Zenaida macroura",2021,4,15,"4fa7b334-ce0d-4e88-aaae-2e0c138d049e","3671322294"
32.177235,-110.92668,1,"Icteridae","Quiscalus mexicanus",2021,4,15,"4fa7b334-ce0d-4e88-aaae-2e0c138d049e","3626230226"
32.177235,-110.92668,2,"Columbidae","Columba livia",2021,4,15,"4fa7b334-ce0d-4e88-aaae-2e0c138d049e","3619529467"
32.177235,-110.92668,1,"Columbidae","Streptopelia decaocto",2021,4,15,"4fa7b334-ce0d-4e88-aaae-2e0c138d049e","3623458240"
32.177235,-110.92668,3,"Columbidae","Zenaida macroura",2021,4,15,"4fa7b334-ce0d-4e88-aaae-2e0c138d049e","3628776904"
32.17301,-110.932594,1,"Cuculidae","Geococcyx californianus",2021,4,17,"4fa7b334-ce0d-4e88-aaae-2e0c138d049e","3602360157"
32.17301,-110.932594,2,"Hirundinidae","Petrochelidon pyrrhonota",2021,4,17,"4fa7b334-ce0d-4e88-aaae-2e0c138d049e","3598310133"
32.17301,-110.932594,1,"Parulidae","Leiothlypis luciae",2021,4,17,"4fa7b334-ce0d-4e88-aaae-2e0c138d049e","3600770007"
32.17301,-110.932594,1,"Remizidae","Auriparus flaviceps",2021,4,17,"4fa7b334-ce0d-4e88-aaae-2e0c138d049e","3602577909"
32.17301,-110.932594,1,"Columbidae","Zenaida asiatica",2021,4,17,"4fa7b334-ce0d-4e88-aaae-2e0c138d049e","3606643952"
32.175514,-110.93355,4,"Hirundinidae","Petrochelidon pyrrhonota",2021,4,21,"4fa7b334-ce0d-4e88-aaae-2e0c138d049e","3624463215"
32.175514,-110.93355,2,"Fringillidae","Haemorhous mexicanus",2021,4,21,"4fa7b334-ce0d-4e88-aaae-2e0c138d049e","3620435981"
32.175514,-110.93355,1,"Passeridae","Passer domesticus",2021,4,21,"4fa7b334-ce0d-4e88-aaae-2e0c138d049e","3614447922"
32.175514,-110.93355,1,"Icteridae","Molothrus ater",2021,4,21,"4fa7b334-ce0d-4e88-aaae-2e0c138d049e","3612152446"
32.17585,-110.937775,1,"Columbidae","Streptopelia decaocto",2021,7,9,"4fa7b334-ce0d-4e88-aaae-2e0c138d049e","3576596350"
32.17585,-110.937775,1,"Fringillidae","Haemorhous mexicanus",2021,7,9,"4fa7b334-ce0d-4e88-aaae-2e0c138d049e","3571332187"
32.17585,-110.937775,4,"Columbidae","Zenaida macroura",2021,7,9,"4fa7b334-ce0d-4e88-aaae-2e0c138d049e","3568718300"
32.16665,-110.940796,3,"Caprimulgidae","Chordeiles acutipennis",2021,7,17,"4fa7b334-ce0d-4e88-aaae-2e0c138d049e","3561612928"
32.16665,-110.940796,3,"Caprimulgidae","Chordeiles acutipennis",2021,7,17,"4fa7b334-ce0d-4e88-aaae-2e0c138d049e","3567209190"
32.17651,-110.92883,1,"Cuculidae","Geococcyx californianus",2021,8,3,"4fa7b334-ce0d-4e88-aaae-2e0c138d049e","3530653398"
32.17651,-110.92883,1,"Cuculidae","Geococcyx californianus",2021,8,3,"4fa7b334-ce0d-4e88-aaae-2e0c138d049e","3676759869"
32.168213,-110.93488,14,"Columbidae","Zenaida macroura",2021,9,18,"4fa7b334-ce0d-4e88-aaae-2e0c138d049e","3636687608"
32.168213,-110.93488,2,"Cathartidae","Cathartes aura",2021,9,19,"4fa7b334-ce0d-4e88-aaae-2e0c138d049e","3664785549"
32.168213,-110.93488,4,"Columbidae","Zenaida macroura",2021,9,19,"4fa7b334-ce0d-4e88-aaae-2e0c138d049e","3668452820"
32.168213,-110.93488,28,"Columbidae","Zenaida macroura",2021,11,13,"4fa7b334-ce0d-4e88-aaae-2e0c138d049e","3578149749"
32.168213,-110.93488,1,"Accipitridae","Buteo jamaicensis",2021,11,13,"4fa7b334-ce0d-4e88-aaae-2e0c138d049e","3613504873"
32.17771,-110.95211,2,"Columbidae","Columba livia",2021,12,11,"4fa7b334-ce0d-4e88-aaae-2e0c138d049e","3610446958"
32.17771,-110.95211,5,"Columbidae","Zenaida macroura",2021,12,11,"4fa7b334-ce0d-4e88-aaae-2e0c138d049e","3611701311"
32.17771,-110.95211,1,"Accipitridae","Buteo jamaicensis",2021,12,11,"4fa7b334-ce0d-4e88-aaae-2e0c138d049e","3610094807"
32.16977,-110.94355,2,"Cuculidae","Geococcyx californianus",2020,2,11,"4fa7b334-ce0d-4e88-aaae-2e0c138d049e","3231974161"
32.16977,-110.94355,2,"Passeridae","Passer domesticus",2020,2,11,"4fa7b334-ce0d-4e88-aaae-2e0c138d049e","3236085174"
32.16977,-110.94355,1,"Accipitridae","Buteo jamaicensis",2020,2,11,"4fa7b334-ce0d-4e88-aaae-2e0c138d049e","3239106199"
32.168213,-110.93488,2,"Accipitridae","Buteo jamaicensis",2020,2,15,"4fa7b334-ce0d-4e88-aaae-2e0c138d049e","3148700360"
32.168213,-110.93488,1,"Columbidae","Zenaida macroura",2020,2,15,"4fa7b334-ce0d-4e88-aaae-2e0c138d049e","3152277394"
32.174873,-110.93208,1,"Tyrannidae","Pyrocephalus rubinus",2020,2,11,"4fa7b334-ce0d-4e88-aaae-2e0c138d049e","3150293467"
32.176105,-110.9273,1,"Cuculidae","Geococcyx californianus",2020,6,15,"4fa7b334-ce0d-4e88-aaae-2e0c138d049e","3287628376"
32.16781,-110.94245,3,"Remizidae","Auriparus flaviceps",2019,3,1,"4fa7b334-ce0d-4e88-aaae-2e0c138d049e","2657097540"
32.16781,-110.94245,1,"Fringillidae","Spinus psaltria",2019,3,1,"4fa7b334-ce0d-4e88-aaae-2e0c138d049e","2668832593"
32.16781,-110.94245,21,"Columbidae","Columba livia",2019,3,1,"4fa7b334-ce0d-4e88-aaae-2e0c138d049e","2658330618"
32.16781,-110.94245,9,"Columbidae","Zenaida macroura",2019,3,1,"4fa7b334-ce0d-4e88-aaae-2e0c138d049e","2668816712"
32.164185,-110.936584,1,"Icteridae","Quiscalus mexicanus",2019,3,26,"4fa7b334-ce0d-4e88-aaae-2e0c138d049e","2672140317"
32.164185,-110.936584,10,"Columbidae","Columba livia",2019,3,26,"4fa7b334-ce0d-4e88-aaae-2e0c138d049e","2663079413"
32.164185,-110.936584,1,"Accipitridae","Accipiter cooperii",2019,3,26,"4fa7b334-ce0d-4e88-aaae-2e0c138d049e","2664604293"
32.164185,-110.936584,1,"Columbidae","Zenaida macroura",2019,3,26,"4fa7b334-ce0d-4e88-aaae-2e0c138d049e","2665681445"
32.164185,-110.936584,1,"Passeridae","Passer domesticus",2019,3,26,"4fa7b334-ce0d-4e88-aaae-2e0c138d049e","2665638512"
32.164185,-110.936584,1,"Icteridae","Quiscalus mexicanus",2019,3,26,"4fa7b334-ce0d-4e88-aaae-2e0c138d049e","2740394570"
32.164185,-110.936584,10,"Columbidae","Columba livia",2019,3,26,"4fa7b334-ce0d-4e88-aaae-2e0c138d049e","2741809498"
32.164185,-110.936584,1,"Accipitridae","Accipiter cooperii",2019,3,26,"4fa7b334-ce0d-4e88-aaae-2e0c138d049e","2741363662"
32.164185,-110.936584,1,"Columbidae","Zenaida macroura",2019,3,26,"4fa7b334-ce0d-4e88-aaae-2e0c138d049e","2742427730"
32.164185,-110.936584,1,"Passeridae","Passer domesticus",2019,3,26,"4fa7b334-ce0d-4e88-aaae-2e0c138d049e","2740479851"
32.16381,-110.93821,9,"Columbidae","Columba livia",2019,4,27,"4fa7b334-ce0d-4e88-aaae-2e0c138d049e","2670134600"
32.176193,-110.93368,2,"Columbidae","Streptopelia decaocto",2019,5,17,"4fa7b334-ce0d-4e88-aaae-2e0c138d049e","2753708550"
32.176193,-110.93368,2,"Tyrannidae","Tyrannus vociferans",2019,5,17,"4fa7b334-ce0d-4e88-aaae-2e0c138d049e","2739146825"
32.176193,-110.93368,2,"Columbidae","Zenaida macroura",2019,5,17,"4fa7b334-ce0d-4e88-aaae-2e0c138d049e","2769948762"
32.176193,-110.93368,1,"Accipitridae","Accipiter cooperii",2019,5,17,"4fa7b334-ce0d-4e88-aaae-2e0c138d049e","2754884434"
32.175323,-110.935135,5,"Caprimulgidae","Chordeiles acutipennis",2018,4,18,"4fa7b334-ce0d-4e88-aaae-2e0c138d049e","2152453322"
32.177193,-110.94445,1,"Accipitridae","Buteo jamaicensis",2018,4,19,"4fa7b334-ce0d-4e88-aaae-2e0c138d049e","2148892265"
32.175323,-110.935135,5,"Caprimulgidae","Chordeiles acutipennis",2018,4,18,"4fa7b334-ce0d-4e88-aaae-2e0c138d049e","2149073484"
32.16834,-110.94276,6,"Columbidae","Columba livia",2018,6,16,"4fa7b334-ce0d-4e88-aaae-2e0c138d049e","2174904677"
32.17788,-110.947975,1,"Cuculidae","Geococcyx californianus",2018,8,29,"4fa7b334-ce0d-4e88-aaae-2e0c138d049e","2197956950"
32.177193,-110.94445,1,"Cathartidae","Cathartes aura",2018,10,4,"4fa7b334-ce0d-4e88-aaae-2e0c138d049e","2203376037"
32.17611,-110.94187,1,"Accipitridae","Buteogallus anthracinus",2018,10,26,"4fa7b334-ce0d-4e88-aaae-2e0c138d049e","2198117695"
32.175392,-110.93512,3,"Trochilidae","Calypte anna",2017,3,13,"4fa7b334-ce0d-4e88-aaae-2e0c138d049e","2040636366"
32.175392,-110.93512,7,"Tyrannidae","Pyrocephalus rubinus",2017,3,13,"4fa7b334-ce0d-4e88-aaae-2e0c138d049e","2056312274"
32.175392,-110.93512,1,"Accipitridae","Buteo jamaicensis",2017,3,13,"4fa7b334-ce0d-4e88-aaae-2e0c138d049e","2056324618"
32.175392,-110.93512,1,"Corvidae","Corvus corax",2017,3,9,"4fa7b334-ce0d-4e88-aaae-2e0c138d049e","2056330492"
32.175392,-110.93512,30,"Columbidae","Zenaida macroura",2017,3,9,"4fa7b334-ce0d-4e88-aaae-2e0c138d049e","2056330385"
32.175392,-110.93512,11,"Columbidae","Columba livia",2017,3,9,"4fa7b334-ce0d-4e88-aaae-2e0c138d049e","2056334812"
32.175392,-110.93512,4,"Tyrannidae","Pyrocephalus rubinus",2017,3,9,"4fa7b334-ce0d-4e88-aaae-2e0c138d049e","2056334873"
32.175392,-110.93512,9,"Icteridae","Quiscalus mexicanus",2017,3,9,"4fa7b334-ce0d-4e88-aaae-2e0c138d049e","2049864018"
32.176193,-110.93368,1,"Picidae","Melanerpes uropygialis",2017,10,4,"4fa7b334-ce0d-4e88-aaae-2e0c138d049e","2096780235"
32.176193,-110.93368,1,"Tyrannidae","Pyrocephalus rubinus",2017,10,4,"4fa7b334-ce0d-4e88-aaae-2e0c138d049e","2102966543"
32.176193,-110.93368,2,"Charadriidae","Charadrius vociferus",2017,10,4,"4fa7b334-ce0d-4e88-aaae-2e0c138d049e","2084453733"
32.176193,-110.93368,6,"Charadriidae","Charadrius vociferus",2017,10,5,"4fa7b334-ce0d-4e88-aaae-2e0c138d049e","2096150292"
32.176193,-110.93368,8,"Icteridae","Euphagus cyanocephalus",2017,10,5,"4fa7b334-ce0d-4e88-aaae-2e0c138d049e","2096962646"
32.176193,-110.93368,2,"Cathartidae","Cathartes aura",2017,10,5,"4fa7b334-ce0d-4e88-aaae-2e0c138d049e","2096948057"
32.17687,-110.94502,20,"Columbidae","Columba livia",2017,12,27,"4fa7b334-ce0d-4e88-aaae-2e0c138d049e","2122991813"
32.17687,-110.94502,1,"Columbidae","Zenaida macroura",2017,12,27,"4fa7b334-ce0d-4e88-aaae-2e0c138d049e","2113653858"
32.17687,-110.94502,2,"Corvidae","Corvus corax",2017,12,27,"4fa7b334-ce0d-4e88-aaae-2e0c138d049e","2114369217"
