"decimalLatitude","decimalLongitude","individualCount","family","species","year","month","day","datasetKey","datasetName","gbifID"
32.04065,-110.71646,1,"Caprimulgidae","Chordeiles acutipennis",2021,6,5,"4fa7b334-ce0d-4e88-aaae-2e0c138d049e",NA,"3673509962"
32.04065,-110.71646,1,"Caprimulgidae","Chordeiles acutipennis",2021,6,5,"4fa7b334-ce0d-4e88-aaae-2e0c138d049e",NA,"3524514762"
32.04065,-110.71646,1,"Caprimulgidae","Chordeiles acutipennis",2021,6,5,"4fa7b334-ce0d-4e88-aaae-2e0c138d049e",NA,"3525220317"
32.04065,-110.71646,1,"Caprimulgidae","Chordeiles acutipennis",2021,6,5,"4fa7b334-ce0d-4e88-aaae-2e0c138d049e",NA,"3675866669"
32.058224,-110.768074,1,"Caprimulgidae","Chordeiles acutipennis",2020,5,6,"4fa7b334-ce0d-4e88-aaae-2e0c138d049e",NA,"3150739675"
32.038067,-110.733795,1,"Accipitridae","Buteo jamaicensis",2019,2,23,"4fa7b334-ce0d-4e88-aaae-2e0c138d049e",NA,"2666571803"
32.057777,-110.76789,2,"Accipitridae","Buteo jamaicensis",2019,4,27,"4fa7b334-ce0d-4e88-aaae-2e0c138d049e",NA,"2785903803"
32.057777,-110.76789,2,"Accipitridae","Buteo jamaicensis",2019,4,27,"4fa7b334-ce0d-4e88-aaae-2e0c138d049e",NA,"2767031881"
32.057777,-110.76789,2,"Accipitridae","Buteo jamaicensis",2019,4,27,"4fa7b334-ce0d-4e88-aaae-2e0c138d049e",NA,"2750300734"
32.057777,-110.76789,2,"Accipitridae","Buteo jamaicensis",2019,4,27,"4fa7b334-ce0d-4e88-aaae-2e0c138d049e",NA,"2754384977"
32.048622,-110.75315,1,"Falconidae","Falco sparverius",2019,4,15,"4fa7b334-ce0d-4e88-aaae-2e0c138d049e",NA,"3256423888"
32.069534,-110.7657,1,"Trochilidae","Calypte anna",2018,1,2,"4fa7b334-ce0d-4e88-aaae-2e0c138d049e",NA,"2116566591"
32.069534,-110.7657,2,"Columbidae","Zenaida macroura",2018,1,2,"4fa7b334-ce0d-4e88-aaae-2e0c138d049e",NA,"2103560658"
32.069534,-110.7657,2,"Corvidae","Corvus corax",2018,1,2,"4fa7b334-ce0d-4e88-aaae-2e0c138d049e",NA,"2103564618"
32.069534,-110.7657,2,"Cardinalidae","Cardinalis sinuatus",2018,1,2,"4fa7b334-ce0d-4e88-aaae-2e0c138d049e",NA,"2126534542"
32.069534,-110.7657,2,"Mimidae","Toxostoma curvirostre",2018,1,2,"4fa7b334-ce0d-4e88-aaae-2e0c138d049e",NA,"2118030809"
32.069534,-110.7657,1,"Emberizidae","Peucaea carpalis",2018,1,2,"4fa7b334-ce0d-4e88-aaae-2e0c138d049e",NA,"2116559356"
32.069534,-110.7657,10,"Fringillidae","Haemorhous mexicanus",2018,1,2,"4fa7b334-ce0d-4e88-aaae-2e0c138d049e",NA,"2116562516"
32.069534,-110.7657,1,"Tyrannidae","Sayornis saya",2018,1,2,"4fa7b334-ce0d-4e88-aaae-2e0c138d049e",NA,"2103571085"
32.069534,-110.7657,1,"Troglodytidae","Campylorhynchus brunneicapillus",2018,1,2,"4fa7b334-ce0d-4e88-aaae-2e0c138d049e",NA,"2118035811"
32.069534,-110.7657,5,"Emberizidae","Zonotrichia leucophrys",2018,1,2,"4fa7b334-ce0d-4e88-aaae-2e0c138d049e",NA,"2126535052"
32.03791,-110.733864,2,"Accipitridae","Buteo swainsoni",2018,7,14,"4fa7b334-ce0d-4e88-aaae-2e0c138d049e",NA,"2171387148"
32.03791,-110.733864,1,"Cathartidae","Cathartes aura",2018,7,14,"4fa7b334-ce0d-4e88-aaae-2e0c138d049e",NA,"2194549364"
32.03791,-110.733864,1,"Accipitridae","Aquila chrysaetos",2018,7,14,"4fa7b334-ce0d-4e88-aaae-2e0c138d049e",NA,"2171373932"
32.03791,-110.733864,2,"Accipitridae","Buteo jamaicensis",2018,7,14,"4fa7b334-ce0d-4e88-aaae-2e0c138d049e",NA,"2171380829"
32.03791,-110.733864,1,"Accipitridae","Buteo nitidus",2018,7,14,"4fa7b334-ce0d-4e88-aaae-2e0c138d049e",NA,"2171365533"
32.03791,-110.733864,4,"Columbidae","Zenaida asiatica",2018,7,13,"4fa7b334-ce0d-4e88-aaae-2e0c138d049e",NA,"2186972499"
32.03791,-110.733864,2,"Columbidae","Zenaida macroura",2018,7,13,"4fa7b334-ce0d-4e88-aaae-2e0c138d049e",NA,"2182966956"
32.03791,-110.733864,3,"Passeridae","Passer domesticus",2018,7,13,"4fa7b334-ce0d-4e88-aaae-2e0c138d049e",NA,"2186962409"
32.03791,-110.733864,2,"Columbidae","Streptopelia decaocto",2018,7,13,"4fa7b334-ce0d-4e88-aaae-2e0c138d049e",NA,"2187001084"
32.03791,-110.733864,1,"Mimidae","Mimus polyglottos",2018,7,13,"4fa7b334-ce0d-4e88-aaae-2e0c138d049e",NA,"2171417934"
32.03791,-110.733864,1,"Accipitridae","Buteo swainsoni",2018,7,13,"4fa7b334-ce0d-4e88-aaae-2e0c138d049e",NA,"2194593831"
32.03791,-110.733864,2,"Accipitridae","Buteo jamaicensis",2018,7,13,"4fa7b334-ce0d-4e88-aaae-2e0c138d049e",NA,"2171436370"
32.03791,-110.733864,5,"Columbidae","Columba livia",2018,7,13,"4fa7b334-ce0d-4e88-aaae-2e0c138d049e",NA,"2182958739"
32.05837,-110.77579,1,"Falconidae","Falco mexicanus",2018,12,20,"4fa7b334-ce0d-4e88-aaae-2e0c138d049e",NA,"2232399881"
32.065884,-110.77219,12,"Icteridae","Euphagus cyanocephalus",2017,4,10,"4fa7b334-ce0d-4e88-aaae-2e0c138d049e",NA,"2054035214"
32.065884,-110.77219,2,"Passeridae","Passer domesticus",2017,4,10,"4fa7b334-ce0d-4e88-aaae-2e0c138d049e",NA,"2053037867"
32.04164,-110.748535,1,"Caprimulgidae","Chordeiles acutipennis",2017,5,3,"4fa7b334-ce0d-4e88-aaae-2e0c138d049e",NA,"2049402546"
32.073112,-110.772514,2,"Accipitridae","Buteo jamaicensis",2017,10,12,"4fa7b334-ce0d-4e88-aaae-2e0c138d049e",NA,"2105104451"
32.073112,-110.772514,30,"Columbidae","Columba livia",2017,10,12,"4fa7b334-ce0d-4e88-aaae-2e0c138d049e",NA,"2086342562"
32.034164,-110.718039,NA,"Accipitridae","Buteo jamaicensis",2017,4,19,"50c9509d-22c7-4a22-a47d-8c48425ef4a7","iNaturalist research-grade observations","1500288035"
32.046392,-110.745513,NA,"Accipitridae","Buteo jamaicensis",2017,5,13,"50c9509d-22c7-4a22-a47d-8c48425ef4a7","iNaturalist research-grade observations","1562935396"
