"decimalLatitude","decimalLongitude","individualCount","family","species","year","month","day","datasetKey","datasetName","gbifID"
32.2973,-110.95549,1,"Picidae","Melanerpes uropygialis",2021,1,1,"4fa7b334-ce0d-4e88-aaae-2e0c138d049e",NA,"3603732411"
32.2973,-110.95549,1,"Falconidae","Falco sparverius",2021,1,1,"4fa7b334-ce0d-4e88-aaae-2e0c138d049e",NA,"3608943343"
32.2973,-110.95549,1,"Fringillidae","Haemorhous mexicanus",2021,1,1,"4fa7b334-ce0d-4e88-aaae-2e0c138d049e",NA,"3574053274"
32.2973,-110.95549,2,"Columbidae","Zenaida macroura",2021,1,1,"4fa7b334-ce0d-4e88-aaae-2e0c138d049e",NA,"3574385208"
32.2973,-110.95549,1,"Ptilogonatidae","Phainopepla nitens",2021,1,1,"4fa7b334-ce0d-4e88-aaae-2e0c138d049e",NA,"3521045465"
32.29827,-110.95623,1,"Strigidae","Bubo virginianus",2021,2,6,"4fa7b334-ce0d-4e88-aaae-2e0c138d049e",NA,"3547289992"
32.2973,-110.95549,6,"Ptilogonatidae","Phainopepla nitens",2021,2,12,"4fa7b334-ce0d-4e88-aaae-2e0c138d049e",NA,"3588516964"
32.2973,-110.95549,7,"Columbidae","Zenaida macroura",2021,2,12,"4fa7b334-ce0d-4e88-aaae-2e0c138d049e",NA,"3589084898"
32.2973,-110.95549,1,"Fringillidae","Spinus psaltria",2021,2,12,"4fa7b334-ce0d-4e88-aaae-2e0c138d049e",NA,"3615565975"
32.2973,-110.95549,1,"Remizidae","Auriparus flaviceps",2021,2,12,"4fa7b334-ce0d-4e88-aaae-2e0c138d049e",NA,"3588635068"
32.2973,-110.95549,2,"Trochilidae","Calypte costae",2021,2,12,"4fa7b334-ce0d-4e88-aaae-2e0c138d049e",NA,"3589126592"
32.2973,-110.95549,1,"Emberizidae","Zonotrichia leucophrys",2021,2,12,"4fa7b334-ce0d-4e88-aaae-2e0c138d049e",NA,"3587340814"
32.2973,-110.95549,6,"Fringillidae","Haemorhous mexicanus",2021,2,12,"4fa7b334-ce0d-4e88-aaae-2e0c138d049e",NA,"3587718886"
32.29827,-110.95623,5,"Caprimulgidae","Chordeiles acutipennis",2020,7,25,"4fa7b334-ce0d-4e88-aaae-2e0c138d049e",NA,"3189028276"
32.29827,-110.95623,3,"Odontophoridae","Callipepla gambelii",2020,7,25,"4fa7b334-ce0d-4e88-aaae-2e0c138d049e",NA,"3169799288"
32.29827,-110.95623,5,"Columbidae","Zenaida macroura",2020,7,25,"4fa7b334-ce0d-4e88-aaae-2e0c138d049e",NA,"3192667352"
32.29827,-110.95623,4,"Fringillidae","Haemorhous mexicanus",2020,7,25,"4fa7b334-ce0d-4e88-aaae-2e0c138d049e",NA,"3194444444"
32.29827,-110.95623,2,"Picidae","Melanerpes uropygialis",2020,7,25,"4fa7b334-ce0d-4e88-aaae-2e0c138d049e",NA,"3171128234"
32.29827,-110.95623,2,"Fringillidae","Spinus psaltria",2020,7,25,"4fa7b334-ce0d-4e88-aaae-2e0c138d049e",NA,"3191907475"
32.2973,-110.95549,1,"Accipitridae","Accipiter cooperii",2020,12,20,"4fa7b334-ce0d-4e88-aaae-2e0c138d049e",NA,"3204727855"
32.2973,-110.95549,9,"Fringillidae","Haemorhous mexicanus",2020,12,20,"4fa7b334-ce0d-4e88-aaae-2e0c138d049e",NA,"3215161683"
32.2973,-110.95549,15,"Fringillidae","Spinus psaltria",2020,12,20,"4fa7b334-ce0d-4e88-aaae-2e0c138d049e",NA,"3214510715"
32.2973,-110.95549,2,"Picidae","Melanerpes uropygialis",2020,12,20,"4fa7b334-ce0d-4e88-aaae-2e0c138d049e",NA,"3207305739"
32.2973,-110.95549,1,"Emberizidae","Melozone aberti",2020,12,20,"4fa7b334-ce0d-4e88-aaae-2e0c138d049e",NA,"3195386656"
32.2973,-110.95549,25,"Columbidae","Zenaida macroura",2020,12,20,"4fa7b334-ce0d-4e88-aaae-2e0c138d049e",NA,"3211339963"
32.2973,-110.95549,1,"Trochilidae","Calypte anna",2020,12,20,"4fa7b334-ce0d-4e88-aaae-2e0c138d049e",NA,"3209691619"
32.2973,-110.95549,2,"Ptilogonatidae","Phainopepla nitens",2020,12,20,"4fa7b334-ce0d-4e88-aaae-2e0c138d049e",NA,"3204662792"
32.2973,-110.95549,4,"Emberizidae","Zonotrichia leucophrys",2020,12,20,"4fa7b334-ce0d-4e88-aaae-2e0c138d049e",NA,"3210860620"
32.2973,-110.95549,1,"Emberizidae","Amphispiza bilineata",2020,12,20,"4fa7b334-ce0d-4e88-aaae-2e0c138d049e",NA,"3215168563"
32.2973,-110.95549,1,"Troglodytidae","Thryomanes bewickii",2020,12,20,"4fa7b334-ce0d-4e88-aaae-2e0c138d049e",NA,"3204250858"
32.2973,-110.95549,1,"Remizidae","Auriparus flaviceps",2020,12,20,"4fa7b334-ce0d-4e88-aaae-2e0c138d049e",NA,"3200520864"
32.2973,-110.95549,1,"Mimidae","Mimus polyglottos",2020,12,20,"4fa7b334-ce0d-4e88-aaae-2e0c138d049e",NA,"3213269760"
32.2973,-110.95549,1,"Mimidae","Toxostoma curvirostre",2020,12,20,"4fa7b334-ce0d-4e88-aaae-2e0c138d049e",NA,"3194743749"
32.2973,-110.95549,2,"Odontophoridae","Callipepla gambelii",2020,12,20,"4fa7b334-ce0d-4e88-aaae-2e0c138d049e",NA,"3202213728"
32.2973,-110.95549,1,"Accipitridae","Buteo jamaicensis",2020,12,20,"4fa7b334-ce0d-4e88-aaae-2e0c138d049e",NA,"3202115742"
32.2973,-110.95549,3,"Troglodytidae","Campylorhynchus brunneicapillus",2020,12,20,"4fa7b334-ce0d-4e88-aaae-2e0c138d049e",NA,"3201823496"
32.2973,-110.95549,1,"Cardinalidae","Cardinalis sinuatus",2020,12,20,"4fa7b334-ce0d-4e88-aaae-2e0c138d049e",NA,"3295387784"
32.2973,-110.95549,1,"Picidae","Dryobates scalaris",2020,12,20,"4fa7b334-ce0d-4e88-aaae-2e0c138d049e",NA,"3299289779"
