"decimalLatitude","decimalLongitude","individualCount","family","species","year","month","day","datasetKey","gbifID"
32.20024,-110.92888,4,"Picidae","Melanerpes uropygialis",2021,5,11,"4fa7b334-ce0d-4e88-aaae-2e0c138d049e","3529762710"
32.20024,-110.92888,2,"Fringillidae","Haemorhous mexicanus",2021,5,11,"4fa7b334-ce0d-4e88-aaae-2e0c138d049e","3536293632"
32.20024,-110.92888,3,"Columbidae","Columba livia",2021,5,11,"4fa7b334-ce0d-4e88-aaae-2e0c138d049e","3543104129"
32.20024,-110.92888,6,"Columbidae","Zenaida macroura",2021,5,11,"4fa7b334-ce0d-4e88-aaae-2e0c138d049e","3552131186"
32.20024,-110.92888,5,"Columbidae","Zenaida asiatica",2021,5,11,"4fa7b334-ce0d-4e88-aaae-2e0c138d049e","3554268486"
32.20024,-110.92888,8,"Passeridae","Passer domesticus",2021,5,11,"4fa7b334-ce0d-4e88-aaae-2e0c138d049e","3551876886"
32.20024,-110.92888,4,"Picidae","Melanerpes uropygialis",2021,5,11,"4fa7b334-ce0d-4e88-aaae-2e0c138d049e","3522012695"
32.20024,-110.92888,2,"Fringillidae","Haemorhous mexicanus",2021,5,11,"4fa7b334-ce0d-4e88-aaae-2e0c138d049e","3523848392"
32.20024,-110.92888,3,"Columbidae","Columba livia",2021,5,11,"4fa7b334-ce0d-4e88-aaae-2e0c138d049e","3521914519"
32.20024,-110.92888,6,"Columbidae","Zenaida macroura",2021,5,11,"4fa7b334-ce0d-4e88-aaae-2e0c138d049e","3523887086"
32.20024,-110.92888,5,"Columbidae","Zenaida asiatica",2021,5,11,"4fa7b334-ce0d-4e88-aaae-2e0c138d049e","3525877503"
32.20024,-110.92888,8,"Passeridae","Passer domesticus",2021,5,11,"4fa7b334-ce0d-4e88-aaae-2e0c138d049e","3526587266"
32.201637,-110.93127,8,"Columbidae","Zenaida macroura",2021,9,7,"4fa7b334-ce0d-4e88-aaae-2e0c138d049e","3547619881"
32.201637,-110.93127,4,"Columbidae","Zenaida asiatica",2021,9,7,"4fa7b334-ce0d-4e88-aaae-2e0c138d049e","3556281883"
32.201637,-110.93127,3,"Sturnidae","Sturnus vulgaris",2021,9,7,"4fa7b334-ce0d-4e88-aaae-2e0c138d049e","3565917459"
32.201637,-110.93127,2,"Fringillidae","Haemorhous mexicanus",2021,9,7,"4fa7b334-ce0d-4e88-aaae-2e0c138d049e","3571193707"
32.201637,-110.93127,1,"Picidae","Melanerpes uropygialis",2021,9,7,"4fa7b334-ce0d-4e88-aaae-2e0c138d049e","3571960364"
32.201637,-110.93127,1,"Falconidae","Falco sparverius",2021,9,7,"4fa7b334-ce0d-4e88-aaae-2e0c138d049e","3568882213"
32.20162,-110.93187,3,"Tyrannidae","Pyrocephalus rubinus",2020,12,15,"4fa7b334-ce0d-4e88-aaae-2e0c138d049e","3207249740"
32.20162,-110.93187,2,"Columbidae","Zenaida macroura",2020,12,15,"4fa7b334-ce0d-4e88-aaae-2e0c138d049e","3212166704"
32.20162,-110.93187,1,"Parulidae","Setophaga coronata",2020,12,15,"4fa7b334-ce0d-4e88-aaae-2e0c138d049e","3205471075"
32.20162,-110.93187,25,"Fringillidae","Haemorhous mexicanus",2020,12,15,"4fa7b334-ce0d-4e88-aaae-2e0c138d049e","3211554811"
32.20162,-110.93187,2,"Emberizidae","Zonotrichia leucophrys",2020,12,15,"4fa7b334-ce0d-4e88-aaae-2e0c138d049e","3210510000"
32.20162,-110.93187,1,"Picidae","Melanerpes uropygialis",2020,12,15,"4fa7b334-ce0d-4e88-aaae-2e0c138d049e","3203938937"
32.20162,-110.93187,1,"Trochilidae","Calypte anna",2020,12,15,"4fa7b334-ce0d-4e88-aaae-2e0c138d049e","3198755769"
32.20162,-110.93187,5,"Columbidae","Columba livia",2020,12,15,"4fa7b334-ce0d-4e88-aaae-2e0c138d049e","3210769808"
32.20162,-110.93187,3,"Tyrannidae","Pyrocephalus rubinus",2020,12,15,"4fa7b334-ce0d-4e88-aaae-2e0c138d049e","3208078869"
32.20162,-110.93187,2,"Columbidae","Zenaida macroura",2020,12,15,"4fa7b334-ce0d-4e88-aaae-2e0c138d049e","3207987786"
32.20162,-110.93187,1,"Parulidae","Setophaga coronata",2020,12,15,"4fa7b334-ce0d-4e88-aaae-2e0c138d049e","3210025750"
32.20162,-110.93187,25,"Fringillidae","Haemorhous mexicanus",2020,12,15,"4fa7b334-ce0d-4e88-aaae-2e0c138d049e","3210873586"
32.20162,-110.93187,2,"Emberizidae","Zonotrichia leucophrys",2020,12,15,"4fa7b334-ce0d-4e88-aaae-2e0c138d049e","3199797127"
32.20162,-110.93187,1,"Picidae","Melanerpes uropygialis",2020,12,15,"4fa7b334-ce0d-4e88-aaae-2e0c138d049e","3216506132"
32.20162,-110.93187,1,"Trochilidae","Calypte anna",2020,12,15,"4fa7b334-ce0d-4e88-aaae-2e0c138d049e","3197085925"
32.20162,-110.93187,5,"Columbidae","Columba livia",2020,12,15,"4fa7b334-ce0d-4e88-aaae-2e0c138d049e","3204041916"
32.20024,-110.92888,3,"Columbidae","Zenaida macroura",2019,5,10,"4fa7b334-ce0d-4e88-aaae-2e0c138d049e","2748211443"
32.20024,-110.92888,4,"Columbidae","Zenaida asiatica",2019,5,10,"4fa7b334-ce0d-4e88-aaae-2e0c138d049e","2750513433"
32.20024,-110.92888,1,"Anatidae","Anas platyrhynchos",2019,5,10,"4fa7b334-ce0d-4e88-aaae-2e0c138d049e","2734257445"
32.20024,-110.92888,7,"Fringillidae","Haemorhous mexicanus",2019,5,10,"4fa7b334-ce0d-4e88-aaae-2e0c138d049e","2748724354"
32.20024,-110.92888,2,"Picidae","Melanerpes uropygialis",2019,5,10,"4fa7b334-ce0d-4e88-aaae-2e0c138d049e","2747417398"
32.20024,-110.92888,10,"Passeridae","Passer domesticus",2019,5,10,"4fa7b334-ce0d-4e88-aaae-2e0c138d049e","2774943405"
32.20024,-110.92888,1,"Columbidae","Columba livia",2019,5,10,"4fa7b334-ce0d-4e88-aaae-2e0c138d049e","2733180275"
32.20024,-110.92888,3,"Columbidae","Zenaida macroura",2019,5,10,"4fa7b334-ce0d-4e88-aaae-2e0c138d049e","2761949315"
32.20024,-110.92888,1,"Anatidae","Anas platyrhynchos",2019,5,10,"4fa7b334-ce0d-4e88-aaae-2e0c138d049e","2749213515"
32.20024,-110.92888,4,"Columbidae","Zenaida asiatica",2019,5,10,"4fa7b334-ce0d-4e88-aaae-2e0c138d049e","2743606386"
32.20024,-110.92888,2,"Picidae","Melanerpes uropygialis",2019,5,10,"4fa7b334-ce0d-4e88-aaae-2e0c138d049e","2747178349"
32.20024,-110.92888,7,"Fringillidae","Haemorhous mexicanus",2019,5,10,"4fa7b334-ce0d-4e88-aaae-2e0c138d049e","2765674238"
32.20024,-110.92888,10,"Passeridae","Passer domesticus",2019,5,10,"4fa7b334-ce0d-4e88-aaae-2e0c138d049e","2777622351"
32.20024,-110.92888,1,"Columbidae","Columba livia",2019,5,10,"4fa7b334-ce0d-4e88-aaae-2e0c138d049e","2777872397"
32.20024,-110.92888,3,"Columbidae","Zenaida macroura",2019,5,10,"4fa7b334-ce0d-4e88-aaae-2e0c138d049e","2684249135"
32.20024,-110.92888,1,"Anatidae","Anas platyrhynchos",2019,5,10,"4fa7b334-ce0d-4e88-aaae-2e0c138d049e","2674214214"
32.20024,-110.92888,4,"Columbidae","Zenaida asiatica",2019,5,10,"4fa7b334-ce0d-4e88-aaae-2e0c138d049e","2675566243"
32.20024,-110.92888,2,"Picidae","Melanerpes uropygialis",2019,5,10,"4fa7b334-ce0d-4e88-aaae-2e0c138d049e","2675482330"
32.20024,-110.92888,7,"Fringillidae","Haemorhous mexicanus",2019,5,10,"4fa7b334-ce0d-4e88-aaae-2e0c138d049e","2686195395"
32.20024,-110.92888,10,"Passeridae","Passer domesticus",2019,5,10,"4fa7b334-ce0d-4e88-aaae-2e0c138d049e","2671433331"
32.20024,-110.92888,1,"Columbidae","Columba livia",2019,5,10,"4fa7b334-ce0d-4e88-aaae-2e0c138d049e","2686678106"
