"decimalLatitude","decimalLongitude","individualCount","family","species","year","month","day","datasetKey","gbifID"
32.20915,-110.830696,1,"Ptilogonatidae","Phainopepla nitens",2021,1,20,"4fa7b334-ce0d-4e88-aaae-2e0c138d049e","3609485805"
32.20915,-110.830696,2,"Polioptilidae","Polioptila caerulea",2021,1,20,"4fa7b334-ce0d-4e88-aaae-2e0c138d049e","3616656683"
32.20812,-110.83233,2,"Tyrannidae","Sayornis saya",2019,9,4,"4fa7b334-ce0d-4e88-aaae-2e0c138d049e","2761627542"
32.213665,-110.83239,4,"Emberizidae","Spizella passerina",2019,12,19,"4fa7b334-ce0d-4e88-aaae-2e0c138d049e","2714258534"
32.213665,-110.83239,1,"Columbidae","Zenaida macroura",2019,12,19,"4fa7b334-ce0d-4e88-aaae-2e0c138d049e","2716771626"
32.213665,-110.83239,4,"Emberizidae","Zonotrichia leucophrys",2019,12,19,"4fa7b334-ce0d-4e88-aaae-2e0c138d049e","2710667344"
