"decimalLatitude","decimalLongitude","individualCount","family","species","year","month","day","datasetKey","datasetName","gbifID"
32.120956,-110.96394,1,"Mimidae","Mimus polyglottos",2021,3,8,"4fa7b334-ce0d-4e88-aaae-2e0c138d049e",NA,"3597670969"
32.120956,-110.96394,27,"Passeridae","Passer domesticus",2021,3,8,"4fa7b334-ce0d-4e88-aaae-2e0c138d049e",NA,"3550040064"
32.120956,-110.96394,48,"Fringillidae","Haemorhous mexicanus",2021,3,8,"4fa7b334-ce0d-4e88-aaae-2e0c138d049e",NA,"3534894700"
32.120956,-110.96394,1,"Fringillidae","Spinus psaltria",2021,3,8,"4fa7b334-ce0d-4e88-aaae-2e0c138d049e",NA,"3533601077"
32.120956,-110.96394,2,"Columbidae","Zenaida macroura",2021,3,8,"4fa7b334-ce0d-4e88-aaae-2e0c138d049e",NA,"3528474042"
32.120956,-110.96394,8,"Columbidae","Streptopelia decaocto",2021,3,8,"4fa7b334-ce0d-4e88-aaae-2e0c138d049e",NA,"3555093040"
32.120956,-110.96394,3,"Picidae","Melanerpes uropygialis",2021,3,8,"4fa7b334-ce0d-4e88-aaae-2e0c138d049e",NA,"3558425106"
32.120956,-110.96394,5,"Columbidae","Zenaida macroura",2021,3,9,"4fa7b334-ce0d-4e88-aaae-2e0c138d049e",NA,"3510292709"
32.120956,-110.96394,1,"Cardinalidae","Cardinalis sinuatus",2021,3,9,"4fa7b334-ce0d-4e88-aaae-2e0c138d049e",NA,"3508052523"
32.120956,-110.96394,54,"Passeridae","Passer domesticus",2021,3,9,"4fa7b334-ce0d-4e88-aaae-2e0c138d049e",NA,"3609656334"
32.120956,-110.96394,17,"Columbidae","Streptopelia decaocto",2021,3,9,"4fa7b334-ce0d-4e88-aaae-2e0c138d049e",NA,"3617093303"
32.120956,-110.96394,32,"Fringillidae","Haemorhous mexicanus",2021,3,9,"4fa7b334-ce0d-4e88-aaae-2e0c138d049e",NA,"3627812899"
32.120956,-110.96394,3,"Mimidae","Toxostoma curvirostre",2021,3,9,"4fa7b334-ce0d-4e88-aaae-2e0c138d049e",NA,"3626399543"
32.120956,-110.96394,6,"Picidae","Melanerpes uropygialis",2021,3,9,"4fa7b334-ce0d-4e88-aaae-2e0c138d049e",NA,"3597470663"
32.120956,-110.96394,1,"Mimidae","Mimus polyglottos",2021,3,9,"4fa7b334-ce0d-4e88-aaae-2e0c138d049e",NA,"3600033483"
32.120956,-110.96394,2,"Corvidae","Corvus corax",2021,3,22,"4fa7b334-ce0d-4e88-aaae-2e0c138d049e",NA,"3640827752"
32.120956,-110.96394,1,"Fringillidae","Haemorhous mexicanus",2021,4,16,"4fa7b334-ce0d-4e88-aaae-2e0c138d049e",NA,"3608421794"
32.120956,-110.96394,1,"Parulidae","Cardellina pusilla",2021,4,16,"4fa7b334-ce0d-4e88-aaae-2e0c138d049e",NA,"3631485532"
32.126392,-110.96838,2,"Passeridae","Passer domesticus",2021,4,21,"4fa7b334-ce0d-4e88-aaae-2e0c138d049e",NA,"3631830447"
32.126392,-110.96838,3,"Fringillidae","Haemorhous mexicanus",2021,4,21,"4fa7b334-ce0d-4e88-aaae-2e0c138d049e",NA,"3623944512"
32.133957,-110.97777,10,"Columbidae","Columba livia",2021,8,7,"4fa7b334-ce0d-4e88-aaae-2e0c138d049e",NA,"3663270974"
32.133957,-110.97777,2,"Icteridae","Quiscalus mexicanus",2021,8,7,"4fa7b334-ce0d-4e88-aaae-2e0c138d049e",NA,"3662967301"
32.133957,-110.97777,2,"Corvidae","Corvus corax",2021,8,7,"4fa7b334-ce0d-4e88-aaae-2e0c138d049e",NA,"3625400855"
32.133957,-110.97777,1,"Sturnidae","Sturnus vulgaris",2021,8,7,"4fa7b334-ce0d-4e88-aaae-2e0c138d049e",NA,"3621688406"
32.133957,-110.97777,3,"Columbidae","Streptopelia decaocto",2021,8,7,"4fa7b334-ce0d-4e88-aaae-2e0c138d049e",NA,"3622173946"
32.133957,-110.97777,10,"Columbidae","Columba livia",2021,8,7,"4fa7b334-ce0d-4e88-aaae-2e0c138d049e",NA,"3564994491"
32.133957,-110.97777,2,"Icteridae","Quiscalus mexicanus",2021,8,7,"4fa7b334-ce0d-4e88-aaae-2e0c138d049e",NA,"3565793099"
32.133957,-110.97777,2,"Corvidae","Corvus corax",2021,8,7,"4fa7b334-ce0d-4e88-aaae-2e0c138d049e",NA,"3567957113"
32.133957,-110.97777,1,"Sturnidae","Sturnus vulgaris",2021,8,7,"4fa7b334-ce0d-4e88-aaae-2e0c138d049e",NA,"3569679535"
32.133957,-110.97777,3,"Columbidae","Streptopelia decaocto",2021,8,7,"4fa7b334-ce0d-4e88-aaae-2e0c138d049e",NA,"3562514284"
32.133957,-110.97777,2,"Columbidae","Streptopelia decaocto",2021,8,14,"4fa7b334-ce0d-4e88-aaae-2e0c138d049e",NA,"3543300304"
32.131268,-110.962006,1,"Accipitridae","Buteo jamaicensis",2021,8,21,"4fa7b334-ce0d-4e88-aaae-2e0c138d049e",NA,"3616053174"
32.119602,-110.96912,9,"Columbidae","Columba livia",2020,1,6,"4fa7b334-ce0d-4e88-aaae-2e0c138d049e",NA,"3136685295"
32.119602,-110.96912,4,"Sturnidae","Sturnus vulgaris",2020,1,6,"4fa7b334-ce0d-4e88-aaae-2e0c138d049e",NA,"3152480369"
32.119602,-110.96912,12,"Columbidae","Streptopelia decaocto",2020,1,6,"4fa7b334-ce0d-4e88-aaae-2e0c138d049e",NA,"3155649356"
32.119602,-110.96912,2,"Parulidae","Setophaga coronata",2020,1,6,"4fa7b334-ce0d-4e88-aaae-2e0c138d049e",NA,"3148178372"
32.119602,-110.96912,2,"Picidae","Melanerpes uropygialis",2020,1,6,"4fa7b334-ce0d-4e88-aaae-2e0c138d049e",NA,"3150344320"
32.119602,-110.96912,1,"Falconidae","Falco sparverius",2020,1,6,"4fa7b334-ce0d-4e88-aaae-2e0c138d049e",NA,"3137481383"
32.119602,-110.96912,1,"Remizidae","Auriparus flaviceps",2020,1,6,"4fa7b334-ce0d-4e88-aaae-2e0c138d049e",NA,"3139858300"
32.119602,-110.96912,7,"Columbidae","Zenaida macroura",2020,1,6,"4fa7b334-ce0d-4e88-aaae-2e0c138d049e",NA,"3136556272"
32.119602,-110.96912,1,"Troglodytidae","Campylorhynchus brunneicapillus",2020,1,6,"4fa7b334-ce0d-4e88-aaae-2e0c138d049e",NA,"3136020225"
32.119602,-110.96912,2,"Fringillidae","Haemorhous mexicanus",2020,1,6,"4fa7b334-ce0d-4e88-aaae-2e0c138d049e",NA,"3135681231"
32.119602,-110.96912,35,"Columbidae","Zenaida macroura",2020,2,12,"4fa7b334-ce0d-4e88-aaae-2e0c138d049e",NA,"3222362714"
32.119602,-110.96912,3,"Fringillidae","Haemorhous mexicanus",2020,2,12,"4fa7b334-ce0d-4e88-aaae-2e0c138d049e",NA,"3228771661"
32.119602,-110.96912,3,"Mimidae","Mimus polyglottos",2020,2,12,"4fa7b334-ce0d-4e88-aaae-2e0c138d049e",NA,"3222996659"
32.119602,-110.96912,4,"Trochilidae","Calypte anna",2020,2,12,"4fa7b334-ce0d-4e88-aaae-2e0c138d049e",NA,"3227031669"
32.119602,-110.96912,33,"Passeridae","Passer domesticus",2020,2,12,"4fa7b334-ce0d-4e88-aaae-2e0c138d049e",NA,"3231824765"
32.119602,-110.96912,10,"Columbidae","Streptopelia decaocto",2020,2,12,"4fa7b334-ce0d-4e88-aaae-2e0c138d049e",NA,"3225322826"
32.119602,-110.96912,1,"Picidae","Dryobates scalaris",2020,2,12,"4fa7b334-ce0d-4e88-aaae-2e0c138d049e",NA,"3231497828"
32.119602,-110.96912,16,"Columbidae","Columba livia",2020,2,12,"4fa7b334-ce0d-4e88-aaae-2e0c138d049e",NA,"3236144826"
32.119602,-110.96912,1,"Parulidae","Setophaga coronata",2020,2,12,"4fa7b334-ce0d-4e88-aaae-2e0c138d049e",NA,"3245250812"
32.119602,-110.96912,1,"Corvidae","Corvus corax",2020,2,12,"4fa7b334-ce0d-4e88-aaae-2e0c138d049e",NA,"3227493744"
32.119602,-110.96912,1,"Troglodytidae","Campylorhynchus brunneicapillus",2020,2,12,"4fa7b334-ce0d-4e88-aaae-2e0c138d049e",NA,"3228592711"
32.119602,-110.96912,10,"Picidae","Melanerpes uropygialis",2020,2,12,"4fa7b334-ce0d-4e88-aaae-2e0c138d049e",NA,"3233448713"
32.119602,-110.96912,7,"Fringillidae","Spinus psaltria",2020,2,12,"4fa7b334-ce0d-4e88-aaae-2e0c138d049e",NA,"3237165700"
32.119602,-110.96912,1,"Mimidae","Toxostoma curvirostre",2020,2,12,"4fa7b334-ce0d-4e88-aaae-2e0c138d049e",NA,"3232578730"
32.119602,-110.96912,1,"Accipitridae","Accipiter cooperii",2020,2,12,"4fa7b334-ce0d-4e88-aaae-2e0c138d049e",NA,"3240082725"
32.119602,-110.96912,5,"Remizidae","Auriparus flaviceps",2020,2,12,"4fa7b334-ce0d-4e88-aaae-2e0c138d049e",NA,"3241531668"
32.119602,-110.96912,2,"Emberizidae","Peucaea carpalis",2020,2,12,"4fa7b334-ce0d-4e88-aaae-2e0c138d049e",NA,"3236356727"
32.119602,-110.96912,3,"Sturnidae","Sturnus vulgaris",2020,2,12,"4fa7b334-ce0d-4e88-aaae-2e0c138d049e",NA,"3232262752"
32.119602,-110.96912,2,"Mimidae","Toxostoma curvirostre",2020,2,17,"4fa7b334-ce0d-4e88-aaae-2e0c138d049e",NA,"3135689960"
32.119602,-110.96912,30,"Columbidae","Zenaida macroura",2020,2,17,"4fa7b334-ce0d-4e88-aaae-2e0c138d049e",NA,"3142430887"
32.119602,-110.96912,1,"Picidae","Dryobates scalaris",2020,2,17,"4fa7b334-ce0d-4e88-aaae-2e0c138d049e",NA,"3153552874"
32.119602,-110.96912,1,"Sturnidae","Sturnus vulgaris",2020,2,17,"4fa7b334-ce0d-4e88-aaae-2e0c138d049e",NA,"3151662014"
32.119602,-110.96912,20,"Passeridae","Passer domesticus",2020,2,17,"4fa7b334-ce0d-4e88-aaae-2e0c138d049e",NA,"3152181030"
32.119602,-110.96912,20,"Columbidae","Streptopelia decaocto",2020,2,17,"4fa7b334-ce0d-4e88-aaae-2e0c138d049e",NA,"3149837785"
32.119602,-110.96912,6,"Fringillidae","Haemorhous mexicanus",2020,2,17,"4fa7b334-ce0d-4e88-aaae-2e0c138d049e",NA,"3137514856"
32.119602,-110.96912,1,"Mimidae","Mimus polyglottos",2020,2,17,"4fa7b334-ce0d-4e88-aaae-2e0c138d049e",NA,"3136003898"
32.119602,-110.96912,1,"Parulidae","Setophaga coronata",2020,2,17,"4fa7b334-ce0d-4e88-aaae-2e0c138d049e",NA,"3147564959"
32.119602,-110.96912,1,"Emberizidae","Peucaea carpalis",2020,2,17,"4fa7b334-ce0d-4e88-aaae-2e0c138d049e",NA,"3139383977"
32.119602,-110.96912,14,"Fringillidae","Spinus psaltria",2020,2,17,"4fa7b334-ce0d-4e88-aaae-2e0c138d049e",NA,"3145692078"
32.119602,-110.96912,9,"Columbidae","Columba livia",2020,2,17,"4fa7b334-ce0d-4e88-aaae-2e0c138d049e",NA,"3139776017"
32.119602,-110.96912,7,"Picidae","Melanerpes uropygialis",2020,2,17,"4fa7b334-ce0d-4e88-aaae-2e0c138d049e",NA,"3144992990"
32.119602,-110.96912,6,"Remizidae","Auriparus flaviceps",2020,2,17,"4fa7b334-ce0d-4e88-aaae-2e0c138d049e",NA,"3152765988"
32.119602,-110.96912,2,"Trochilidae","Calypte anna",2020,2,17,"4fa7b334-ce0d-4e88-aaae-2e0c138d049e",NA,"3149265931"
32.119602,-110.96912,2,"Parulidae","Leiothlypis luciae",2020,5,30,"4fa7b334-ce0d-4e88-aaae-2e0c138d049e",NA,"3260115267"
32.119602,-110.96912,10,"Remizidae","Auriparus flaviceps",2020,5,30,"4fa7b334-ce0d-4e88-aaae-2e0c138d049e",NA,"3258080046"
32.119602,-110.96912,3,"Emberizidae","Peucaea carpalis",2020,5,30,"4fa7b334-ce0d-4e88-aaae-2e0c138d049e",NA,"3279448104"
32.119602,-110.96912,7,"Picidae","Melanerpes uropygialis",2020,5,30,"4fa7b334-ce0d-4e88-aaae-2e0c138d049e",NA,"3265314135"
32.119602,-110.96912,17,"Columbidae","Zenaida macroura",2020,5,30,"4fa7b334-ce0d-4e88-aaae-2e0c138d049e",NA,"3265434268"
32.119602,-110.96912,5,"Fringillidae","Haemorhous mexicanus",2020,5,30,"4fa7b334-ce0d-4e88-aaae-2e0c138d049e",NA,"3266714288"
32.119602,-110.96912,1,"Mimidae","Toxostoma curvirostre",2020,5,30,"4fa7b334-ce0d-4e88-aaae-2e0c138d049e",NA,"3276163264"
32.119602,-110.96912,6,"Tyrannidae","Pyrocephalus rubinus",2020,5,30,"4fa7b334-ce0d-4e88-aaae-2e0c138d049e",NA,"3272661211"
32.119602,-110.96912,1,"Cathartidae","Cathartes aura",2020,5,30,"4fa7b334-ce0d-4e88-aaae-2e0c138d049e",NA,"3257646326"
32.119602,-110.96912,5,"Columbidae","Columba livia",2020,5,30,"4fa7b334-ce0d-4e88-aaae-2e0c138d049e",NA,"3254629289"
32.119602,-110.96912,6,"Columbidae","Zenaida asiatica",2020,5,30,"4fa7b334-ce0d-4e88-aaae-2e0c138d049e",NA,"3282303377"
32.119602,-110.96912,4,"Trochilidae","Calypte anna",2020,5,30,"4fa7b334-ce0d-4e88-aaae-2e0c138d049e",NA,"3254425355"
32.119602,-110.96912,9,"Columbidae","Streptopelia decaocto",2020,5,30,"4fa7b334-ce0d-4e88-aaae-2e0c138d049e",NA,"3268234278"
32.119602,-110.96912,19,"Passeridae","Passer domesticus",2020,5,30,"4fa7b334-ce0d-4e88-aaae-2e0c138d049e",NA,"3268690242"
32.13385,-110.97317,1,"Falconidae","Falco peregrinus",2020,11,1,"4fa7b334-ce0d-4e88-aaae-2e0c138d049e",NA,"3199247981"
32.13385,-110.97317,1,"Falconidae","Falco peregrinus",2020,11,1,"4fa7b334-ce0d-4e88-aaae-2e0c138d049e",NA,"3286349489"
32.119602,-110.96912,1,"Trochilidae","Calypte anna",2019,1,5,"4fa7b334-ce0d-4e88-aaae-2e0c138d049e",NA,"2775089243"
32.119602,-110.96912,1,"Sturnidae","Sturnus vulgaris",2019,1,5,"4fa7b334-ce0d-4e88-aaae-2e0c138d049e",NA,"2783955488"
32.119602,-110.96912,2,"Remizidae","Auriparus flaviceps",2019,1,5,"4fa7b334-ce0d-4e88-aaae-2e0c138d049e",NA,"2764557482"
32.119602,-110.96912,2,"Columbidae","Zenaida macroura",2019,1,5,"4fa7b334-ce0d-4e88-aaae-2e0c138d049e",NA,"2774371412"
32.119602,-110.96912,26,"Columbidae","Columba livia",2019,1,5,"4fa7b334-ce0d-4e88-aaae-2e0c138d049e",NA,"2780090516"
32.119602,-110.96912,4,"Passeridae","Passer domesticus",2019,1,5,"4fa7b334-ce0d-4e88-aaae-2e0c138d049e",NA,"2778321591"
32.119602,-110.96912,32,"Columbidae","Zenaida macroura",2019,1,25,"4fa7b334-ce0d-4e88-aaae-2e0c138d049e",NA,"2726088563"
32.119602,-110.96912,4,"Picidae","Melanerpes uropygialis",2019,1,25,"4fa7b334-ce0d-4e88-aaae-2e0c138d049e",NA,"2725070558"
32.119602,-110.96912,2,"Fringillidae","Haemorhous mexicanus",2019,1,25,"4fa7b334-ce0d-4e88-aaae-2e0c138d049e",NA,"2722912560"
32.119602,-110.96912,10,"Columbidae","Streptopelia decaocto",2019,1,25,"4fa7b334-ce0d-4e88-aaae-2e0c138d049e",NA,"2715846457"
32.119602,-110.96912,1,"Falconidae","Falco sparverius",2019,1,25,"4fa7b334-ce0d-4e88-aaae-2e0c138d049e",NA,"2717550383"
32.119602,-110.96912,5,"Columbidae","Columba livia",2019,1,25,"4fa7b334-ce0d-4e88-aaae-2e0c138d049e",NA,"2719678349"
32.119602,-110.96912,2,"Trochilidae","Calypte anna",2019,1,25,"4fa7b334-ce0d-4e88-aaae-2e0c138d049e",NA,"2714503515"
32.119602,-110.96912,10,"Passeridae","Passer domesticus",2019,1,25,"4fa7b334-ce0d-4e88-aaae-2e0c138d049e",NA,"2713888340"
32.119602,-110.96912,1,"Remizidae","Auriparus flaviceps",2019,1,25,"4fa7b334-ce0d-4e88-aaae-2e0c138d049e",NA,"2724506302"
32.119602,-110.96912,1,"Parulidae","Setophaga nigrescens",2019,1,25,"4fa7b334-ce0d-4e88-aaae-2e0c138d049e",NA,"2716991535"
32.119602,-110.96912,2,"Sturnidae","Sturnus vulgaris",2019,1,25,"4fa7b334-ce0d-4e88-aaae-2e0c138d049e",NA,"2723435600"
32.119602,-110.96912,1,"Cardinalidae","Cardinalis cardinalis",2019,1,25,"4fa7b334-ce0d-4e88-aaae-2e0c138d049e",NA,"2713025835"
32.119602,-110.96912,1,"Parulidae","Setophaga coronata",2019,1,25,"4fa7b334-ce0d-4e88-aaae-2e0c138d049e",NA,"2716448621"
32.119602,-110.96912,1,"Tyrannidae","Pyrocephalus rubinus",2019,1,25,"4fa7b334-ce0d-4e88-aaae-2e0c138d049e",NA,"2713327446"
32.119602,-110.96912,4,"Fringillidae","Spinus psaltria",2019,1,25,"4fa7b334-ce0d-4e88-aaae-2e0c138d049e",NA,"2724580537"
32.119602,-110.96912,17,"Columbidae","Columba livia",2019,1,8,"4fa7b334-ce0d-4e88-aaae-2e0c138d049e",NA,"2795715118"
32.119602,-110.96912,1,"Falconidae","Falco sparverius",2019,1,8,"4fa7b334-ce0d-4e88-aaae-2e0c138d049e",NA,"2797824983"
32.119602,-110.96912,1,"Remizidae","Auriparus flaviceps",2019,1,8,"4fa7b334-ce0d-4e88-aaae-2e0c138d049e",NA,"2796723758"
32.119602,-110.96912,4,"Passeridae","Passer domesticus",2019,1,8,"4fa7b334-ce0d-4e88-aaae-2e0c138d049e",NA,"2796673631"
32.119602,-110.96912,1,"Sturnidae","Sturnus vulgaris",2019,1,8,"4fa7b334-ce0d-4e88-aaae-2e0c138d049e",NA,"2796376673"
32.119602,-110.96912,1,"Tyrannidae","Sayornis saya",2019,1,8,"4fa7b334-ce0d-4e88-aaae-2e0c138d049e",NA,"2797542727"
32.119602,-110.96912,1,"Emberizidae","Zonotrichia leucophrys",2019,1,8,"4fa7b334-ce0d-4e88-aaae-2e0c138d049e",NA,"2797117625"
32.119602,-110.96912,11,"Columbidae","Streptopelia decaocto",2019,1,8,"4fa7b334-ce0d-4e88-aaae-2e0c138d049e",NA,"2796522659"
32.119602,-110.96912,9,"Columbidae","Zenaida macroura",2019,1,8,"4fa7b334-ce0d-4e88-aaae-2e0c138d049e",NA,"2801715616"
32.119602,-110.96912,2,"Picidae","Melanerpes uropygialis",2019,1,8,"4fa7b334-ce0d-4e88-aaae-2e0c138d049e",NA,"2797668714"
32.12032,-110.96188,1,"Trochilidae","Calypte anna",2019,5,16,"4fa7b334-ce0d-4e88-aaae-2e0c138d049e",NA,"2694963362"
32.12032,-110.96188,2,"Picidae","Melanerpes uropygialis",2019,5,16,"4fa7b334-ce0d-4e88-aaae-2e0c138d049e",NA,"2697338514"
32.12032,-110.96188,2,"Fringillidae","Haemorhous mexicanus",2019,5,16,"4fa7b334-ce0d-4e88-aaae-2e0c138d049e",NA,"2690757534"
32.119602,-110.96912,2,"Picidae","Melanerpes uropygialis",2019,5,30,"4fa7b334-ce0d-4e88-aaae-2e0c138d049e",NA,"2717793930"
32.119602,-110.96912,1,"Mimidae","Toxostoma curvirostre",2019,5,30,"4fa7b334-ce0d-4e88-aaae-2e0c138d049e",NA,"2709934141"
32.119602,-110.96912,1,"Columbidae","Zenaida asiatica",2019,5,30,"4fa7b334-ce0d-4e88-aaae-2e0c138d049e",NA,"2725331950"
32.119602,-110.96912,1,"Trochilidae","Archilochus alexandri",2019,5,30,"4fa7b334-ce0d-4e88-aaae-2e0c138d049e",NA,"2722746945"
32.119602,-110.96912,7,"Columbidae","Streptopelia decaocto",2019,5,30,"4fa7b334-ce0d-4e88-aaae-2e0c138d049e",NA,"2712557768"
32.119602,-110.96912,1,"Icteridae","Quiscalus mexicanus",2019,5,30,"4fa7b334-ce0d-4e88-aaae-2e0c138d049e",NA,"2714535774"
32.119602,-110.96912,3,"Remizidae","Auriparus flaviceps",2019,5,30,"4fa7b334-ce0d-4e88-aaae-2e0c138d049e",NA,"2723817875"
32.119602,-110.96912,5,"Columbidae","Zenaida macroura",2019,5,30,"4fa7b334-ce0d-4e88-aaae-2e0c138d049e",NA,"2721648743"
32.119602,-110.96912,8,"Passeridae","Passer domesticus",2019,5,30,"4fa7b334-ce0d-4e88-aaae-2e0c138d049e",NA,"2718411656"
32.119602,-110.96912,7,"Columbidae","Columba livia",2019,5,30,"4fa7b334-ce0d-4e88-aaae-2e0c138d049e",NA,"2800011526"
32.133682,-110.97626,3,"Columbidae","Zenaida asiatica",2019,8,2,"4fa7b334-ce0d-4e88-aaae-2e0c138d049e",NA,"2767964041"
32.133682,-110.97626,3,"Columbidae","Zenaida asiatica",2019,8,2,"4fa7b334-ce0d-4e88-aaae-2e0c138d049e",NA,"2689722430"
32.119602,-110.96912,1,"Tyrannidae","Pyrocephalus rubinus",2019,8,11,"4fa7b334-ce0d-4e88-aaae-2e0c138d049e",NA,"2715685521"
32.119602,-110.96912,1,"Icteridae","Icterus cucullatus",2019,8,11,"4fa7b334-ce0d-4e88-aaae-2e0c138d049e",NA,"2715016612"
32.119602,-110.96912,3,"Columbidae","Zenaida macroura",2019,8,11,"4fa7b334-ce0d-4e88-aaae-2e0c138d049e",NA,"2726074861"
32.119602,-110.96912,8,"Columbidae","Zenaida macroura",2019,9,6,"4fa7b334-ce0d-4e88-aaae-2e0c138d049e",NA,"2717856386"
32.119602,-110.96912,1,"Tyrannidae","Pyrocephalus rubinus",2019,9,6,"4fa7b334-ce0d-4e88-aaae-2e0c138d049e",NA,"2711043424"
32.119602,-110.96912,18,"Columbidae","Streptopelia decaocto",2019,9,6,"4fa7b334-ce0d-4e88-aaae-2e0c138d049e",NA,"2701389961"
32.119602,-110.96912,2,"Picidae","Melanerpes uropygialis",2019,9,6,"4fa7b334-ce0d-4e88-aaae-2e0c138d049e",NA,"2720607201"
32.119602,-110.96912,5,"Columbidae","Zenaida asiatica",2019,9,6,"4fa7b334-ce0d-4e88-aaae-2e0c138d049e",NA,"2698730041"
32.13371,-110.96818,1,"Columbidae","Columba livia",2018,1,19,"4fa7b334-ce0d-4e88-aaae-2e0c138d049e",NA,"2130564449"
32.13371,-110.96818,1,"Columbidae","Streptopelia decaocto",2018,1,19,"4fa7b334-ce0d-4e88-aaae-2e0c138d049e",NA,"2122163566"
32.13371,-110.96818,1,"Accipitridae","Buteo jamaicensis",2018,1,19,"4fa7b334-ce0d-4e88-aaae-2e0c138d049e",NA,"2122156491"
32.12177,-110.96426,1,"Accipitridae","Accipiter cooperii",2018,6,30,"4fa7b334-ce0d-4e88-aaae-2e0c138d049e",NA,"3209674651"
32.119602,-110.96912,1,"Picidae","Melanerpes uropygialis",2018,7,17,"4fa7b334-ce0d-4e88-aaae-2e0c138d049e",NA,"2199936914"
32.119602,-110.96912,1,"Fringillidae","Haemorhous mexicanus",2018,7,17,"4fa7b334-ce0d-4e88-aaae-2e0c138d049e",NA,"2184023661"
32.119602,-110.96912,1,"Columbidae","Zenaida asiatica",2018,7,17,"4fa7b334-ce0d-4e88-aaae-2e0c138d049e",NA,"2195627395"
32.119602,-110.96912,4,"Columbidae","Streptopelia decaocto",2018,7,17,"4fa7b334-ce0d-4e88-aaae-2e0c138d049e",NA,"2199921663"
32.119602,-110.96912,1,"Sturnidae","Sturnus vulgaris",2018,8,29,"4fa7b334-ce0d-4e88-aaae-2e0c138d049e",NA,"2208146777"
32.119602,-110.96912,5,"Tyrannidae","Pyrocephalus rubinus",2018,8,29,"4fa7b334-ce0d-4e88-aaae-2e0c138d049e",NA,"2184022296"
32.119602,-110.96912,1,"Trochilidae","Calypte anna",2018,8,29,"4fa7b334-ce0d-4e88-aaae-2e0c138d049e",NA,"2184026375"
32.119602,-110.96912,1,"Columbidae","Columba livia",2018,8,29,"4fa7b334-ce0d-4e88-aaae-2e0c138d049e",NA,"2199942668"
32.119602,-110.96912,1,"Sturnidae","Sturnus vulgaris",2018,8,30,"4fa7b334-ce0d-4e88-aaae-2e0c138d049e",NA,"2208170393"
32.119602,-110.96912,1,"Mimidae","Mimus polyglottos",2018,8,30,"4fa7b334-ce0d-4e88-aaae-2e0c138d049e",NA,"2208190372"
32.119602,-110.96912,3,"Tyrannidae","Pyrocephalus rubinus",2018,8,30,"4fa7b334-ce0d-4e88-aaae-2e0c138d049e",NA,"2199927650"
32.119602,-110.96912,6,"Columbidae","Streptopelia decaocto",2018,8,30,"4fa7b334-ce0d-4e88-aaae-2e0c138d049e",NA,"2195618836"
32.119602,-110.96912,1,"Falconidae","Falco sparverius",2018,8,30,"4fa7b334-ce0d-4e88-aaae-2e0c138d049e",NA,"2184039378"
32.119602,-110.96912,4,"Columbidae","Zenaida macroura",2018,8,30,"4fa7b334-ce0d-4e88-aaae-2e0c138d049e",NA,"2199930806"
32.12177,-110.96426,1,"Mimidae","Toxostoma curvirostre",2018,8,22,"4fa7b334-ce0d-4e88-aaae-2e0c138d049e",NA,"2210432546"
32.12177,-110.96426,6,"Fringillidae","Haemorhous mexicanus",2018,8,22,"4fa7b334-ce0d-4e88-aaae-2e0c138d049e",NA,"2197563423"
32.12177,-110.96426,2,"Picidae","Melanerpes uropygialis",2018,8,22,"4fa7b334-ce0d-4e88-aaae-2e0c138d049e",NA,"2185598619"
32.12177,-110.96426,1,"Columbidae","Zenaida asiatica",2018,8,22,"4fa7b334-ce0d-4e88-aaae-2e0c138d049e",NA,"2210447579"
32.12177,-110.96426,4,"Troglodytidae","Campylorhynchus brunneicapillus",2018,8,22,"4fa7b334-ce0d-4e88-aaae-2e0c138d049e",NA,"2185607105"
32.12177,-110.96426,2,"Cardinalidae","Cardinalis cardinalis",2018,8,22,"4fa7b334-ce0d-4e88-aaae-2e0c138d049e",NA,"2201797320"
32.12177,-110.96426,6,"Columbidae","Zenaida macroura",2018,8,22,"4fa7b334-ce0d-4e88-aaae-2e0c138d049e",NA,"2185589220"
32.119602,-110.96912,3,"Picidae","Melanerpes uropygialis",2018,9,7,"4fa7b334-ce0d-4e88-aaae-2e0c138d049e",NA,"2184014356"
32.119602,-110.96912,2,"Emberizidae","Peucaea carpalis",2018,9,7,"4fa7b334-ce0d-4e88-aaae-2e0c138d049e",NA,"2208146143"
32.119602,-110.96912,1,"Mimidae","Toxostoma curvirostre",2018,9,7,"4fa7b334-ce0d-4e88-aaae-2e0c138d049e",NA,"2199919313"
32.119602,-110.96912,10,"Fringillidae","Spinus psaltria",2018,9,7,"4fa7b334-ce0d-4e88-aaae-2e0c138d049e",NA,"2199950830"
32.119602,-110.96912,1,"Trochilidae","Calypte anna",2018,9,7,"4fa7b334-ce0d-4e88-aaae-2e0c138d049e",NA,"2195601753"
32.119602,-110.96912,8,"Passeridae","Passer domesticus",2018,9,7,"4fa7b334-ce0d-4e88-aaae-2e0c138d049e",NA,"2208151941"
32.119602,-110.96912,6,"Fringillidae","Haemorhous mexicanus",2018,9,7,"4fa7b334-ce0d-4e88-aaae-2e0c138d049e",NA,"2195602722"
32.119602,-110.96912,8,"Columbidae","Streptopelia decaocto",2018,9,7,"4fa7b334-ce0d-4e88-aaae-2e0c138d049e",NA,"2208143133"
32.119602,-110.96912,12,"Columbidae","Columba livia",2018,9,7,"4fa7b334-ce0d-4e88-aaae-2e0c138d049e",NA,"2199910825"
32.119602,-110.96912,1,"Sturnidae","Sturnus vulgaris",2018,9,7,"4fa7b334-ce0d-4e88-aaae-2e0c138d049e",NA,"2208147145"
32.119602,-110.96912,16,"Columbidae","Zenaida macroura",2018,9,7,"4fa7b334-ce0d-4e88-aaae-2e0c138d049e",NA,"2184024008"
32.119602,-110.96912,3,"Remizidae","Auriparus flaviceps",2018,9,7,"4fa7b334-ce0d-4e88-aaae-2e0c138d049e",NA,"2195599992"
32.119602,-110.96912,2,"Troglodytidae","Campylorhynchus brunneicapillus",2018,9,11,"4fa7b334-ce0d-4e88-aaae-2e0c138d049e",NA,"2196570674"
32.119602,-110.96912,3,"Fringillidae","Haemorhous mexicanus",2018,9,11,"4fa7b334-ce0d-4e88-aaae-2e0c138d049e",NA,"2200997776"
32.119602,-110.96912,2,"Remizidae","Auriparus flaviceps",2018,9,11,"4fa7b334-ce0d-4e88-aaae-2e0c138d049e",NA,"2196561294"
32.119602,-110.96912,1,"Trochilidae","Calypte anna",2018,9,11,"4fa7b334-ce0d-4e88-aaae-2e0c138d049e",NA,"2184877677"
32.119602,-110.96912,1,"Mimidae","Mimus polyglottos",2018,9,11,"4fa7b334-ce0d-4e88-aaae-2e0c138d049e",NA,"2209486041"
32.119602,-110.96912,8,"Fringillidae","Spinus psaltria",2018,9,11,"4fa7b334-ce0d-4e88-aaae-2e0c138d049e",NA,"2196561910"
32.119602,-110.96912,21,"Columbidae","Zenaida macroura",2018,9,11,"4fa7b334-ce0d-4e88-aaae-2e0c138d049e",NA,"2209480113"
32.119602,-110.96912,1,"Columbidae","Columba livia",2018,9,11,"4fa7b334-ce0d-4e88-aaae-2e0c138d049e",NA,"2200877165"
32.119602,-110.96912,3,"Picidae","Melanerpes uropygialis",2018,9,11,"4fa7b334-ce0d-4e88-aaae-2e0c138d049e",NA,"2196554938"
32.119602,-110.96912,8,"Columbidae","Streptopelia decaocto",2018,9,11,"4fa7b334-ce0d-4e88-aaae-2e0c138d049e",NA,"2196578667"
32.119602,-110.96912,2,"Accipitridae","Accipiter cooperii",2018,9,21,"4fa7b334-ce0d-4e88-aaae-2e0c138d049e",NA,"2203329066"
32.119602,-110.96912,1,"Troglodytidae","Campylorhynchus brunneicapillus",2018,9,21,"4fa7b334-ce0d-4e88-aaae-2e0c138d049e",NA,"2187086733"
32.119602,-110.96912,2,"Columbidae","Zenaida asiatica",2018,9,21,"4fa7b334-ce0d-4e88-aaae-2e0c138d049e",NA,"2199291532"
32.119602,-110.96912,2,"Mimidae","Toxostoma curvirostre",2018,9,21,"4fa7b334-ce0d-4e88-aaae-2e0c138d049e",NA,"2203328433"
32.119602,-110.96912,6,"Remizidae","Auriparus flaviceps",2018,9,21,"4fa7b334-ce0d-4e88-aaae-2e0c138d049e",NA,"2187206701"
32.119602,-110.96912,6,"Fringillidae","Spinus psaltria",2018,9,21,"4fa7b334-ce0d-4e88-aaae-2e0c138d049e",NA,"2203308766"
32.119602,-110.96912,5,"Columbidae","Columba livia",2018,9,21,"4fa7b334-ce0d-4e88-aaae-2e0c138d049e",NA,"2211972667"
32.119602,-110.96912,1,"Corvidae","Corvus corax",2018,9,21,"4fa7b334-ce0d-4e88-aaae-2e0c138d049e",NA,"2211965844"
32.119602,-110.96912,2,"Falconidae","Falco sparverius",2018,9,21,"4fa7b334-ce0d-4e88-aaae-2e0c138d049e",NA,"2199309199"
32.119602,-110.96912,32,"Columbidae","Streptopelia decaocto",2018,9,21,"4fa7b334-ce0d-4e88-aaae-2e0c138d049e",NA,"2203315661"
32.119602,-110.96912,15,"Fringillidae","Haemorhous mexicanus",2018,9,21,"4fa7b334-ce0d-4e88-aaae-2e0c138d049e",NA,"2199316229"
32.119602,-110.96912,15,"Picidae","Melanerpes uropygialis",2018,9,21,"4fa7b334-ce0d-4e88-aaae-2e0c138d049e",NA,"2199306876"
32.119602,-110.96912,10,"Trochilidae","Calypte anna",2018,9,21,"4fa7b334-ce0d-4e88-aaae-2e0c138d049e",NA,"2203297368"
32.119602,-110.96912,35,"Columbidae","Zenaida macroura",2018,9,21,"4fa7b334-ce0d-4e88-aaae-2e0c138d049e",NA,"2199312183"
32.119602,-110.96912,9,"Passeridae","Passer domesticus",2018,9,21,"4fa7b334-ce0d-4e88-aaae-2e0c138d049e",NA,"2211970264"
32.120956,-110.96394,1,"Cardinalidae","Piranga rubra",2018,9,21,"4fa7b334-ce0d-4e88-aaae-2e0c138d049e",NA,"2187933383"
32.119602,-110.96912,27,"Columbidae","Zenaida macroura",2018,9,28,"4fa7b334-ce0d-4e88-aaae-2e0c138d049e",NA,"2190619081"
32.119602,-110.96912,5,"Fringillidae","Haemorhous mexicanus",2018,9,28,"4fa7b334-ce0d-4e88-aaae-2e0c138d049e",NA,"2202701957"
32.119602,-110.96912,5,"Columbidae","Streptopelia decaocto",2018,9,28,"4fa7b334-ce0d-4e88-aaae-2e0c138d049e",NA,"2206507694"
32.119602,-110.96912,1,"Mimidae","Mimus polyglottos",2018,9,28,"4fa7b334-ce0d-4e88-aaae-2e0c138d049e",NA,"2202701453"
32.119602,-110.96912,6,"Fringillidae","Spinus psaltria",2018,9,28,"4fa7b334-ce0d-4e88-aaae-2e0c138d049e",NA,"2215153245"
32.119602,-110.96912,4,"Columbidae","Columba livia",2018,9,28,"4fa7b334-ce0d-4e88-aaae-2e0c138d049e",NA,"2190619040"
32.119602,-110.96912,3,"Troglodytidae","Campylorhynchus brunneicapillus",2018,9,28,"4fa7b334-ce0d-4e88-aaae-2e0c138d049e",NA,"2206499100"
32.119602,-110.96912,1,"Falconidae","Falco sparverius",2018,9,28,"4fa7b334-ce0d-4e88-aaae-2e0c138d049e",NA,"2202704530"
32.119602,-110.96912,10,"Picidae","Melanerpes uropygialis",2018,9,28,"4fa7b334-ce0d-4e88-aaae-2e0c138d049e",NA,"2190619072"
32.119602,-110.96912,1,"Accipitridae","Accipiter cooperii",2018,9,28,"4fa7b334-ce0d-4e88-aaae-2e0c138d049e",NA,"2206495316"
32.119602,-110.96912,3,"Trochilidae","Calypte anna",2018,9,28,"4fa7b334-ce0d-4e88-aaae-2e0c138d049e",NA,"2202718136"
32.119602,-110.96912,6,"Remizidae","Auriparus flaviceps",2018,9,28,"4fa7b334-ce0d-4e88-aaae-2e0c138d049e",NA,"2206498311"
32.119602,-110.96912,14,"Fringillidae","Spinus psaltria",2018,10,5,"4fa7b334-ce0d-4e88-aaae-2e0c138d049e",NA,"2216089592"
32.119602,-110.96912,18,"Columbidae","Columba livia",2018,10,5,"4fa7b334-ce0d-4e88-aaae-2e0c138d049e",NA,"2203652356"
32.119602,-110.96912,5,"Corvidae","Corvus corax",2018,10,5,"4fa7b334-ce0d-4e88-aaae-2e0c138d049e",NA,"2191597382"
32.119602,-110.96912,4,"Icteridae","Quiscalus mexicanus",2018,10,5,"4fa7b334-ce0d-4e88-aaae-2e0c138d049e",NA,"2191593631"
32.119602,-110.96912,7,"Sturnidae","Sturnus vulgaris",2018,10,5,"4fa7b334-ce0d-4e88-aaae-2e0c138d049e",NA,"2216072044"
32.119602,-110.96912,10,"Picidae","Melanerpes uropygialis",2018,10,5,"4fa7b334-ce0d-4e88-aaae-2e0c138d049e",NA,"2216078457"
32.119602,-110.96912,44,"Columbidae","Streptopelia decaocto",2018,10,5,"4fa7b334-ce0d-4e88-aaae-2e0c138d049e",NA,"2207312530"
32.119602,-110.96912,14,"Fringillidae","Haemorhous mexicanus",2018,10,5,"4fa7b334-ce0d-4e88-aaae-2e0c138d049e",NA,"2216077022"
32.119602,-110.96912,5,"Remizidae","Auriparus flaviceps",2018,10,5,"4fa7b334-ce0d-4e88-aaae-2e0c138d049e",NA,"2191596257"
32.119602,-110.96912,4,"Trochilidae","Calypte anna",2018,10,5,"4fa7b334-ce0d-4e88-aaae-2e0c138d049e",NA,"2191596572"
32.119602,-110.96912,1,"Accipitridae","Accipiter cooperii",2018,10,5,"4fa7b334-ce0d-4e88-aaae-2e0c138d049e",NA,"2191588033"
32.119602,-110.96912,56,"Columbidae","Zenaida macroura",2018,10,5,"4fa7b334-ce0d-4e88-aaae-2e0c138d049e",NA,"2203638973"
32.119602,-110.96912,4,"Mimidae","Toxostoma curvirostre",2018,10,5,"4fa7b334-ce0d-4e88-aaae-2e0c138d049e",NA,"2191592574"
32.119602,-110.96912,21,"Passeridae","Passer domesticus",2018,10,5,"4fa7b334-ce0d-4e88-aaae-2e0c138d049e",NA,"2191583082"
32.119602,-110.96912,3,"Remizidae","Auriparus flaviceps",2018,10,19,"4fa7b334-ce0d-4e88-aaae-2e0c138d049e",NA,"2221322209"
32.119602,-110.96912,2,"Parulidae","Setophaga coronata",2018,10,19,"4fa7b334-ce0d-4e88-aaae-2e0c138d049e",NA,"2211869294"
32.119602,-110.96912,1,"Accipitridae","Buteo jamaicensis",2018,10,19,"4fa7b334-ce0d-4e88-aaae-2e0c138d049e",NA,"2196531871"
32.119602,-110.96912,1,"Mimidae","Mimus polyglottos",2018,10,19,"4fa7b334-ce0d-4e88-aaae-2e0c138d049e",NA,"2196555404"
32.119602,-110.96912,1,"Sturnidae","Sturnus vulgaris",2018,10,19,"4fa7b334-ce0d-4e88-aaae-2e0c138d049e",NA,"2221313213"
32.119602,-110.96912,2,"Troglodytidae","Campylorhynchus brunneicapillus",2018,10,19,"4fa7b334-ce0d-4e88-aaae-2e0c138d049e",NA,"2221309611"
32.119602,-110.96912,4,"Trochilidae","Calypte anna",2018,10,19,"4fa7b334-ce0d-4e88-aaae-2e0c138d049e",NA,"2208709930"
32.119602,-110.96912,2,"Falconidae","Falco sparverius",2018,10,19,"4fa7b334-ce0d-4e88-aaae-2e0c138d049e",NA,"2208722613"
32.119602,-110.96912,9,"Columbidae","Zenaida macroura",2018,10,19,"4fa7b334-ce0d-4e88-aaae-2e0c138d049e",NA,"2196535861"
32.119602,-110.96912,4,"Passeridae","Passer domesticus",2018,10,19,"4fa7b334-ce0d-4e88-aaae-2e0c138d049e",NA,"2221319089"
32.119602,-110.96912,3,"Fringillidae","Haemorhous mexicanus",2018,10,19,"4fa7b334-ce0d-4e88-aaae-2e0c138d049e",NA,"2211871850"
32.119602,-110.96912,36,"Columbidae","Streptopelia decaocto",2018,10,19,"4fa7b334-ce0d-4e88-aaae-2e0c138d049e",NA,"2211864441"
32.119602,-110.96912,10,"Picidae","Melanerpes uropygialis",2018,10,19,"4fa7b334-ce0d-4e88-aaae-2e0c138d049e",NA,"2196536604"
32.119602,-110.96912,17,"Columbidae","Columba livia",2018,10,19,"4fa7b334-ce0d-4e88-aaae-2e0c138d049e",NA,"2211873105"
32.12177,-110.96426,1,"Accipitridae","Accipiter cooperii",2018,10,23,"4fa7b334-ce0d-4e88-aaae-2e0c138d049e",NA,"2222000221"
32.12177,-110.96426,1,"Columbidae","Streptopelia decaocto",2018,10,23,"4fa7b334-ce0d-4e88-aaae-2e0c138d049e",NA,"2212744821"
32.12177,-110.96426,1,"Picidae","Melanerpes uropygialis",2018,10,23,"4fa7b334-ce0d-4e88-aaae-2e0c138d049e",NA,"2221976411"
32.12177,-110.96426,2,"Mimidae","Mimus polyglottos",2018,10,19,"4fa7b334-ce0d-4e88-aaae-2e0c138d049e",NA,"2221965601"
32.12177,-110.96426,1,"Mimidae","Mimus polyglottos",2018,10,24,"4fa7b334-ce0d-4e88-aaae-2e0c138d049e",NA,"2209704968"
32.119602,-110.96912,27,"Columbidae","Zenaida macroura",2018,10,26,"4fa7b334-ce0d-4e88-aaae-2e0c138d049e",NA,"2211022688"
32.119602,-110.96912,1,"Parulidae","Setophaga coronata",2018,10,26,"4fa7b334-ce0d-4e88-aaae-2e0c138d049e",NA,"2198803622"
32.119602,-110.96912,5,"Sturnidae","Sturnus vulgaris",2018,10,26,"4fa7b334-ce0d-4e88-aaae-2e0c138d049e",NA,"2213914049"
32.119602,-110.96912,3,"Remizidae","Auriparus flaviceps",2018,10,26,"4fa7b334-ce0d-4e88-aaae-2e0c138d049e",NA,"2211009762"
32.119602,-110.96912,8,"Picidae","Melanerpes uropygialis",2018,10,26,"4fa7b334-ce0d-4e88-aaae-2e0c138d049e",NA,"2213925356"
32.119602,-110.96912,14,"Passeridae","Passer domesticus",2018,10,26,"4fa7b334-ce0d-4e88-aaae-2e0c138d049e",NA,"2198801217"
32.119602,-110.96912,2,"Fringillidae","Spinus psaltria",2018,10,26,"4fa7b334-ce0d-4e88-aaae-2e0c138d049e",NA,"2211019863"
32.119602,-110.96912,2,"Cardinalidae","Cardinalis cardinalis",2018,10,26,"4fa7b334-ce0d-4e88-aaae-2e0c138d049e",NA,"2213929969"
32.119602,-110.96912,4,"Columbidae","Columba livia",2018,10,26,"4fa7b334-ce0d-4e88-aaae-2e0c138d049e",NA,"2211016673"
32.119602,-110.96912,9,"Columbidae","Streptopelia decaocto",2018,10,26,"4fa7b334-ce0d-4e88-aaae-2e0c138d049e",NA,"2211030721"
32.119602,-110.96912,3,"Fringillidae","Haemorhous mexicanus",2018,10,26,"4fa7b334-ce0d-4e88-aaae-2e0c138d049e",NA,"2198790883"
32.119602,-110.96912,4,"Trochilidae","Calypte anna",2018,10,26,"4fa7b334-ce0d-4e88-aaae-2e0c138d049e",NA,"2222997111"
32.13314,-110.97762,4,"Columbidae","Columba livia",2017,1,10,"4fa7b334-ce0d-4e88-aaae-2e0c138d049e",NA,"2037399151"
32.13314,-110.97762,2,"Corvidae","Corvus corax",2017,1,10,"4fa7b334-ce0d-4e88-aaae-2e0c138d049e",NA,"2029984368"
32.13371,-110.96818,3,"Fringillidae","Spinus psaltria",2017,4,13,"4fa7b334-ce0d-4e88-aaae-2e0c138d049e",NA,"2053941771"
32.13371,-110.96818,1,"Sturnidae","Sturnus vulgaris",2017,4,13,"4fa7b334-ce0d-4e88-aaae-2e0c138d049e",NA,"2054792524"
32.13371,-110.96818,4,"Passeridae","Passer domesticus",2017,4,13,"4fa7b334-ce0d-4e88-aaae-2e0c138d049e",NA,"2054817021"
32.13371,-110.96818,1,"Remizidae","Auriparus flaviceps",2017,4,13,"4fa7b334-ce0d-4e88-aaae-2e0c138d049e",NA,"2060320729"
32.12177,-110.96426,3,"Cardinalidae","Cardinalis cardinalis",2017,6,14,"4fa7b334-ce0d-4e88-aaae-2e0c138d049e",NA,"2092451736"
32.12177,-110.96426,1,"Remizidae","Auriparus flaviceps",2017,6,14,"4fa7b334-ce0d-4e88-aaae-2e0c138d049e",NA,"2104199594"
32.12177,-110.96426,1,"Tyrannidae","Tyrannus verticalis",2017,6,14,"4fa7b334-ce0d-4e88-aaae-2e0c138d049e",NA,"2104193482"
32.12177,-110.96426,6,"Odontophoridae","Callipepla gambelii",2017,6,14,"4fa7b334-ce0d-4e88-aaae-2e0c138d049e",NA,"2104196587"
32.12177,-110.96426,1,"Parulidae","Geothlypis trichas",2017,6,14,"4fa7b334-ce0d-4e88-aaae-2e0c138d049e",NA,"2092449601"
32.12177,-110.96426,10,"Columbidae","Columba livia",2017,6,14,"4fa7b334-ce0d-4e88-aaae-2e0c138d049e",NA,"2105219359"
32.12177,-110.96426,1,"Columbidae","Zenaida asiatica",2017,6,14,"4fa7b334-ce0d-4e88-aaae-2e0c138d049e",NA,"2092446989"
32.12177,-110.96426,2,"Columbidae","Zenaida macroura",2017,6,16,"4fa7b334-ce0d-4e88-aaae-2e0c138d049e",NA,"2107447942"
32.12177,-110.96426,1,"Columbidae","Zenaida asiatica",2017,6,16,"4fa7b334-ce0d-4e88-aaae-2e0c138d049e",NA,"2094780041"
32.120956,-110.96394,1,"Columbidae","Streptopelia decaocto",2017,6,15,"4fa7b334-ce0d-4e88-aaae-2e0c138d049e",NA,"2106908850"
32.120956,-110.96394,1,"Columbidae","Zenaida asiatica",2017,6,15,"4fa7b334-ce0d-4e88-aaae-2e0c138d049e",NA,"2094843775"
32.120956,-110.96394,1,"Mimidae","Mimus polyglottos",2017,6,15,"4fa7b334-ce0d-4e88-aaae-2e0c138d049e",NA,"2094826847"
32.120956,-110.96394,3,"Columbidae","Zenaida macroura",2017,6,15,"4fa7b334-ce0d-4e88-aaae-2e0c138d049e",NA,"2094826837"
32.120956,-110.96394,1,"Columbidae","Zenaida macroura",2017,7,27,"4fa7b334-ce0d-4e88-aaae-2e0c138d049e",NA,"2107060626"
32.12177,-110.96426,1,"Columbidae","Streptopelia decaocto",2017,8,1,"4fa7b334-ce0d-4e88-aaae-2e0c138d049e",NA,"2114924521"
32.12177,-110.96426,1,"Columbidae","Zenaida macroura",2017,8,1,"4fa7b334-ce0d-4e88-aaae-2e0c138d049e",NA,"2114932526"
32.13371,-110.96818,1,"Corvidae","Corvus corax",2017,10,31,"4fa7b334-ce0d-4e88-aaae-2e0c138d049e",NA,"2101801016"
32.12177,-110.96426,13,"Columbidae","Zenaida macroura",2017,11,10,"4fa7b334-ce0d-4e88-aaae-2e0c138d049e",NA,"2104700637"
32.12177,-110.96426,1,"Accipitridae","Buteo jamaicensis",2017,11,10,"4fa7b334-ce0d-4e88-aaae-2e0c138d049e",NA,"2092010086"
32.12177,-110.96426,3,"Trochilidae","Calypte anna",2017,11,10,"4fa7b334-ce0d-4e88-aaae-2e0c138d049e",NA,"2104701812"
32.12177,-110.96426,4,"Tyrannidae","Pyrocephalus rubinus",2017,11,10,"4fa7b334-ce0d-4e88-aaae-2e0c138d049e",NA,"2092019288"
32.12177,-110.96426,3,"Polioptilidae","Polioptila melanura",2017,11,10,"4fa7b334-ce0d-4e88-aaae-2e0c138d049e",NA,"2104707431"
32.12177,-110.96426,3,"Columbidae","Streptopelia decaocto",2017,11,10,"4fa7b334-ce0d-4e88-aaae-2e0c138d049e",NA,"2104705333"
32.12177,-110.96426,1,"Mimidae","Toxostoma curvirostre",2017,11,10,"4fa7b334-ce0d-4e88-aaae-2e0c138d049e",NA,"2103727453"
32.12177,-110.96426,7,"Icteridae","Quiscalus mexicanus",2017,11,10,"4fa7b334-ce0d-4e88-aaae-2e0c138d049e",NA,"2092026500"
32.12177,-110.96426,2,"Troglodytidae","Campylorhynchus brunneicapillus",2017,11,10,"4fa7b334-ce0d-4e88-aaae-2e0c138d049e",NA,"2103740606"
32.12177,-110.96426,5,"Emberizidae","Zonotrichia leucophrys",2017,11,10,"4fa7b334-ce0d-4e88-aaae-2e0c138d049e",NA,"2092013616"
32.12177,-110.96426,6,"Picidae","Melanerpes uropygialis",2017,11,10,"4fa7b334-ce0d-4e88-aaae-2e0c138d049e",NA,"2112029172"
32.12177,-110.96426,15,"Passeridae","Passer domesticus",2017,11,10,"4fa7b334-ce0d-4e88-aaae-2e0c138d049e",NA,"2103734169"
32.12177,-110.96426,39,"Columbidae","Columba livia",2017,11,10,"4fa7b334-ce0d-4e88-aaae-2e0c138d049e",NA,"2103730000"
32.12177,-110.96426,2,"Emberizidae","Melozone aberti",2017,11,10,"4fa7b334-ce0d-4e88-aaae-2e0c138d049e",NA,"2104706603"
32.12177,-110.96426,1,"Mimidae","Mimus polyglottos",2017,11,10,"4fa7b334-ce0d-4e88-aaae-2e0c138d049e",NA,"2103730431"
32.12177,-110.96426,2,"Tyrannidae","Sayornis saya",2017,11,10,"4fa7b334-ce0d-4e88-aaae-2e0c138d049e",NA,"2112032132"
32.12177,-110.96426,2,"Remizidae","Auriparus flaviceps",2017,11,10,"4fa7b334-ce0d-4e88-aaae-2e0c138d049e",NA,"2104703467"
32.12177,-110.96426,1,"Tyrannidae","Tyrannus vociferans",2017,11,10,"4fa7b334-ce0d-4e88-aaae-2e0c138d049e",NA,"2112063784"
32.12177,-110.96426,4,"Fringillidae","Haemorhous mexicanus",2017,11,10,"4fa7b334-ce0d-4e88-aaae-2e0c138d049e",NA,"2103736300"
32.12177,-110.96426,13,"Columbidae","Zenaida macroura",2017,11,10,"4fa7b334-ce0d-4e88-aaae-2e0c138d049e",NA,"2104711568"
32.12177,-110.96426,1,"Accipitridae","Buteo jamaicensis",2017,11,10,"4fa7b334-ce0d-4e88-aaae-2e0c138d049e",NA,"2112040987"
32.12177,-110.96426,3,"Trochilidae","Calypte anna",2017,11,10,"4fa7b334-ce0d-4e88-aaae-2e0c138d049e",NA,"2103735342"
32.12177,-110.96426,4,"Tyrannidae","Pyrocephalus rubinus",2017,11,10,"4fa7b334-ce0d-4e88-aaae-2e0c138d049e",NA,"2092025512"
32.12177,-110.96426,3,"Polioptilidae","Polioptila melanura",2017,11,10,"4fa7b334-ce0d-4e88-aaae-2e0c138d049e",NA,"2112036656"
32.12177,-110.96426,3,"Columbidae","Streptopelia decaocto",2017,11,10,"4fa7b334-ce0d-4e88-aaae-2e0c138d049e",NA,"2092004488"
32.12177,-110.96426,1,"Mimidae","Toxostoma curvirostre",2017,11,10,"4fa7b334-ce0d-4e88-aaae-2e0c138d049e",NA,"2103731677"
32.12177,-110.96426,7,"Icteridae","Quiscalus mexicanus",2017,11,10,"4fa7b334-ce0d-4e88-aaae-2e0c138d049e",NA,"2092004497"
32.12177,-110.96426,2,"Troglodytidae","Campylorhynchus brunneicapillus",2017,11,10,"4fa7b334-ce0d-4e88-aaae-2e0c138d049e",NA,"2092012111"
32.12177,-110.96426,5,"Emberizidae","Zonotrichia leucophrys",2017,11,10,"4fa7b334-ce0d-4e88-aaae-2e0c138d049e",NA,"2092013212"
32.12177,-110.96426,6,"Picidae","Melanerpes uropygialis",2017,11,10,"4fa7b334-ce0d-4e88-aaae-2e0c138d049e",NA,"2104701882"
32.12177,-110.96426,15,"Passeridae","Passer domesticus",2017,11,10,"4fa7b334-ce0d-4e88-aaae-2e0c138d049e",NA,"2092016758"
32.12177,-110.96426,39,"Columbidae","Columba livia",2017,11,10,"4fa7b334-ce0d-4e88-aaae-2e0c138d049e",NA,"2092020593"
32.12177,-110.96426,2,"Emberizidae","Melozone aberti",2017,11,10,"4fa7b334-ce0d-4e88-aaae-2e0c138d049e",NA,"2112047207"
32.12177,-110.96426,1,"Mimidae","Mimus polyglottos",2017,11,10,"4fa7b334-ce0d-4e88-aaae-2e0c138d049e",NA,"2103747220"
32.12177,-110.96426,2,"Tyrannidae","Sayornis saya",2017,11,10,"4fa7b334-ce0d-4e88-aaae-2e0c138d049e",NA,"2103731693"
32.12177,-110.96426,2,"Remizidae","Auriparus flaviceps",2017,11,10,"4fa7b334-ce0d-4e88-aaae-2e0c138d049e",NA,"2092026563"
32.12177,-110.96426,1,"Tyrannidae","Tyrannus vociferans",2017,11,10,"4fa7b334-ce0d-4e88-aaae-2e0c138d049e",NA,"2092027629"
32.12177,-110.96426,4,"Fringillidae","Haemorhous mexicanus",2017,11,10,"4fa7b334-ce0d-4e88-aaae-2e0c138d049e",NA,"2092007733"
32.12177,-110.96426,8,"Picidae","Melanerpes uropygialis",2017,11,12,"4fa7b334-ce0d-4e88-aaae-2e0c138d049e",NA,"2112830280"
32.12177,-110.96426,2,"Fringillidae","Haemorhous mexicanus",2017,11,12,"4fa7b334-ce0d-4e88-aaae-2e0c138d049e",NA,"2104193414"
32.12177,-110.96426,1,"Mimidae","Mimus polyglottos",2017,11,12,"4fa7b334-ce0d-4e88-aaae-2e0c138d049e",NA,"2092450538"
32.12177,-110.96426,4,"Emberizidae","Melozone aberti",2017,11,12,"4fa7b334-ce0d-4e88-aaae-2e0c138d049e",NA,"2105202284"
32.12177,-110.96426,10,"Columbidae","Columba livia",2017,11,12,"4fa7b334-ce0d-4e88-aaae-2e0c138d049e",NA,"2112835315"
32.12177,-110.96426,1,"Cardinalidae","Cardinalis cardinalis",2017,11,12,"4fa7b334-ce0d-4e88-aaae-2e0c138d049e",NA,"2105202441"
32.12177,-110.96426,38,"Columbidae","Zenaida macroura",2017,11,12,"4fa7b334-ce0d-4e88-aaae-2e0c138d049e",NA,"2105213776"
32.12177,-110.96426,7,"Icteridae","Quiscalus mexicanus",2017,11,12,"4fa7b334-ce0d-4e88-aaae-2e0c138d049e",NA,"2092479593"
32.12177,-110.96426,20,"Columbidae","Streptopelia decaocto",2017,11,12,"4fa7b334-ce0d-4e88-aaae-2e0c138d049e",NA,"2105217461"
32.12177,-110.96426,2,"Cardinalidae","Cardinalis sinuatus",2017,11,12,"4fa7b334-ce0d-4e88-aaae-2e0c138d049e",NA,"2092463758"
32.12177,-110.96426,1,"Remizidae","Auriparus flaviceps",2017,11,12,"4fa7b334-ce0d-4e88-aaae-2e0c138d049e",NA,"2104190735"
32.12177,-110.96426,1,"Columbidae","Zenaida macroura",2017,11,20,"4fa7b334-ce0d-4e88-aaae-2e0c138d049e",NA,"2106185631"
32.12177,-110.96426,2,"Columbidae","Columba livia",2017,11,20,"4fa7b334-ce0d-4e88-aaae-2e0c138d049e",NA,"2106694327"
32.12177,-110.96426,6,"Emberizidae","Peucaea carpalis",2017,11,20,"4fa7b334-ce0d-4e88-aaae-2e0c138d049e",NA,"2106119191"
32.12177,-110.96426,5,"Emberizidae","Melozone aberti",2017,11,20,"4fa7b334-ce0d-4e88-aaae-2e0c138d049e",NA,"2093983641"
32.12177,-110.96426,2,"Picidae","Melanerpes uropygialis",2017,11,20,"4fa7b334-ce0d-4e88-aaae-2e0c138d049e",NA,"2106717493"
32.12177,-110.96426,2,"Remizidae","Auriparus flaviceps",2017,11,20,"4fa7b334-ce0d-4e88-aaae-2e0c138d049e",NA,"2106693277"
32.12177,-110.96426,2,"Fringillidae","Haemorhous mexicanus",2017,11,20,"4fa7b334-ce0d-4e88-aaae-2e0c138d049e",NA,"2106117072"
32.12177,-110.96426,1,"Trochilidae","Calypte anna",2017,11,20,"4fa7b334-ce0d-4e88-aaae-2e0c138d049e",NA,"2093992772"
32.120956,-110.96394,1,"Passeridae","Passer domesticus",2017,11,21,"4fa7b334-ce0d-4e88-aaae-2e0c138d049e",NA,"2106885424"
32.120956,-110.96394,5,"Columbidae","Streptopelia decaocto",2017,11,21,"4fa7b334-ce0d-4e88-aaae-2e0c138d049e",NA,"2106318835"
32.120956,-110.96394,2,"Fringillidae","Haemorhous mexicanus",2017,11,21,"4fa7b334-ce0d-4e88-aaae-2e0c138d049e",NA,"2106884969"
32.120956,-110.96394,1,"Falconidae","Falco sparverius",2017,11,21,"4fa7b334-ce0d-4e88-aaae-2e0c138d049e",NA,"2106325841"
32.120956,-110.96394,3,"Columbidae","Zenaida macroura",2017,11,21,"4fa7b334-ce0d-4e88-aaae-2e0c138d049e",NA,"2094170972"
32.120956,-110.96394,2,"Picidae","Melanerpes uropygialis",2017,11,21,"4fa7b334-ce0d-4e88-aaae-2e0c138d049e",NA,"2106313913"
32.120956,-110.96394,1,"Trochilidae","Calypte anna",2017,11,21,"4fa7b334-ce0d-4e88-aaae-2e0c138d049e",NA,"2106328472"
32.12177,-110.96426,2,"Picidae","Melanerpes uropygialis",2017,11,22,"4fa7b334-ce0d-4e88-aaae-2e0c138d049e",NA,"2094817540"
32.12177,-110.96426,1,"Trochilidae","Calypte anna",2017,11,22,"4fa7b334-ce0d-4e88-aaae-2e0c138d049e",NA,"2106859547"
32.12177,-110.96426,1,"Cardinalidae","Cardinalis sinuatus",2017,11,22,"4fa7b334-ce0d-4e88-aaae-2e0c138d049e",NA,"2094786065"
32.12177,-110.96426,2,"Falconidae","Falco sparverius",2017,11,22,"4fa7b334-ce0d-4e88-aaae-2e0c138d049e",NA,"2106843591"
32.12177,-110.96426,1,"Fringillidae","Haemorhous mexicanus",2017,11,22,"4fa7b334-ce0d-4e88-aaae-2e0c138d049e",NA,"2106868225"
32.12177,-110.96426,15,"Columbidae","Zenaida macroura",2017,11,22,"4fa7b334-ce0d-4e88-aaae-2e0c138d049e",NA,"2107429750"
32.12177,-110.96426,16,"Columbidae","Columba livia",2017,11,22,"4fa7b334-ce0d-4e88-aaae-2e0c138d049e",NA,"2094796257"
32.12177,-110.96426,1,"Columbidae","Streptopelia decaocto",2017,11,25,"4fa7b334-ce0d-4e88-aaae-2e0c138d049e",NA,"2094932483"
32.12177,-110.96426,1,"Trochilidae","Calypte anna",2017,11,25,"4fa7b334-ce0d-4e88-aaae-2e0c138d049e",NA,"2094947891"
32.12177,-110.96426,3,"Picidae","Melanerpes uropygialis",2017,11,25,"4fa7b334-ce0d-4e88-aaae-2e0c138d049e",NA,"2094959423"
32.12177,-110.96426,5,"Remizidae","Auriparus flaviceps",2017,11,25,"4fa7b334-ce0d-4e88-aaae-2e0c138d049e",NA,"2094936792"
32.12177,-110.96426,3,"Tyrannidae","Sayornis saya",2017,11,25,"4fa7b334-ce0d-4e88-aaae-2e0c138d049e",NA,"2115550560"
32.12177,-110.96426,1,"Troglodytidae","Campylorhynchus brunneicapillus",2017,11,25,"4fa7b334-ce0d-4e88-aaae-2e0c138d049e",NA,"2107602563"
32.12177,-110.96426,4,"Emberizidae","Chondestes grammacus",2017,11,25,"4fa7b334-ce0d-4e88-aaae-2e0c138d049e",NA,"2115538223"
32.12177,-110.96426,6,"Columbidae","Columba livia",2017,11,25,"4fa7b334-ce0d-4e88-aaae-2e0c138d049e",NA,"2115541870"
32.12177,-110.96426,1,"Accipitridae","Buteo jamaicensis",2017,11,25,"4fa7b334-ce0d-4e88-aaae-2e0c138d049e",NA,"2107597574"
32.12177,-110.96426,1,"Emberizidae","Peucaea carpalis",2017,11,25,"4fa7b334-ce0d-4e88-aaae-2e0c138d049e",NA,"2115561482"
32.12177,-110.96426,3,"Columbidae","Zenaida macroura",2017,11,25,"4fa7b334-ce0d-4e88-aaae-2e0c138d049e",NA,"2115557894"
32.12177,-110.96426,2,"Picidae","Melanerpes uropygialis",2017,11,27,"4fa7b334-ce0d-4e88-aaae-2e0c138d049e",NA,"2107979382"
32.12177,-110.96426,1,"Mimidae","Toxostoma curvirostre",2017,11,27,"4fa7b334-ce0d-4e88-aaae-2e0c138d049e",NA,"2095316512"
32.12177,-110.96426,31,"Columbidae","Zenaida macroura",2017,11,27,"4fa7b334-ce0d-4e88-aaae-2e0c138d049e",NA,"2116091423"
32.12177,-110.96426,1,"Falconidae","Falco sparverius",2017,11,27,"4fa7b334-ce0d-4e88-aaae-2e0c138d049e",NA,"2095321582"
32.12177,-110.96426,2,"Columbidae","Streptopelia decaocto",2017,11,27,"4fa7b334-ce0d-4e88-aaae-2e0c138d049e",NA,"2107975155"
32.12177,-110.96426,4,"Polioptilidae","Polioptila melanura",2017,11,27,"4fa7b334-ce0d-4e88-aaae-2e0c138d049e",NA,"2095322066"
32.12177,-110.96426,1,"Mimidae","Mimus polyglottos",2017,11,12,"4fa7b334-ce0d-4e88-aaae-2e0c138d049e",NA,"2107501894"
32.12177,-110.96426,3,"Columbidae","Streptopelia decaocto",2017,11,28,"4fa7b334-ce0d-4e88-aaae-2e0c138d049e",NA,"2116337350"
32.12177,-110.96426,1,"Trochilidae","Calypte anna",2017,11,28,"4fa7b334-ce0d-4e88-aaae-2e0c138d049e",NA,"2107773552"
32.12177,-110.96426,2,"Fringillidae","Haemorhous mexicanus",2017,11,28,"4fa7b334-ce0d-4e88-aaae-2e0c138d049e",NA,"2107775662"
32.12177,-110.96426,3,"Emberizidae","Peucaea carpalis",2017,11,28,"4fa7b334-ce0d-4e88-aaae-2e0c138d049e",NA,"2095608157"
32.12177,-110.96426,6,"Columbidae","Columba livia",2017,11,28,"4fa7b334-ce0d-4e88-aaae-2e0c138d049e",NA,"2108214027"
32.12177,-110.96426,3,"Cardinalidae","Cardinalis cardinalis",2017,11,28,"4fa7b334-ce0d-4e88-aaae-2e0c138d049e",NA,"2107778169"
32.12177,-110.96426,3,"Remizidae","Auriparus flaviceps",2017,11,28,"4fa7b334-ce0d-4e88-aaae-2e0c138d049e",NA,"2107776078"
32.12177,-110.96426,5,"Picidae","Melanerpes uropygialis",2017,11,28,"4fa7b334-ce0d-4e88-aaae-2e0c138d049e",NA,"2107764219"
32.12177,-110.96426,3,"Emberizidae","Chondestes grammacus",2017,11,28,"4fa7b334-ce0d-4e88-aaae-2e0c138d049e",NA,"2107768863"
32.12177,-110.96426,4,"Columbidae","Zenaida macroura",2017,11,28,"4fa7b334-ce0d-4e88-aaae-2e0c138d049e",NA,"2116337488"
32.12177,-110.96426,1,"Accipitridae","Buteo jamaicensis",2017,11,29,"4fa7b334-ce0d-4e88-aaae-2e0c138d049e",NA,"2116576367"
32.12177,-110.96426,2,"Fringillidae","Haemorhous mexicanus",2017,11,29,"4fa7b334-ce0d-4e88-aaae-2e0c138d049e",NA,"2095779729"
32.12177,-110.96426,6,"Polioptilidae","Polioptila melanura",2017,11,29,"4fa7b334-ce0d-4e88-aaae-2e0c138d049e",NA,"2108443240"
32.12177,-110.96426,2,"Columbidae","Streptopelia decaocto",2017,11,29,"4fa7b334-ce0d-4e88-aaae-2e0c138d049e",NA,"2095779049"
32.12177,-110.96426,5,"Picidae","Melanerpes uropygialis",2017,11,29,"4fa7b334-ce0d-4e88-aaae-2e0c138d049e",NA,"2095779019"
32.12177,-110.96426,2,"Columbidae","Zenaida macroura",2017,11,29,"4fa7b334-ce0d-4e88-aaae-2e0c138d049e",NA,"2108442107"
32.12177,-110.96426,1,"Tyrannidae","Pyrocephalus rubinus",2017,11,29,"4fa7b334-ce0d-4e88-aaae-2e0c138d049e",NA,"2116574141"
32.12177,-110.96426,4,"Mimidae","Toxostoma curvirostre",2017,11,29,"4fa7b334-ce0d-4e88-aaae-2e0c138d049e",NA,"2108011337"
32.12177,-110.96426,1,"Picidae","Melanerpes uropygialis",2017,12,1,"4fa7b334-ce0d-4e88-aaae-2e0c138d049e",NA,"2117101742"
32.12177,-110.96426,1,"Tyrannidae","Pyrocephalus rubinus",2017,12,1,"4fa7b334-ce0d-4e88-aaae-2e0c138d049e",NA,"2108871362"
32.12177,-110.96426,1,"Columbidae","Streptopelia decaocto",2017,12,1,"4fa7b334-ce0d-4e88-aaae-2e0c138d049e",NA,"2108869235"
32.120956,-110.96394,1,"Mimidae","Toxostoma curvirostre",2017,12,2,"4fa7b334-ce0d-4e88-aaae-2e0c138d049e",NA,"2096322516"
32.120956,-110.96394,7,"Columbidae","Zenaida macroura",2017,12,2,"4fa7b334-ce0d-4e88-aaae-2e0c138d049e",NA,"2109068061"
32.120956,-110.96394,17,"Columbidae","Columba livia",2017,12,2,"4fa7b334-ce0d-4e88-aaae-2e0c138d049e",NA,"2117425156"
32.120956,-110.96394,34,"Fringillidae","Haemorhous mexicanus",2017,12,2,"4fa7b334-ce0d-4e88-aaae-2e0c138d049e",NA,"2096319911"
32.120956,-110.96394,4,"Mimidae","Mimus polyglottos",2017,12,2,"4fa7b334-ce0d-4e88-aaae-2e0c138d049e",NA,"2108530951"
32.120956,-110.96394,2,"Trochilidae","Calypte anna",2017,12,2,"4fa7b334-ce0d-4e88-aaae-2e0c138d049e",NA,"2109082285"
32.120956,-110.96394,5,"Sturnidae","Sturnus vulgaris",2017,12,2,"4fa7b334-ce0d-4e88-aaae-2e0c138d049e",NA,"2117413937"
32.120956,-110.96394,6,"Columbidae","Streptopelia decaocto",2017,12,2,"4fa7b334-ce0d-4e88-aaae-2e0c138d049e",NA,"2108527815"
32.120956,-110.96394,5,"Picidae","Melanerpes uropygialis",2017,12,2,"4fa7b334-ce0d-4e88-aaae-2e0c138d049e",NA,"2109065009"
32.120956,-110.96394,1,"Tyrannidae","Sayornis saya",2017,12,2,"4fa7b334-ce0d-4e88-aaae-2e0c138d049e",NA,"2109081836"
32.120956,-110.96394,1,"Falconidae","Falco sparverius",2017,12,2,"4fa7b334-ce0d-4e88-aaae-2e0c138d049e",NA,"2096319996"
32.120956,-110.96394,4,"Remizidae","Auriparus flaviceps",2017,12,2,"4fa7b334-ce0d-4e88-aaae-2e0c138d049e",NA,"2096338207"
32.120956,-110.96394,1,"Emberizidae","Melozone fusca",2017,12,10,"4fa7b334-ce0d-4e88-aaae-2e0c138d049e",NA,"2097553020"
32.129707,-110.969056,NA,"Emberizidae","Peucaea carpalis",2019,7,17,"50c9509d-22c7-4a22-a47d-8c48425ef4a7","iNaturalist research-grade observations","2429601766"
32.132327,-110.975723,NA,"Trochilidae","Cynanthus latirostris",2018,2,5,"50c9509d-22c7-4a22-a47d-8c48425ef4a7","iNaturalist research-grade observations","1990584493"
32.128165,-110.97637,NA,"Tyrannidae","Pyrocephalus rubinus",2018,4,27,"50c9509d-22c7-4a22-a47d-8c48425ef4a7","iNaturalist research-grade observations","1883458870"
32.126775,-110.975495,NA,"Columbidae","Zenaida macroura",2017,10,31,"50c9509d-22c7-4a22-a47d-8c48425ef4a7","iNaturalist research-grade observations","1699387787"
32.12677,-110.975288,NA,"Columbidae","Columba livia",2017,10,31,"50c9509d-22c7-4a22-a47d-8c48425ef4a7","iNaturalist research-grade observations","1699387671"
32.126858,-110.963142,NA,"Columbidae","Zenaida macroura",2017,10,31,"50c9509d-22c7-4a22-a47d-8c48425ef4a7","iNaturalist research-grade observations","1699387751"
32.12682,-110.962922,NA,"Columbidae","Zenaida macroura",2017,10,31,"50c9509d-22c7-4a22-a47d-8c48425ef4a7","iNaturalist research-grade observations","1699387863"
