"decimalLatitude","decimalLongitude","individualCount","family","species","year","month","day","datasetKey","gbifID"
32.25331,-110.86663,1,"Tyrannidae","Pyrocephalus rubinus",2021,12,8,"4fa7b334-ce0d-4e88-aaae-2e0c138d049e","3572077677"
32.25331,-110.86663,17,"Columbidae","Zenaida macroura",2021,12,8,"4fa7b334-ce0d-4e88-aaae-2e0c138d049e","3580532121"
32.25331,-110.86663,1,"Remizidae","Auriparus flaviceps",2021,12,8,"4fa7b334-ce0d-4e88-aaae-2e0c138d049e","3579369732"
32.25331,-110.86663,3,"Picidae","Melanerpes uropygialis",2021,12,8,"4fa7b334-ce0d-4e88-aaae-2e0c138d049e","3584884250"
32.25331,-110.86663,1,"Fringillidae","Spinus psaltria",2021,12,8,"4fa7b334-ce0d-4e88-aaae-2e0c138d049e","3546731326"
32.25331,-110.86663,1,"Parulidae","Setophaga coronata",2021,12,8,"4fa7b334-ce0d-4e88-aaae-2e0c138d049e","3557653120"
32.25331,-110.86663,3,"Sturnidae","Sturnus vulgaris",2021,12,8,"4fa7b334-ce0d-4e88-aaae-2e0c138d049e","3559831229"
32.25331,-110.86663,5,"Fringillidae","Haemorhous mexicanus",2021,12,8,"4fa7b334-ce0d-4e88-aaae-2e0c138d049e","3567761857"
32.25331,-110.86663,2,"Emberizidae","Zonotrichia leucophrys",2021,12,8,"4fa7b334-ce0d-4e88-aaae-2e0c138d049e","3566506683"
32.25331,-110.86663,1,"Picidae","Melanerpes uropygialis",2021,12,10,"4fa7b334-ce0d-4e88-aaae-2e0c138d049e","3562011151"
32.25331,-110.86663,16,"Columbidae","Zenaida macroura",2021,12,10,"4fa7b334-ce0d-4e88-aaae-2e0c138d049e","3544907736"
32.25331,-110.86663,8,"Sturnidae","Sturnus vulgaris",2021,12,10,"4fa7b334-ce0d-4e88-aaae-2e0c138d049e","3554126331"
32.25331,-110.86663,2,"Fringillidae","Haemorhous mexicanus",2021,12,10,"4fa7b334-ce0d-4e88-aaae-2e0c138d049e","3548767027"
32.25331,-110.86663,1,"Picidae","Melanerpes lewis",2021,12,10,"4fa7b334-ce0d-4e88-aaae-2e0c138d049e","3551709051"
32.25331,-110.86663,1,"Tyrannidae","Pyrocephalus rubinus",2021,12,10,"4fa7b334-ce0d-4e88-aaae-2e0c138d049e","3620913911"
32.25331,-110.86663,1,"Picidae","Melanerpes lewis",2021,12,10,"4fa7b334-ce0d-4e88-aaae-2e0c138d049e","3576823972"
32.25331,-110.86663,2,"Fringillidae","Haemorhous mexicanus",2021,12,20,"4fa7b334-ce0d-4e88-aaae-2e0c138d049e","3576449952"
32.25331,-110.86663,2,"Sturnidae","Sturnus vulgaris",2021,12,20,"4fa7b334-ce0d-4e88-aaae-2e0c138d049e","3574322927"
32.25331,-110.86663,2,"Picidae","Melanerpes uropygialis",2021,12,20,"4fa7b334-ce0d-4e88-aaae-2e0c138d049e","3555540884"
32.25331,-110.86663,27,"Columbidae","Zenaida macroura",2021,12,20,"4fa7b334-ce0d-4e88-aaae-2e0c138d049e","3540292499"
32.25331,-110.86663,1,"Passeridae","Passer domesticus",2021,12,20,"4fa7b334-ce0d-4e88-aaae-2e0c138d049e","3544710663"
32.25331,-110.86663,2,"Remizidae","Auriparus flaviceps",2021,12,20,"4fa7b334-ce0d-4e88-aaae-2e0c138d049e","3550573637"
