"decimalLatitude","decimalLongitude","individualCount","family","species","year","month","day","datasetKey","datasetName","gbifID"
32.264427,-110.80263,1,"Accipitridae","Accipiter striatus",2021,11,14,"4fa7b334-ce0d-4e88-aaae-2e0c138d049e",NA,"3571595111"
32.264427,-110.80263,1,"Accipitridae","Accipiter striatus",2021,11,14,"4fa7b334-ce0d-4e88-aaae-2e0c138d049e",NA,"3688110121"
32.264782,-110.80208,1,"Accipitridae","Parabuteo unicinctus",2020,6,16,"4fa7b334-ce0d-4e88-aaae-2e0c138d049e",NA,"3168863959"
32.264782,-110.80208,1,"Accipitridae","Parabuteo unicinctus",2019,12,14,"4fa7b334-ce0d-4e88-aaae-2e0c138d049e",NA,"2788431154"
32.264782,-110.80208,1,"Accipitridae","Parabuteo unicinctus",2019,12,29,"4fa7b334-ce0d-4e88-aaae-2e0c138d049e",NA,"2775491895"
32.264782,-110.80208,1,"Accipitridae","Parabuteo unicinctus",2018,2,17,"4fa7b334-ce0d-4e88-aaae-2e0c138d049e",NA,"2139356708"
32.264782,-110.80208,1,"Accipitridae","Parabuteo unicinctus",2017,8,11,"4fa7b334-ce0d-4e88-aaae-2e0c138d049e",NA,"2085533579"
32.264782,-110.80208,1,"Accipitridae","Parabuteo unicinctus",2017,8,11,"4fa7b334-ce0d-4e88-aaae-2e0c138d049e",NA,"2074260925"
32.264782,-110.80208,1,"Accipitridae","Parabuteo unicinctus",2017,8,11,"4fa7b334-ce0d-4e88-aaae-2e0c138d049e",NA,"2074264553"
32.261929,-110.809716,NA,"Trochilidae","Cynanthus latirostris",2020,5,11,"50c9509d-22c7-4a22-a47d-8c48425ef4a7","iNaturalist research-grade observations","2626189629"
