"decimalLatitude","decimalLongitude","individualCount","family","species","year","month","day","datasetKey","datasetName","gbifID"
32.240585,-111.019806,3,"Remizidae","Auriparus flaviceps",2020,5,6,"4fa7b334-ce0d-4e88-aaae-2e0c138d049e",NA,"3257228773"
32.240585,-111.019806,4,"Columbidae","Columba livia",2020,5,6,"4fa7b334-ce0d-4e88-aaae-2e0c138d049e",NA,"3250874647"
32.240585,-111.019806,5,"Passeridae","Passer domesticus",2020,5,6,"4fa7b334-ce0d-4e88-aaae-2e0c138d049e",NA,"3241577957"
32.240585,-111.019806,1,"Trochilidae","Calypte anna",2020,5,6,"4fa7b334-ce0d-4e88-aaae-2e0c138d049e",NA,"3238377915"
32.240585,-111.019806,5,"Fringillidae","Spinus psaltria",2020,5,6,"4fa7b334-ce0d-4e88-aaae-2e0c138d049e",NA,"3267698768"
32.240585,-111.019806,4,"Columbidae","Zenaida asiatica",2020,5,6,"4fa7b334-ce0d-4e88-aaae-2e0c138d049e",NA,"3244853685"
32.240585,-111.019806,1,"Mimidae","Mimus polyglottos",2020,5,6,"4fa7b334-ce0d-4e88-aaae-2e0c138d049e",NA,"3242412695"
32.240585,-111.019806,7,"Columbidae","Zenaida macroura",2020,5,6,"4fa7b334-ce0d-4e88-aaae-2e0c138d049e",NA,"3248396605"
32.240585,-111.019806,2,"Picidae","Melanerpes uropygialis",2020,5,6,"4fa7b334-ce0d-4e88-aaae-2e0c138d049e",NA,"3250734554"
32.23963,-111.018158,NA,"Columbidae","Zenaida macroura",2017,10,30,"50c9509d-22c7-4a22-a47d-8c48425ef4a7","iNaturalist research-grade observations","1699383676"
32.239694,-111.017742,NA,"Columbidae","Columba livia",2017,10,30,"50c9509d-22c7-4a22-a47d-8c48425ef4a7","iNaturalist research-grade observations","1699383746"
32.239637,-111.018067,NA,"Columbidae","Zenaida macroura",2017,10,30,"50c9509d-22c7-4a22-a47d-8c48425ef4a7","iNaturalist research-grade observations","1699384340"
32.239637,-111.018058,NA,"Fringillidae","Haemorhous mexicanus",2017,10,30,"50c9509d-22c7-4a22-a47d-8c48425ef4a7","iNaturalist research-grade observations","1699384341"
32.239637,-111.018058,NA,"Columbidae","Zenaida macroura",2017,10,30,"50c9509d-22c7-4a22-a47d-8c48425ef4a7","iNaturalist research-grade observations","1699384364"
