"decimalLatitude","decimalLongitude","individualCount","family","species","year","month","day","datasetKey","datasetName","gbifID"
32.247932,-110.8257,1,"Picidae","Melanerpes uropygialis",2021,1,1,"4fa7b334-ce0d-4e88-aaae-2e0c138d049e",NA,"3625244801"
32.247932,-110.8257,6,"Fringillidae","Haemorhous mexicanus",2021,1,1,"4fa7b334-ce0d-4e88-aaae-2e0c138d049e",NA,"3631944081"
32.247932,-110.8257,1,"Accipitridae","Accipiter cooperii",2021,1,1,"4fa7b334-ce0d-4e88-aaae-2e0c138d049e",NA,"3637688304"
32.247932,-110.8257,2,"Remizidae","Auriparus flaviceps",2021,1,1,"4fa7b334-ce0d-4e88-aaae-2e0c138d049e",NA,"3636226444"
32.247932,-110.8257,1,"Trochilidae","Calypte anna",2021,1,1,"4fa7b334-ce0d-4e88-aaae-2e0c138d049e",NA,"3646484539"
32.247932,-110.8257,1,"Cardinalidae","Cardinalis cardinalis",2021,1,1,"4fa7b334-ce0d-4e88-aaae-2e0c138d049e",NA,"3668298052"
32.247932,-110.8257,5,"Fringillidae","Spinus psaltria",2021,1,1,"4fa7b334-ce0d-4e88-aaae-2e0c138d049e",NA,"3667219011"
32.247932,-110.8257,3,"Columbidae","Zenaida macroura",2021,1,1,"4fa7b334-ce0d-4e88-aaae-2e0c138d049e",NA,"3669006892"
32.247932,-110.8257,5,"Passeridae","Passer domesticus",2021,1,1,"4fa7b334-ce0d-4e88-aaae-2e0c138d049e",NA,"3670926469"
32.247932,-110.8257,1,"Troglodytidae","Thryomanes bewickii",2021,1,1,"4fa7b334-ce0d-4e88-aaae-2e0c138d049e",NA,"3675368840"
32.247932,-110.8257,3,"Emberizidae","Zonotrichia leucophrys",2021,1,1,"4fa7b334-ce0d-4e88-aaae-2e0c138d049e",NA,"3522296428"
32.241142,-110.83136,2,"Trochilidae","Calypte anna",2021,2,13,"4fa7b334-ce0d-4e88-aaae-2e0c138d049e",NA,"3515234413"
32.241142,-110.83136,4,"Parulidae","Setophaga coronata",2021,2,13,"4fa7b334-ce0d-4e88-aaae-2e0c138d049e",NA,"3509543728"
32.241142,-110.83136,1,"Trochilidae","Cynanthus latirostris",2021,2,13,"4fa7b334-ce0d-4e88-aaae-2e0c138d049e",NA,"3508143355"
32.241142,-110.83136,4,"Fringillidae","Haemorhous mexicanus",2021,2,13,"4fa7b334-ce0d-4e88-aaae-2e0c138d049e",NA,"3508824452"
32.241142,-110.83136,2,"Emberizidae","Zonotrichia leucophrys",2021,2,13,"4fa7b334-ce0d-4e88-aaae-2e0c138d049e",NA,"3507533412"
32.241142,-110.83136,6,"Fringillidae","Spinus psaltria",2021,2,13,"4fa7b334-ce0d-4e88-aaae-2e0c138d049e",NA,"3505828946"
32.241142,-110.83136,1,"Tyrannidae","Pyrocephalus rubinus",2021,2,13,"4fa7b334-ce0d-4e88-aaae-2e0c138d049e",NA,"3505780016"
32.247932,-110.8257,1,"Troglodytidae","Thryomanes bewickii",2021,2,12,"4fa7b334-ce0d-4e88-aaae-2e0c138d049e",NA,"3507729676"
32.247932,-110.8257,1,"Emberizidae","Melozone aberti",2021,2,12,"4fa7b334-ce0d-4e88-aaae-2e0c138d049e",NA,"3508088164"
32.247932,-110.8257,2,"Emberizidae","Zonotrichia leucophrys",2021,2,12,"4fa7b334-ce0d-4e88-aaae-2e0c138d049e",NA,"3610956408"
32.247932,-110.8257,4,"Fringillidae","Spinus psaltria",2021,2,12,"4fa7b334-ce0d-4e88-aaae-2e0c138d049e",NA,"3613259275"
32.247932,-110.8257,6,"Columbidae","Zenaida macroura",2021,2,12,"4fa7b334-ce0d-4e88-aaae-2e0c138d049e",NA,"3611571698"
32.247932,-110.8257,6,"Passeridae","Passer domesticus",2021,2,12,"4fa7b334-ce0d-4e88-aaae-2e0c138d049e",NA,"3614010575"
32.247932,-110.8257,1,"Picidae","Melanerpes uropygialis",2021,2,12,"4fa7b334-ce0d-4e88-aaae-2e0c138d049e",NA,"3507857409"
32.247932,-110.8257,1,"Trochilidae","Cynanthus latirostris",2021,2,12,"4fa7b334-ce0d-4e88-aaae-2e0c138d049e",NA,"3507601703"
32.247932,-110.8257,1,"Cardinalidae","Cardinalis cardinalis",2021,2,12,"4fa7b334-ce0d-4e88-aaae-2e0c138d049e",NA,"3506642573"
32.247932,-110.8257,5,"Fringillidae","Haemorhous mexicanus",2021,2,12,"4fa7b334-ce0d-4e88-aaae-2e0c138d049e",NA,"3507530088"
32.247932,-110.8257,2,"Picidae","Melanerpes uropygialis",2021,2,13,"4fa7b334-ce0d-4e88-aaae-2e0c138d049e",NA,"3507481381"
32.247932,-110.8257,3,"Columbidae","Zenaida macroura",2021,2,13,"4fa7b334-ce0d-4e88-aaae-2e0c138d049e",NA,"3618393625"
32.247932,-110.8257,6,"Fringillidae","Haemorhous mexicanus",2021,2,13,"4fa7b334-ce0d-4e88-aaae-2e0c138d049e",NA,"3601458644"
32.247932,-110.8257,5,"Emberizidae","Zonotrichia leucophrys",2021,2,13,"4fa7b334-ce0d-4e88-aaae-2e0c138d049e",NA,"3600397956"
32.247932,-110.8257,1,"Emberizidae","Melozone aberti",2021,2,13,"4fa7b334-ce0d-4e88-aaae-2e0c138d049e",NA,"3612335848"
32.247932,-110.8257,2,"Trochilidae","Cynanthus latirostris",2021,2,13,"4fa7b334-ce0d-4e88-aaae-2e0c138d049e",NA,"3507601718"
32.247932,-110.8257,2,"Cardinalidae","Cardinalis cardinalis",2021,2,13,"4fa7b334-ce0d-4e88-aaae-2e0c138d049e",NA,"3506642590"
32.247932,-110.8257,4,"Fringillidae","Spinus psaltria",2021,2,13,"4fa7b334-ce0d-4e88-aaae-2e0c138d049e",NA,"3507530104"
32.241215,-110.83136,1,"Emberizidae","Zonotrichia leucophrys",2021,2,13,"4fa7b334-ce0d-4e88-aaae-2e0c138d049e",NA,"3537210558"
32.241215,-110.83136,3,"Fringillidae","Haemorhous mexicanus",2021,2,13,"4fa7b334-ce0d-4e88-aaae-2e0c138d049e",NA,"3537589740"
32.241215,-110.83136,1,"Tyrannidae","Pyrocephalus rubinus",2021,2,13,"4fa7b334-ce0d-4e88-aaae-2e0c138d049e",NA,"3530339473"
32.241215,-110.83136,2,"Parulidae","Setophaga coronata",2021,2,13,"4fa7b334-ce0d-4e88-aaae-2e0c138d049e",NA,"3590291409"
32.241215,-110.83136,3,"Trochilidae","Cynanthus latirostris",2021,2,13,"4fa7b334-ce0d-4e88-aaae-2e0c138d049e",NA,"3523443844"
32.241215,-110.83136,8,"Fringillidae","Spinus psaltria",2021,2,13,"4fa7b334-ce0d-4e88-aaae-2e0c138d049e",NA,"3516212535"
32.241215,-110.83136,2,"Trochilidae","Calypte anna",2021,2,13,"4fa7b334-ce0d-4e88-aaae-2e0c138d049e",NA,"3514589205"
32.241215,-110.83136,1,"Passeridae","Passer domesticus",2021,2,13,"4fa7b334-ce0d-4e88-aaae-2e0c138d049e",NA,"3510818097"
32.241215,-110.83136,4,"Columbidae","Zenaida macroura",2021,2,13,"4fa7b334-ce0d-4e88-aaae-2e0c138d049e",NA,"3508028830"
32.247932,-110.8257,1,"Troglodytidae","Thryomanes bewickii",2021,2,15,"4fa7b334-ce0d-4e88-aaae-2e0c138d049e",NA,"3639322483"
32.247932,-110.8257,3,"Fringillidae","Spinus psaltria",2021,2,15,"4fa7b334-ce0d-4e88-aaae-2e0c138d049e",NA,"3622753855"
32.247932,-110.8257,2,"Columbidae","Zenaida macroura",2021,2,15,"4fa7b334-ce0d-4e88-aaae-2e0c138d049e",NA,"3615211718"
32.247932,-110.8257,9,"Fringillidae","Haemorhous mexicanus",2021,2,15,"4fa7b334-ce0d-4e88-aaae-2e0c138d049e",NA,"3613758124"
32.247932,-110.8257,4,"Passeridae","Passer domesticus",2021,2,15,"4fa7b334-ce0d-4e88-aaae-2e0c138d049e",NA,"3613023165"
32.247932,-110.8257,1,"Parulidae","Setophaga coronata",2021,2,15,"4fa7b334-ce0d-4e88-aaae-2e0c138d049e",NA,"3605239617"
32.247932,-110.8257,1,"Emberizidae","Melozone aberti",2021,2,15,"4fa7b334-ce0d-4e88-aaae-2e0c138d049e",NA,"3601320342"
32.247932,-110.8257,5,"Emberizidae","Zonotrichia leucophrys",2021,2,15,"4fa7b334-ce0d-4e88-aaae-2e0c138d049e",NA,"3597700235"
32.247932,-110.8257,1,"Trochilidae","Calypte anna",2021,2,15,"4fa7b334-ce0d-4e88-aaae-2e0c138d049e",NA,"3596951413"
32.247932,-110.8257,2,"Picidae","Melanerpes uropygialis",2021,2,15,"4fa7b334-ce0d-4e88-aaae-2e0c138d049e",NA,"3595571602"
32.247932,-110.8257,1,"Trochilidae","Cynanthus latirostris",2021,2,15,"4fa7b334-ce0d-4e88-aaae-2e0c138d049e",NA,"3638239626"
32.247932,-110.8257,2,"Cardinalidae","Cardinalis cardinalis",2021,2,15,"4fa7b334-ce0d-4e88-aaae-2e0c138d049e",NA,"3638730442"
32.247932,-110.8257,5,"Columbidae","Zenaida macroura",2021,3,6,"4fa7b334-ce0d-4e88-aaae-2e0c138d049e",NA,"3672770475"
32.247932,-110.8257,7,"Passeridae","Passer domesticus",2021,3,6,"4fa7b334-ce0d-4e88-aaae-2e0c138d049e",NA,"3671181237"
32.247932,-110.8257,1,"Parulidae","Setophaga coronata",2021,3,6,"4fa7b334-ce0d-4e88-aaae-2e0c138d049e",NA,"3670518339"
32.247932,-110.8257,2,"Trochilidae","Cynanthus latirostris",2021,3,6,"4fa7b334-ce0d-4e88-aaae-2e0c138d049e",NA,"3668326776"
32.247932,-110.8257,2,"Picidae","Melanerpes uropygialis",2021,3,6,"4fa7b334-ce0d-4e88-aaae-2e0c138d049e",NA,"3669388130"
32.247932,-110.8257,1,"Emberizidae","Melozone aberti",2021,3,6,"4fa7b334-ce0d-4e88-aaae-2e0c138d049e",NA,"3666797594"
32.247932,-110.8257,1,"Accipitridae","Accipiter cooperii",2021,3,6,"4fa7b334-ce0d-4e88-aaae-2e0c138d049e",NA,"3665562690"
32.247932,-110.8257,2,"Cardinalidae","Cardinalis cardinalis",2021,3,6,"4fa7b334-ce0d-4e88-aaae-2e0c138d049e",NA,"3679770553"
32.247932,-110.8257,7,"Emberizidae","Zonotrichia leucophrys",2021,3,6,"4fa7b334-ce0d-4e88-aaae-2e0c138d049e",NA,"3683701644"
32.247932,-110.8257,1,"Remizidae","Auriparus flaviceps",2021,3,6,"4fa7b334-ce0d-4e88-aaae-2e0c138d049e",NA,"3683189521"
32.247932,-110.8257,1,"Troglodytidae","Thryomanes bewickii",2021,3,6,"4fa7b334-ce0d-4e88-aaae-2e0c138d049e",NA,"3677281288"
32.247932,-110.8257,4,"Fringillidae","Haemorhous mexicanus",2021,3,6,"4fa7b334-ce0d-4e88-aaae-2e0c138d049e",NA,"3684339428"
32.24011,-110.82589,2,"Parulidae","Leiothlypis luciae",2021,4,11,"4fa7b334-ce0d-4e88-aaae-2e0c138d049e",NA,"3608463991"
32.24011,-110.82589,2,"Columbidae","Zenaida asiatica",2021,4,11,"4fa7b334-ce0d-4e88-aaae-2e0c138d049e",NA,"3607346512"
32.24011,-110.82589,2,"Trochilidae","Calypte anna",2021,4,11,"4fa7b334-ce0d-4e88-aaae-2e0c138d049e",NA,"3606991382"
32.24011,-110.82589,1,"Picidae","Melanerpes uropygialis",2021,4,11,"4fa7b334-ce0d-4e88-aaae-2e0c138d049e",NA,"3611950391"
32.247932,-110.8257,1,"Trochilidae","Cynanthus latirostris",2021,4,11,"4fa7b334-ce0d-4e88-aaae-2e0c138d049e",NA,"3620787190"
32.247932,-110.8257,7,"Emberizidae","Zonotrichia leucophrys",2021,4,11,"4fa7b334-ce0d-4e88-aaae-2e0c138d049e",NA,"3612126360"
32.247932,-110.8257,2,"Picidae","Melanerpes uropygialis",2021,4,11,"4fa7b334-ce0d-4e88-aaae-2e0c138d049e",NA,"3609056707"
32.247932,-110.8257,1,"Turdidae","Sialia mexicana",2021,4,11,"4fa7b334-ce0d-4e88-aaae-2e0c138d049e",NA,"3601967896"
32.247932,-110.8257,6,"Fringillidae","Haemorhous mexicanus",2021,4,11,"4fa7b334-ce0d-4e88-aaae-2e0c138d049e",NA,"3603981816"
32.247932,-110.8257,4,"Columbidae","Zenaida asiatica",2021,4,11,"4fa7b334-ce0d-4e88-aaae-2e0c138d049e",NA,"3612251824"
32.247932,-110.8257,1,"Picidae","Melanerpes uropygialis",2021,4,17,"4fa7b334-ce0d-4e88-aaae-2e0c138d049e",NA,"3633812504"
32.247932,-110.8257,4,"Columbidae","Zenaida asiatica",2021,4,17,"4fa7b334-ce0d-4e88-aaae-2e0c138d049e",NA,"3642786126"
32.247932,-110.8257,2,"Trochilidae","Cynanthus latirostris",2021,4,17,"4fa7b334-ce0d-4e88-aaae-2e0c138d049e",NA,"3647390517"
32.247932,-110.8257,1,"Trochilidae","Calypte anna",2021,4,17,"4fa7b334-ce0d-4e88-aaae-2e0c138d049e",NA,"3651496558"
32.247932,-110.8257,1,"Ardeidae","Butorides virescens",2021,4,17,"4fa7b334-ce0d-4e88-aaae-2e0c138d049e",NA,"3648366211"
32.247932,-110.8257,1,"Fringillidae","Spinus psaltria",2021,4,17,"4fa7b334-ce0d-4e88-aaae-2e0c138d049e",NA,"3656161861"
32.247932,-110.8257,10,"Fringillidae","Haemorhous mexicanus",2021,4,17,"4fa7b334-ce0d-4e88-aaae-2e0c138d049e",NA,"3605223787"
32.247932,-110.8257,1,"Emberizidae","Melozone aberti",2021,4,11,"4fa7b334-ce0d-4e88-aaae-2e0c138d049e",NA,"3519240124"
32.247932,-110.8257,6,"Columbidae","Zenaida macroura",2021,4,11,"4fa7b334-ce0d-4e88-aaae-2e0c138d049e",NA,"3530835768"
32.247932,-110.8257,1,"Cardinalidae","Cardinalis cardinalis",2021,4,11,"4fa7b334-ce0d-4e88-aaae-2e0c138d049e",NA,"3534824230"
32.247932,-110.8257,1,"Mimidae","Toxostoma curvirostre",2021,4,19,"4fa7b334-ce0d-4e88-aaae-2e0c138d049e",NA,"3691091962"
32.247932,-110.8257,1,"Cardinalidae","Cardinalis cardinalis",2021,4,19,"4fa7b334-ce0d-4e88-aaae-2e0c138d049e",NA,"3691475849"
32.247932,-110.8257,2,"Passeridae","Passer domesticus",2021,4,19,"4fa7b334-ce0d-4e88-aaae-2e0c138d049e",NA,"3684224038"
32.247932,-110.8257,1,"Picidae","Melanerpes uropygialis",2021,4,19,"4fa7b334-ce0d-4e88-aaae-2e0c138d049e",NA,"3688933545"
32.247932,-110.8257,2,"Trochilidae","Cynanthus latirostris",2021,4,19,"4fa7b334-ce0d-4e88-aaae-2e0c138d049e",NA,"3682028352"
32.247932,-110.8257,2,"Emberizidae","Zonotrichia leucophrys",2021,4,19,"4fa7b334-ce0d-4e88-aaae-2e0c138d049e",NA,"3680788249"
32.247932,-110.8257,4,"Fringillidae","Haemorhous mexicanus",2021,4,19,"4fa7b334-ce0d-4e88-aaae-2e0c138d049e",NA,"3679719477"
32.247932,-110.8257,5,"Columbidae","Zenaida asiatica",2021,4,19,"4fa7b334-ce0d-4e88-aaae-2e0c138d049e",NA,"3678367670"
32.247932,-110.8257,1,"Trochilidae","Calypte anna",2021,4,19,"4fa7b334-ce0d-4e88-aaae-2e0c138d049e",NA,"3681459734"
32.24703,-110.827515,1,"Fringillidae","Haemorhous mexicanus",2021,5,3,"4fa7b334-ce0d-4e88-aaae-2e0c138d049e",NA,"3514293071"
32.24703,-110.827515,2,"Parulidae","Leiothlypis luciae",2021,5,3,"4fa7b334-ce0d-4e88-aaae-2e0c138d049e",NA,"3516719649"
32.24703,-110.827515,1,"Picidae","Melanerpes uropygialis",2021,5,3,"4fa7b334-ce0d-4e88-aaae-2e0c138d049e",NA,"3514638536"
32.24703,-110.827515,2,"Mimidae","Mimus polyglottos",2021,5,3,"4fa7b334-ce0d-4e88-aaae-2e0c138d049e",NA,"3522838553"
32.24703,-110.827515,3,"Columbidae","Zenaida asiatica",2021,5,3,"4fa7b334-ce0d-4e88-aaae-2e0c138d049e",NA,"3520235083"
32.24703,-110.827515,5,"Passeridae","Passer domesticus",2021,5,3,"4fa7b334-ce0d-4e88-aaae-2e0c138d049e",NA,"3521626621"
32.24703,-110.827515,1,"Fringillidae","Haemorhous mexicanus",2021,5,3,"4fa7b334-ce0d-4e88-aaae-2e0c138d049e",NA,"3650892051"
32.24703,-110.827515,2,"Parulidae","Leiothlypis luciae",2021,5,3,"4fa7b334-ce0d-4e88-aaae-2e0c138d049e",NA,"3654788018"
32.24703,-110.827515,1,"Picidae","Melanerpes uropygialis",2021,5,3,"4fa7b334-ce0d-4e88-aaae-2e0c138d049e",NA,"3658493096"
32.24703,-110.827515,2,"Mimidae","Mimus polyglottos",2021,5,3,"4fa7b334-ce0d-4e88-aaae-2e0c138d049e",NA,"3647320641"
32.24703,-110.827515,3,"Columbidae","Zenaida asiatica",2021,5,3,"4fa7b334-ce0d-4e88-aaae-2e0c138d049e",NA,"3660688012"
32.24703,-110.827515,5,"Passeridae","Passer domesticus",2021,5,3,"4fa7b334-ce0d-4e88-aaae-2e0c138d049e",NA,"3658643261"
32.247932,-110.8257,4,"Passeridae","Passer domesticus",2021,5,9,"4fa7b334-ce0d-4e88-aaae-2e0c138d049e",NA,"3600317655"
32.247932,-110.8257,1,"Columbidae","Streptopelia decaocto",2021,5,9,"4fa7b334-ce0d-4e88-aaae-2e0c138d049e",NA,"3614170810"
32.247932,-110.8257,1,"Trochilidae","Calypte anna",2021,5,9,"4fa7b334-ce0d-4e88-aaae-2e0c138d049e",NA,"3607962254"
32.247932,-110.8257,8,"Columbidae","Zenaida asiatica",2021,5,9,"4fa7b334-ce0d-4e88-aaae-2e0c138d049e",NA,"3617253618"
32.247932,-110.8257,1,"Parulidae","Leiothlypis luciae",2021,5,9,"4fa7b334-ce0d-4e88-aaae-2e0c138d049e",NA,"3611162899"
32.247932,-110.8257,1,"Accipitridae","Accipiter cooperii",2021,5,9,"4fa7b334-ce0d-4e88-aaae-2e0c138d049e",NA,"3619385252"
32.247932,-110.8257,1,"Columbidae","Zenaida macroura",2021,5,9,"4fa7b334-ce0d-4e88-aaae-2e0c138d049e",NA,"3623680492"
32.247932,-110.8257,2,"Mimidae","Toxostoma curvirostre",2021,5,9,"4fa7b334-ce0d-4e88-aaae-2e0c138d049e",NA,"3638287278"
32.247932,-110.8257,11,"Fringillidae","Haemorhous mexicanus",2021,5,9,"4fa7b334-ce0d-4e88-aaae-2e0c138d049e",NA,"3630311797"
32.247932,-110.8257,2,"Picidae","Melanerpes uropygialis",2021,5,9,"4fa7b334-ce0d-4e88-aaae-2e0c138d049e",NA,"3633809199"
32.247932,-110.8257,1,"Cardinalidae","Cardinalis cardinalis",2021,5,9,"4fa7b334-ce0d-4e88-aaae-2e0c138d049e",NA,"3608082175"
32.247932,-110.8257,1,"Emberizidae","Pipilo chlorurus",2021,5,9,"4fa7b334-ce0d-4e88-aaae-2e0c138d049e",NA,"3615856292"
32.247932,-110.8257,1,"Fringillidae","Spinus psaltria",2021,5,9,"4fa7b334-ce0d-4e88-aaae-2e0c138d049e",NA,"3611443841"
32.247932,-110.8257,1,"Emberizidae","Melozone aberti",2021,5,21,"4fa7b334-ce0d-4e88-aaae-2e0c138d049e",NA,"3616362553"
32.247932,-110.8257,1,"Cardinalidae","Piranga ludoviciana",2021,5,21,"4fa7b334-ce0d-4e88-aaae-2e0c138d049e",NA,"3619697588"
32.247932,-110.8257,2,"Passeridae","Passer domesticus",2021,5,21,"4fa7b334-ce0d-4e88-aaae-2e0c138d049e",NA,"3616401034"
32.247932,-110.8257,6,"Fringillidae","Haemorhous mexicanus",2021,5,21,"4fa7b334-ce0d-4e88-aaae-2e0c138d049e",NA,"3624814208"
32.247932,-110.8257,1,"Picidae","Melanerpes uropygialis",2021,5,21,"4fa7b334-ce0d-4e88-aaae-2e0c138d049e",NA,"3627019685"
32.247932,-110.8257,5,"Columbidae","Zenaida asiatica",2021,5,21,"4fa7b334-ce0d-4e88-aaae-2e0c138d049e",NA,"3627011822"
32.247932,-110.8257,5,"Fringillidae","Haemorhous mexicanus",2021,5,17,"4fa7b334-ce0d-4e88-aaae-2e0c138d049e",NA,"3612934281"
32.247932,-110.8257,1,"Cardinalidae","Piranga ludoviciana",2021,5,17,"4fa7b334-ce0d-4e88-aaae-2e0c138d049e",NA,"3618447500"
32.247932,-110.8257,2,"Picidae","Melanerpes uropygialis",2021,5,17,"4fa7b334-ce0d-4e88-aaae-2e0c138d049e",NA,"3619544516"
32.247932,-110.8257,1,"Trochilidae","Cynanthus latirostris",2021,5,17,"4fa7b334-ce0d-4e88-aaae-2e0c138d049e",NA,"3627651376"
32.247932,-110.8257,1,"Columbidae","Streptopelia decaocto",2021,5,17,"4fa7b334-ce0d-4e88-aaae-2e0c138d049e",NA,"3639827141"
32.247932,-110.8257,5,"Columbidae","Zenaida asiatica",2021,5,17,"4fa7b334-ce0d-4e88-aaae-2e0c138d049e",NA,"3686208737"
32.247932,-110.8257,3,"Fringillidae","Spinus psaltria",2021,5,17,"4fa7b334-ce0d-4e88-aaae-2e0c138d049e",NA,"3688066571"
32.247932,-110.8257,2,"Trochilidae","Calypte anna",2021,5,21,"4fa7b334-ce0d-4e88-aaae-2e0c138d049e",NA,"3677676443"
32.247932,-110.8257,7,"Fringillidae","Haemorhous mexicanus",2021,6,19,"4fa7b334-ce0d-4e88-aaae-2e0c138d049e",NA,"3645395260"
32.247932,-110.8257,5,"Columbidae","Zenaida asiatica",2021,6,19,"4fa7b334-ce0d-4e88-aaae-2e0c138d049e",NA,"3642633035"
32.247932,-110.8257,1,"Cardinalidae","Cardinalis cardinalis",2021,6,19,"4fa7b334-ce0d-4e88-aaae-2e0c138d049e",NA,"3649504370"
32.247932,-110.8257,1,"Picidae","Melanerpes uropygialis",2021,6,19,"4fa7b334-ce0d-4e88-aaae-2e0c138d049e",NA,"3544663004"
32.247932,-110.8257,4,"Parulidae","Leiothlypis luciae",2021,6,19,"4fa7b334-ce0d-4e88-aaae-2e0c138d049e",NA,"3548521190"
32.247932,-110.8257,5,"Passeridae","Passer domesticus",2021,6,19,"4fa7b334-ce0d-4e88-aaae-2e0c138d049e",NA,"3533400559"
32.247932,-110.8257,1,"Mimidae","Toxostoma curvirostre",2021,6,19,"4fa7b334-ce0d-4e88-aaae-2e0c138d049e",NA,"3599432857"
32.247932,-110.8257,1,"Trochilidae","Calypte anna",2021,6,19,"4fa7b334-ce0d-4e88-aaae-2e0c138d049e",NA,"3607576127"
32.247932,-110.8257,2,"Fringillidae","Spinus psaltria",2021,6,19,"4fa7b334-ce0d-4e88-aaae-2e0c138d049e",NA,"3614680333"
32.247932,-110.8257,1,"Trochilidae","Cynanthus latirostris",2021,6,19,"4fa7b334-ce0d-4e88-aaae-2e0c138d049e",NA,"3618988550"
32.247932,-110.8257,2,"Passeridae","Passer domesticus",2021,7,11,"4fa7b334-ce0d-4e88-aaae-2e0c138d049e",NA,"3636887570"
32.247932,-110.8257,1,"Columbidae","Streptopelia decaocto",2021,7,11,"4fa7b334-ce0d-4e88-aaae-2e0c138d049e",NA,"3636939893"
32.247932,-110.8257,3,"Parulidae","Leiothlypis luciae",2021,7,11,"4fa7b334-ce0d-4e88-aaae-2e0c138d049e",NA,"3627009131"
32.247932,-110.8257,7,"Columbidae","Zenaida asiatica",2021,7,11,"4fa7b334-ce0d-4e88-aaae-2e0c138d049e",NA,"3628168758"
32.247932,-110.8257,1,"Picidae","Melanerpes uropygialis",2021,7,11,"4fa7b334-ce0d-4e88-aaae-2e0c138d049e",NA,"3623127022"
32.247932,-110.8257,1,"Trochilidae","Cynanthus latirostris",2021,7,11,"4fa7b334-ce0d-4e88-aaae-2e0c138d049e",NA,"3619712855"
32.247932,-110.8257,1,"Tyrannidae","Myiarchus tyrannulus",2021,7,11,"4fa7b334-ce0d-4e88-aaae-2e0c138d049e",NA,"3598448331"
32.247932,-110.8257,2,"Emberizidae","Melozone aberti",2021,7,11,"4fa7b334-ce0d-4e88-aaae-2e0c138d049e",NA,"3533140807"
32.247932,-110.8257,1,"Icteridae","Icterus cucullatus",2021,7,11,"4fa7b334-ce0d-4e88-aaae-2e0c138d049e",NA,"3542779840"
32.247932,-110.8257,5,"Fringillidae","Haemorhous mexicanus",2021,7,11,"4fa7b334-ce0d-4e88-aaae-2e0c138d049e",NA,"3535183135"
32.247932,-110.8257,1,"Columbidae","Streptopelia decaocto",2021,10,9,"4fa7b334-ce0d-4e88-aaae-2e0c138d049e",NA,"3575055428"
32.247932,-110.8257,1,"Fringillidae","Spinus psaltria",2021,10,9,"4fa7b334-ce0d-4e88-aaae-2e0c138d049e",NA,"3579396215"
32.247932,-110.8257,1,"Picidae","Melanerpes uropygialis",2021,10,9,"4fa7b334-ce0d-4e88-aaae-2e0c138d049e",NA,"3576842530"
32.247932,-110.8257,1,"Emberizidae","Melozone aberti",2021,10,9,"4fa7b334-ce0d-4e88-aaae-2e0c138d049e",NA,"3575798948"
32.247932,-110.8257,3,"Columbidae","Zenaida asiatica",2021,10,9,"4fa7b334-ce0d-4e88-aaae-2e0c138d049e",NA,"3629116633"
32.247932,-110.8257,1,"Remizidae","Auriparus flaviceps",2021,10,9,"4fa7b334-ce0d-4e88-aaae-2e0c138d049e",NA,"3615078375"
32.247932,-110.8257,1,"Trochilidae","Calypte anna",2021,10,9,"4fa7b334-ce0d-4e88-aaae-2e0c138d049e",NA,"3625566472"
32.247932,-110.8257,5,"Fringillidae","Haemorhous mexicanus",2021,10,9,"4fa7b334-ce0d-4e88-aaae-2e0c138d049e",NA,"3617074433"
32.247932,-110.8257,2,"Columbidae","Zenaida macroura",2021,10,9,"4fa7b334-ce0d-4e88-aaae-2e0c138d049e",NA,"3611914375"
32.247932,-110.8257,2,"Emberizidae","Melozone aberti",2021,10,27,"4fa7b334-ce0d-4e88-aaae-2e0c138d049e",NA,"3644553504"
32.247932,-110.8257,1,"Remizidae","Auriparus flaviceps",2021,10,27,"4fa7b334-ce0d-4e88-aaae-2e0c138d049e",NA,"3643829380"
32.247932,-110.8257,1,"Picidae","Melanerpes uropygialis",2021,10,27,"4fa7b334-ce0d-4e88-aaae-2e0c138d049e",NA,"3645603351"
32.247932,-110.8257,5,"Fringillidae","Haemorhous mexicanus",2021,10,27,"4fa7b334-ce0d-4e88-aaae-2e0c138d049e",NA,"3585280073"
32.247932,-110.8257,1,"Trochilidae","Calypte anna",2021,10,27,"4fa7b334-ce0d-4e88-aaae-2e0c138d049e",NA,"3560488091"
32.247932,-110.8257,2,"Columbidae","Streptopelia decaocto",2021,10,27,"4fa7b334-ce0d-4e88-aaae-2e0c138d049e",NA,"3568836175"
32.247932,-110.8257,3,"Cardinalidae","Cardinalis cardinalis",2021,10,27,"4fa7b334-ce0d-4e88-aaae-2e0c138d049e",NA,"3576295143"
32.247932,-110.8257,4,"Passeridae","Passer domesticus",2021,10,27,"4fa7b334-ce0d-4e88-aaae-2e0c138d049e",NA,"3660511652"
32.247932,-110.8257,3,"Columbidae","Zenaida macroura",2021,10,27,"4fa7b334-ce0d-4e88-aaae-2e0c138d049e",NA,"3657489902"
32.247932,-110.8257,3,"Emberizidae","Zonotrichia leucophrys",2021,10,27,"4fa7b334-ce0d-4e88-aaae-2e0c138d049e",NA,"3660850028"
32.247932,-110.8257,3,"Fringillidae","Haemorhous mexicanus",2021,10,10,"4fa7b334-ce0d-4e88-aaae-2e0c138d049e",NA,"3559180818"
32.247932,-110.8257,3,"Columbidae","Zenaida macroura",2021,10,10,"4fa7b334-ce0d-4e88-aaae-2e0c138d049e",NA,"3542781063"
32.247932,-110.8257,1,"Trochilidae","Calypte anna",2021,10,10,"4fa7b334-ce0d-4e88-aaae-2e0c138d049e",NA,"3540552551"
32.247932,-110.8257,1,"Columbidae","Streptopelia decaocto",2021,10,10,"4fa7b334-ce0d-4e88-aaae-2e0c138d049e",NA,"3539820032"
32.247932,-110.8257,1,"Picidae","Melanerpes uropygialis",2021,10,10,"4fa7b334-ce0d-4e88-aaae-2e0c138d049e",NA,"3548692910"
32.247932,-110.8257,2,"Emberizidae","Melozone aberti",2021,10,10,"4fa7b334-ce0d-4e88-aaae-2e0c138d049e",NA,"3541137476"
32.247932,-110.8257,1,"Fringillidae","Spinus psaltria",2021,10,10,"4fa7b334-ce0d-4e88-aaae-2e0c138d049e",NA,"3575704626"
32.247932,-110.8257,1,"Picidae","Melanerpes uropygialis",2020,1,11,"4fa7b334-ce0d-4e88-aaae-2e0c138d049e",NA,"3140163012"
32.247932,-110.8257,1,"Cardinalidae","Cardinalis cardinalis",2020,1,11,"4fa7b334-ce0d-4e88-aaae-2e0c138d049e",NA,"3146989989"
32.247932,-110.8257,6,"Fringillidae","Haemorhous mexicanus",2020,1,11,"4fa7b334-ce0d-4e88-aaae-2e0c138d049e",NA,"3132292008"
32.247932,-110.8257,1,"Parulidae","Leiothlypis celata",2020,1,11,"4fa7b334-ce0d-4e88-aaae-2e0c138d049e",NA,"3132981012"
32.247932,-110.8257,9,"Columbidae","Zenaida macroura",2020,1,11,"4fa7b334-ce0d-4e88-aaae-2e0c138d049e",NA,"3133614016"
32.247932,-110.8257,6,"Passeridae","Passer domesticus",2020,1,11,"4fa7b334-ce0d-4e88-aaae-2e0c138d049e",NA,"3132809989"
32.247932,-110.8257,2,"Troglodytidae","Campylorhynchus brunneicapillus",2020,1,11,"4fa7b334-ce0d-4e88-aaae-2e0c138d049e",NA,"3138950070"
32.247932,-110.8257,1,"Trochilidae","Cynanthus latirostris",2020,1,11,"4fa7b334-ce0d-4e88-aaae-2e0c138d049e",NA,"3134824026"
32.247932,-110.8257,3,"Emberizidae","Zonotrichia leucophrys",2020,1,11,"4fa7b334-ce0d-4e88-aaae-2e0c138d049e",NA,"3135227037"
32.247932,-110.8257,5,"Fringillidae","Spinus psaltria",2020,1,11,"4fa7b334-ce0d-4e88-aaae-2e0c138d049e",NA,"3138520015"
32.247932,-110.8257,2,"Trochilidae","Calypte anna",2020,1,11,"4fa7b334-ce0d-4e88-aaae-2e0c138d049e",NA,"3145020020"
32.250675,-110.823814,2,"Accipitridae","Accipiter cooperii",2020,1,22,"4fa7b334-ce0d-4e88-aaae-2e0c138d049e",NA,"3237091019"
32.247932,-110.8257,4,"Fringillidae","Haemorhous mexicanus",2020,2,15,"4fa7b334-ce0d-4e88-aaae-2e0c138d049e",NA,"3224446430"
32.247932,-110.8257,1,"Trochilidae","Calypte anna",2020,2,15,"4fa7b334-ce0d-4e88-aaae-2e0c138d049e",NA,"3222149489"
32.247932,-110.8257,1,"Trochilidae","Cynanthus latirostris",2020,2,15,"4fa7b334-ce0d-4e88-aaae-2e0c138d049e",NA,"3219025442"
32.247932,-110.8257,1,"Mimidae","Toxostoma curvirostre",2020,2,15,"4fa7b334-ce0d-4e88-aaae-2e0c138d049e",NA,"3224167430"
32.247932,-110.8257,5,"Columbidae","Zenaida macroura",2020,2,15,"4fa7b334-ce0d-4e88-aaae-2e0c138d049e",NA,"3219144497"
32.247932,-110.8257,3,"Odontophoridae","Callipepla gambelii",2020,2,15,"4fa7b334-ce0d-4e88-aaae-2e0c138d049e",NA,"3227681471"
32.247932,-110.8257,3,"Fringillidae","Spinus psaltria",2020,2,15,"4fa7b334-ce0d-4e88-aaae-2e0c138d049e",NA,"3220519557"
32.247932,-110.8257,2,"Picidae","Melanerpes uropygialis",2020,2,15,"4fa7b334-ce0d-4e88-aaae-2e0c138d049e",NA,"3227192474"
32.247932,-110.8257,4,"Passeridae","Passer domesticus",2020,2,15,"4fa7b334-ce0d-4e88-aaae-2e0c138d049e",NA,"3225215422"
32.247932,-110.8257,1,"Mimidae","Mimus polyglottos",2020,2,15,"4fa7b334-ce0d-4e88-aaae-2e0c138d049e",NA,"3225727474"
32.247932,-110.8257,4,"Emberizidae","Zonotrichia leucophrys",2020,2,15,"4fa7b334-ce0d-4e88-aaae-2e0c138d049e",NA,"3230247328"
32.247932,-110.8257,5,"Fringillidae","Haemorhous mexicanus",2020,2,2,"4fa7b334-ce0d-4e88-aaae-2e0c138d049e",NA,"3151181481"
32.247932,-110.8257,2,"Mimidae","Toxostoma curvirostre",2020,2,2,"4fa7b334-ce0d-4e88-aaae-2e0c138d049e",NA,"3155032530"
32.247932,-110.8257,3,"Columbidae","Zenaida macroura",2020,2,2,"4fa7b334-ce0d-4e88-aaae-2e0c138d049e",NA,"3155173440"
32.247932,-110.8257,3,"Cardinalidae","Cardinalis cardinalis",2020,2,2,"4fa7b334-ce0d-4e88-aaae-2e0c138d049e",NA,"3140670358"
32.247932,-110.8257,8,"Passeridae","Passer domesticus",2020,2,2,"4fa7b334-ce0d-4e88-aaae-2e0c138d049e",NA,"3149742353"
32.236095,-110.829636,1,"Trochilidae","Calypte anna",2020,3,22,"4fa7b334-ce0d-4e88-aaae-2e0c138d049e",NA,"3140857906"
32.236095,-110.829636,3,"Columbidae","Zenaida macroura",2020,3,22,"4fa7b334-ce0d-4e88-aaae-2e0c138d049e",NA,"3139107963"
32.236095,-110.829636,9,"Cathartidae","Cathartes aura",2020,3,22,"4fa7b334-ce0d-4e88-aaae-2e0c138d049e",NA,"3159065816"
32.236095,-110.829636,2,"Fringillidae","Haemorhous mexicanus",2020,3,22,"4fa7b334-ce0d-4e88-aaae-2e0c138d049e",NA,"3138464915"
32.236095,-110.829636,2,"Fringillidae","Spinus psaltria",2020,3,22,"4fa7b334-ce0d-4e88-aaae-2e0c138d049e",NA,"3142250938"
32.236095,-110.829636,1,"Picidae","Melanerpes uropygialis",2020,3,22,"4fa7b334-ce0d-4e88-aaae-2e0c138d049e",NA,"3139946992"
32.247932,-110.8257,1,"Trochilidae","Calypte anna",2020,5,17,"4fa7b334-ce0d-4e88-aaae-2e0c138d049e",NA,"3233966507"
32.247932,-110.8257,5,"Fringillidae","Spinus psaltria",2020,5,17,"4fa7b334-ce0d-4e88-aaae-2e0c138d049e",NA,"3232789538"
32.247932,-110.8257,1,"Trochilidae","Cynanthus latirostris",2020,5,17,"4fa7b334-ce0d-4e88-aaae-2e0c138d049e",NA,"3243609617"
32.247932,-110.8257,3,"Fringillidae","Haemorhous mexicanus",2020,5,17,"4fa7b334-ce0d-4e88-aaae-2e0c138d049e",NA,"3235529578"
32.247932,-110.8257,2,"Columbidae","Zenaida macroura",2020,5,17,"4fa7b334-ce0d-4e88-aaae-2e0c138d049e",NA,"3241112525"
32.247932,-110.8257,1,"Cardinalidae","Cardinalis cardinalis",2020,5,17,"4fa7b334-ce0d-4e88-aaae-2e0c138d049e",NA,"3256987423"
32.247932,-110.8257,3,"Passeridae","Passer domesticus",2020,5,17,"4fa7b334-ce0d-4e88-aaae-2e0c138d049e",NA,"3234426347"
32.247932,-110.8257,1,"Parulidae","Leiothlypis luciae",2020,5,17,"4fa7b334-ce0d-4e88-aaae-2e0c138d049e",NA,"3232562505"
32.247932,-110.8257,2,"Troglodytidae","Campylorhynchus brunneicapillus",2020,5,17,"4fa7b334-ce0d-4e88-aaae-2e0c138d049e",NA,"3246401365"
32.247932,-110.8257,1,"Mimidae","Toxostoma curvirostre",2020,5,17,"4fa7b334-ce0d-4e88-aaae-2e0c138d049e",NA,"3233477562"
32.247932,-110.8257,8,"Columbidae","Zenaida asiatica",2020,5,17,"4fa7b334-ce0d-4e88-aaae-2e0c138d049e",NA,"3236080467"
32.247604,-110.82436,2,"Picidae","Melanerpes uropygialis",2020,6,14,"4fa7b334-ce0d-4e88-aaae-2e0c138d049e",NA,"3243060196"
32.247932,-110.8257,2,"Troglodytidae","Campylorhynchus brunneicapillus",2020,6,14,"4fa7b334-ce0d-4e88-aaae-2e0c138d049e",NA,"3238209412"
32.247932,-110.8257,5,"Passeridae","Passer domesticus",2020,6,14,"4fa7b334-ce0d-4e88-aaae-2e0c138d049e",NA,"3241597183"
32.247932,-110.8257,1,"Tyrannidae","Myiarchus cinerascens",2020,6,14,"4fa7b334-ce0d-4e88-aaae-2e0c138d049e",NA,"3236061427"
32.247932,-110.8257,1,"Icteridae","Molothrus aeneus",2020,6,14,"4fa7b334-ce0d-4e88-aaae-2e0c138d049e",NA,"3300195777"
32.247932,-110.8257,5,"Fringillidae","Spinus psaltria",2020,6,14,"4fa7b334-ce0d-4e88-aaae-2e0c138d049e",NA,"3235807370"
32.247932,-110.8257,2,"Columbidae","Zenaida macroura",2020,6,14,"4fa7b334-ce0d-4e88-aaae-2e0c138d049e",NA,"3244189332"
32.247932,-110.8257,1,"Mimidae","Toxostoma curvirostre",2020,6,14,"4fa7b334-ce0d-4e88-aaae-2e0c138d049e",NA,"3238019412"
32.247932,-110.8257,1,"Picidae","Melanerpes uropygialis",2020,6,14,"4fa7b334-ce0d-4e88-aaae-2e0c138d049e",NA,"3240113486"
32.247932,-110.8257,1,"Mimidae","Mimus polyglottos",2020,6,14,"4fa7b334-ce0d-4e88-aaae-2e0c138d049e",NA,"3240936473"
32.247932,-110.8257,6,"Columbidae","Zenaida asiatica",2020,6,14,"4fa7b334-ce0d-4e88-aaae-2e0c138d049e",NA,"3249725458"
32.247932,-110.8257,1,"Trochilidae","Cynanthus latirostris",2020,6,14,"4fa7b334-ce0d-4e88-aaae-2e0c138d049e",NA,"3246442409"
32.247932,-110.8257,6,"Fringillidae","Haemorhous mexicanus",2020,6,14,"4fa7b334-ce0d-4e88-aaae-2e0c138d049e",NA,"3236768354"
32.247932,-110.8257,1,"Emberizidae","Melozone aberti",2020,6,14,"4fa7b334-ce0d-4e88-aaae-2e0c138d049e",NA,"3235847395"
32.247932,-110.8257,1,"Emberizidae","Melozone aberti",2020,6,15,"4fa7b334-ce0d-4e88-aaae-2e0c138d049e",NA,"3271695490"
32.247932,-110.8257,6,"Fringillidae","Haemorhous mexicanus",2020,6,15,"4fa7b334-ce0d-4e88-aaae-2e0c138d049e",NA,"3247855510"
32.247932,-110.8257,2,"Cardinalidae","Cardinalis cardinalis",2020,6,15,"4fa7b334-ce0d-4e88-aaae-2e0c138d049e",NA,"3257213503"
32.247932,-110.8257,1,"Picidae","Melanerpes uropygialis",2020,6,15,"4fa7b334-ce0d-4e88-aaae-2e0c138d049e",NA,"3253098338"
32.247932,-110.8257,3,"Columbidae","Zenaida macroura",2020,6,15,"4fa7b334-ce0d-4e88-aaae-2e0c138d049e",NA,"3248942548"
32.247932,-110.8257,2,"Tyrannidae","Myiarchus cinerascens",2020,6,15,"4fa7b334-ce0d-4e88-aaae-2e0c138d049e",NA,"3257197619"
32.247932,-110.8257,2,"Parulidae","Leiothlypis luciae",2020,6,15,"4fa7b334-ce0d-4e88-aaae-2e0c138d049e",NA,"3248012455"
32.247932,-110.8257,4,"Fringillidae","Spinus psaltria",2020,6,15,"4fa7b334-ce0d-4e88-aaae-2e0c138d049e",NA,"3254354460"
32.247932,-110.8257,7,"Columbidae","Zenaida asiatica",2020,6,15,"4fa7b334-ce0d-4e88-aaae-2e0c138d049e",NA,"3262236680"
32.247932,-110.8257,2,"Trochilidae","Calypte anna",2020,6,15,"4fa7b334-ce0d-4e88-aaae-2e0c138d049e",NA,"3245609398"
32.247932,-110.8257,1,"Accipitridae","Accipiter cooperii",2020,6,15,"4fa7b334-ce0d-4e88-aaae-2e0c138d049e",NA,"3249820452"
32.247932,-110.8257,2,"Icteridae","Molothrus aeneus",2020,6,15,"4fa7b334-ce0d-4e88-aaae-2e0c138d049e",NA,"3244652400"
32.247932,-110.8257,6,"Passeridae","Passer domesticus",2020,6,15,"4fa7b334-ce0d-4e88-aaae-2e0c138d049e",NA,"3249897519"
32.247932,-110.8257,2,"Remizidae","Auriparus flaviceps",2020,6,15,"4fa7b334-ce0d-4e88-aaae-2e0c138d049e",NA,"3252309588"
32.247932,-110.8257,1,"Trochilidae","Calypte anna",2020,7,13,"4fa7b334-ce0d-4e88-aaae-2e0c138d049e",NA,"3175563938"
32.247932,-110.8257,1,"Picidae","Melanerpes uropygialis",2020,7,13,"4fa7b334-ce0d-4e88-aaae-2e0c138d049e",NA,"3176087026"
32.247932,-110.8257,2,"Tyrannidae","Myiarchus tyrannulus",2020,7,13,"4fa7b334-ce0d-4e88-aaae-2e0c138d049e",NA,"3171905945"
32.247932,-110.8257,2,"Fringillidae","Haemorhous mexicanus",2020,7,13,"4fa7b334-ce0d-4e88-aaae-2e0c138d049e",NA,"3186358033"
32.247932,-110.8257,3,"Passeridae","Passer domesticus",2020,7,13,"4fa7b334-ce0d-4e88-aaae-2e0c138d049e",NA,"3187434010"
32.247932,-110.8257,4,"Troglodytidae","Campylorhynchus brunneicapillus",2020,7,13,"4fa7b334-ce0d-4e88-aaae-2e0c138d049e",NA,"3173389986"
32.247932,-110.8257,1,"Mimidae","Toxostoma curvirostre",2020,7,13,"4fa7b334-ce0d-4e88-aaae-2e0c138d049e",NA,"3171894822"
32.247932,-110.8257,1,"Tyrannidae","Myiarchus cinerascens",2020,7,12,"4fa7b334-ce0d-4e88-aaae-2e0c138d049e",NA,"3251130015"
32.247932,-110.8257,1,"Tyrannidae","Pyrocephalus rubinus",2020,7,12,"4fa7b334-ce0d-4e88-aaae-2e0c138d049e",NA,"3244104865"
32.247932,-110.8257,2,"Parulidae","Leiothlypis luciae",2020,7,12,"4fa7b334-ce0d-4e88-aaae-2e0c138d049e",NA,"3243586925"
32.247932,-110.8257,3,"Fringillidae","Haemorhous mexicanus",2020,7,12,"4fa7b334-ce0d-4e88-aaae-2e0c138d049e",NA,"3246066063"
32.247932,-110.8257,10,"Columbidae","Zenaida asiatica",2020,7,12,"4fa7b334-ce0d-4e88-aaae-2e0c138d049e",NA,"3239728122"
32.247932,-110.8257,5,"Fringillidae","Spinus psaltria",2020,7,12,"4fa7b334-ce0d-4e88-aaae-2e0c138d049e",NA,"3245348193"
32.247932,-110.8257,2,"Accipitridae","Accipiter cooperii",2020,7,12,"4fa7b334-ce0d-4e88-aaae-2e0c138d049e",NA,"3255536147"
32.247932,-110.8257,1,"Trochilidae","Calypte anna",2020,7,12,"4fa7b334-ce0d-4e88-aaae-2e0c138d049e",NA,"3263413972"
32.247932,-110.8257,3,"Passeridae","Passer domesticus",2020,7,12,"4fa7b334-ce0d-4e88-aaae-2e0c138d049e",NA,"3253346863"
32.247932,-110.8257,1,"Trochilidae","Cynanthus latirostris",2020,7,24,"4fa7b334-ce0d-4e88-aaae-2e0c138d049e",NA,"3264863368"
32.247932,-110.8257,1,"Picidae","Melanerpes uropygialis",2020,7,24,"4fa7b334-ce0d-4e88-aaae-2e0c138d049e",NA,"3273569300"
32.247932,-110.8257,5,"Fringillidae","Haemorhous mexicanus",2020,7,24,"4fa7b334-ce0d-4e88-aaae-2e0c138d049e",NA,"3286125224"
32.247932,-110.8257,3,"Columbidae","Zenaida macroura",2020,7,24,"4fa7b334-ce0d-4e88-aaae-2e0c138d049e",NA,"3262789185"
32.247932,-110.8257,1,"Mimidae","Mimus polyglottos",2020,7,24,"4fa7b334-ce0d-4e88-aaae-2e0c138d049e",NA,"3259559067"
32.247932,-110.8257,1,"Trochilidae","Calypte anna",2020,7,24,"4fa7b334-ce0d-4e88-aaae-2e0c138d049e",NA,"3268237312"
32.247932,-110.8257,1,"Parulidae","Leiothlypis luciae",2020,7,24,"4fa7b334-ce0d-4e88-aaae-2e0c138d049e",NA,"3280248273"
32.247932,-110.8257,11,"Passeridae","Passer domesticus",2020,7,24,"4fa7b334-ce0d-4e88-aaae-2e0c138d049e",NA,"3268741288"
32.247932,-110.8257,9,"Columbidae","Zenaida asiatica",2020,7,24,"4fa7b334-ce0d-4e88-aaae-2e0c138d049e",NA,"3268530295"
32.247932,-110.8257,2,"Tyrannidae","Pyrocephalus rubinus",2020,7,24,"4fa7b334-ce0d-4e88-aaae-2e0c138d049e",NA,"3271530329"
32.247932,-110.8257,4,"Fringillidae","Spinus psaltria",2020,7,24,"4fa7b334-ce0d-4e88-aaae-2e0c138d049e",NA,"3287778327"
32.247932,-110.8257,1,"Troglodytidae","Campylorhynchus brunneicapillus",2020,7,24,"4fa7b334-ce0d-4e88-aaae-2e0c138d049e",NA,"3283451281"
32.247932,-110.8257,1,"Accipitridae","Accipiter cooperii",2020,8,14,"4fa7b334-ce0d-4e88-aaae-2e0c138d049e",NA,"3270474141"
32.247932,-110.8257,1,"Cardinalidae","Cardinalis cardinalis",2020,8,14,"4fa7b334-ce0d-4e88-aaae-2e0c138d049e",NA,"3278446972"
32.247932,-110.8257,1,"Remizidae","Auriparus flaviceps",2020,8,14,"4fa7b334-ce0d-4e88-aaae-2e0c138d049e",NA,"3279644111"
32.247932,-110.8257,6,"Fringillidae","Haemorhous mexicanus",2020,8,14,"4fa7b334-ce0d-4e88-aaae-2e0c138d049e",NA,"3264005121"
32.247932,-110.8257,1,"Polioptilidae","Polioptila melanura",2020,8,14,"4fa7b334-ce0d-4e88-aaae-2e0c138d049e",NA,"3291182265"
32.247932,-110.8257,7,"Passeridae","Passer domesticus",2020,8,14,"4fa7b334-ce0d-4e88-aaae-2e0c138d049e",NA,"3267799277"
32.247932,-110.8257,1,"Cuculidae","Geococcyx californianus",2020,8,14,"4fa7b334-ce0d-4e88-aaae-2e0c138d049e",NA,"3281646241"
32.247932,-110.8257,1,"Picidae","Melanerpes uropygialis",2020,8,14,"4fa7b334-ce0d-4e88-aaae-2e0c138d049e",NA,"3273549319"
32.247932,-110.8257,1,"Mimidae","Toxostoma curvirostre",2020,8,14,"4fa7b334-ce0d-4e88-aaae-2e0c138d049e",NA,"3273702383"
32.247932,-110.8257,2,"Columbidae","Zenaida macroura",2020,8,14,"4fa7b334-ce0d-4e88-aaae-2e0c138d049e",NA,"3279082297"
32.247932,-110.8257,9,"Columbidae","Zenaida asiatica",2020,8,14,"4fa7b334-ce0d-4e88-aaae-2e0c138d049e",NA,"3287364398"
32.247932,-110.8257,3,"Troglodytidae","Campylorhynchus brunneicapillus",2020,8,14,"4fa7b334-ce0d-4e88-aaae-2e0c138d049e",NA,"3293005358"
32.247932,-110.8257,6,"Fringillidae","Spinus psaltria",2020,8,14,"4fa7b334-ce0d-4e88-aaae-2e0c138d049e",NA,"3278249210"
32.247932,-110.8257,1,"Icteridae","Icterus cucullatus",2020,8,14,"4fa7b334-ce0d-4e88-aaae-2e0c138d049e",NA,"3281532417"
32.247932,-110.8257,1,"Trochilidae","Cynanthus latirostris",2020,8,14,"4fa7b334-ce0d-4e88-aaae-2e0c138d049e",NA,"3274808369"
32.247932,-110.8257,2,"Trochilidae","Calypte anna",2020,8,14,"4fa7b334-ce0d-4e88-aaae-2e0c138d049e",NA,"3289950233"
32.247932,-110.8257,4,"Passeridae","Passer domesticus",2020,8,17,"4fa7b334-ce0d-4e88-aaae-2e0c138d049e",NA,"3254911697"
32.247932,-110.8257,1,"Columbidae","Streptopelia decaocto",2020,8,17,"4fa7b334-ce0d-4e88-aaae-2e0c138d049e",NA,"3260021887"
32.247932,-110.8257,1,"Accipitridae","Accipiter cooperii",2020,8,17,"4fa7b334-ce0d-4e88-aaae-2e0c138d049e",NA,"3263705881"
32.247932,-110.8257,1,"Picidae","Melanerpes uropygialis",2020,8,17,"4fa7b334-ce0d-4e88-aaae-2e0c138d049e",NA,"3280115982"
32.247932,-110.8257,4,"Columbidae","Zenaida macroura",2020,8,17,"4fa7b334-ce0d-4e88-aaae-2e0c138d049e",NA,"3253861029"
32.247932,-110.8257,1,"Mimidae","Toxostoma curvirostre",2020,8,17,"4fa7b334-ce0d-4e88-aaae-2e0c138d049e",NA,"3255539953"
32.247932,-110.8257,1,"Icteridae","Icterus bullockii",2020,8,17,"4fa7b334-ce0d-4e88-aaae-2e0c138d049e",NA,"3264569058"
32.247932,-110.8257,6,"Fringillidae","Haemorhous mexicanus",2020,8,17,"4fa7b334-ce0d-4e88-aaae-2e0c138d049e",NA,"3256829964"
32.247932,-110.8257,1,"Trochilidae","Calypte anna",2020,8,17,"4fa7b334-ce0d-4e88-aaae-2e0c138d049e",NA,"3277441793"
32.247932,-110.8257,10,"Columbidae","Zenaida asiatica",2020,8,17,"4fa7b334-ce0d-4e88-aaae-2e0c138d049e",NA,"3258678800"
32.247932,-110.8257,2,"Troglodytidae","Campylorhynchus brunneicapillus",2020,8,17,"4fa7b334-ce0d-4e88-aaae-2e0c138d049e",NA,"3255825814"
32.247932,-110.8257,1,"Trochilidae","Cynanthus latirostris",2020,8,17,"4fa7b334-ce0d-4e88-aaae-2e0c138d049e",NA,"3256837920"
32.247932,-110.8257,6,"Fringillidae","Spinus psaltria",2020,8,17,"4fa7b334-ce0d-4e88-aaae-2e0c138d049e",NA,"3256685863"
32.247932,-110.8257,2,"Polioptilidae","Polioptila melanura",2020,8,17,"4fa7b334-ce0d-4e88-aaae-2e0c138d049e",NA,"3243353073"
32.247932,-110.8257,2,"Remizidae","Auriparus flaviceps",2020,8,25,"4fa7b334-ce0d-4e88-aaae-2e0c138d049e",NA,"3261793142"
32.247932,-110.8257,2,"Troglodytidae","Campylorhynchus brunneicapillus",2020,8,25,"4fa7b334-ce0d-4e88-aaae-2e0c138d049e",NA,"3268992123"
32.247932,-110.8257,9,"Columbidae","Zenaida asiatica",2020,8,25,"4fa7b334-ce0d-4e88-aaae-2e0c138d049e",NA,"3276669346"
32.247932,-110.8257,11,"Passeridae","Passer domesticus",2020,8,25,"4fa7b334-ce0d-4e88-aaae-2e0c138d049e",NA,"3266653309"
32.247932,-110.8257,1,"Mimidae","Mimus polyglottos",2020,8,25,"4fa7b334-ce0d-4e88-aaae-2e0c138d049e",NA,"3272932225"
32.247932,-110.8257,2,"Parulidae","Leiothlypis luciae",2020,8,25,"4fa7b334-ce0d-4e88-aaae-2e0c138d049e",NA,"3283104201"
32.247932,-110.8257,4,"Fringillidae","Haemorhous mexicanus",2020,8,25,"4fa7b334-ce0d-4e88-aaae-2e0c138d049e",NA,"3289586366"
32.247932,-110.8257,1,"Parulidae","Setophaga petechia",2020,8,25,"4fa7b334-ce0d-4e88-aaae-2e0c138d049e",NA,"3268821139"
32.247932,-110.8257,5,"Fringillidae","Spinus psaltria",2020,8,25,"4fa7b334-ce0d-4e88-aaae-2e0c138d049e",NA,"3275311172"
32.247932,-110.8257,1,"Trochilidae","Calypte anna",2020,8,25,"4fa7b334-ce0d-4e88-aaae-2e0c138d049e",NA,"3277855165"
32.247932,-110.8257,2,"Picidae","Melanerpes uropygialis",2020,8,25,"4fa7b334-ce0d-4e88-aaae-2e0c138d049e",NA,"3283622898"
32.247932,-110.8257,1,"Icteridae","Icterus cucullatus",2020,8,25,"4fa7b334-ce0d-4e88-aaae-2e0c138d049e",NA,"3275111048"
32.247932,-110.8257,1,"Parulidae","Setophaga nigrescens",2020,9,11,"4fa7b334-ce0d-4e88-aaae-2e0c138d049e",NA,"3289494997"
32.247932,-110.8257,1,"Cardinalidae","Pheucticus melanocephalus",2020,9,11,"4fa7b334-ce0d-4e88-aaae-2e0c138d049e",NA,"3294704997"
32.247932,-110.8257,1,"Parulidae","Cardellina pusilla",2020,9,11,"4fa7b334-ce0d-4e88-aaae-2e0c138d049e",NA,"3298053070"
32.247932,-110.8257,4,"Troglodytidae","Campylorhynchus brunneicapillus",2020,9,11,"4fa7b334-ce0d-4e88-aaae-2e0c138d049e",NA,"3299434070"
32.247932,-110.8257,10,"Fringillidae","Haemorhous mexicanus",2020,9,24,"4fa7b334-ce0d-4e88-aaae-2e0c138d049e",NA,"3215772359"
32.247932,-110.8257,4,"Troglodytidae","Campylorhynchus brunneicapillus",2020,9,24,"4fa7b334-ce0d-4e88-aaae-2e0c138d049e",NA,"3204421446"
32.247932,-110.8257,1,"Trochilidae","Cynanthus latirostris",2020,9,24,"4fa7b334-ce0d-4e88-aaae-2e0c138d049e",NA,"3214874315"
32.247932,-110.8257,6,"Passeridae","Passer domesticus",2020,9,24,"4fa7b334-ce0d-4e88-aaae-2e0c138d049e",NA,"3216604300"
32.247932,-110.8257,1,"Trochilidae","Calypte anna",2020,9,24,"4fa7b334-ce0d-4e88-aaae-2e0c138d049e",NA,"3215875638"
32.247932,-110.8257,1,"Mimidae","Toxostoma curvirostre",2020,9,24,"4fa7b334-ce0d-4e88-aaae-2e0c138d049e",NA,"3215295732"
32.247932,-110.8257,11,"Columbidae","Zenaida macroura",2020,9,24,"4fa7b334-ce0d-4e88-aaae-2e0c138d049e",NA,"3204052699"
32.247932,-110.8257,9,"Fringillidae","Haemorhous mexicanus",2020,9,6,"4fa7b334-ce0d-4e88-aaae-2e0c138d049e",NA,"3197602570"
32.247932,-110.8257,1,"Remizidae","Auriparus flaviceps",2020,9,6,"4fa7b334-ce0d-4e88-aaae-2e0c138d049e",NA,"3198270731"
32.247932,-110.8257,1,"Icteridae","Icterus cucullatus",2020,9,6,"4fa7b334-ce0d-4e88-aaae-2e0c138d049e",NA,"3174555773"
32.247932,-110.8257,2,"Picidae","Melanerpes uropygialis",2020,9,6,"4fa7b334-ce0d-4e88-aaae-2e0c138d049e",NA,"3191988772"
32.247932,-110.8257,1,"Trochilidae","Cynanthus latirostris",2020,9,6,"4fa7b334-ce0d-4e88-aaae-2e0c138d049e",NA,"3183265720"
32.247932,-110.8257,3,"Parulidae","Leiothlypis luciae",2020,9,6,"4fa7b334-ce0d-4e88-aaae-2e0c138d049e",NA,"3179724886"
32.247932,-110.8257,1,"Tyrannidae","Pyrocephalus rubinus",2020,9,6,"4fa7b334-ce0d-4e88-aaae-2e0c138d049e",NA,"3198124833"
32.247932,-110.8257,14,"Columbidae","Zenaida macroura",2020,9,6,"4fa7b334-ce0d-4e88-aaae-2e0c138d049e",NA,"3189581767"
32.247932,-110.8257,1,"Cardinalidae","Pheucticus melanocephalus",2020,9,6,"4fa7b334-ce0d-4e88-aaae-2e0c138d049e",NA,"3183354882"
32.247932,-110.8257,11,"Passeridae","Passer domesticus",2020,9,6,"4fa7b334-ce0d-4e88-aaae-2e0c138d049e",NA,"3180184545"
32.247932,-110.8257,5,"Fringillidae","Spinus psaltria",2020,9,6,"4fa7b334-ce0d-4e88-aaae-2e0c138d049e",NA,"3182019586"
32.247932,-110.8257,2,"Trochilidae","Calypte anna",2020,9,6,"4fa7b334-ce0d-4e88-aaae-2e0c138d049e",NA,"3182921964"
32.247932,-110.8257,1,"Accipitridae","Accipiter cooperii",2020,9,6,"4fa7b334-ce0d-4e88-aaae-2e0c138d049e",NA,"3180324739"
32.247932,-110.8257,1,"Picidae","Melanerpes uropygialis",2020,9,16,"4fa7b334-ce0d-4e88-aaae-2e0c138d049e",NA,"3178939182"
32.247932,-110.8257,1,"Mimidae","Toxostoma curvirostre",2020,9,16,"4fa7b334-ce0d-4e88-aaae-2e0c138d049e",NA,"3183993190"
32.247932,-110.8257,16,"Columbidae","Zenaida macroura",2020,9,16,"4fa7b334-ce0d-4e88-aaae-2e0c138d049e",NA,"3178744179"
32.247932,-110.8257,11,"Fringillidae","Haemorhous mexicanus",2020,9,16,"4fa7b334-ce0d-4e88-aaae-2e0c138d049e",NA,"3200714294"
32.247932,-110.8257,2,"Trochilidae","Calypte anna",2020,9,16,"4fa7b334-ce0d-4e88-aaae-2e0c138d049e",NA,"3193446413"
32.247932,-110.8257,1,"Tyrannidae","Pyrocephalus rubinus",2020,9,16,"4fa7b334-ce0d-4e88-aaae-2e0c138d049e",NA,"3187519358"
32.247932,-110.8257,9,"Fringillidae","Spinus psaltria",2020,9,16,"4fa7b334-ce0d-4e88-aaae-2e0c138d049e",NA,"3201273398"
32.247932,-110.8257,2,"Troglodytidae","Campylorhynchus brunneicapillus",2020,9,16,"4fa7b334-ce0d-4e88-aaae-2e0c138d049e",NA,"3203214284"
32.247932,-110.8257,13,"Passeridae","Passer domesticus",2020,9,16,"4fa7b334-ce0d-4e88-aaae-2e0c138d049e",NA,"3183495354"
32.247932,-110.8257,1,"Emberizidae","Pipilo chlorurus",2020,9,16,"4fa7b334-ce0d-4e88-aaae-2e0c138d049e",NA,"3187505257"
32.247932,-110.8257,1,"Cardinalidae","Pheucticus melanocephalus",2020,9,15,"4fa7b334-ce0d-4e88-aaae-2e0c138d049e",NA,"3253858508"
32.247932,-110.8257,5,"Fringillidae","Haemorhous mexicanus",2020,9,15,"4fa7b334-ce0d-4e88-aaae-2e0c138d049e",NA,"3282546533"
32.247932,-110.8257,3,"Troglodytidae","Campylorhynchus brunneicapillus",2020,9,15,"4fa7b334-ce0d-4e88-aaae-2e0c138d049e",NA,"3275226486"
32.247932,-110.8257,1,"Parulidae","Cardellina pusilla",2020,9,15,"4fa7b334-ce0d-4e88-aaae-2e0c138d049e",NA,"3266276380"
32.247932,-110.8257,6,"Passeridae","Passer domesticus",2020,9,15,"4fa7b334-ce0d-4e88-aaae-2e0c138d049e",NA,"3272402350"
32.247932,-110.8257,1,"Mimidae","Mimus polyglottos",2020,9,15,"4fa7b334-ce0d-4e88-aaae-2e0c138d049e",NA,"3262122340"
32.247932,-110.8257,8,"Columbidae","Zenaida macroura",2020,9,15,"4fa7b334-ce0d-4e88-aaae-2e0c138d049e",NA,"3269547350"
32.247932,-110.8257,1,"Tyrannidae","Pyrocephalus rubinus",2020,9,15,"4fa7b334-ce0d-4e88-aaae-2e0c138d049e",NA,"3282375411"
32.247932,-110.8257,2,"Emberizidae","Zonotrichia leucophrys",2020,9,15,"4fa7b334-ce0d-4e88-aaae-2e0c138d049e",NA,"3282987346"
32.247932,-110.8257,1,"Polioptilidae","Polioptila melanura",2020,9,15,"4fa7b334-ce0d-4e88-aaae-2e0c138d049e",NA,"3256581304"
32.247932,-110.8257,5,"Fringillidae","Spinus psaltria",2020,9,15,"4fa7b334-ce0d-4e88-aaae-2e0c138d049e",NA,"3257369467"
32.247932,-110.8257,1,"Picidae","Melanerpes uropygialis",2020,9,15,"4fa7b334-ce0d-4e88-aaae-2e0c138d049e",NA,"3253840542"
32.247932,-110.8257,1,"Trochilidae","Calypte anna",2020,9,15,"4fa7b334-ce0d-4e88-aaae-2e0c138d049e",NA,"3267341688"
32.247932,-110.8257,2,"Polioptilidae","Polioptila melanura",2020,9,17,"4fa7b334-ce0d-4e88-aaae-2e0c138d049e",NA,"3269955270"
32.247932,-110.8257,6,"Fringillidae","Spinus psaltria",2020,9,17,"4fa7b334-ce0d-4e88-aaae-2e0c138d049e",NA,"3279221482"
32.247932,-110.8257,1,"Parulidae","Leiothlypis luciae",2020,9,17,"4fa7b334-ce0d-4e88-aaae-2e0c138d049e",NA,"3277533457"
32.247932,-110.8257,9,"Columbidae","Zenaida macroura",2020,9,17,"4fa7b334-ce0d-4e88-aaae-2e0c138d049e",NA,"3277950425"
32.247932,-110.8257,2,"Cardinalidae","Pheucticus melanocephalus",2020,9,17,"4fa7b334-ce0d-4e88-aaae-2e0c138d049e",NA,"3284885277"
32.247932,-110.8257,3,"Cardinalidae","Cardinalis cardinalis",2020,9,17,"4fa7b334-ce0d-4e88-aaae-2e0c138d049e",NA,"3285765337"
32.247932,-110.8257,9,"Fringillidae","Haemorhous mexicanus",2020,9,17,"4fa7b334-ce0d-4e88-aaae-2e0c138d049e",NA,"3272523374"
32.247932,-110.8257,1,"Tyrannidae","Pyrocephalus rubinus",2020,9,17,"4fa7b334-ce0d-4e88-aaae-2e0c138d049e",NA,"3293401586"
32.247932,-110.8257,1,"Picidae","Melanerpes uropygialis",2020,9,17,"4fa7b334-ce0d-4e88-aaae-2e0c138d049e",NA,"3290472591"
32.247932,-110.8257,11,"Passeridae","Passer domesticus",2020,9,17,"4fa7b334-ce0d-4e88-aaae-2e0c138d049e",NA,"3281827510"
32.247932,-110.8257,1,"Trochilidae","Calypte anna",2020,9,17,"4fa7b334-ce0d-4e88-aaae-2e0c138d049e",NA,"3273688434"
32.247932,-110.8257,3,"Emberizidae","Zonotrichia leucophrys",2020,9,17,"4fa7b334-ce0d-4e88-aaae-2e0c138d049e",NA,"3280469619"
32.247932,-110.8257,1,"Icteridae","Icterus bullockii",2020,9,17,"4fa7b334-ce0d-4e88-aaae-2e0c138d049e",NA,"3285197564"
32.247932,-110.8257,1,"Emberizidae","Pipilo chlorurus",2020,9,17,"4fa7b334-ce0d-4e88-aaae-2e0c138d049e",NA,"3291607658"
32.247932,-110.8257,1,"Trochilidae","Calypte anna",2020,9,18,"4fa7b334-ce0d-4e88-aaae-2e0c138d049e",NA,"3284104377"
32.247932,-110.8257,6,"Fringillidae","Spinus psaltria",2020,9,18,"4fa7b334-ce0d-4e88-aaae-2e0c138d049e",NA,"3273812629"
32.247932,-110.8257,7,"Columbidae","Zenaida macroura",2020,9,18,"4fa7b334-ce0d-4e88-aaae-2e0c138d049e",NA,"3269249629"
32.247932,-110.8257,2,"Picidae","Melanerpes uropygialis",2020,9,18,"4fa7b334-ce0d-4e88-aaae-2e0c138d049e",NA,"3277108514"
32.247932,-110.8257,3,"Emberizidae","Zonotrichia leucophrys",2020,9,18,"4fa7b334-ce0d-4e88-aaae-2e0c138d049e",NA,"3291725638"
32.247932,-110.8257,1,"Tyrannidae","Pyrocephalus rubinus",2020,9,18,"4fa7b334-ce0d-4e88-aaae-2e0c138d049e",NA,"3287505610"
32.247932,-110.8257,1,"Icteridae","Icterus bullockii",2020,9,18,"4fa7b334-ce0d-4e88-aaae-2e0c138d049e",NA,"3291341570"
32.247932,-110.8257,2,"Parulidae","Leiothlypis luciae",2020,9,18,"4fa7b334-ce0d-4e88-aaae-2e0c138d049e",NA,"3290311470"
32.247932,-110.8257,5,"Fringillidae","Haemorhous mexicanus",2020,9,18,"4fa7b334-ce0d-4e88-aaae-2e0c138d049e",NA,"3283366525"
32.247932,-110.8257,1,"Cardinalidae","Cardinalis cardinalis",2020,9,18,"4fa7b334-ce0d-4e88-aaae-2e0c138d049e",NA,"3279322296"
32.247932,-110.8257,10,"Passeridae","Passer domesticus",2020,9,18,"4fa7b334-ce0d-4e88-aaae-2e0c138d049e",NA,"3293325332"
32.247932,-110.8257,2,"Troglodytidae","Campylorhynchus brunneicapillus",2020,9,18,"4fa7b334-ce0d-4e88-aaae-2e0c138d049e",NA,"3285609521"
32.247932,-110.8257,2,"Polioptilidae","Polioptila melanura",2020,9,18,"4fa7b334-ce0d-4e88-aaae-2e0c138d049e",NA,"3279221484"
32.247932,-110.8257,6,"Fringillidae","Spinus psaltria",2020,9,29,"4fa7b334-ce0d-4e88-aaae-2e0c138d049e",NA,"3290979994"
32.247932,-110.8257,9,"Passeridae","Passer domesticus",2020,9,29,"4fa7b334-ce0d-4e88-aaae-2e0c138d049e",NA,"3289362866"
32.247932,-110.8257,2,"Emberizidae","Melozone aberti",2020,9,29,"4fa7b334-ce0d-4e88-aaae-2e0c138d049e",NA,"3289267813"
32.247932,-110.8257,1,"Trochilidae","Cynanthus latirostris",2020,9,29,"4fa7b334-ce0d-4e88-aaae-2e0c138d049e",NA,"3283671797"
32.247932,-110.8257,9,"Columbidae","Zenaida macroura",2020,9,29,"4fa7b334-ce0d-4e88-aaae-2e0c138d049e",NA,"3293748900"
32.247932,-110.8257,1,"Picidae","Dryobates scalaris",2020,9,29,"4fa7b334-ce0d-4e88-aaae-2e0c138d049e",NA,"3292590856"
32.247932,-110.8257,1,"Picidae","Melanerpes uropygialis",2020,9,29,"4fa7b334-ce0d-4e88-aaae-2e0c138d049e",NA,"3292887948"
32.247932,-110.8257,6,"Fringillidae","Haemorhous mexicanus",2020,9,29,"4fa7b334-ce0d-4e88-aaae-2e0c138d049e",NA,"3286665030"
32.247932,-110.8257,3,"Emberizidae","Zonotrichia leucophrys",2020,9,29,"4fa7b334-ce0d-4e88-aaae-2e0c138d049e",NA,"3285245923"
32.247932,-110.8257,1,"Tyrannidae","Pyrocephalus rubinus",2020,9,29,"4fa7b334-ce0d-4e88-aaae-2e0c138d049e",NA,"3293013990"
32.247932,-110.8257,1,"Trochilidae","Calypte anna",2020,9,29,"4fa7b334-ce0d-4e88-aaae-2e0c138d049e",NA,"3300485248"
32.247932,-110.8257,3,"Parulidae","Leiothlypis luciae",2020,9,29,"4fa7b334-ce0d-4e88-aaae-2e0c138d049e",NA,"3295946703"
32.247932,-110.8257,2,"Cardinalidae","Cardinalis cardinalis",2020,9,29,"4fa7b334-ce0d-4e88-aaae-2e0c138d049e",NA,"3292779680"
32.247932,-110.8257,1,"Emberizidae","Pipilo chlorurus",2020,9,29,"4fa7b334-ce0d-4e88-aaae-2e0c138d049e",NA,"3293329637"
32.247932,-110.8257,2,"Cardinalidae","Cardinalis cardinalis",2020,10,25,"4fa7b334-ce0d-4e88-aaae-2e0c138d049e",NA,"3292688819"
32.247932,-110.8257,7,"Emberizidae","Zonotrichia leucophrys",2020,10,25,"4fa7b334-ce0d-4e88-aaae-2e0c138d049e",NA,"3294227652"
32.247932,-110.8257,1,"Trochilidae","Calypte anna",2020,10,25,"4fa7b334-ce0d-4e88-aaae-2e0c138d049e",NA,"3291985689"
32.247932,-110.8257,8,"Columbidae","Zenaida macroura",2020,10,25,"4fa7b334-ce0d-4e88-aaae-2e0c138d049e",NA,"3288511845"
32.247932,-110.8257,5,"Passeridae","Passer domesticus",2020,10,25,"4fa7b334-ce0d-4e88-aaae-2e0c138d049e",NA,"3286202750"
32.247932,-110.8257,1,"Parulidae","Setophaga coronata",2020,10,25,"4fa7b334-ce0d-4e88-aaae-2e0c138d049e",NA,"3294647961"
32.247932,-110.8257,8,"Fringillidae","Haemorhous mexicanus",2020,10,11,"4fa7b334-ce0d-4e88-aaae-2e0c138d049e",NA,"3250702576"
32.247932,-110.8257,3,"Troglodytidae","Campylorhynchus brunneicapillus",2020,10,11,"4fa7b334-ce0d-4e88-aaae-2e0c138d049e",NA,"3256068864"
32.247932,-110.8257,6,"Passeridae","Passer domesticus",2020,10,11,"4fa7b334-ce0d-4e88-aaae-2e0c138d049e",NA,"3257324705"
32.247932,-110.8257,1,"Trochilidae","Cynanthus latirostris",2020,10,11,"4fa7b334-ce0d-4e88-aaae-2e0c138d049e",NA,"3251871792"
32.247932,-110.8257,1,"Cardinalidae","Cardinalis cardinalis",2020,10,11,"4fa7b334-ce0d-4e88-aaae-2e0c138d049e",NA,"3250057800"
32.247932,-110.8257,1,"Mimidae","Mimus polyglottos",2020,10,11,"4fa7b334-ce0d-4e88-aaae-2e0c138d049e",NA,"3298896204"
32.247932,-110.8257,1,"Picidae","Dryobates scalaris",2020,10,11,"4fa7b334-ce0d-4e88-aaae-2e0c138d049e",NA,"3274853534"
32.247932,-110.8257,1,"Tyrannidae","Sayornis saya",2020,10,11,"4fa7b334-ce0d-4e88-aaae-2e0c138d049e",NA,"3259400666"
32.247932,-110.8257,4,"Fringillidae","Spinus psaltria",2020,10,11,"4fa7b334-ce0d-4e88-aaae-2e0c138d049e",NA,"3254718823"
32.247932,-110.8257,2,"Emberizidae","Melozone aberti",2020,10,11,"4fa7b334-ce0d-4e88-aaae-2e0c138d049e",NA,"3261054776"
32.247932,-110.8257,1,"Ptilogonatidae","Phainopepla nitens",2020,10,11,"4fa7b334-ce0d-4e88-aaae-2e0c138d049e",NA,"3266881906"
32.247932,-110.8257,8,"Emberizidae","Zonotrichia leucophrys",2020,10,11,"4fa7b334-ce0d-4e88-aaae-2e0c138d049e",NA,"3259166788"
32.247932,-110.8257,5,"Columbidae","Zenaida macroura",2020,10,11,"4fa7b334-ce0d-4e88-aaae-2e0c138d049e",NA,"3259927832"
32.247932,-110.8257,1,"Accipitridae","Accipiter cooperii",2020,10,11,"4fa7b334-ce0d-4e88-aaae-2e0c138d049e",NA,"3261082945"
32.247932,-110.8257,1,"Trochilidae","Calypte costae",2020,11,4,"4fa7b334-ce0d-4e88-aaae-2e0c138d049e",NA,"3262405252"
32.247932,-110.8257,8,"Emberizidae","Zonotrichia leucophrys",2020,11,4,"4fa7b334-ce0d-4e88-aaae-2e0c138d049e",NA,"3276080389"
32.247932,-110.8257,8,"Fringillidae","Haemorhous mexicanus",2020,11,4,"4fa7b334-ce0d-4e88-aaae-2e0c138d049e",NA,"3267263328"
32.247932,-110.8257,2,"Troglodytidae","Thryomanes bewickii",2020,11,4,"4fa7b334-ce0d-4e88-aaae-2e0c138d049e",NA,"3276301289"
32.247932,-110.8257,2,"Polioptilidae","Polioptila melanura",2020,11,4,"4fa7b334-ce0d-4e88-aaae-2e0c138d049e",NA,"3288652308"
32.247932,-110.8257,5,"Fringillidae","Spinus psaltria",2020,11,4,"4fa7b334-ce0d-4e88-aaae-2e0c138d049e",NA,"3281909334"
32.247932,-110.8257,1,"Emberizidae","Melozone aberti",2020,11,4,"4fa7b334-ce0d-4e88-aaae-2e0c138d049e",NA,"3278827206"
32.247932,-110.8257,5,"Columbidae","Zenaida macroura",2020,11,4,"4fa7b334-ce0d-4e88-aaae-2e0c138d049e",NA,"3278508300"
32.247932,-110.8257,2,"Remizidae","Auriparus flaviceps",2020,11,4,"4fa7b334-ce0d-4e88-aaae-2e0c138d049e",NA,"3275685301"
32.247932,-110.8257,1,"Ptilogonatidae","Phainopepla nitens",2020,11,4,"4fa7b334-ce0d-4e88-aaae-2e0c138d049e",NA,"3274944329"
32.247932,-110.8257,1,"Trochilidae","Calypte anna",2020,11,4,"4fa7b334-ce0d-4e88-aaae-2e0c138d049e",NA,"3277395993"
32.247932,-110.8257,7,"Passeridae","Passer domesticus",2020,11,4,"4fa7b334-ce0d-4e88-aaae-2e0c138d049e",NA,"3270566259"
32.247932,-110.8257,1,"Emberizidae","Melozone aberti",2020,11,2,"4fa7b334-ce0d-4e88-aaae-2e0c138d049e",NA,"3288413350"
32.247932,-110.8257,1,"Ptilogonatidae","Phainopepla nitens",2020,11,2,"4fa7b334-ce0d-4e88-aaae-2e0c138d049e",NA,"3296586252"
32.247932,-110.8257,1,"Troglodytidae","Thryomanes bewickii",2020,11,2,"4fa7b334-ce0d-4e88-aaae-2e0c138d049e",NA,"3288181188"
32.247932,-110.8257,6,"Passeridae","Passer domesticus",2020,11,2,"4fa7b334-ce0d-4e88-aaae-2e0c138d049e",NA,"3282316186"
32.247932,-110.8257,2,"Fringillidae","Spinus psaltria",2020,11,2,"4fa7b334-ce0d-4e88-aaae-2e0c138d049e",NA,"3282320298"
32.247932,-110.8257,2,"Picidae","Melanerpes uropygialis",2020,11,2,"4fa7b334-ce0d-4e88-aaae-2e0c138d049e",NA,"3290289348"
32.247932,-110.8257,1,"Corvidae","Corvus corax",2020,11,2,"4fa7b334-ce0d-4e88-aaae-2e0c138d049e",NA,"3288481349"
32.247932,-110.8257,1,"Polioptilidae","Polioptila melanura",2020,11,2,"4fa7b334-ce0d-4e88-aaae-2e0c138d049e",NA,"3294196406"
32.247932,-110.8257,8,"Fringillidae","Haemorhous mexicanus",2020,11,2,"4fa7b334-ce0d-4e88-aaae-2e0c138d049e",NA,"3285542311"
32.247932,-110.8257,2,"Trochilidae","Calypte anna",2020,11,2,"4fa7b334-ce0d-4e88-aaae-2e0c138d049e",NA,"3288309382"
32.247932,-110.8257,1,"Parulidae","Setophaga coronata",2020,11,2,"4fa7b334-ce0d-4e88-aaae-2e0c138d049e",NA,"3294343305"
32.247932,-110.8257,1,"Remizidae","Auriparus flaviceps",2020,11,2,"4fa7b334-ce0d-4e88-aaae-2e0c138d049e",NA,"3287608404"
32.247932,-110.8257,1,"Cardinalidae","Cardinalis cardinalis",2020,11,2,"4fa7b334-ce0d-4e88-aaae-2e0c138d049e",NA,"3295428462"
32.247932,-110.8257,6,"Columbidae","Zenaida macroura",2020,11,2,"4fa7b334-ce0d-4e88-aaae-2e0c138d049e",NA,"3290042345"
32.247932,-110.8257,9,"Emberizidae","Zonotrichia leucophrys",2020,11,2,"4fa7b334-ce0d-4e88-aaae-2e0c138d049e",NA,"3297489529"
32.247932,-110.8257,7,"Passeridae","Passer domesticus",2020,11,6,"4fa7b334-ce0d-4e88-aaae-2e0c138d049e",NA,"3280328015"
32.247932,-110.8257,1,"Parulidae","Setophaga coronata",2020,11,6,"4fa7b334-ce0d-4e88-aaae-2e0c138d049e",NA,"3271245264"
32.247932,-110.8257,8,"Emberizidae","Zonotrichia leucophrys",2020,11,6,"4fa7b334-ce0d-4e88-aaae-2e0c138d049e",NA,"3281399295"
32.247932,-110.8257,1,"Ptilogonatidae","Phainopepla nitens",2020,11,6,"4fa7b334-ce0d-4e88-aaae-2e0c138d049e",NA,"3284871302"
32.247932,-110.8257,9,"Fringillidae","Haemorhous mexicanus",2020,11,6,"4fa7b334-ce0d-4e88-aaae-2e0c138d049e",NA,"3301155632"
32.247932,-110.8257,4,"Fringillidae","Spinus psaltria",2020,11,6,"4fa7b334-ce0d-4e88-aaae-2e0c138d049e",NA,"3269986351"
32.247932,-110.8257,2,"Remizidae","Auriparus flaviceps",2020,11,6,"4fa7b334-ce0d-4e88-aaae-2e0c138d049e",NA,"3266745254"
32.247932,-110.8257,1,"Mimidae","Mimus polyglottos",2020,11,6,"4fa7b334-ce0d-4e88-aaae-2e0c138d049e",NA,"3285696205"
32.247932,-110.8257,2,"Troglodytidae","Thryomanes bewickii",2020,11,6,"4fa7b334-ce0d-4e88-aaae-2e0c138d049e",NA,"3280434318"
32.247932,-110.8257,1,"Emberizidae","Melozone aberti",2020,11,17,"4fa7b334-ce0d-4e88-aaae-2e0c138d049e",NA,"3279019142"
32.247932,-110.8257,1,"Parulidae","Setophaga coronata",2020,11,17,"4fa7b334-ce0d-4e88-aaae-2e0c138d049e",NA,"3276136982"
32.247932,-110.8257,5,"Fringillidae","Haemorhous mexicanus",2020,11,17,"4fa7b334-ce0d-4e88-aaae-2e0c138d049e",NA,"3197231296"
32.247932,-110.8257,6,"Emberizidae","Zonotrichia leucophrys",2020,11,17,"4fa7b334-ce0d-4e88-aaae-2e0c138d049e",NA,"3190859391"
32.247932,-110.8257,6,"Passeridae","Passer domesticus",2020,11,17,"4fa7b334-ce0d-4e88-aaae-2e0c138d049e",NA,"3210560537"
32.247932,-110.8257,1,"Troglodytidae","Thryomanes bewickii",2020,11,17,"4fa7b334-ce0d-4e88-aaae-2e0c138d049e",NA,"3203698224"
32.247932,-110.8257,2,"Fringillidae","Spinus psaltria",2020,11,17,"4fa7b334-ce0d-4e88-aaae-2e0c138d049e",NA,"3201782296"
32.247932,-110.8257,1,"Trochilidae","Calypte anna",2020,11,17,"4fa7b334-ce0d-4e88-aaae-2e0c138d049e",NA,"3211246406"
32.247932,-110.8257,1,"Remizidae","Auriparus flaviceps",2020,11,17,"4fa7b334-ce0d-4e88-aaae-2e0c138d049e",NA,"3212630407"
32.247932,-110.8257,1,"Corvidae","Corvus corax",2020,11,17,"4fa7b334-ce0d-4e88-aaae-2e0c138d049e",NA,"3191896499"
32.247932,-110.8257,5,"Columbidae","Zenaida macroura",2020,11,17,"4fa7b334-ce0d-4e88-aaae-2e0c138d049e",NA,"3198760359"
32.247932,-110.8257,1,"Troglodytidae","Thryomanes bewickii",2020,11,17,"4fa7b334-ce0d-4e88-aaae-2e0c138d049e",NA,"3204397022"
32.247932,-110.8257,1,"Trochilidae","Calypte anna",2020,11,17,"4fa7b334-ce0d-4e88-aaae-2e0c138d049e",NA,"3197873244"
32.247932,-110.8257,1,"Corvidae","Corvus corax",2020,11,17,"4fa7b334-ce0d-4e88-aaae-2e0c138d049e",NA,"3213818070"
32.247932,-110.8257,3,"Fringillidae","Haemorhous mexicanus",2020,11,17,"4fa7b334-ce0d-4e88-aaae-2e0c138d049e",NA,"3213563798"
32.247932,-110.8257,6,"Passeridae","Passer domesticus",2020,11,17,"4fa7b334-ce0d-4e88-aaae-2e0c138d049e",NA,"3215691772"
32.247932,-110.8257,6,"Emberizidae","Zonotrichia leucophrys",2020,11,17,"4fa7b334-ce0d-4e88-aaae-2e0c138d049e",NA,"3204158885"
32.247932,-110.8257,2,"Fringillidae","Spinus psaltria",2020,11,17,"4fa7b334-ce0d-4e88-aaae-2e0c138d049e",NA,"3214798742"
32.247932,-110.8257,1,"Emberizidae","Melozone aberti",2020,11,17,"4fa7b334-ce0d-4e88-aaae-2e0c138d049e",NA,"3216603742"
32.247932,-110.8257,6,"Columbidae","Zenaida macroura",2020,11,17,"4fa7b334-ce0d-4e88-aaae-2e0c138d049e",NA,"3197040016"
32.247932,-110.8257,1,"Remizidae","Auriparus flaviceps",2020,11,17,"4fa7b334-ce0d-4e88-aaae-2e0c138d049e",NA,"3215192145"
32.247932,-110.8257,1,"Parulidae","Setophaga coronata",2020,11,17,"4fa7b334-ce0d-4e88-aaae-2e0c138d049e",NA,"3203764131"
32.247932,-110.8257,3,"Fringillidae","Spinus psaltria",2020,11,6,"4fa7b334-ce0d-4e88-aaae-2e0c138d049e",NA,"3216232385"
32.247932,-110.8257,2,"Troglodytidae","Thryomanes bewickii",2020,11,6,"4fa7b334-ce0d-4e88-aaae-2e0c138d049e",NA,"3199918511"
32.247932,-110.8257,1,"Parulidae","Setophaga coronata",2020,11,6,"4fa7b334-ce0d-4e88-aaae-2e0c138d049e",NA,"3205221535"
32.247932,-110.8257,9,"Fringillidae","Haemorhous mexicanus",2020,11,6,"4fa7b334-ce0d-4e88-aaae-2e0c138d049e",NA,"3207387652"
32.247932,-110.8257,1,"Ptilogonatidae","Phainopepla nitens",2020,11,6,"4fa7b334-ce0d-4e88-aaae-2e0c138d049e",NA,"3203858647"
32.247932,-110.8257,6,"Emberizidae","Zonotrichia leucophrys",2020,11,6,"4fa7b334-ce0d-4e88-aaae-2e0c138d049e",NA,"3214502594"
32.247932,-110.8257,1,"Mimidae","Mimus polyglottos",2020,11,6,"4fa7b334-ce0d-4e88-aaae-2e0c138d049e",NA,"3203220536"
32.247932,-110.8257,2,"Remizidae","Auriparus flaviceps",2020,11,6,"4fa7b334-ce0d-4e88-aaae-2e0c138d049e",NA,"3214573598"
32.247932,-110.8257,1,"Trochilidae","Calypte anna",2020,11,6,"4fa7b334-ce0d-4e88-aaae-2e0c138d049e",NA,"3208444524"
32.247932,-110.8257,7,"Passeridae","Passer domesticus",2020,11,6,"4fa7b334-ce0d-4e88-aaae-2e0c138d049e",NA,"3212426548"
32.247932,-110.8257,1,"Parulidae","Setophaga coronata",2019,1,1,"4fa7b334-ce0d-4e88-aaae-2e0c138d049e",NA,"2731771553"
32.247932,-110.8257,2,"Cardinalidae","Cardinalis cardinalis",2019,1,1,"4fa7b334-ce0d-4e88-aaae-2e0c138d049e",NA,"2732114555"
32.247932,-110.8257,5,"Passeridae","Passer domesticus",2019,1,1,"4fa7b334-ce0d-4e88-aaae-2e0c138d049e",NA,"2733175550"
32.247932,-110.8257,3,"Fringillidae","Haemorhous mexicanus",2019,1,1,"4fa7b334-ce0d-4e88-aaae-2e0c138d049e",NA,"2732229481"
32.247932,-110.8257,2,"Mimidae","Mimus polyglottos",2019,1,1,"4fa7b334-ce0d-4e88-aaae-2e0c138d049e",NA,"2734122498"
32.247932,-110.8257,1,"Columbidae","Streptopelia decaocto",2019,1,1,"4fa7b334-ce0d-4e88-aaae-2e0c138d049e",NA,"2740449480"
32.247932,-110.8257,1,"Trochilidae","Calypte anna",2019,1,1,"4fa7b334-ce0d-4e88-aaae-2e0c138d049e",NA,"2735339505"
32.247932,-110.8257,2,"Emberizidae","Zonotrichia leucophrys",2019,1,1,"4fa7b334-ce0d-4e88-aaae-2e0c138d049e",NA,"2736502442"
32.247932,-110.8257,12,"Fringillidae","Spinus psaltria",2019,1,1,"4fa7b334-ce0d-4e88-aaae-2e0c138d049e",NA,"2741479418"
32.247932,-110.8257,13,"Columbidae","Zenaida macroura",2019,1,1,"4fa7b334-ce0d-4e88-aaae-2e0c138d049e",NA,"2750660397"
32.247932,-110.8257,2,"Troglodytidae","Campylorhynchus brunneicapillus",2019,1,5,"4fa7b334-ce0d-4e88-aaae-2e0c138d049e",NA,"2728904286"
32.247932,-110.8257,2,"Trochilidae","Calypte anna",2019,1,5,"4fa7b334-ce0d-4e88-aaae-2e0c138d049e",NA,"2732602136"
32.247932,-110.8257,1,"Emberizidae","Zonotrichia leucophrys",2019,1,5,"4fa7b334-ce0d-4e88-aaae-2e0c138d049e",NA,"2728295259"
32.247932,-110.8257,1,"Remizidae","Auriparus flaviceps",2019,1,5,"4fa7b334-ce0d-4e88-aaae-2e0c138d049e",NA,"2743795228"
32.247932,-110.8257,1,"Emberizidae","Melozone aberti",2019,1,5,"4fa7b334-ce0d-4e88-aaae-2e0c138d049e",NA,"2743502242"
32.247932,-110.8257,9,"Passeridae","Passer domesticus",2019,1,5,"4fa7b334-ce0d-4e88-aaae-2e0c138d049e",NA,"2732892264"
32.247932,-110.8257,7,"Fringillidae","Haemorhous mexicanus",2019,1,5,"4fa7b334-ce0d-4e88-aaae-2e0c138d049e",NA,"2745378290"
32.247932,-110.8257,5,"Odontophoridae","Callipepla gambelii",2019,1,5,"4fa7b334-ce0d-4e88-aaae-2e0c138d049e",NA,"2744528239"
32.247932,-110.8257,8,"Columbidae","Zenaida macroura",2019,1,5,"4fa7b334-ce0d-4e88-aaae-2e0c138d049e",NA,"2764747191"
32.247932,-110.8257,8,"Fringillidae","Spinus psaltria",2019,1,5,"4fa7b334-ce0d-4e88-aaae-2e0c138d049e",NA,"2745594155"
32.247932,-110.8257,3,"Passeridae","Passer domesticus",2019,1,17,"4fa7b334-ce0d-4e88-aaae-2e0c138d049e",NA,"2655318112"
32.247932,-110.8257,5,"Columbidae","Zenaida macroura",2019,1,17,"4fa7b334-ce0d-4e88-aaae-2e0c138d049e",NA,"2666223110"
32.247932,-110.8257,2,"Emberizidae","Zonotrichia leucophrys",2019,1,17,"4fa7b334-ce0d-4e88-aaae-2e0c138d049e",NA,"2654140033"
32.247932,-110.8257,4,"Fringillidae","Spinus psaltria",2019,1,17,"4fa7b334-ce0d-4e88-aaae-2e0c138d049e",NA,"2655747146"
32.247932,-110.8257,6,"Fringillidae","Haemorhous mexicanus",2019,1,17,"4fa7b334-ce0d-4e88-aaae-2e0c138d049e",NA,"2727995113"
32.247932,-110.8257,1,"Trochilidae","Calypte anna",2019,1,17,"4fa7b334-ce0d-4e88-aaae-2e0c138d049e",NA,"2728522211"
32.247932,-110.8257,1,"Trochilidae","Calypte costae",2019,1,17,"4fa7b334-ce0d-4e88-aaae-2e0c138d049e",NA,"2733438170"
32.247932,-110.8257,7,"Fringillidae","Spinus psaltria",2019,1,19,"4fa7b334-ce0d-4e88-aaae-2e0c138d049e",NA,"2666162204"
32.247932,-110.8257,3,"Passeridae","Passer domesticus",2019,1,19,"4fa7b334-ce0d-4e88-aaae-2e0c138d049e",NA,"2658631242"
32.247932,-110.8257,1,"Remizidae","Auriparus flaviceps",2019,1,19,"4fa7b334-ce0d-4e88-aaae-2e0c138d049e",NA,"2653559217"
32.247932,-110.8257,9,"Columbidae","Zenaida macroura",2019,1,19,"4fa7b334-ce0d-4e88-aaae-2e0c138d049e",NA,"2654794218"
32.247932,-110.8257,5,"Fringillidae","Haemorhous mexicanus",2019,1,19,"4fa7b334-ce0d-4e88-aaae-2e0c138d049e",NA,"2659649296"
32.247932,-110.8257,1,"Trochilidae","Cynanthus latirostris",2019,1,19,"4fa7b334-ce0d-4e88-aaae-2e0c138d049e",NA,"2658915273"
32.247932,-110.8257,1,"Trochilidae","Calypte costae",2019,1,19,"4fa7b334-ce0d-4e88-aaae-2e0c138d049e",NA,"2656223269"
32.247932,-110.8257,1,"Emberizidae","Melozone aberti",2019,1,26,"4fa7b334-ce0d-4e88-aaae-2e0c138d049e",NA,"2755637896"
32.247932,-110.8257,1,"Cardinalidae","Cardinalis cardinalis",2019,1,26,"4fa7b334-ce0d-4e88-aaae-2e0c138d049e",NA,"2737778922"
32.247932,-110.8257,2,"Mimidae","Mimus polyglottos",2019,1,26,"4fa7b334-ce0d-4e88-aaae-2e0c138d049e",NA,"2746046972"
32.247932,-110.8257,7,"Fringillidae","Haemorhous mexicanus",2019,1,26,"4fa7b334-ce0d-4e88-aaae-2e0c138d049e",NA,"2742210970"
32.247932,-110.8257,7,"Fringillidae","Spinus psaltria",2019,1,26,"4fa7b334-ce0d-4e88-aaae-2e0c138d049e",NA,"2740059952"
32.247932,-110.8257,6,"Passeridae","Passer domesticus",2019,1,26,"4fa7b334-ce0d-4e88-aaae-2e0c138d049e",NA,"2763154613"
32.247932,-110.8257,1,"Odontophoridae","Callipepla gambelii",2019,1,26,"4fa7b334-ce0d-4e88-aaae-2e0c138d049e",NA,"2750341606"
32.247932,-110.8257,9,"Columbidae","Zenaida macroura",2019,1,26,"4fa7b334-ce0d-4e88-aaae-2e0c138d049e",NA,"2749261701"
32.250618,-110.83101,1,"Accipitridae","Accipiter cooperii",2019,2,18,"4fa7b334-ce0d-4e88-aaae-2e0c138d049e",NA,"2657992949"
32.247932,-110.8257,1,"Columbidae","Streptopelia decaocto",2019,5,4,"4fa7b334-ce0d-4e88-aaae-2e0c138d049e",NA,"2674910841"
32.247932,-110.8257,1,"Accipitridae","Accipiter cooperii",2019,5,4,"4fa7b334-ce0d-4e88-aaae-2e0c138d049e",NA,"2683048990"
32.247932,-110.8257,2,"Odontophoridae","Callipepla gambelii",2019,5,4,"4fa7b334-ce0d-4e88-aaae-2e0c138d049e",NA,"2693997857"
32.247932,-110.8257,18,"Columbidae","Zenaida asiatica",2019,5,4,"4fa7b334-ce0d-4e88-aaae-2e0c138d049e",NA,"2691853990"
32.247932,-110.8257,1,"Picidae","Melanerpes uropygialis",2019,5,4,"4fa7b334-ce0d-4e88-aaae-2e0c138d049e",NA,"2673721031"
32.247932,-110.8257,2,"Troglodytidae","Campylorhynchus brunneicapillus",2019,5,4,"4fa7b334-ce0d-4e88-aaae-2e0c138d049e",NA,"2674070730"
32.247932,-110.8257,1,"Mimidae","Mimus polyglottos",2019,5,4,"4fa7b334-ce0d-4e88-aaae-2e0c138d049e",NA,"2675986793"
32.247932,-110.8257,9,"Fringillidae","Haemorhous mexicanus",2019,5,4,"4fa7b334-ce0d-4e88-aaae-2e0c138d049e",NA,"2682545991"
32.247932,-110.8257,5,"Columbidae","Zenaida macroura",2019,5,4,"4fa7b334-ce0d-4e88-aaae-2e0c138d049e",NA,"2685878872"
32.247932,-110.8257,1,"Trochilidae","Cynanthus latirostris",2019,5,4,"4fa7b334-ce0d-4e88-aaae-2e0c138d049e",NA,"2673897913"
32.247932,-110.8257,8,"Passeridae","Passer domesticus",2019,5,4,"4fa7b334-ce0d-4e88-aaae-2e0c138d049e",NA,"2672603751"
32.247932,-110.8257,3,"Icteridae","Quiscalus mexicanus",2019,5,4,"4fa7b334-ce0d-4e88-aaae-2e0c138d049e",NA,"2689516732"
32.242634,-110.82395,1,"Accipitridae","Accipiter cooperii",2019,6,1,"4fa7b334-ce0d-4e88-aaae-2e0c138d049e",NA,"2681467082"
32.247932,-110.8257,7,"Fringillidae","Haemorhous mexicanus",2019,8,28,"4fa7b334-ce0d-4e88-aaae-2e0c138d049e",NA,"2695831655"
32.247932,-110.8257,3,"Fringillidae","Spinus psaltria",2019,8,28,"4fa7b334-ce0d-4e88-aaae-2e0c138d049e",NA,"2691846472"
32.247932,-110.8257,1,"Trochilidae","Calypte anna",2019,8,28,"4fa7b334-ce0d-4e88-aaae-2e0c138d049e",NA,"2693848552"
32.247932,-110.8257,8,"Columbidae","Zenaida asiatica",2019,8,28,"4fa7b334-ce0d-4e88-aaae-2e0c138d049e",NA,"2707200524"
32.247932,-110.8257,1,"Columbidae","Streptopelia decaocto",2019,8,28,"4fa7b334-ce0d-4e88-aaae-2e0c138d049e",NA,"2702905606"
32.247932,-110.8257,1,"Cardinalidae","Pheucticus melanocephalus",2019,8,28,"4fa7b334-ce0d-4e88-aaae-2e0c138d049e",NA,"2697423595"
32.247932,-110.8257,3,"Emberizidae","Zonotrichia leucophrys",2019,12,1,"4fa7b334-ce0d-4e88-aaae-2e0c138d049e",NA,"2773569977"
32.247932,-110.8257,1,"Trochilidae","Calypte anna",2019,12,1,"4fa7b334-ce0d-4e88-aaae-2e0c138d049e",NA,"2793492133"
32.247932,-110.8257,12,"Passeridae","Passer domesticus",2019,12,1,"4fa7b334-ce0d-4e88-aaae-2e0c138d049e",NA,"2800320080"
32.247932,-110.8257,1,"Picidae","Dryobates scalaris",2019,12,1,"4fa7b334-ce0d-4e88-aaae-2e0c138d049e",NA,"2768762021"
32.247932,-110.8257,6,"Fringillidae","Haemorhous mexicanus",2019,12,1,"4fa7b334-ce0d-4e88-aaae-2e0c138d049e",NA,"2770370279"
32.247932,-110.8257,1,"Mimidae","Mimus polyglottos",2019,12,1,"4fa7b334-ce0d-4e88-aaae-2e0c138d049e",NA,"2797758996"
32.247932,-110.8257,2,"Columbidae","Zenaida macroura",2019,12,1,"4fa7b334-ce0d-4e88-aaae-2e0c138d049e",NA,"2800088195"
32.247932,-110.8257,2,"Columbidae","Streptopelia decaocto",2019,12,1,"4fa7b334-ce0d-4e88-aaae-2e0c138d049e",NA,"2795788160"
32.247932,-110.8257,1,"Picidae","Melanerpes uropygialis",2019,12,1,"4fa7b334-ce0d-4e88-aaae-2e0c138d049e",NA,"2791078066"
32.247932,-110.8257,4,"Fringillidae","Spinus psaltria",2019,12,1,"4fa7b334-ce0d-4e88-aaae-2e0c138d049e",NA,"2796787221"
32.247932,-110.8257,1,"Emberizidae","Melozone aberti",2019,12,1,"4fa7b334-ce0d-4e88-aaae-2e0c138d049e",NA,"2722176818"
32.23612,-110.83162,3,"Corvidae","Corvus corax",2018,3,12,"4fa7b334-ce0d-4e88-aaae-2e0c138d049e",NA,"2121663908"
32.23612,-110.83162,1,"Parulidae","Leiothlypis luciae",2018,3,12,"4fa7b334-ce0d-4e88-aaae-2e0c138d049e",NA,"2134650399"
32.23612,-110.83162,1,"Remizidae","Auriparus flaviceps",2018,3,12,"4fa7b334-ce0d-4e88-aaae-2e0c138d049e",NA,"2121676138"
32.23612,-110.83162,1,"Columbidae","Zenaida macroura",2018,3,12,"4fa7b334-ce0d-4e88-aaae-2e0c138d049e",NA,"2121668240"
32.23612,-110.83162,1,"Fringillidae","Haemorhous mexicanus",2018,3,12,"4fa7b334-ce0d-4e88-aaae-2e0c138d049e",NA,"2138865186"
32.247932,-110.8257,1,"Icteridae","Icterus cucullatus",2018,5,11,"4fa7b334-ce0d-4e88-aaae-2e0c138d049e",NA,"2165079339"
32.247932,-110.8257,9,"Columbidae","Zenaida asiatica",2018,6,23,"4fa7b334-ce0d-4e88-aaae-2e0c138d049e",NA,"2190460754"
32.247932,-110.8257,1,"Tyrannidae","Myiarchus cinerascens",2018,6,23,"4fa7b334-ce0d-4e88-aaae-2e0c138d049e",NA,"2190471961"
32.247932,-110.8257,2,"Cardinalidae","Cardinalis cardinalis",2018,6,23,"4fa7b334-ce0d-4e88-aaae-2e0c138d049e",NA,"2178549425"
32.247932,-110.8257,6,"Passeridae","Passer domesticus",2018,6,23,"4fa7b334-ce0d-4e88-aaae-2e0c138d049e",NA,"2190484871"
32.247932,-110.8257,10,"Fringillidae","Haemorhous mexicanus",2018,6,23,"4fa7b334-ce0d-4e88-aaae-2e0c138d049e",NA,"2167581966"
32.247932,-110.8257,2,"Remizidae","Auriparus flaviceps",2018,6,23,"4fa7b334-ce0d-4e88-aaae-2e0c138d049e",NA,"2167591749"
32.247932,-110.8257,4,"Columbidae","Zenaida macroura",2018,6,23,"4fa7b334-ce0d-4e88-aaae-2e0c138d049e",NA,"2183267831"
32.247932,-110.8257,1,"Trochilidae","Cynanthus latirostris",2018,6,26,"4fa7b334-ce0d-4e88-aaae-2e0c138d049e",NA,"2195621162"
32.247932,-110.8257,1,"Icteridae","Quiscalus mexicanus",2018,6,26,"4fa7b334-ce0d-4e88-aaae-2e0c138d049e",NA,"2179854629"
32.247932,-110.8257,5,"Columbidae","Zenaida macroura",2018,6,26,"4fa7b334-ce0d-4e88-aaae-2e0c138d049e",NA,"2179847199"
32.247932,-110.8257,2,"Odontophoridae","Callipepla gambelii",2018,6,26,"4fa7b334-ce0d-4e88-aaae-2e0c138d049e",NA,"2203444762"
32.247932,-110.8257,1,"Trochilidae","Calypte anna",2018,6,26,"4fa7b334-ce0d-4e88-aaae-2e0c138d049e",NA,"2195635863"
32.247932,-110.8257,1,"Accipitridae","Accipiter cooperii",2018,6,26,"4fa7b334-ce0d-4e88-aaae-2e0c138d049e",NA,"2203434169"
32.247932,-110.8257,1,"Tyrannidae","Myiarchus cinerascens",2018,6,26,"4fa7b334-ce0d-4e88-aaae-2e0c138d049e",NA,"2191480402"
32.247932,-110.8257,7,"Columbidae","Zenaida asiatica",2018,6,26,"4fa7b334-ce0d-4e88-aaae-2e0c138d049e",NA,"2191477330"
32.247932,-110.8257,9,"Fringillidae","Haemorhous mexicanus",2018,6,26,"4fa7b334-ce0d-4e88-aaae-2e0c138d049e",NA,"2203462251"
32.247932,-110.8257,1,"Troglodytidae","Campylorhynchus brunneicapillus",2018,6,26,"4fa7b334-ce0d-4e88-aaae-2e0c138d049e",NA,"2195611442"
32.247932,-110.8257,3,"Columbidae","Streptopelia decaocto",2018,6,26,"4fa7b334-ce0d-4e88-aaae-2e0c138d049e",NA,"2203471063"
32.247932,-110.8257,5,"Passeridae","Passer domesticus",2018,6,26,"4fa7b334-ce0d-4e88-aaae-2e0c138d049e",NA,"2179836922"
32.247932,-110.8257,2,"Trochilidae","Calypte anna",2018,7,26,"4fa7b334-ce0d-4e88-aaae-2e0c138d049e",NA,"2192994792"
32.247932,-110.8257,1,"Trochilidae","Cynanthus latirostris",2018,7,26,"4fa7b334-ce0d-4e88-aaae-2e0c138d049e",NA,"2201029350"
32.247932,-110.8257,2,"Odontophoridae","Callipepla gambelii",2018,7,26,"4fa7b334-ce0d-4e88-aaae-2e0c138d049e",NA,"2177495955"
32.247932,-110.8257,8,"Columbidae","Zenaida asiatica",2018,7,26,"4fa7b334-ce0d-4e88-aaae-2e0c138d049e",NA,"2192982416"
32.247932,-110.8257,9,"Fringillidae","Haemorhous mexicanus",2018,7,26,"4fa7b334-ce0d-4e88-aaae-2e0c138d049e",NA,"2192983270"
32.247932,-110.8257,5,"Columbidae","Zenaida macroura",2018,7,26,"4fa7b334-ce0d-4e88-aaae-2e0c138d049e",NA,"2177510123"
32.247932,-110.8257,1,"Columbidae","Streptopelia decaocto",2018,7,26,"4fa7b334-ce0d-4e88-aaae-2e0c138d049e",NA,"2188795598"
32.247932,-110.8257,1,"Accipitridae","Accipiter cooperii",2018,7,26,"4fa7b334-ce0d-4e88-aaae-2e0c138d049e",NA,"2188783731"
32.247932,-110.8257,1,"Tyrannidae","Myiarchus cinerascens",2018,7,26,"4fa7b334-ce0d-4e88-aaae-2e0c138d049e",NA,"2188766161"
32.247932,-110.8257,5,"Passeridae","Passer domesticus",2018,7,26,"4fa7b334-ce0d-4e88-aaae-2e0c138d049e",NA,"2177502928"
32.247932,-110.8257,1,"Icteridae","Quiscalus mexicanus",2018,7,26,"4fa7b334-ce0d-4e88-aaae-2e0c138d049e",NA,"2201020601"
32.247932,-110.8257,3,"Troglodytidae","Campylorhynchus brunneicapillus",2018,7,26,"4fa7b334-ce0d-4e88-aaae-2e0c138d049e",NA,"2201026676"
32.247932,-110.8257,2,"Passeridae","Passer domesticus",2017,2,20,"4fa7b334-ce0d-4e88-aaae-2e0c138d049e",NA,"2041468466"
32.247932,-110.8257,3,"Fringillidae","Spinus psaltria",2017,2,20,"4fa7b334-ce0d-4e88-aaae-2e0c138d049e",NA,"2040701191"
32.247932,-110.8257,2,"Picidae","Melanerpes uropygialis",2017,2,20,"4fa7b334-ce0d-4e88-aaae-2e0c138d049e",NA,"2041469348"
32.247932,-110.8257,3,"Remizidae","Auriparus flaviceps",2017,2,20,"4fa7b334-ce0d-4e88-aaae-2e0c138d049e",NA,"2041509649"
32.247932,-110.8257,1,"Trochilidae","Cynanthus latirostris",2017,2,20,"4fa7b334-ce0d-4e88-aaae-2e0c138d049e",NA,"2046419862"
32.247932,-110.8257,18,"Fringillidae","Haemorhous mexicanus",2017,2,20,"4fa7b334-ce0d-4e88-aaae-2e0c138d049e",NA,"2046428377"
32.247932,-110.8257,1,"Cuculidae","Geococcyx californianus",2017,2,20,"4fa7b334-ce0d-4e88-aaae-2e0c138d049e",NA,"2040705598"
32.247932,-110.8257,1,"Emberizidae","Melozone aberti",2017,2,20,"4fa7b334-ce0d-4e88-aaae-2e0c138d049e",NA,"2040708931"
32.247932,-110.8257,2,"Cardinalidae","Cardinalis cardinalis",2017,2,20,"4fa7b334-ce0d-4e88-aaae-2e0c138d049e",NA,"2041477027"
32.247932,-110.8257,11,"Columbidae","Zenaida macroura",2017,2,20,"4fa7b334-ce0d-4e88-aaae-2e0c138d049e",NA,"2041468884"
32.247932,-110.8257,1,"Trochilidae","Calypte anna",2017,2,20,"4fa7b334-ce0d-4e88-aaae-2e0c138d049e",NA,"2041469331"
32.247932,-110.8257,2,"Troglodytidae","Campylorhynchus brunneicapillus",2017,2,20,"4fa7b334-ce0d-4e88-aaae-2e0c138d049e",NA,"2032945718"
32.247932,-110.8257,5,"Emberizidae","Zonotrichia leucophrys",2017,2,20,"4fa7b334-ce0d-4e88-aaae-2e0c138d049e",NA,"2040701999"
32.23612,-110.83162,1,"Picidae","Melanerpes uropygialis",2017,4,21,"4fa7b334-ce0d-4e88-aaae-2e0c138d049e",NA,"2056628238"
32.247932,-110.8257,9,"Columbidae","Zenaida asiatica",2017,5,13,"4fa7b334-ce0d-4e88-aaae-2e0c138d049e",NA,"2052783452"
32.247932,-110.8257,2,"Trochilidae","Cynanthus latirostris",2017,5,13,"4fa7b334-ce0d-4e88-aaae-2e0c138d049e",NA,"2070887303"
32.247932,-110.8257,9,"Fringillidae","Haemorhous mexicanus",2017,5,13,"4fa7b334-ce0d-4e88-aaae-2e0c138d049e",NA,"2064837753"
32.247932,-110.8257,2,"Remizidae","Auriparus flaviceps",2017,5,13,"4fa7b334-ce0d-4e88-aaae-2e0c138d049e",NA,"2064822810"
32.247932,-110.8257,1,"Picidae","Melanerpes uropygialis",2017,5,13,"4fa7b334-ce0d-4e88-aaae-2e0c138d049e",NA,"2052772660"
32.247932,-110.8257,8,"Passeridae","Passer domesticus",2017,5,13,"4fa7b334-ce0d-4e88-aaae-2e0c138d049e",NA,"2070877862"
32.247932,-110.8257,1,"Trochilidae","Calypte anna",2017,5,13,"4fa7b334-ce0d-4e88-aaae-2e0c138d049e",NA,"2070874789"
32.247932,-110.8257,3,"Troglodytidae","Campylorhynchus brunneicapillus",2017,5,13,"4fa7b334-ce0d-4e88-aaae-2e0c138d049e",NA,"2052786919"
32.247932,-110.8257,1,"Cardinalidae","Cardinalis cardinalis",2017,5,13,"4fa7b334-ce0d-4e88-aaae-2e0c138d049e",NA,"2065137618"
32.247932,-110.8257,5,"Fringillidae","Spinus psaltria",2017,5,13,"4fa7b334-ce0d-4e88-aaae-2e0c138d049e",NA,"2064830152"
32.247932,-110.8257,1,"Mimidae","Mimus polyglottos",2017,5,13,"4fa7b334-ce0d-4e88-aaae-2e0c138d049e",NA,"2052782343"
32.247932,-110.8257,4,"Columbidae","Zenaida macroura",2017,5,13,"4fa7b334-ce0d-4e88-aaae-2e0c138d049e",NA,"2065126595"
32.247932,-110.8257,1,"Accipitridae","Accipiter cooperii",2017,5,13,"4fa7b334-ce0d-4e88-aaae-2e0c138d049e",NA,"2052787935"
32.247932,-110.8257,2,"Columbidae","Streptopelia decaocto",2017,5,13,"4fa7b334-ce0d-4e88-aaae-2e0c138d049e",NA,"2070879712"
32.24011,-110.82589,4,"Passeridae","Passer domesticus",2017,5,18,"4fa7b334-ce0d-4e88-aaae-2e0c138d049e",NA,"2067840097"
32.24011,-110.82589,2,"Columbidae","Zenaida macroura",2017,5,18,"4fa7b334-ce0d-4e88-aaae-2e0c138d049e",NA,"2067383454"
32.24011,-110.82589,1,"Picidae","Melanerpes uropygialis",2017,5,18,"4fa7b334-ce0d-4e88-aaae-2e0c138d049e",NA,"2073317757"
32.24011,-110.82589,2,"Trochilidae","Calypte anna",2017,5,18,"4fa7b334-ce0d-4e88-aaae-2e0c138d049e",NA,"2073310466"
32.2364,-110.828529,NA,"Trochilidae","Cynanthus latirostris",2020,6,17,"50c9509d-22c7-4a22-a47d-8c48425ef4a7","iNaturalist research-grade observations","2802814552"
