"decimalLatitude","decimalLongitude","individualCount","family","species","year","month","day","datasetKey","datasetName","gbifID"
32.251064,-110.76362,1,"Columbidae","Columba livia",2021,2,12,"4fa7b334-ce0d-4e88-aaae-2e0c138d049e",NA,"3521581876"
32.25145,-110.766106,60,"Cathartidae","Cathartes aura",2021,8,24,"4fa7b334-ce0d-4e88-aaae-2e0c138d049e",NA,"3551274587"
32.25145,-110.766106,60,"Cathartidae","Cathartes aura",2021,8,24,"4fa7b334-ce0d-4e88-aaae-2e0c138d049e",NA,"3617003132"
32.250973,-110.772224,1,"Accipitridae","Buteo albonotatus",2021,9,28,"4fa7b334-ce0d-4e88-aaae-2e0c138d049e",NA,"3689139878"
32.25108,-110.75943,1,"Ptilogonatidae","Phainopepla nitens",2020,3,20,"4fa7b334-ce0d-4e88-aaae-2e0c138d049e",NA,"3153077724"
32.25108,-110.75943,1,"Ptilogonatidae","Phainopepla nitens",2020,3,20,"4fa7b334-ce0d-4e88-aaae-2e0c138d049e",NA,"3140208892"
32.255898,-110.75502,2,"Vireonidae","Vireo bellii",2020,4,18,"4fa7b334-ce0d-4e88-aaae-2e0c138d049e",NA,"3145758948"
32.255898,-110.75502,3,"Columbidae","Zenaida macroura",2020,4,18,"4fa7b334-ce0d-4e88-aaae-2e0c138d049e",NA,"3154424833"
32.255898,-110.75502,4,"Odontophoridae","Callipepla gambelii",2020,4,18,"4fa7b334-ce0d-4e88-aaae-2e0c138d049e",NA,"3152045789"
32.255898,-110.75502,1,"Cathartidae","Cathartes aura",2020,4,18,"4fa7b334-ce0d-4e88-aaae-2e0c138d049e",NA,"3160092889"
32.255898,-110.75502,2,"Trochilidae","Calypte anna",2020,4,18,"4fa7b334-ce0d-4e88-aaae-2e0c138d049e",NA,"3146545938"
32.255898,-110.75502,2,"Fringillidae","Spinus psaltria",2020,4,18,"4fa7b334-ce0d-4e88-aaae-2e0c138d049e",NA,"3144660751"
32.255898,-110.75502,1,"Tyrannidae","Tyrannus verticalis",2020,4,18,"4fa7b334-ce0d-4e88-aaae-2e0c138d049e",NA,"3160436767"
32.255898,-110.75502,2,"Ptilogonatidae","Phainopepla nitens",2020,4,18,"4fa7b334-ce0d-4e88-aaae-2e0c138d049e",NA,"3166958678"
32.255898,-110.75502,2,"Emberizidae","Peucaea carpalis",2020,4,18,"4fa7b334-ce0d-4e88-aaae-2e0c138d049e",NA,"3142647751"
32.255898,-110.75502,1,"Parulidae","Setophaga petechia",2020,4,18,"4fa7b334-ce0d-4e88-aaae-2e0c138d049e",NA,"3145796720"
32.255898,-110.75502,2,"Cardinalidae","Cardinalis cardinalis",2020,4,18,"4fa7b334-ce0d-4e88-aaae-2e0c138d049e",NA,"3147223762"
32.255898,-110.75502,2,"Icteridae","Quiscalus mexicanus",2020,4,18,"4fa7b334-ce0d-4e88-aaae-2e0c138d049e",NA,"3144956632"
32.255898,-110.75502,1,"Picidae","Melanerpes uropygialis",2020,4,18,"4fa7b334-ce0d-4e88-aaae-2e0c138d049e",NA,"3162315731"
32.255898,-110.75502,5,"Parulidae","Leiothlypis luciae",2020,4,18,"4fa7b334-ce0d-4e88-aaae-2e0c138d049e",NA,"3142644773"
32.255898,-110.75502,1,"Tyrannidae","Pyrocephalus rubinus",2020,4,18,"4fa7b334-ce0d-4e88-aaae-2e0c138d049e",NA,"3146551756"
32.255898,-110.75502,2,"Emberizidae","Melozone aberti",2020,4,18,"4fa7b334-ce0d-4e88-aaae-2e0c138d049e",NA,"3155939646"
32.255898,-110.75502,1,"Mimidae","Toxostoma curvirostre",2020,4,18,"4fa7b334-ce0d-4e88-aaae-2e0c138d049e",NA,"3164011678"
32.255898,-110.75502,1,"Columbidae","Streptopelia decaocto",2020,4,18,"4fa7b334-ce0d-4e88-aaae-2e0c138d049e",NA,"3142950633"
32.255898,-110.75502,1,"Troglodytidae","Campylorhynchus brunneicapillus",2020,4,18,"4fa7b334-ce0d-4e88-aaae-2e0c138d049e",NA,"3144414567"
32.255898,-110.75502,3,"Columbidae","Columba livia",2020,4,18,"4fa7b334-ce0d-4e88-aaae-2e0c138d049e",NA,"3146109612"
32.255898,-110.75502,2,"Hirundinidae","Stelgidopteryx serripennis",2020,4,18,"4fa7b334-ce0d-4e88-aaae-2e0c138d049e",NA,"3152719657"
32.255898,-110.75502,3,"Fringillidae","Haemorhous mexicanus",2020,4,18,"4fa7b334-ce0d-4e88-aaae-2e0c138d049e",NA,"3144799538"
32.255898,-110.75502,1,"Tyrannidae","Myiarchus cinerascens",2020,4,18,"4fa7b334-ce0d-4e88-aaae-2e0c138d049e",NA,"3164429665"
32.25808,-110.756195,100,"Turdidae","Turdus migratorius",2019,2,11,"4fa7b334-ce0d-4e88-aaae-2e0c138d049e",NA,"2730123928"
32.250977,-110.771866,1,"Falconidae","Falco sparverius",2019,3,19,"4fa7b334-ce0d-4e88-aaae-2e0c138d049e",NA,"2663653014"
32.250977,-110.771866,1,"Falconidae","Falco sparverius",2019,3,19,"4fa7b334-ce0d-4e88-aaae-2e0c138d049e",NA,"2661336994"
32.25808,-110.756195,1,"Parulidae","Setophaga coronata",2019,3,28,"4fa7b334-ce0d-4e88-aaae-2e0c138d049e",NA,"2758367812"
32.25808,-110.756195,2,"Tyrannidae","Pyrocephalus rubinus",2019,3,28,"4fa7b334-ce0d-4e88-aaae-2e0c138d049e",NA,"2665864899"
32.25808,-110.756195,4,"Emberizidae","Spizella atrogularis",2019,3,28,"4fa7b334-ce0d-4e88-aaae-2e0c138d049e",NA,"2740689951"
32.25808,-110.756195,4,"Odontophoridae","Callipepla gambelii",2019,3,28,"4fa7b334-ce0d-4e88-aaae-2e0c138d049e",NA,"2744331925"
32.25808,-110.756195,3,"Fringillidae","Haemorhous mexicanus",2019,3,28,"4fa7b334-ce0d-4e88-aaae-2e0c138d049e",NA,"2744644813"
32.25808,-110.756195,2,"Fringillidae","Spinus psaltria",2019,3,28,"4fa7b334-ce0d-4e88-aaae-2e0c138d049e",NA,"2743774892"
32.25808,-110.756195,1,"Trochilidae","Cynanthus latirostris",2019,3,28,"4fa7b334-ce0d-4e88-aaae-2e0c138d049e",NA,"2749888655"
32.25808,-110.756195,2,"Columbidae","Zenaida macroura",2019,3,28,"4fa7b334-ce0d-4e88-aaae-2e0c138d049e",NA,"2747194593"
32.25114,-110.76638,1,"Tyrannidae","Myiarchus tyrannulus",2019,5,5,"4fa7b334-ce0d-4e88-aaae-2e0c138d049e",NA,"2685316905"
32.25114,-110.76638,2,"Picidae","Melanerpes uropygialis",2019,5,5,"4fa7b334-ce0d-4e88-aaae-2e0c138d049e",NA,"2672909897"
32.25114,-110.76638,1,"Tyrannidae","Myiarchus cinerascens",2019,5,5,"4fa7b334-ce0d-4e88-aaae-2e0c138d049e",NA,"2690237002"
32.25114,-110.76638,1,"Remizidae","Auriparus flaviceps",2019,5,5,"4fa7b334-ce0d-4e88-aaae-2e0c138d049e",NA,"2673769061"
32.25114,-110.76638,2,"Polioptilidae","Polioptila melanura",2019,5,5,"4fa7b334-ce0d-4e88-aaae-2e0c138d049e",NA,"2673042169"
32.25114,-110.76638,5,"Odontophoridae","Callipepla gambelii",2019,5,5,"4fa7b334-ce0d-4e88-aaae-2e0c138d049e",NA,"2671893026"
32.25114,-110.76638,6,"Columbidae","Zenaida macroura",2019,5,5,"4fa7b334-ce0d-4e88-aaae-2e0c138d049e",NA,"2670675046"
32.25114,-110.76638,2,"Columbidae","Zenaida asiatica",2019,5,5,"4fa7b334-ce0d-4e88-aaae-2e0c138d049e",NA,"2687175922"
32.25114,-110.76638,3,"Fringillidae","Spinus psaltria",2019,5,5,"4fa7b334-ce0d-4e88-aaae-2e0c138d049e",NA,"2680804808"
32.25114,-110.76638,5,"Passeridae","Passer domesticus",2019,5,5,"4fa7b334-ce0d-4e88-aaae-2e0c138d049e",NA,"2670226841"
32.25114,-110.76638,4,"Parulidae","Leiothlypis luciae",2019,5,5,"4fa7b334-ce0d-4e88-aaae-2e0c138d049e",NA,"2672565800"
32.25108,-110.760185,2,"Accipitridae","Parabuteo unicinctus",2018,1,15,"4fa7b334-ce0d-4e88-aaae-2e0c138d049e",NA,"2120979719"
32.25108,-110.760185,2,"Accipitridae","Parabuteo unicinctus",2018,1,15,"4fa7b334-ce0d-4e88-aaae-2e0c138d049e",NA,"2109064962"
32.250904,-110.76693,2,"Accipitridae","Buteo albonotatus",2018,8,16,"4fa7b334-ce0d-4e88-aaae-2e0c138d049e",NA,"2178947721"
32.258034,-110.75869,2,"Accipitridae","Buteo jamaicensis",2017,2,25,"4fa7b334-ce0d-4e88-aaae-2e0c138d049e",NA,"2034046578"
32.258034,-110.75869,1,"Picidae","Colaptes auratus",2017,2,25,"4fa7b334-ce0d-4e88-aaae-2e0c138d049e",NA,"2042219926"
32.258034,-110.75869,1,"Mimidae","Toxostoma curvirostre",2017,2,25,"4fa7b334-ce0d-4e88-aaae-2e0c138d049e",NA,"2034049643"
32.258034,-110.75869,1,"Falconidae","Falco sparverius",2017,2,25,"4fa7b334-ce0d-4e88-aaae-2e0c138d049e",NA,"2043209811"
32.258034,-110.75869,5,"Odontophoridae","Callipepla gambelii",2017,2,25,"4fa7b334-ce0d-4e88-aaae-2e0c138d049e",NA,"2042226459"
32.258034,-110.75869,1,"Picidae","Dryobates scalaris",2017,2,25,"4fa7b334-ce0d-4e88-aaae-2e0c138d049e",NA,"2034045745"
32.258034,-110.75869,2,"Emberizidae","Melozone fusca",2017,2,25,"4fa7b334-ce0d-4e88-aaae-2e0c138d049e",NA,"2043204780"
32.258034,-110.75869,1,"Tyrannidae","Sayornis saya",2017,2,25,"4fa7b334-ce0d-4e88-aaae-2e0c138d049e",NA,"2034046481"
32.258034,-110.75869,4,"Columbidae","Zenaida macroura",2017,2,25,"4fa7b334-ce0d-4e88-aaae-2e0c138d049e",NA,"2043207861"
32.258034,-110.75869,1,"Passeridae","Passer domesticus",2017,2,25,"4fa7b334-ce0d-4e88-aaae-2e0c138d049e",NA,"2042219023"
32.258034,-110.75869,2,"Corvidae","Corvus corax",2017,2,25,"4fa7b334-ce0d-4e88-aaae-2e0c138d049e",NA,"2042220321"
32.258034,-110.75869,2,"Picidae","Melanerpes uropygialis",2017,2,25,"4fa7b334-ce0d-4e88-aaae-2e0c138d049e",NA,"2042216226"
32.258034,-110.75869,3,"Remizidae","Auriparus flaviceps",2017,2,25,"4fa7b334-ce0d-4e88-aaae-2e0c138d049e",NA,"2042226474"
32.258034,-110.75869,2,"Picidae","Colaptes chrysoides",2017,2,25,"4fa7b334-ce0d-4e88-aaae-2e0c138d049e",NA,"2048339952"
32.258034,-110.75869,4,"Ptilogonatidae","Phainopepla nitens",2017,2,25,"4fa7b334-ce0d-4e88-aaae-2e0c138d049e",NA,"2034052136"
32.258034,-110.75869,1,"Accipitridae","Parabuteo unicinctus",2017,2,25,"4fa7b334-ce0d-4e88-aaae-2e0c138d049e",NA,"2034046429"
32.258034,-110.75869,2,"Cardinalidae","Cardinalis cardinalis",2017,2,25,"4fa7b334-ce0d-4e88-aaae-2e0c138d049e",NA,"2042219034"
32.258034,-110.75869,2,"Fringillidae","Haemorhous mexicanus",2017,2,25,"4fa7b334-ce0d-4e88-aaae-2e0c138d049e",NA,"2034046830"
32.258034,-110.75869,1,"Tyrannidae","Pyrocephalus rubinus",2017,2,25,"4fa7b334-ce0d-4e88-aaae-2e0c138d049e",NA,"2043208340"
32.25106,-110.771075,NA,"Accipitridae","Buteo jamaicensis",2017,1,12,"50c9509d-22c7-4a22-a47d-8c48425ef4a7","iNaturalist research-grade observations","1453351252"
