"decimalLatitude","decimalLongitude","individualCount","family","species","year","month","day","datasetKey","datasetName","gbifID"
32.139103,-110.84064,1,"Accipitridae","Accipiter cooperii",2021,2,8,"4fa7b334-ce0d-4e88-aaae-2e0c138d049e",NA,"3507313438"
32.141716,-110.84043,1,"Strigidae","Bubo virginianus",2021,3,31,"4fa7b334-ce0d-4e88-aaae-2e0c138d049e",NA,"3514829011"
32.13417,-110.83518,1,"Accipitridae","Buteo jamaicensis",2021,4,3,"4fa7b334-ce0d-4e88-aaae-2e0c138d049e",NA,"3622278784"
32.13417,-110.83518,1,"Emberizidae","Zonotrichia leucophrys",2021,4,3,"4fa7b334-ce0d-4e88-aaae-2e0c138d049e",NA,"3616105439"
32.13417,-110.83518,1,"Troglodytidae","Campylorhynchus brunneicapillus",2021,4,3,"4fa7b334-ce0d-4e88-aaae-2e0c138d049e",NA,"3620069831"
32.133945,-110.83843,1,"Mimidae","Toxostoma curvirostre",2020,5,10,"4fa7b334-ce0d-4e88-aaae-2e0c138d049e",NA,"3238657533"
32.133945,-110.83843,2,"Troglodytidae","Campylorhynchus brunneicapillus",2020,5,10,"4fa7b334-ce0d-4e88-aaae-2e0c138d049e",NA,"3250635537"
32.133945,-110.83843,1,"Mimidae","Toxostoma curvirostre",2020,5,10,"4fa7b334-ce0d-4e88-aaae-2e0c138d049e",NA,"3251197521"
32.133945,-110.83843,2,"Troglodytidae","Campylorhynchus brunneicapillus",2020,5,10,"4fa7b334-ce0d-4e88-aaae-2e0c138d049e",NA,"3260809517"
32.137367,-110.8427,2,"Troglodytidae","Campylorhynchus brunneicapillus",2020,7,24,"4fa7b334-ce0d-4e88-aaae-2e0c138d049e",NA,"3191073715"
