"decimalLatitude","decimalLongitude","individualCount","family","species","year","month","day","datasetKey","datasetName","gbifID"
32.22409,-110.80844,1,"Remizidae","Auriparus flaviceps",2021,1,4,"4fa7b334-ce0d-4e88-aaae-2e0c138d049e",NA,"3645671888"
32.22409,-110.80844,1,"Corvidae","Corvus corax",2021,1,4,"4fa7b334-ce0d-4e88-aaae-2e0c138d049e",NA,"3642709050"
32.22409,-110.80844,10,"Fringillidae","Haemorhous mexicanus",2021,1,4,"4fa7b334-ce0d-4e88-aaae-2e0c138d049e",NA,"3634702184"
32.22409,-110.80844,4,"Fringillidae","Spinus psaltria",2021,1,4,"4fa7b334-ce0d-4e88-aaae-2e0c138d049e",NA,"3645227826"
32.22409,-110.80844,2,"Columbidae","Columba livia",2021,1,4,"4fa7b334-ce0d-4e88-aaae-2e0c138d049e",NA,"3647440559"
32.22409,-110.80844,1,"Picidae","Melanerpes uropygialis",2021,1,4,"4fa7b334-ce0d-4e88-aaae-2e0c138d049e",NA,"3652592307"
32.22409,-110.80844,4,"Emberizidae","Zonotrichia leucophrys",2021,1,4,"4fa7b334-ce0d-4e88-aaae-2e0c138d049e",NA,"3651372113"
32.22409,-110.80844,1,"Trochilidae","Cynanthus latirostris",2021,1,4,"4fa7b334-ce0d-4e88-aaae-2e0c138d049e",NA,"3659472922"
32.22409,-110.80844,1,"Trochilidae","Calypte anna",2021,1,4,"4fa7b334-ce0d-4e88-aaae-2e0c138d049e",NA,"3661117810"
32.22409,-110.80844,8,"Passeridae","Passer domesticus",2021,1,4,"4fa7b334-ce0d-4e88-aaae-2e0c138d049e",NA,"3652009765"
32.22409,-110.80844,2,"Columbidae","Zenaida macroura",2021,1,4,"4fa7b334-ce0d-4e88-aaae-2e0c138d049e",NA,"3646172814"
32.22409,-110.80844,1,"Mimidae","Mimus polyglottos",2021,1,4,"4fa7b334-ce0d-4e88-aaae-2e0c138d049e",NA,"3645602846"
32.22409,-110.80844,1,"Remizidae","Auriparus flaviceps",2021,1,4,"4fa7b334-ce0d-4e88-aaae-2e0c138d049e",NA,"3665350167"
32.22409,-110.80844,1,"Corvidae","Corvus corax",2021,1,4,"4fa7b334-ce0d-4e88-aaae-2e0c138d049e",NA,"3663435258"
32.22409,-110.80844,10,"Fringillidae","Haemorhous mexicanus",2021,1,4,"4fa7b334-ce0d-4e88-aaae-2e0c138d049e",NA,"3663021280"
32.22409,-110.80844,4,"Fringillidae","Spinus psaltria",2021,1,4,"4fa7b334-ce0d-4e88-aaae-2e0c138d049e",NA,"3664099240"
32.22409,-110.80844,2,"Columbidae","Columba livia",2021,1,4,"4fa7b334-ce0d-4e88-aaae-2e0c138d049e",NA,"3667575158"
32.22409,-110.80844,1,"Picidae","Melanerpes uropygialis",2021,1,4,"4fa7b334-ce0d-4e88-aaae-2e0c138d049e",NA,"3666582023"
32.22409,-110.80844,4,"Emberizidae","Zonotrichia leucophrys",2021,1,4,"4fa7b334-ce0d-4e88-aaae-2e0c138d049e",NA,"3668365794"
32.22409,-110.80844,1,"Trochilidae","Cynanthus latirostris",2021,1,4,"4fa7b334-ce0d-4e88-aaae-2e0c138d049e",NA,"3670333487"
32.22409,-110.80844,1,"Trochilidae","Calypte anna",2021,1,4,"4fa7b334-ce0d-4e88-aaae-2e0c138d049e",NA,"3674785129"
32.22409,-110.80844,8,"Passeridae","Passer domesticus",2021,1,4,"4fa7b334-ce0d-4e88-aaae-2e0c138d049e",NA,"3677039812"
32.22409,-110.80844,2,"Columbidae","Zenaida macroura",2021,1,4,"4fa7b334-ce0d-4e88-aaae-2e0c138d049e",NA,"3631721455"
32.22409,-110.80844,1,"Mimidae","Mimus polyglottos",2021,1,4,"4fa7b334-ce0d-4e88-aaae-2e0c138d049e",NA,"3636884179"
32.22409,-110.80844,1,"Troglodytidae","Thryomanes bewickii",2021,1,5,"4fa7b334-ce0d-4e88-aaae-2e0c138d049e",NA,"3598575264"
32.22409,-110.80844,1,"Columbidae","Streptopelia decaocto",2021,1,5,"4fa7b334-ce0d-4e88-aaae-2e0c138d049e",NA,"3597694695"
32.22409,-110.80844,1,"Trochilidae","Cynanthus latirostris",2021,1,5,"4fa7b334-ce0d-4e88-aaae-2e0c138d049e",NA,"3597192140"
32.22409,-110.80844,2,"Trochilidae","Calypte anna",2021,1,5,"4fa7b334-ce0d-4e88-aaae-2e0c138d049e",NA,"3646074971"
32.22409,-110.80844,2,"Fringillidae","Spinus psaltria",2021,1,5,"4fa7b334-ce0d-4e88-aaae-2e0c138d049e",NA,"3635315025"
32.22409,-110.80844,1,"Columbidae","Zenaida macroura",2021,1,5,"4fa7b334-ce0d-4e88-aaae-2e0c138d049e",NA,"3632116190"
32.22409,-110.80844,1,"Troglodytidae","Thryomanes bewickii",2021,1,5,"4fa7b334-ce0d-4e88-aaae-2e0c138d049e",NA,"3504752016"
32.22409,-110.80844,1,"Columbidae","Streptopelia decaocto",2021,1,5,"4fa7b334-ce0d-4e88-aaae-2e0c138d049e",NA,"3526173475"
32.22409,-110.80844,1,"Trochilidae","Cynanthus latirostris",2021,1,5,"4fa7b334-ce0d-4e88-aaae-2e0c138d049e",NA,"3530148761"
32.22409,-110.80844,2,"Trochilidae","Calypte anna",2021,1,5,"4fa7b334-ce0d-4e88-aaae-2e0c138d049e",NA,"3521258085"
32.22409,-110.80844,2,"Fringillidae","Spinus psaltria",2021,1,5,"4fa7b334-ce0d-4e88-aaae-2e0c138d049e",NA,"3517802451"
32.22409,-110.80844,1,"Columbidae","Zenaida macroura",2021,1,5,"4fa7b334-ce0d-4e88-aaae-2e0c138d049e",NA,"3513769905"
32.23502,-110.80725,4,"Corvidae","Corvus corax",2021,1,11,"4fa7b334-ce0d-4e88-aaae-2e0c138d049e",NA,"3598074634"
32.227325,-110.80965,3,"Turdidae","Sialia mexicana",2021,1,19,"4fa7b334-ce0d-4e88-aaae-2e0c138d049e",NA,"3508034581"
32.227325,-110.80965,1,"Tyrannidae","Sayornis saya",2021,1,19,"4fa7b334-ce0d-4e88-aaae-2e0c138d049e",NA,"3509831192"
32.227325,-110.80965,2,"Fringillidae","Haemorhous mexicanus",2021,1,19,"4fa7b334-ce0d-4e88-aaae-2e0c138d049e",NA,"3511988746"
32.227325,-110.80965,2,"Columbidae","Zenaida macroura",2021,1,19,"4fa7b334-ce0d-4e88-aaae-2e0c138d049e",NA,"3512442997"
32.227325,-110.80965,1,"Corvidae","Corvus corax",2021,1,19,"4fa7b334-ce0d-4e88-aaae-2e0c138d049e",NA,"3513692045"
32.227325,-110.80965,3,"Turdidae","Sialia mexicana",2021,1,22,"4fa7b334-ce0d-4e88-aaae-2e0c138d049e",NA,"3661263757"
32.227325,-110.80965,2,"Fringillidae","Haemorhous mexicanus",2021,1,22,"4fa7b334-ce0d-4e88-aaae-2e0c138d049e",NA,"3664893699"
32.227325,-110.80965,1,"Tyrannidae","Sayornis saya",2021,1,27,"4fa7b334-ce0d-4e88-aaae-2e0c138d049e",NA,"3647759954"
32.227325,-110.80965,1,"Ptilogonatidae","Phainopepla nitens",2021,1,27,"4fa7b334-ce0d-4e88-aaae-2e0c138d049e",NA,"3653833967"
32.227325,-110.80965,1,"Fringillidae","Haemorhous mexicanus",2021,1,28,"4fa7b334-ce0d-4e88-aaae-2e0c138d049e",NA,"3505584695"
32.227325,-110.80965,1,"Corvidae","Corvus corax",2021,1,28,"4fa7b334-ce0d-4e88-aaae-2e0c138d049e",NA,"3506254351"
32.227325,-110.80965,1,"Picidae","Melanerpes uropygialis",2021,2,1,"4fa7b334-ce0d-4e88-aaae-2e0c138d049e",NA,"3589948385"
32.227325,-110.80965,3,"Fringillidae","Haemorhous mexicanus",2021,2,1,"4fa7b334-ce0d-4e88-aaae-2e0c138d049e",NA,"3588883480"
32.227325,-110.80965,1,"Accipitridae","Accipiter cooperii",2021,2,1,"4fa7b334-ce0d-4e88-aaae-2e0c138d049e",NA,"3588377422"
32.227325,-110.80965,1,"Corvidae","Corvus corax",2021,2,1,"4fa7b334-ce0d-4e88-aaae-2e0c138d049e",NA,"3588759344"
32.227142,-110.80956,2,"Falconidae","Falco peregrinus",2021,2,3,"4fa7b334-ce0d-4e88-aaae-2e0c138d049e",NA,"3515028986"
32.227325,-110.80965,1,"Accipitridae","Accipiter cooperii",2021,2,3,"4fa7b334-ce0d-4e88-aaae-2e0c138d049e",NA,"3514086115"
32.227325,-110.80965,1,"Columbidae","Zenaida macroura",2021,2,3,"4fa7b334-ce0d-4e88-aaae-2e0c138d049e",NA,"3515189514"
32.23286,-110.814415,1,"Accipitridae","Buteo jamaicensis",2021,2,4,"4fa7b334-ce0d-4e88-aaae-2e0c138d049e",NA,"3587517858"
32.23286,-110.814415,1,"Columbidae","Zenaida macroura",2021,2,4,"4fa7b334-ce0d-4e88-aaae-2e0c138d049e",NA,"3588298698"
32.23286,-110.814415,1,"Columbidae","Columba livia",2021,2,4,"4fa7b334-ce0d-4e88-aaae-2e0c138d049e",NA,"3588574929"
32.227325,-110.80965,1,"Accipitridae","Accipiter cooperii",2021,2,8,"4fa7b334-ce0d-4e88-aaae-2e0c138d049e",NA,"3515879402"
32.227325,-110.80965,7,"Corvidae","Corvus corax",2021,2,8,"4fa7b334-ce0d-4e88-aaae-2e0c138d049e",NA,"3518114442"
32.227325,-110.80965,1,"Accipitridae","Accipiter cooperii",2021,2,9,"4fa7b334-ce0d-4e88-aaae-2e0c138d049e",NA,"3618944402"
32.227325,-110.80965,2,"Fringillidae","Haemorhous mexicanus",2021,2,9,"4fa7b334-ce0d-4e88-aaae-2e0c138d049e",NA,"3625345176"
32.23286,-110.814415,2,"Accipitridae","Buteo jamaicensis",2021,2,10,"4fa7b334-ce0d-4e88-aaae-2e0c138d049e",NA,"3541455782"
32.227325,-110.80965,1,"Picidae","Melanerpes uropygialis",2021,2,10,"4fa7b334-ce0d-4e88-aaae-2e0c138d049e",NA,"3596083329"
32.227325,-110.80965,1,"Accipitridae","Accipiter cooperii",2021,2,10,"4fa7b334-ce0d-4e88-aaae-2e0c138d049e",NA,"3600740266"
32.227325,-110.80965,2,"Columbidae","Zenaida macroura",2021,2,10,"4fa7b334-ce0d-4e88-aaae-2e0c138d049e",NA,"3613245606"
32.23286,-110.814415,1,"Corvidae","Corvus corax",2021,2,10,"4fa7b334-ce0d-4e88-aaae-2e0c138d049e",NA,"3507240708"
32.23286,-110.814415,2,"Columbidae","Zenaida macroura",2021,2,10,"4fa7b334-ce0d-4e88-aaae-2e0c138d049e",NA,"3505679310"
32.23286,-110.814415,6,"Columbidae","Columba livia",2021,2,10,"4fa7b334-ce0d-4e88-aaae-2e0c138d049e",NA,"3505647514"
32.23286,-110.814415,1,"Accipitridae","Buteo jamaicensis",2021,2,12,"4fa7b334-ce0d-4e88-aaae-2e0c138d049e",NA,"3669737432"
32.227325,-110.80965,1,"Columbidae","Zenaida macroura",2021,2,12,"4fa7b334-ce0d-4e88-aaae-2e0c138d049e",NA,"3508041364"
32.227325,-110.80965,1,"Accipitridae","Accipiter cooperii",2021,2,12,"4fa7b334-ce0d-4e88-aaae-2e0c138d049e",NA,"3514737331"
32.23286,-110.814415,2,"Accipitridae","Accipiter cooperii",2021,2,17,"4fa7b334-ce0d-4e88-aaae-2e0c138d049e",NA,"3594721562"
32.227325,-110.80965,1,"Accipitridae","Accipiter cooperii",2021,2,18,"4fa7b334-ce0d-4e88-aaae-2e0c138d049e",NA,"3507349012"
32.227325,-110.80965,6,"Fringillidae","Haemorhous mexicanus",2021,3,1,"4fa7b334-ce0d-4e88-aaae-2e0c138d049e",NA,"3520500848"
32.227325,-110.80965,1,"Columbidae","Zenaida macroura",2021,3,1,"4fa7b334-ce0d-4e88-aaae-2e0c138d049e",NA,"3524226443"
32.227325,-110.80965,1,"Picidae","Melanerpes uropygialis",2021,3,2,"4fa7b334-ce0d-4e88-aaae-2e0c138d049e",NA,"3667329814"
32.227325,-110.80965,2,"Columbidae","Zenaida macroura",2021,3,2,"4fa7b334-ce0d-4e88-aaae-2e0c138d049e",NA,"3667802449"
32.227325,-110.80965,1,"Corvidae","Corvus corax",2021,3,5,"4fa7b334-ce0d-4e88-aaae-2e0c138d049e",NA,"3608963363"
32.227325,-110.80965,1,"Columbidae","Zenaida macroura",2021,3,8,"4fa7b334-ce0d-4e88-aaae-2e0c138d049e",NA,"3626978638"
32.227325,-110.80965,2,"Accipitridae","Accipiter cooperii",2021,3,8,"4fa7b334-ce0d-4e88-aaae-2e0c138d049e",NA,"3621384614"
32.227325,-110.80965,1,"Accipitridae","Accipiter cooperii",2021,3,9,"4fa7b334-ce0d-4e88-aaae-2e0c138d049e",NA,"3514378434"
32.227325,-110.80965,1,"Corvidae","Corvus corax",2021,3,9,"4fa7b334-ce0d-4e88-aaae-2e0c138d049e",NA,"3542926423"
32.227325,-110.80965,4,"Sturnidae","Sturnus vulgaris",2021,3,25,"4fa7b334-ce0d-4e88-aaae-2e0c138d049e",NA,"3594405463"
32.227325,-110.80965,1,"Tyrannidae","Pyrocephalus rubinus",2021,3,25,"4fa7b334-ce0d-4e88-aaae-2e0c138d049e",NA,"3597238553"
32.227325,-110.80965,1,"Accipitridae","Accipiter cooperii",2021,3,25,"4fa7b334-ce0d-4e88-aaae-2e0c138d049e",NA,"3592810979"
32.227325,-110.80965,6,"Corvidae","Corvus corax",2021,3,31,"4fa7b334-ce0d-4e88-aaae-2e0c138d049e",NA,"3682437341"
32.227325,-110.80965,7,"Columbidae","Zenaida macroura",2021,3,31,"4fa7b334-ce0d-4e88-aaae-2e0c138d049e",NA,"3682465914"
32.227325,-110.80965,1,"Tyrannidae","Pyrocephalus rubinus",2021,3,31,"4fa7b334-ce0d-4e88-aaae-2e0c138d049e",NA,"3685298606"
32.227325,-110.80965,26,"Icteridae","Molothrus ater",2021,3,31,"4fa7b334-ce0d-4e88-aaae-2e0c138d049e",NA,"3691835277"
32.227505,-110.82029,1,"Accipitridae","Accipiter cooperii",2021,4,5,"4fa7b334-ce0d-4e88-aaae-2e0c138d049e",NA,"3616311066"
32.222973,-110.81726,2,"Fringillidae","Spinus psaltria",2021,4,10,"4fa7b334-ce0d-4e88-aaae-2e0c138d049e",NA,"3518085189"
32.222973,-110.81726,3,"Columbidae","Zenaida asiatica",2021,4,10,"4fa7b334-ce0d-4e88-aaae-2e0c138d049e",NA,"3520202943"
32.222973,-110.81726,1,"Trochilidae","Archilochus alexandri",2021,4,10,"4fa7b334-ce0d-4e88-aaae-2e0c138d049e",NA,"3527085761"
32.222973,-110.81726,1,"Corvidae","Corvus corax",2021,4,10,"4fa7b334-ce0d-4e88-aaae-2e0c138d049e",NA,"3525375131"
32.222973,-110.81726,1,"Ptilogonatidae","Phainopepla nitens",2021,4,10,"4fa7b334-ce0d-4e88-aaae-2e0c138d049e",NA,"3535307874"
32.222973,-110.81726,2,"Fringillidae","Haemorhous mexicanus",2021,4,10,"4fa7b334-ce0d-4e88-aaae-2e0c138d049e",NA,"3531747888"
32.222973,-110.81726,1,"Tyrannidae","Pyrocephalus rubinus",2021,4,10,"4fa7b334-ce0d-4e88-aaae-2e0c138d049e",NA,"3541258246"
32.222973,-110.81726,1,"Picidae","Melanerpes uropygialis",2021,4,10,"4fa7b334-ce0d-4e88-aaae-2e0c138d049e",NA,"3547511205"
32.222973,-110.81726,1,"Trochilidae","Calypte anna",2021,4,10,"4fa7b334-ce0d-4e88-aaae-2e0c138d049e",NA,"3552550321"
32.227325,-110.80965,1,"Tyrannidae","Pyrocephalus rubinus",2021,4,15,"4fa7b334-ce0d-4e88-aaae-2e0c138d049e",NA,"3549609643"
32.227325,-110.80965,1,"Accipitridae","Accipiter cooperii",2021,4,15,"4fa7b334-ce0d-4e88-aaae-2e0c138d049e",NA,"3559985467"
32.227325,-110.80965,1,"Corvidae","Corvus corax",2021,4,16,"4fa7b334-ce0d-4e88-aaae-2e0c138d049e",NA,"3521810690"
32.227505,-110.82029,1,"Accipitridae","Accipiter cooperii",2021,4,20,"4fa7b334-ce0d-4e88-aaae-2e0c138d049e",NA,"3620940449"
32.22518,-110.81635,1,"Fringillidae","Haemorhous mexicanus",2021,5,2,"4fa7b334-ce0d-4e88-aaae-2e0c138d049e",NA,"3536315638"
32.22518,-110.81635,2,"Columbidae","Zenaida asiatica",2021,5,2,"4fa7b334-ce0d-4e88-aaae-2e0c138d049e",NA,"3692635832"
32.22518,-110.81635,5,"Passeridae","Passer domesticus",2021,5,2,"4fa7b334-ce0d-4e88-aaae-2e0c138d049e",NA,"3683349418"
32.22518,-110.81635,1,"Troglodytidae","Campylorhynchus brunneicapillus",2021,5,2,"4fa7b334-ce0d-4e88-aaae-2e0c138d049e",NA,"3685410300"
32.22518,-110.81635,2,"Picidae","Melanerpes uropygialis",2021,5,2,"4fa7b334-ce0d-4e88-aaae-2e0c138d049e",NA,"3687340868"
32.22518,-110.81635,3,"Columbidae","Zenaida macroura",2021,5,2,"4fa7b334-ce0d-4e88-aaae-2e0c138d049e",NA,"3683753374"
32.22518,-110.81635,1,"Mimidae","Mimus polyglottos",2021,5,2,"4fa7b334-ce0d-4e88-aaae-2e0c138d049e",NA,"3685837639"
32.22518,-110.81635,1,"Fringillidae","Haemorhous mexicanus",2021,5,2,"4fa7b334-ce0d-4e88-aaae-2e0c138d049e",NA,"3658769418"
32.22518,-110.81635,2,"Columbidae","Zenaida asiatica",2021,5,2,"4fa7b334-ce0d-4e88-aaae-2e0c138d049e",NA,"3658580541"
32.22518,-110.81635,5,"Passeridae","Passer domesticus",2021,5,2,"4fa7b334-ce0d-4e88-aaae-2e0c138d049e",NA,"3661832786"
32.22518,-110.81635,1,"Troglodytidae","Campylorhynchus brunneicapillus",2021,5,2,"4fa7b334-ce0d-4e88-aaae-2e0c138d049e",NA,"3660415427"
32.22518,-110.81635,2,"Picidae","Melanerpes uropygialis",2021,5,2,"4fa7b334-ce0d-4e88-aaae-2e0c138d049e",NA,"3664959700"
32.22518,-110.81635,3,"Columbidae","Zenaida macroura",2021,5,2,"4fa7b334-ce0d-4e88-aaae-2e0c138d049e",NA,"3666371088"
32.22518,-110.81635,1,"Mimidae","Mimus polyglottos",2021,5,2,"4fa7b334-ce0d-4e88-aaae-2e0c138d049e",NA,"3672663076"
32.227325,-110.80965,1,"Accipitridae","Accipiter cooperii",2021,6,14,"4fa7b334-ce0d-4e88-aaae-2e0c138d049e",NA,"3651342829"
32.227505,-110.82029,1,"Columbidae","Zenaida asiatica",2021,7,27,"4fa7b334-ce0d-4e88-aaae-2e0c138d049e",NA,"3642975057"
32.227505,-110.82029,1,"Tyrannidae","Pyrocephalus rubinus",2021,7,27,"4fa7b334-ce0d-4e88-aaae-2e0c138d049e",NA,"3647331581"
32.227505,-110.82029,1,"Columbidae","Zenaida asiatica",2021,7,28,"4fa7b334-ce0d-4e88-aaae-2e0c138d049e",NA,"3537441291"
32.227325,-110.80965,1,"Accipitridae","Accipiter cooperii",2021,9,17,"4fa7b334-ce0d-4e88-aaae-2e0c138d049e",NA,"3688316669"
32.227325,-110.80965,1,"Accipitridae","Accipiter cooperii",2021,9,19,"4fa7b334-ce0d-4e88-aaae-2e0c138d049e",NA,"3541522262"
32.23502,-110.80725,1,"Accipitridae","Buteo jamaicensis",2021,10,5,"4fa7b334-ce0d-4e88-aaae-2e0c138d049e",NA,"3640462092"
32.23502,-110.80725,6,"Columbidae","Columba livia",2021,10,5,"4fa7b334-ce0d-4e88-aaae-2e0c138d049e",NA,"3622274569"
32.23502,-110.80725,1,"Accipitridae","Accipiter cooperii",2021,12,8,"4fa7b334-ce0d-4e88-aaae-2e0c138d049e",NA,"3658105194"
32.23502,-110.80725,224,"Columbidae","Columba livia",2021,12,8,"4fa7b334-ce0d-4e88-aaae-2e0c138d049e",NA,"3662901597"
32.22484,-110.81185,2,"Picidae","Melanerpes uropygialis",2020,1,11,"4fa7b334-ce0d-4e88-aaae-2e0c138d049e",NA,"3144082687"
32.22484,-110.81185,2,"Accipitridae","Accipiter cooperii",2020,1,11,"4fa7b334-ce0d-4e88-aaae-2e0c138d049e",NA,"3140049779"
32.22484,-110.81185,3,"Columbidae","Zenaida macroura",2020,1,11,"4fa7b334-ce0d-4e88-aaae-2e0c138d049e",NA,"3132337744"
32.227142,-110.80956,1,"Corvidae","Corvus corax",2020,1,12,"4fa7b334-ce0d-4e88-aaae-2e0c138d049e",NA,"3146823506"
32.227142,-110.80956,2,"Columbidae","Zenaida macroura",2020,1,12,"4fa7b334-ce0d-4e88-aaae-2e0c138d049e",NA,"3132709512"
32.227142,-110.80956,2,"Falconidae","Falco peregrinus",2020,1,12,"4fa7b334-ce0d-4e88-aaae-2e0c138d049e",NA,"3134168496"
32.227142,-110.80956,1,"Tyrannidae","Pyrocephalus rubinus",2020,1,12,"4fa7b334-ce0d-4e88-aaae-2e0c138d049e",NA,"3132509462"
32.22409,-110.80844,1,"Remizidae","Auriparus flaviceps",2020,1,13,"4fa7b334-ce0d-4e88-aaae-2e0c138d049e",NA,"3219545084"
32.22409,-110.80844,4,"Fringillidae","Spinus psaltria",2020,1,13,"4fa7b334-ce0d-4e88-aaae-2e0c138d049e",NA,"3223584091"
32.22409,-110.80844,4,"Columbidae","Zenaida macroura",2020,1,13,"4fa7b334-ce0d-4e88-aaae-2e0c138d049e",NA,"3220678067"
32.22409,-110.80844,2,"Trochilidae","Calypte anna",2020,1,13,"4fa7b334-ce0d-4e88-aaae-2e0c138d049e",NA,"3231430033"
32.22409,-110.80844,2,"Passeridae","Passer domesticus",2020,1,13,"4fa7b334-ce0d-4e88-aaae-2e0c138d049e",NA,"3233986046"
32.22409,-110.80844,1,"Trochilidae","Cynanthus latirostris",2020,1,13,"4fa7b334-ce0d-4e88-aaae-2e0c138d049e",NA,"3225274031"
32.22409,-110.80844,5,"Fringillidae","Haemorhous mexicanus",2020,1,13,"4fa7b334-ce0d-4e88-aaae-2e0c138d049e",NA,"3221894054"
32.22409,-110.80844,2,"Corvidae","Corvus corax",2020,1,13,"4fa7b334-ce0d-4e88-aaae-2e0c138d049e",NA,"3227862058"
32.233044,-110.82148,2,"Columbidae","Columba livia",2020,1,20,"4fa7b334-ce0d-4e88-aaae-2e0c138d049e",NA,"3141838092"
32.233044,-110.82148,1,"Tyrannidae","Sayornis saya",2020,1,20,"4fa7b334-ce0d-4e88-aaae-2e0c138d049e",NA,"3133288020"
32.233044,-110.82148,3,"Columbidae","Streptopelia decaocto",2020,1,20,"4fa7b334-ce0d-4e88-aaae-2e0c138d049e",NA,"3138264011"
32.233044,-110.82148,NA,"Passeridae","Passer domesticus",2020,1,20,"4fa7b334-ce0d-4e88-aaae-2e0c138d049e",NA,"3218775102"
32.227325,-110.80965,1,"Accipitridae","Accipiter cooperii",2020,3,6,"4fa7b334-ce0d-4e88-aaae-2e0c138d049e",NA,"3223813380"
32.227325,-110.80965,1,"Corvidae","Corvus corax",2020,3,6,"4fa7b334-ce0d-4e88-aaae-2e0c138d049e",NA,"3225470332"
32.227142,-110.80956,1,"Falconidae","Falco peregrinus",2020,3,22,"4fa7b334-ce0d-4e88-aaae-2e0c138d049e",NA,"3220888065"
32.227142,-110.80956,1,"Accipitridae","Accipiter cooperii",2020,3,22,"4fa7b334-ce0d-4e88-aaae-2e0c138d049e",NA,"3228418882"
32.227325,-110.80965,1,"Accipitridae","Accipiter cooperii",2020,3,24,"4fa7b334-ce0d-4e88-aaae-2e0c138d049e",NA,"3141920486"
32.22409,-110.80844,6,"Fringillidae","Haemorhous mexicanus",2020,3,26,"4fa7b334-ce0d-4e88-aaae-2e0c138d049e",NA,"3146918847"
32.22409,-110.80844,1,"Trochilidae","Calypte anna",2020,3,26,"4fa7b334-ce0d-4e88-aaae-2e0c138d049e",NA,"3155220877"
32.22409,-110.80844,1,"Picidae","Melanerpes uropygialis",2020,3,26,"4fa7b334-ce0d-4e88-aaae-2e0c138d049e",NA,"3139690870"
32.22409,-110.80844,1,"Trochilidae","Cynanthus latirostris",2020,3,26,"4fa7b334-ce0d-4e88-aaae-2e0c138d049e",NA,"3141664902"
32.22409,-110.80844,1,"Columbidae","Streptopelia decaocto",2020,3,26,"4fa7b334-ce0d-4e88-aaae-2e0c138d049e",NA,"3150963981"
32.22409,-110.80844,1,"Icteridae","Icterus cucullatus",2020,3,26,"4fa7b334-ce0d-4e88-aaae-2e0c138d049e",NA,"3161339917"
32.22409,-110.80844,1,"Remizidae","Auriparus flaviceps",2020,3,26,"4fa7b334-ce0d-4e88-aaae-2e0c138d049e",NA,"3139049074"
32.22409,-110.80844,8,"Columbidae","Zenaida macroura",2020,3,26,"4fa7b334-ce0d-4e88-aaae-2e0c138d049e",NA,"3141283949"
32.22409,-110.80844,2,"Parulidae","Leiothlypis luciae",2020,3,26,"4fa7b334-ce0d-4e88-aaae-2e0c138d049e",NA,"3140688009"
32.22409,-110.80844,2,"Mimidae","Mimus polyglottos",2020,3,26,"4fa7b334-ce0d-4e88-aaae-2e0c138d049e",NA,"3139718944"
32.22409,-110.80844,6,"Passeridae","Passer domesticus",2020,3,26,"4fa7b334-ce0d-4e88-aaae-2e0c138d049e",NA,"3157972967"
32.22409,-110.80844,6,"Fringillidae","Haemorhous mexicanus",2020,3,26,"4fa7b334-ce0d-4e88-aaae-2e0c138d049e",NA,"3140127924"
32.22409,-110.80844,1,"Trochilidae","Calypte anna",2020,3,26,"4fa7b334-ce0d-4e88-aaae-2e0c138d049e",NA,"3140426866"
32.22409,-110.80844,1,"Picidae","Melanerpes uropygialis",2020,3,26,"4fa7b334-ce0d-4e88-aaae-2e0c138d049e",NA,"3139216873"
32.22409,-110.80844,1,"Trochilidae","Cynanthus latirostris",2020,3,26,"4fa7b334-ce0d-4e88-aaae-2e0c138d049e",NA,"3141212801"
32.22409,-110.80844,1,"Columbidae","Streptopelia decaocto",2020,3,26,"4fa7b334-ce0d-4e88-aaae-2e0c138d049e",NA,"3138708102"
32.22409,-110.80844,1,"Icteridae","Icterus cucullatus",2020,3,26,"4fa7b334-ce0d-4e88-aaae-2e0c138d049e",NA,"3140255049"
32.22409,-110.80844,1,"Remizidae","Auriparus flaviceps",2020,3,26,"4fa7b334-ce0d-4e88-aaae-2e0c138d049e",NA,"3142925090"
32.22409,-110.80844,8,"Columbidae","Zenaida macroura",2020,3,26,"4fa7b334-ce0d-4e88-aaae-2e0c138d049e",NA,"3146662070"
32.22409,-110.80844,2,"Parulidae","Leiothlypis luciae",2020,3,26,"4fa7b334-ce0d-4e88-aaae-2e0c138d049e",NA,"3138690988"
32.22409,-110.80844,2,"Mimidae","Mimus polyglottos",2020,3,26,"4fa7b334-ce0d-4e88-aaae-2e0c138d049e",NA,"3155712008"
32.22409,-110.80844,6,"Passeridae","Passer domesticus",2020,3,26,"4fa7b334-ce0d-4e88-aaae-2e0c138d049e",NA,"3160227043"
32.22409,-110.80844,1,"Trochilidae","Selasphorus rufus",2020,3,26,"4fa7b334-ce0d-4e88-aaae-2e0c138d049e",NA,"3230637165"
32.22409,-110.80844,1,"Trochilidae","Archilochus alexandri",2020,3,26,"4fa7b334-ce0d-4e88-aaae-2e0c138d049e",NA,"3261679039"
32.22409,-110.80844,2,"Mimidae","Mimus polyglottos",2020,3,26,"4fa7b334-ce0d-4e88-aaae-2e0c138d049e",NA,"3156211145"
32.22409,-110.80844,4,"Fringillidae","Haemorhous mexicanus",2020,3,26,"4fa7b334-ce0d-4e88-aaae-2e0c138d049e",NA,"3146115110"
32.22409,-110.80844,3,"Columbidae","Zenaida macroura",2020,3,26,"4fa7b334-ce0d-4e88-aaae-2e0c138d049e",NA,"3138761997"
32.22409,-110.80844,1,"Trochilidae","Selasphorus rufus",2020,3,26,"4fa7b334-ce0d-4e88-aaae-2e0c138d049e",NA,"3153296048"
32.22409,-110.80844,7,"Passeridae","Passer domesticus",2020,3,26,"4fa7b334-ce0d-4e88-aaae-2e0c138d049e",NA,"3144689083"
32.22409,-110.80844,1,"Trochilidae","Calypte anna",2020,3,26,"4fa7b334-ce0d-4e88-aaae-2e0c138d049e",NA,"3144498278"
32.22409,-110.80844,1,"Picidae","Melanerpes uropygialis",2020,3,26,"4fa7b334-ce0d-4e88-aaae-2e0c138d049e",NA,"3153366227"
32.22409,-110.80844,1,"Icteridae","Icterus cucullatus",2020,3,26,"4fa7b334-ce0d-4e88-aaae-2e0c138d049e",NA,"3146522239"
32.227325,-110.80965,1,"Accipitridae","Accipiter cooperii",2020,3,29,"4fa7b334-ce0d-4e88-aaae-2e0c138d049e",NA,"3156009599"
32.227505,-110.82029,1,"Mimidae","Mimus polyglottos",2020,4,20,"4fa7b334-ce0d-4e88-aaae-2e0c138d049e",NA,"3146695887"
32.227505,-110.82029,2,"Columbidae","Zenaida macroura",2020,4,20,"4fa7b334-ce0d-4e88-aaae-2e0c138d049e",NA,"3147630769"
32.227505,-110.82029,2,"Sturnidae","Sturnus vulgaris",2020,4,20,"4fa7b334-ce0d-4e88-aaae-2e0c138d049e",NA,"3160342913"
32.227505,-110.82029,2,"Tyrannidae","Pyrocephalus rubinus",2020,4,20,"4fa7b334-ce0d-4e88-aaae-2e0c138d049e",NA,"3151489565"
32.227505,-110.82029,2,"Fringillidae","Haemorhous mexicanus",2020,4,20,"4fa7b334-ce0d-4e88-aaae-2e0c138d049e",NA,"3160859524"
32.227505,-110.82029,2,"Troglodytidae","Campylorhynchus brunneicapillus",2020,4,20,"4fa7b334-ce0d-4e88-aaae-2e0c138d049e",NA,"3163191633"
32.227505,-110.82029,1,"Cardinalidae","Cardinalis cardinalis",2020,4,20,"4fa7b334-ce0d-4e88-aaae-2e0c138d049e",NA,"3144555672"
32.227505,-110.82029,1,"Columbidae","Streptopelia decaocto",2020,4,20,"4fa7b334-ce0d-4e88-aaae-2e0c138d049e",NA,"3155841581"
32.227505,-110.82029,1,"Emberizidae","Chondestes grammacus",2020,4,20,"4fa7b334-ce0d-4e88-aaae-2e0c138d049e",NA,"3151014543"
32.227505,-110.82029,1,"Columbidae","Zenaida macroura",2020,4,28,"4fa7b334-ce0d-4e88-aaae-2e0c138d049e",NA,"3226384547"
32.227505,-110.82029,2,"Picidae","Melanerpes uropygialis",2020,4,28,"4fa7b334-ce0d-4e88-aaae-2e0c138d049e",NA,"3231895450"
32.227505,-110.82029,1,"Tyrannidae","Pyrocephalus rubinus",2020,4,28,"4fa7b334-ce0d-4e88-aaae-2e0c138d049e",NA,"3238066386"
32.227505,-110.82029,2,"Fringillidae","Haemorhous mexicanus",2020,4,28,"4fa7b334-ce0d-4e88-aaae-2e0c138d049e",NA,"3234705531"
32.227505,-110.82029,3,"Icteridae","Quiscalus mexicanus",2020,4,28,"4fa7b334-ce0d-4e88-aaae-2e0c138d049e",NA,"3242154570"
32.227505,-110.82029,6,"Columbidae","Zenaida asiatica",2020,4,28,"4fa7b334-ce0d-4e88-aaae-2e0c138d049e",NA,"3233918452"
32.227505,-110.82029,1,"Mimidae","Mimus polyglottos",2020,4,28,"4fa7b334-ce0d-4e88-aaae-2e0c138d049e",NA,"3239369531"
32.227505,-110.82029,1,"Passeridae","Passer domesticus",2020,4,28,"4fa7b334-ce0d-4e88-aaae-2e0c138d049e",NA,"3246721607"
32.222187,-110.81267,3,"Columbidae","Zenaida macroura",2020,5,16,"4fa7b334-ce0d-4e88-aaae-2e0c138d049e",NA,"3161274563"
32.222187,-110.81267,2,"Passeridae","Passer domesticus",2020,5,16,"4fa7b334-ce0d-4e88-aaae-2e0c138d049e",NA,"3175431707"
32.222187,-110.81267,2,"Columbidae","Zenaida asiatica",2020,5,16,"4fa7b334-ce0d-4e88-aaae-2e0c138d049e",NA,"3155527634"
32.223083,-110.81541,4,"Columbidae","Zenaida macroura",2020,6,6,"4fa7b334-ce0d-4e88-aaae-2e0c138d049e",NA,"3160835372"
32.223083,-110.81541,2,"Passeridae","Passer domesticus",2020,6,6,"4fa7b334-ce0d-4e88-aaae-2e0c138d049e",NA,"3177443278"
32.223083,-110.81541,5,"Accipitridae","Accipiter cooperii",2020,6,6,"4fa7b334-ce0d-4e88-aaae-2e0c138d049e",NA,"3188584287"
32.223083,-110.81541,2,"Fringillidae","Haemorhous mexicanus",2020,6,6,"4fa7b334-ce0d-4e88-aaae-2e0c138d049e",NA,"3158294514"
32.22409,-110.80844,3,"Trochilidae","Cynanthus latirostris",2020,8,27,"4fa7b334-ce0d-4e88-aaae-2e0c138d049e",NA,"3187336037"
32.22409,-110.80844,3,"Trochilidae","Calypte anna",2020,8,27,"4fa7b334-ce0d-4e88-aaae-2e0c138d049e",NA,"3179480070"
32.22409,-110.80844,4,"Trochilidae","Selasphorus rufus",2020,8,27,"4fa7b334-ce0d-4e88-aaae-2e0c138d049e",NA,"3174017151"
32.22409,-110.80844,1,"Mimidae","Mimus polyglottos",2020,8,27,"4fa7b334-ce0d-4e88-aaae-2e0c138d049e",NA,"3208526439"
32.22409,-110.80844,12,"Icteridae","Quiscalus mexicanus",2020,8,27,"4fa7b334-ce0d-4e88-aaae-2e0c138d049e",NA,"3199938312"
32.22409,-110.80844,1,"Trochilidae","Archilochus alexandri",2020,8,27,"4fa7b334-ce0d-4e88-aaae-2e0c138d049e",NA,"3188581375"
32.22409,-110.80844,1,"Columbidae","Zenaida macroura",2020,8,27,"4fa7b334-ce0d-4e88-aaae-2e0c138d049e",NA,"3193468339"
32.22409,-110.80844,4,"Passeridae","Passer domesticus",2020,8,27,"4fa7b334-ce0d-4e88-aaae-2e0c138d049e",NA,"3193766381"
32.22409,-110.80844,3,"Trochilidae","Cynanthus latirostris",2020,8,27,"4fa7b334-ce0d-4e88-aaae-2e0c138d049e",NA,"3174794201"
32.22409,-110.80844,3,"Trochilidae","Calypte anna",2020,8,27,"4fa7b334-ce0d-4e88-aaae-2e0c138d049e",NA,"3187604194"
32.22409,-110.80844,4,"Trochilidae","Selasphorus rufus",2020,8,27,"4fa7b334-ce0d-4e88-aaae-2e0c138d049e",NA,"3200240304"
32.22409,-110.80844,1,"Mimidae","Mimus polyglottos",2020,8,27,"4fa7b334-ce0d-4e88-aaae-2e0c138d049e",NA,"3174724295"
32.22409,-110.80844,12,"Icteridae","Quiscalus mexicanus",2020,8,27,"4fa7b334-ce0d-4e88-aaae-2e0c138d049e",NA,"3175692526"
32.22409,-110.80844,1,"Trochilidae","Archilochus alexandri",2020,8,27,"4fa7b334-ce0d-4e88-aaae-2e0c138d049e",NA,"3198089566"
32.22409,-110.80844,1,"Columbidae","Zenaida macroura",2020,8,27,"4fa7b334-ce0d-4e88-aaae-2e0c138d049e",NA,"3208259643"
32.22409,-110.80844,4,"Passeridae","Passer domesticus",2020,8,27,"4fa7b334-ce0d-4e88-aaae-2e0c138d049e",NA,"3177571496"
32.227505,-110.82029,1,"Accipitridae","Accipiter cooperii",2020,9,10,"4fa7b334-ce0d-4e88-aaae-2e0c138d049e",NA,"3179410980"
32.227505,-110.82029,2,"Columbidae","Zenaida macroura",2020,9,10,"4fa7b334-ce0d-4e88-aaae-2e0c138d049e",NA,"3180728775"
32.227505,-110.82029,2,"Columbidae","Columba livia",2020,9,14,"4fa7b334-ce0d-4e88-aaae-2e0c138d049e",NA,"3287323671"
32.227505,-110.82029,1,"Accipitridae","Accipiter cooperii",2020,9,14,"4fa7b334-ce0d-4e88-aaae-2e0c138d049e",NA,"3287394460"
32.227505,-110.82029,2,"Columbidae","Zenaida macroura",2020,9,14,"4fa7b334-ce0d-4e88-aaae-2e0c138d049e",NA,"3293902750"
32.227505,-110.82029,1,"Tyrannidae","Pyrocephalus rubinus",2020,9,14,"4fa7b334-ce0d-4e88-aaae-2e0c138d049e",NA,"3296317453"
32.227505,-110.82029,1,"Picidae","Melanerpes uropygialis",2020,9,14,"4fa7b334-ce0d-4e88-aaae-2e0c138d049e",NA,"3297564771"
32.227505,-110.82029,1,"Accipitridae","Accipiter cooperii",2020,9,15,"4fa7b334-ce0d-4e88-aaae-2e0c138d049e",NA,"3257538293"
32.227505,-110.82029,2,"Columbidae","Zenaida macroura",2020,9,15,"4fa7b334-ce0d-4e88-aaae-2e0c138d049e",NA,"3250500486"
32.227505,-110.82029,1,"Picidae","Melanerpes uropygialis",2020,9,15,"4fa7b334-ce0d-4e88-aaae-2e0c138d049e",NA,"3247255406"
32.227505,-110.82029,1,"Tyrannidae","Pyrocephalus rubinus",2020,9,15,"4fa7b334-ce0d-4e88-aaae-2e0c138d049e",NA,"3250278339"
32.227505,-110.82029,3,"Columbidae","Columba livia",2020,9,15,"4fa7b334-ce0d-4e88-aaae-2e0c138d049e",NA,"3260865306"
32.227505,-110.82029,1,"Tyrannidae","Pyrocephalus rubinus",2020,9,24,"4fa7b334-ce0d-4e88-aaae-2e0c138d049e",NA,"3194175664"
32.227505,-110.82029,1,"Accipitridae","Accipiter cooperii",2020,9,24,"4fa7b334-ce0d-4e88-aaae-2e0c138d049e",NA,"3201801541"
32.227505,-110.82029,1,"Corvidae","Corvus corax",2020,9,24,"4fa7b334-ce0d-4e88-aaae-2e0c138d049e",NA,"3190642557"
32.227505,-110.82029,4,"Ptilogonatidae","Phainopepla nitens",2020,11,4,"4fa7b334-ce0d-4e88-aaae-2e0c138d049e",NA,"3186829460"
32.227505,-110.82029,1,"Mimidae","Mimus polyglottos",2020,11,4,"4fa7b334-ce0d-4e88-aaae-2e0c138d049e",NA,"3194047337"
32.227505,-110.82029,1,"Remizidae","Auriparus flaviceps",2020,11,4,"4fa7b334-ce0d-4e88-aaae-2e0c138d049e",NA,"3194990374"
32.227505,-110.82029,1,"Picidae","Melanerpes uropygialis",2020,11,4,"4fa7b334-ce0d-4e88-aaae-2e0c138d049e",NA,"3202197288"
32.227505,-110.82029,2,"Fringillidae","Spinus psaltria",2020,11,10,"4fa7b334-ce0d-4e88-aaae-2e0c138d049e",NA,"3194251171"
32.227505,-110.82029,1,"Falconidae","Falco sparverius",2020,11,10,"4fa7b334-ce0d-4e88-aaae-2e0c138d049e",NA,"3192872297"
32.227505,-110.82029,2,"Passeridae","Passer domesticus",2020,11,10,"4fa7b334-ce0d-4e88-aaae-2e0c138d049e",NA,"3202985384"
32.227505,-110.82029,5,"Ptilogonatidae","Phainopepla nitens",2020,11,10,"4fa7b334-ce0d-4e88-aaae-2e0c138d049e",NA,"3204197158"
32.227505,-110.82029,2,"Fringillidae","Haemorhous mexicanus",2020,11,10,"4fa7b334-ce0d-4e88-aaae-2e0c138d049e",NA,"3200509104"
32.23286,-110.814415,1,"Columbidae","Columba livia",2020,11,22,"4fa7b334-ce0d-4e88-aaae-2e0c138d049e",NA,"3199027203"
32.23286,-110.814415,1,"Accipitridae","Buteo jamaicensis",2020,11,22,"4fa7b334-ce0d-4e88-aaae-2e0c138d049e",NA,"3201804513"
32.23502,-110.80725,1,"Accipitridae","Buteo jamaicensis",2020,11,23,"4fa7b334-ce0d-4e88-aaae-2e0c138d049e",NA,"3215389459"
32.23502,-110.80725,9,"Columbidae","Columba livia",2020,11,23,"4fa7b334-ce0d-4e88-aaae-2e0c138d049e",NA,"3283647538"
32.227325,-110.80965,1,"Tyrannidae","Pyrocephalus rubinus",2020,12,2,"4fa7b334-ce0d-4e88-aaae-2e0c138d049e",NA,"3201340673"
32.227325,-110.80965,1,"Mimidae","Mimus polyglottos",2020,12,2,"4fa7b334-ce0d-4e88-aaae-2e0c138d049e",NA,"3205462799"
32.227325,-110.80965,1,"Ptilogonatidae","Phainopepla nitens",2020,12,2,"4fa7b334-ce0d-4e88-aaae-2e0c138d049e",NA,"3211914667"
32.227325,-110.80965,1,"Falconidae","Falco peregrinus",2020,12,2,"4fa7b334-ce0d-4e88-aaae-2e0c138d049e",NA,"3289327542"
32.227325,-110.80965,2,"Fringillidae","Haemorhous mexicanus",2020,12,2,"4fa7b334-ce0d-4e88-aaae-2e0c138d049e",NA,"3266771588"
32.227325,-110.80965,1,"Accipitridae","Accipiter cooperii",2020,12,7,"4fa7b334-ce0d-4e88-aaae-2e0c138d049e",NA,"3270282586"
32.227325,-110.80965,33,"Columbidae","Zenaida macroura",2020,12,8,"4fa7b334-ce0d-4e88-aaae-2e0c138d049e",NA,"3212605075"
32.227325,-110.80965,1,"Tyrannidae","Pyrocephalus rubinus",2020,12,8,"4fa7b334-ce0d-4e88-aaae-2e0c138d049e",NA,"3210517973"
32.227325,-110.80965,2,"Corvidae","Corvus corax",2020,12,8,"4fa7b334-ce0d-4e88-aaae-2e0c138d049e",NA,"3204490890"
32.227325,-110.80965,4,"Passeridae","Passer domesticus",2020,12,8,"4fa7b334-ce0d-4e88-aaae-2e0c138d049e",NA,"3204328251"
32.227142,-110.80956,1,"Falconidae","Falco peregrinus",2020,12,10,"4fa7b334-ce0d-4e88-aaae-2e0c138d049e",NA,"3288322028"
32.227325,-110.80965,7,"Columbidae","Zenaida macroura",2020,12,11,"4fa7b334-ce0d-4e88-aaae-2e0c138d049e",NA,"3292136485"
32.227325,-110.80965,2,"Fringillidae","Haemorhous mexicanus",2020,12,11,"4fa7b334-ce0d-4e88-aaae-2e0c138d049e",NA,"3287640593"
32.227325,-110.80965,2,"Turdidae","Sialia mexicana",2020,12,11,"4fa7b334-ce0d-4e88-aaae-2e0c138d049e",NA,"3290860376"
32.227325,-110.80965,1,"Tyrannidae","Pyrocephalus rubinus",2020,12,11,"4fa7b334-ce0d-4e88-aaae-2e0c138d049e",NA,"3199972672"
32.22696,-110.807526,1,"Falconidae","Falco peregrinus",2020,12,12,"4fa7b334-ce0d-4e88-aaae-2e0c138d049e",NA,"3213504343"
32.23286,-110.814415,1,"Corvidae","Corvus corax",2020,12,16,"4fa7b334-ce0d-4e88-aaae-2e0c138d049e",NA,"3208288315"
32.23286,-110.814415,2,"Accipitridae","Buteo jamaicensis",2020,12,16,"4fa7b334-ce0d-4e88-aaae-2e0c138d049e",NA,"3207988246"
32.23286,-110.814415,1,"Columbidae","Zenaida macroura",2020,12,16,"4fa7b334-ce0d-4e88-aaae-2e0c138d049e",NA,"3210026208"
32.227505,-110.82029,2,"Ptilogonatidae","Phainopepla nitens",2020,12,22,"4fa7b334-ce0d-4e88-aaae-2e0c138d049e",NA,"3274610283"
32.227505,-110.82029,1,"Corvidae","Corvus corax",2020,12,22,"4fa7b334-ce0d-4e88-aaae-2e0c138d049e",NA,"3277419223"
32.227505,-110.82029,5,"Fringillidae","Haemorhous mexicanus",2020,12,22,"4fa7b334-ce0d-4e88-aaae-2e0c138d049e",NA,"3201901608"
32.227505,-110.82029,13,"Columbidae","Zenaida macroura",2020,12,22,"4fa7b334-ce0d-4e88-aaae-2e0c138d049e",NA,"3209873702"
32.227505,-110.82029,1,"Picidae","Melanerpes uropygialis",2020,12,22,"4fa7b334-ce0d-4e88-aaae-2e0c138d049e",NA,"3210561506"
32.227505,-110.82029,1,"Mimidae","Mimus polyglottos",2020,12,23,"4fa7b334-ce0d-4e88-aaae-2e0c138d049e",NA,"3271811826"
32.227505,-110.82029,1,"Ptilogonatidae","Phainopepla nitens",2020,12,23,"4fa7b334-ce0d-4e88-aaae-2e0c138d049e",NA,"3202898854"
32.227505,-110.82029,5,"Columbidae","Columba livia",2020,12,23,"4fa7b334-ce0d-4e88-aaae-2e0c138d049e",NA,"3213508869"
32.227505,-110.82029,2,"Fringillidae","Haemorhous mexicanus",2020,12,23,"4fa7b334-ce0d-4e88-aaae-2e0c138d049e",NA,"3210076987"
32.227505,-110.82029,3,"Columbidae","Zenaida macroura",2020,12,23,"4fa7b334-ce0d-4e88-aaae-2e0c138d049e",NA,"3212911814"
32.227505,-110.82029,1,"Corvidae","Corvus corax",2020,12,23,"4fa7b334-ce0d-4e88-aaae-2e0c138d049e",NA,"3213772000"
32.221165,-110.81928,1,"Accipitridae","Buteo jamaicensis",2020,12,23,"4fa7b334-ce0d-4e88-aaae-2e0c138d049e",NA,"3299212360"
32.227505,-110.82029,1,"Picidae","Melanerpes uropygialis",2020,12,29,"4fa7b334-ce0d-4e88-aaae-2e0c138d049e",NA,"3215436352"
32.227505,-110.82029,1,"Columbidae","Zenaida macroura",2020,12,29,"4fa7b334-ce0d-4e88-aaae-2e0c138d049e",NA,"3216612576"
32.227505,-110.82029,2,"Parulidae","Setophaga coronata",2020,12,29,"4fa7b334-ce0d-4e88-aaae-2e0c138d049e",NA,"3205181113"
32.227505,-110.82029,1,"Fringillidae","Haemorhous mexicanus",2020,12,29,"4fa7b334-ce0d-4e88-aaae-2e0c138d049e",NA,"3209443992"
32.227505,-110.82029,2,"Ptilogonatidae","Phainopepla nitens",2020,12,29,"4fa7b334-ce0d-4e88-aaae-2e0c138d049e",NA,"3209815132"
32.227505,-110.82029,2,"Corvidae","Corvus corax",2020,12,29,"4fa7b334-ce0d-4e88-aaae-2e0c138d049e",NA,"3212564119"
32.227505,-110.82029,4,"Fringillidae","Haemorhous mexicanus",2020,12,30,"4fa7b334-ce0d-4e88-aaae-2e0c138d049e",NA,"3213616744"
32.227505,-110.82029,1,"Ptilogonatidae","Phainopepla nitens",2020,12,30,"4fa7b334-ce0d-4e88-aaae-2e0c138d049e",NA,"3202943810"
32.227505,-110.82029,1,"Corvidae","Corvus corax",2020,12,30,"4fa7b334-ce0d-4e88-aaae-2e0c138d049e",NA,"3213715011"
32.22397,-110.80842,1,"Accipitridae","Accipiter cooperii",2019,1,9,"4fa7b334-ce0d-4e88-aaae-2e0c138d049e",NA,"2664081322"
32.22397,-110.80842,5,"Columbidae","Zenaida macroura",2019,1,9,"4fa7b334-ce0d-4e88-aaae-2e0c138d049e",NA,"2660238233"
32.22397,-110.80842,1,"Trochilidae","Calypte anna",2019,1,9,"4fa7b334-ce0d-4e88-aaae-2e0c138d049e",NA,"2655639275"
32.22397,-110.80842,4,"Fringillidae","Haemorhous mexicanus",2019,1,9,"4fa7b334-ce0d-4e88-aaae-2e0c138d049e",NA,"2655147200"
32.22397,-110.80842,2,"Corvidae","Corvus corax",2019,1,9,"4fa7b334-ce0d-4e88-aaae-2e0c138d049e",NA,"2653553180"
32.22397,-110.80842,6,"Fringillidae","Haemorhous mexicanus",2019,1,10,"4fa7b334-ce0d-4e88-aaae-2e0c138d049e",NA,"2655069670"
32.22397,-110.80842,14,"Columbidae","Zenaida macroura",2019,1,10,"4fa7b334-ce0d-4e88-aaae-2e0c138d049e",NA,"2658957749"
32.22397,-110.80842,3,"Corvidae","Corvus corax",2019,1,10,"4fa7b334-ce0d-4e88-aaae-2e0c138d049e",NA,"2667149682"
32.22397,-110.80842,1,"Trochilidae","Calypte anna",2019,1,10,"4fa7b334-ce0d-4e88-aaae-2e0c138d049e",NA,"2665387766"
32.224472,-110.80936,1,"Mimidae","Mimus polyglottos",2019,1,12,"4fa7b334-ce0d-4e88-aaae-2e0c138d049e",NA,"2659802838"
32.224472,-110.80936,1,"Trochilidae","Calypte anna",2019,1,12,"4fa7b334-ce0d-4e88-aaae-2e0c138d049e",NA,"2653472732"
32.224472,-110.80936,4,"Fringillidae","Spinus psaltria",2019,1,12,"4fa7b334-ce0d-4e88-aaae-2e0c138d049e",NA,"2658916711"
32.224472,-110.80936,9,"Fringillidae","Haemorhous mexicanus",2019,1,12,"4fa7b334-ce0d-4e88-aaae-2e0c138d049e",NA,"2666348710"
32.224472,-110.80936,12,"Columbidae","Zenaida macroura",2019,1,12,"4fa7b334-ce0d-4e88-aaae-2e0c138d049e",NA,"2654707757"
32.224472,-110.80936,1,"Tyrannidae","Pyrocephalus rubinus",2019,1,12,"4fa7b334-ce0d-4e88-aaae-2e0c138d049e",NA,"2653426763"
32.224472,-110.80936,1,"Picidae","Melanerpes uropygialis",2019,1,12,"4fa7b334-ce0d-4e88-aaae-2e0c138d049e",NA,"2658400720"
32.224472,-110.80936,1,"Falconidae","Falco sparverius",2019,1,12,"4fa7b334-ce0d-4e88-aaae-2e0c138d049e",NA,"2653607763"
32.224472,-110.80936,2,"Corvidae","Corvus corax",2019,1,12,"4fa7b334-ce0d-4e88-aaae-2e0c138d049e",NA,"2660717830"
32.227142,-110.80956,2,"Tyrannidae","Pyrocephalus rubinus",2019,1,19,"4fa7b334-ce0d-4e88-aaae-2e0c138d049e",NA,"2666834912"
32.227142,-110.80956,1,"Accipitridae","Accipiter cooperii",2019,1,19,"4fa7b334-ce0d-4e88-aaae-2e0c138d049e",NA,"2654489886"
32.227142,-110.80956,1,"Falconidae","Falco peregrinus",2019,1,19,"4fa7b334-ce0d-4e88-aaae-2e0c138d049e",NA,"2653659763"
32.227142,-110.80956,6,"Columbidae","Zenaida macroura",2019,1,19,"4fa7b334-ce0d-4e88-aaae-2e0c138d049e",NA,"2654385805"
32.224125,-110.808464,2,"Trochilidae","Calypte anna",2019,2,4,"4fa7b334-ce0d-4e88-aaae-2e0c138d049e",NA,"2727956458"
32.224125,-110.808464,2,"Corvidae","Corvus corax",2019,2,4,"4fa7b334-ce0d-4e88-aaae-2e0c138d049e",NA,"2728310360"
32.224125,-110.808464,9,"Fringillidae","Haemorhous mexicanus",2019,2,4,"4fa7b334-ce0d-4e88-aaae-2e0c138d049e",NA,"2728571396"
32.224125,-110.808464,4,"Columbidae","Zenaida macroura",2019,2,4,"4fa7b334-ce0d-4e88-aaae-2e0c138d049e",NA,"2737145297"
32.224125,-110.808464,1,"Accipitridae","Accipiter cooperii",2019,2,4,"4fa7b334-ce0d-4e88-aaae-2e0c138d049e",NA,"2736687415"
32.224052,-110.80844,3,"Corvidae","Corvus corax",2019,2,5,"4fa7b334-ce0d-4e88-aaae-2e0c138d049e",NA,"2734177136"
32.224052,-110.80844,2,"Trochilidae","Calypte anna",2019,2,5,"4fa7b334-ce0d-4e88-aaae-2e0c138d049e",NA,"2729281118"
32.224052,-110.80844,1,"Picidae","Melanerpes uropygialis",2019,2,5,"4fa7b334-ce0d-4e88-aaae-2e0c138d049e",NA,"2734671142"
32.224052,-110.80844,1,"Accipitridae","Accipiter cooperii",2019,2,5,"4fa7b334-ce0d-4e88-aaae-2e0c138d049e",NA,"2733667110"
32.224052,-110.80844,7,"Fringillidae","Haemorhous mexicanus",2019,2,5,"4fa7b334-ce0d-4e88-aaae-2e0c138d049e",NA,"2727986368"
32.224052,-110.80844,6,"Columbidae","Zenaida macroura",2019,2,5,"4fa7b334-ce0d-4e88-aaae-2e0c138d049e",NA,"2728311264"
32.224052,-110.80844,3,"Passeridae","Passer domesticus",2019,2,5,"4fa7b334-ce0d-4e88-aaae-2e0c138d049e",NA,"2733718202"
32.224026,-110.80845,4,"Fringillidae","Spinus psaltria",2019,2,19,"4fa7b334-ce0d-4e88-aaae-2e0c138d049e",NA,"2667163354"
32.224026,-110.80845,2,"Trochilidae","Calypte anna",2019,2,19,"4fa7b334-ce0d-4e88-aaae-2e0c138d049e",NA,"2672129187"
32.224026,-110.80845,2,"Accipitridae","Buteo jamaicensis",2019,2,19,"4fa7b334-ce0d-4e88-aaae-2e0c138d049e",NA,"2657317297"
32.224026,-110.80845,1,"Trochilidae","Calypte costae",2019,2,19,"4fa7b334-ce0d-4e88-aaae-2e0c138d049e",NA,"2656312315"
32.224026,-110.80845,7,"Fringillidae","Haemorhous mexicanus",2019,2,19,"4fa7b334-ce0d-4e88-aaae-2e0c138d049e",NA,"2657001312"
32.224026,-110.80845,2,"Passeridae","Passer domesticus",2019,2,19,"4fa7b334-ce0d-4e88-aaae-2e0c138d049e",NA,"2668723322"
32.224026,-110.80845,4,"Columbidae","Columba livia",2019,2,19,"4fa7b334-ce0d-4e88-aaae-2e0c138d049e",NA,"2663091363"
32.224026,-110.80845,4,"Icteridae","Quiscalus mexicanus",2019,2,19,"4fa7b334-ce0d-4e88-aaae-2e0c138d049e",NA,"2655940370"
32.224026,-110.80845,3,"Picidae","Melanerpes uropygialis",2019,2,19,"4fa7b334-ce0d-4e88-aaae-2e0c138d049e",NA,"2657570252"
32.224026,-110.80845,6,"Columbidae","Zenaida macroura",2019,2,19,"4fa7b334-ce0d-4e88-aaae-2e0c138d049e",NA,"2664412415"
32.224026,-110.80845,2,"Corvidae","Corvus corax",2019,2,19,"4fa7b334-ce0d-4e88-aaae-2e0c138d049e",NA,"2658763196"
32.224026,-110.80845,1,"Parulidae","Setophaga coronata",2019,2,19,"4fa7b334-ce0d-4e88-aaae-2e0c138d049e",NA,"2664508209"
32.22526,-110.80708,2,"Falconidae","Falco sparverius",2019,2,24,"4fa7b334-ce0d-4e88-aaae-2e0c138d049e",NA,"2659136332"
32.22526,-110.80708,2,"Troglodytidae","Campylorhynchus brunneicapillus",2019,2,24,"4fa7b334-ce0d-4e88-aaae-2e0c138d049e",NA,"2658713332"
32.22526,-110.80708,1,"Accipitridae","Accipiter cooperii",2019,2,24,"4fa7b334-ce0d-4e88-aaae-2e0c138d049e",NA,"2658148484"
32.22526,-110.80708,6,"Fringillidae","Haemorhous mexicanus",2019,2,24,"4fa7b334-ce0d-4e88-aaae-2e0c138d049e",NA,"2658427525"
32.22526,-110.80708,1,"Parulidae","Setophaga coronata",2019,2,24,"4fa7b334-ce0d-4e88-aaae-2e0c138d049e",NA,"2668046533"
32.22526,-110.80708,3,"Trochilidae","Calypte anna",2019,2,24,"4fa7b334-ce0d-4e88-aaae-2e0c138d049e",NA,"2658737530"
32.22526,-110.80708,5,"Sturnidae","Sturnus vulgaris",2019,2,24,"4fa7b334-ce0d-4e88-aaae-2e0c138d049e",NA,"2665191441"
32.22526,-110.80708,1,"Tyrannidae","Pyrocephalus rubinus",2019,2,24,"4fa7b334-ce0d-4e88-aaae-2e0c138d049e",NA,"2658718414"
32.22526,-110.80708,4,"Icteridae","Quiscalus mexicanus",2019,2,24,"4fa7b334-ce0d-4e88-aaae-2e0c138d049e",NA,"2664382485"
32.22526,-110.80708,4,"Picidae","Melanerpes uropygialis",2019,2,24,"4fa7b334-ce0d-4e88-aaae-2e0c138d049e",NA,"2656886489"
32.22526,-110.80708,4,"Passeridae","Passer domesticus",2019,2,24,"4fa7b334-ce0d-4e88-aaae-2e0c138d049e",NA,"2667642527"
32.22526,-110.80708,2,"Remizidae","Auriparus flaviceps",2019,2,24,"4fa7b334-ce0d-4e88-aaae-2e0c138d049e",NA,"2658574417"
32.22526,-110.80708,2,"Mimidae","Mimus polyglottos",2019,2,24,"4fa7b334-ce0d-4e88-aaae-2e0c138d049e",NA,"2668005579"
32.22526,-110.80708,5,"Corvidae","Corvus corax",2019,2,24,"4fa7b334-ce0d-4e88-aaae-2e0c138d049e",NA,"2673312378"
32.22526,-110.80708,1,"Tyrannidae","Sayornis saya",2019,2,24,"4fa7b334-ce0d-4e88-aaae-2e0c138d049e",NA,"2658001513"
32.22526,-110.80708,6,"Columbidae","Zenaida macroura",2019,2,24,"4fa7b334-ce0d-4e88-aaae-2e0c138d049e",NA,"2656753529"
32.224052,-110.80844,1,"Emberizidae","Zonotrichia leucophrys",2019,2,26,"4fa7b334-ce0d-4e88-aaae-2e0c138d049e",NA,"2659398788"
32.224052,-110.80844,4,"Fringillidae","Haemorhous mexicanus",2019,2,26,"4fa7b334-ce0d-4e88-aaae-2e0c138d049e",NA,"2659607871"
32.224052,-110.80844,2,"Columbidae","Zenaida macroura",2019,2,26,"4fa7b334-ce0d-4e88-aaae-2e0c138d049e",NA,"2657657849"
32.224052,-110.80844,2,"Trochilidae","Calypte anna",2019,2,26,"4fa7b334-ce0d-4e88-aaae-2e0c138d049e",NA,"2739228755"
32.224052,-110.80844,2,"Fringillidae","Spinus psaltria",2019,2,26,"4fa7b334-ce0d-4e88-aaae-2e0c138d049e",NA,"2741866781"
32.224052,-110.80844,2,"Passeridae","Passer domesticus",2019,2,26,"4fa7b334-ce0d-4e88-aaae-2e0c138d049e",NA,"2737456910"
32.224052,-110.80844,1,"Remizidae","Auriparus flaviceps",2019,2,26,"4fa7b334-ce0d-4e88-aaae-2e0c138d049e",NA,"2735928756"
32.22135,-110.808,2,"Corvidae","Corvus corax",2019,3,3,"4fa7b334-ce0d-4e88-aaae-2e0c138d049e",NA,"2728744211"
32.22135,-110.808,2,"Falconidae","Falco sparverius",2019,3,3,"4fa7b334-ce0d-4e88-aaae-2e0c138d049e",NA,"2735607139"
32.22135,-110.808,2,"Columbidae","Zenaida macroura",2019,3,3,"4fa7b334-ce0d-4e88-aaae-2e0c138d049e",NA,"2738706985"
32.22135,-110.808,9,"Columbidae","Columba livia",2019,3,3,"4fa7b334-ce0d-4e88-aaae-2e0c138d049e",NA,"2755433016"
32.22135,-110.808,1,"Remizidae","Auriparus flaviceps",2019,3,3,"4fa7b334-ce0d-4e88-aaae-2e0c138d049e",NA,"2737755080"
32.22135,-110.808,2,"Fringillidae","Spinus psaltria",2019,3,3,"4fa7b334-ce0d-4e88-aaae-2e0c138d049e",NA,"2729602091"
32.22135,-110.808,2,"Corvidae","Corvus corax",2019,3,3,"4fa7b334-ce0d-4e88-aaae-2e0c138d049e",NA,"2731011631"
32.22135,-110.808,2,"Falconidae","Falco sparverius",2019,3,3,"4fa7b334-ce0d-4e88-aaae-2e0c138d049e",NA,"2735997755"
32.22135,-110.808,2,"Columbidae","Zenaida macroura",2019,3,3,"4fa7b334-ce0d-4e88-aaae-2e0c138d049e",NA,"2733933725"
32.22135,-110.808,9,"Columbidae","Columba livia",2019,3,3,"4fa7b334-ce0d-4e88-aaae-2e0c138d049e",NA,"2731379758"
32.22135,-110.808,1,"Remizidae","Auriparus flaviceps",2019,3,3,"4fa7b334-ce0d-4e88-aaae-2e0c138d049e",NA,"2729166795"
32.22135,-110.808,2,"Fringillidae","Spinus psaltria",2019,3,3,"4fa7b334-ce0d-4e88-aaae-2e0c138d049e",NA,"2729441829"
32.223885,-110.81122,5,"Icteridae","Quiscalus mexicanus",2019,3,20,"4fa7b334-ce0d-4e88-aaae-2e0c138d049e",NA,"2758217094"
32.223885,-110.81122,16,"Columbidae","Zenaida macroura",2019,3,20,"4fa7b334-ce0d-4e88-aaae-2e0c138d049e",NA,"2749517918"
32.223885,-110.81122,1,"Tyrannidae","Sayornis saya",2019,3,20,"4fa7b334-ce0d-4e88-aaae-2e0c138d049e",NA,"2750472000"
32.223885,-110.81122,30,"Bombycillidae","Bombycilla cedrorum",2019,3,20,"4fa7b334-ce0d-4e88-aaae-2e0c138d049e",NA,"2756337937"
32.223885,-110.81122,5,"Passeridae","Passer domesticus",2019,3,20,"4fa7b334-ce0d-4e88-aaae-2e0c138d049e",NA,"2754913900"
32.223885,-110.81122,12,"Fringillidae","Haemorhous mexicanus",2019,3,20,"4fa7b334-ce0d-4e88-aaae-2e0c138d049e",NA,"2754506034"
32.223885,-110.81122,1,"Accipitridae","Buteo jamaicensis",2019,3,20,"4fa7b334-ce0d-4e88-aaae-2e0c138d049e",NA,"2753280064"
32.223885,-110.81122,1,"Accipitridae","Accipiter cooperii",2019,3,20,"4fa7b334-ce0d-4e88-aaae-2e0c138d049e",NA,"2756784009"
32.223885,-110.81122,2,"Mimidae","Mimus polyglottos",2019,3,20,"4fa7b334-ce0d-4e88-aaae-2e0c138d049e",NA,"2660441083"
32.22406,-110.80844,1,"Trochilidae","Calypte anna",2019,4,9,"4fa7b334-ce0d-4e88-aaae-2e0c138d049e",NA,"2752611514"
32.22406,-110.80844,4,"Fringillidae","Haemorhous mexicanus",2019,4,9,"4fa7b334-ce0d-4e88-aaae-2e0c138d049e",NA,"2739879447"
32.22406,-110.80844,2,"Fringillidae","Spinus psaltria",2019,4,9,"4fa7b334-ce0d-4e88-aaae-2e0c138d049e",NA,"2741375491"
32.22406,-110.80844,1,"Accipitridae","Accipiter cooperii",2019,4,9,"4fa7b334-ce0d-4e88-aaae-2e0c138d049e",NA,"2744376657"
32.22406,-110.80844,1,"Trochilidae","Calypte costae",2019,4,9,"4fa7b334-ce0d-4e88-aaae-2e0c138d049e",NA,"2749443645"
32.22406,-110.80844,4,"Columbidae","Zenaida macroura",2019,4,9,"4fa7b334-ce0d-4e88-aaae-2e0c138d049e",NA,"2766534596"
32.22406,-110.80844,8,"Passeridae","Passer domesticus",2019,4,9,"4fa7b334-ce0d-4e88-aaae-2e0c138d049e",NA,"2739615572"
32.22406,-110.80844,2,"Picidae","Melanerpes uropygialis",2019,4,9,"4fa7b334-ce0d-4e88-aaae-2e0c138d049e",NA,"2738888589"
32.22406,-110.80844,1,"Columbidae","Streptopelia decaocto",2019,4,9,"4fa7b334-ce0d-4e88-aaae-2e0c138d049e",NA,"2748476611"
32.227325,-110.80965,4,"Columbidae","Zenaida macroura",2019,4,9,"4fa7b334-ce0d-4e88-aaae-2e0c138d049e",NA,"2674629539"
32.227325,-110.80965,1,"Corvidae","Corvus corax",2019,4,9,"4fa7b334-ce0d-4e88-aaae-2e0c138d049e",NA,"2685519417"
32.224564,-110.8095,1,"Mimidae","Mimus polyglottos",2019,4,23,"4fa7b334-ce0d-4e88-aaae-2e0c138d049e",NA,"2744596369"
32.224564,-110.8095,1,"Trochilidae","Calypte costae",2019,4,23,"4fa7b334-ce0d-4e88-aaae-2e0c138d049e",NA,"2750530124"
32.224564,-110.8095,6,"Columbidae","Zenaida macroura",2019,4,23,"4fa7b334-ce0d-4e88-aaae-2e0c138d049e",NA,"2748016263"
32.224564,-110.8095,1,"Picidae","Melanerpes uropygialis",2019,4,23,"4fa7b334-ce0d-4e88-aaae-2e0c138d049e",NA,"2745729430"
32.224564,-110.8095,1,"Icteridae","Quiscalus mexicanus",2019,4,23,"4fa7b334-ce0d-4e88-aaae-2e0c138d049e",NA,"2749923401"
32.224564,-110.8095,1,"Fringillidae","Haemorhous mexicanus",2019,4,23,"4fa7b334-ce0d-4e88-aaae-2e0c138d049e",NA,"2746753172"
32.224564,-110.8095,2,"Passeridae","Passer domesticus",2019,4,23,"4fa7b334-ce0d-4e88-aaae-2e0c138d049e",NA,"2745430221"
32.224564,-110.8095,1,"Mimidae","Mimus polyglottos",2019,4,23,"4fa7b334-ce0d-4e88-aaae-2e0c138d049e",NA,"2752545529"
32.224564,-110.8095,1,"Trochilidae","Calypte costae",2019,4,23,"4fa7b334-ce0d-4e88-aaae-2e0c138d049e",NA,"2762943529"
32.224564,-110.8095,6,"Columbidae","Zenaida macroura",2019,4,23,"4fa7b334-ce0d-4e88-aaae-2e0c138d049e",NA,"2757973564"
32.224564,-110.8095,1,"Picidae","Melanerpes uropygialis",2019,4,23,"4fa7b334-ce0d-4e88-aaae-2e0c138d049e",NA,"2766710541"
32.224564,-110.8095,1,"Icteridae","Quiscalus mexicanus",2019,4,23,"4fa7b334-ce0d-4e88-aaae-2e0c138d049e",NA,"2780555338"
32.224564,-110.8095,1,"Fringillidae","Haemorhous mexicanus",2019,4,23,"4fa7b334-ce0d-4e88-aaae-2e0c138d049e",NA,"2768295480"
32.224564,-110.8095,2,"Passeridae","Passer domesticus",2019,4,23,"4fa7b334-ce0d-4e88-aaae-2e0c138d049e",NA,"2766249470"
32.224125,-110.808464,1,"Columbidae","Zenaida macroura",2019,4,24,"4fa7b334-ce0d-4e88-aaae-2e0c138d049e",NA,"2761219708"
32.224125,-110.808464,5,"Fringillidae","Haemorhous mexicanus",2019,4,24,"4fa7b334-ce0d-4e88-aaae-2e0c138d049e",NA,"2747184590"
32.224125,-110.808464,1,"Mimidae","Mimus polyglottos",2019,4,24,"4fa7b334-ce0d-4e88-aaae-2e0c138d049e",NA,"2766681712"
32.224125,-110.808464,1,"Columbidae","Zenaida asiatica",2019,4,24,"4fa7b334-ce0d-4e88-aaae-2e0c138d049e",NA,"2764817685"
32.224125,-110.808464,4,"Passeridae","Passer domesticus",2019,4,24,"4fa7b334-ce0d-4e88-aaae-2e0c138d049e",NA,"2785232528"
32.224125,-110.808464,1,"Picidae","Melanerpes uropygialis",2019,4,24,"4fa7b334-ce0d-4e88-aaae-2e0c138d049e",NA,"2766265590"
32.224125,-110.808464,1,"Icteridae","Quiscalus mexicanus",2019,4,24,"4fa7b334-ce0d-4e88-aaae-2e0c138d049e",NA,"2668030647"
32.224564,-110.8095,2,"Columbidae","Zenaida asiatica",2019,4,29,"4fa7b334-ce0d-4e88-aaae-2e0c138d049e",NA,"2744261218"
32.224564,-110.8095,3,"Fringillidae","Haemorhous mexicanus",2019,4,29,"4fa7b334-ce0d-4e88-aaae-2e0c138d049e",NA,"2743800431"
32.224564,-110.8095,1,"Trochilidae","Calypte costae",2019,4,29,"4fa7b334-ce0d-4e88-aaae-2e0c138d049e",NA,"2738225342"
32.224564,-110.8095,4,"Columbidae","Zenaida macroura",2019,4,29,"4fa7b334-ce0d-4e88-aaae-2e0c138d049e",NA,"2737882431"
32.224564,-110.8095,1,"Mimidae","Mimus polyglottos",2019,4,29,"4fa7b334-ce0d-4e88-aaae-2e0c138d049e",NA,"2755429419"
32.224564,-110.8095,1,"Icteridae","Molothrus ater",2019,4,29,"4fa7b334-ce0d-4e88-aaae-2e0c138d049e",NA,"2749903170"
32.224564,-110.8095,4,"Icteridae","Quiscalus mexicanus",2019,4,29,"4fa7b334-ce0d-4e88-aaae-2e0c138d049e",NA,"2756399222"
32.224564,-110.8095,3,"Passeridae","Passer domesticus",2019,4,29,"4fa7b334-ce0d-4e88-aaae-2e0c138d049e",NA,"2734583378"
32.224564,-110.8095,2,"Columbidae","Zenaida asiatica",2019,4,30,"4fa7b334-ce0d-4e88-aaae-2e0c138d049e",NA,"2672258223"
32.224564,-110.8095,4,"Columbidae","Zenaida macroura",2019,4,30,"4fa7b334-ce0d-4e88-aaae-2e0c138d049e",NA,"2668646137"
32.224564,-110.8095,4,"Fringillidae","Haemorhous mexicanus",2019,4,30,"4fa7b334-ce0d-4e88-aaae-2e0c138d049e",NA,"2683007174"
32.224564,-110.8095,8,"Passeridae","Passer domesticus",2019,4,30,"4fa7b334-ce0d-4e88-aaae-2e0c138d049e",NA,"2670164193"
32.224564,-110.8095,11,"Columbidae","Zenaida macroura",2019,5,2,"4fa7b334-ce0d-4e88-aaae-2e0c138d049e",NA,"2776132152"
32.224564,-110.8095,2,"Mimidae","Mimus polyglottos",2019,5,2,"4fa7b334-ce0d-4e88-aaae-2e0c138d049e",NA,"2776209148"
32.224564,-110.8095,4,"Columbidae","Zenaida asiatica",2019,5,2,"4fa7b334-ce0d-4e88-aaae-2e0c138d049e",NA,"2783095303"
32.224564,-110.8095,20,"Fringillidae","Haemorhous mexicanus",2019,5,2,"4fa7b334-ce0d-4e88-aaae-2e0c138d049e",NA,"2684579067"
32.224564,-110.8095,1,"Trochilidae","Calypte anna",2019,5,2,"4fa7b334-ce0d-4e88-aaae-2e0c138d049e",NA,"2679130252"
32.224564,-110.8095,6,"Hirundinidae","Hirundo rustica",2019,5,2,"4fa7b334-ce0d-4e88-aaae-2e0c138d049e",NA,"2668624082"
32.224564,-110.8095,2,"Tyrannidae","Myiarchus cinerascens",2019,5,2,"4fa7b334-ce0d-4e88-aaae-2e0c138d049e",NA,"2670853042"
32.224564,-110.8095,1,"Falconidae","Falco sparverius",2019,5,2,"4fa7b334-ce0d-4e88-aaae-2e0c138d049e",NA,"2681378121"
32.224564,-110.8095,24,"Passeridae","Passer domesticus",2019,5,2,"4fa7b334-ce0d-4e88-aaae-2e0c138d049e",NA,"2679210309"
32.224564,-110.8095,4,"Picidae","Melanerpes uropygialis",2019,5,2,"4fa7b334-ce0d-4e88-aaae-2e0c138d049e",NA,"2673986337"
32.224564,-110.8095,2,"Sturnidae","Sturnus vulgaris",2019,5,2,"4fa7b334-ce0d-4e88-aaae-2e0c138d049e",NA,"2670235399"
32.224564,-110.8095,6,"Icteridae","Quiscalus mexicanus",2019,5,2,"4fa7b334-ce0d-4e88-aaae-2e0c138d049e",NA,"2686656197"
32.224564,-110.8095,1,"Accipitridae","Accipiter cooperii",2019,5,2,"4fa7b334-ce0d-4e88-aaae-2e0c138d049e",NA,"2688822274"
32.224564,-110.8095,1,"Tyrannidae","Tyrannus verticalis",2019,5,2,"4fa7b334-ce0d-4e88-aaae-2e0c138d049e",NA,"2672904105"
32.224564,-110.8095,1,"Columbidae","Streptopelia decaocto",2019,5,2,"4fa7b334-ce0d-4e88-aaae-2e0c138d049e",NA,"2674778137"
32.224144,-110.80852,6,"Columbidae","Zenaida macroura",2019,5,6,"4fa7b334-ce0d-4e88-aaae-2e0c138d049e",NA,"2783577447"
32.224144,-110.80852,2,"Mimidae","Mimus polyglottos",2019,5,6,"4fa7b334-ce0d-4e88-aaae-2e0c138d049e",NA,"2761695557"
32.224144,-110.80852,1,"Hirundinidae","Hirundo rustica",2019,5,6,"4fa7b334-ce0d-4e88-aaae-2e0c138d049e",NA,"2783616527"
32.224144,-110.80852,2,"Odontophoridae","Callipepla gambelii",2019,5,6,"4fa7b334-ce0d-4e88-aaae-2e0c138d049e",NA,"2768805562"
32.224144,-110.80852,2,"Icteridae","Quiscalus mexicanus",2019,5,6,"4fa7b334-ce0d-4e88-aaae-2e0c138d049e",NA,"2767474649"
32.224144,-110.80852,1,"Trochilidae","Calypte anna",2019,5,6,"4fa7b334-ce0d-4e88-aaae-2e0c138d049e",NA,"2781308782"
32.224144,-110.80852,2,"Picidae","Melanerpes uropygialis",2019,5,6,"4fa7b334-ce0d-4e88-aaae-2e0c138d049e",NA,"2778022412"
32.224144,-110.80852,2,"Tyrannidae","Myiarchus cinerascens",2019,5,6,"4fa7b334-ce0d-4e88-aaae-2e0c138d049e",NA,"2777366416"
32.224144,-110.80852,1,"Corvidae","Corvus corax",2019,5,6,"4fa7b334-ce0d-4e88-aaae-2e0c138d049e",NA,"2778542582"
32.224144,-110.80852,9,"Fringillidae","Haemorhous mexicanus",2019,5,6,"4fa7b334-ce0d-4e88-aaae-2e0c138d049e",NA,"2778026508"
32.224144,-110.80852,2,"Sturnidae","Sturnus vulgaris",2019,5,6,"4fa7b334-ce0d-4e88-aaae-2e0c138d049e",NA,"2778048528"
32.224144,-110.80852,2,"Columbidae","Zenaida asiatica",2019,5,6,"4fa7b334-ce0d-4e88-aaae-2e0c138d049e",NA,"2784733675"
32.224144,-110.80852,8,"Passeridae","Passer domesticus",2019,5,6,"4fa7b334-ce0d-4e88-aaae-2e0c138d049e",NA,"2784322524"
32.224144,-110.80852,1,"Remizidae","Auriparus flaviceps",2019,5,7,"4fa7b334-ce0d-4e88-aaae-2e0c138d049e",NA,"2751918949"
32.224144,-110.80852,2,"Mimidae","Mimus polyglottos",2019,5,7,"4fa7b334-ce0d-4e88-aaae-2e0c138d049e",NA,"2757613931"
32.224144,-110.80852,3,"Columbidae","Zenaida asiatica",2019,5,7,"4fa7b334-ce0d-4e88-aaae-2e0c138d049e",NA,"2741238045"
32.224144,-110.80852,5,"Fringillidae","Haemorhous mexicanus",2019,5,7,"4fa7b334-ce0d-4e88-aaae-2e0c138d049e",NA,"2675528004"
32.224144,-110.80852,9,"Passeridae","Passer domesticus",2019,5,7,"4fa7b334-ce0d-4e88-aaae-2e0c138d049e",NA,"2672840959"
32.224144,-110.80852,1,"Trochilidae","Calypte anna",2019,5,7,"4fa7b334-ce0d-4e88-aaae-2e0c138d049e",NA,"2674494793"
32.224144,-110.80852,2,"Picidae","Melanerpes uropygialis",2019,5,7,"4fa7b334-ce0d-4e88-aaae-2e0c138d049e",NA,"2687438730"
32.224144,-110.80852,12,"Columbidae","Zenaida macroura",2019,5,7,"4fa7b334-ce0d-4e88-aaae-2e0c138d049e",NA,"2672422870"
32.22399,-110.80837,1,"Mimidae","Toxostoma curvirostre",2019,5,28,"4fa7b334-ce0d-4e88-aaae-2e0c138d049e",NA,"2680320696"
32.22399,-110.80837,2,"Strigidae","Bubo virginianus",2019,5,28,"4fa7b334-ce0d-4e88-aaae-2e0c138d049e",NA,"2698771815"
32.22399,-110.80837,3,"Strigidae","Micrathene whitneyi",2019,5,28,"4fa7b334-ce0d-4e88-aaae-2e0c138d049e",NA,"2681300728"
32.22409,-110.80844,2,"Columbidae","Zenaida asiatica",2019,5,30,"4fa7b334-ce0d-4e88-aaae-2e0c138d049e",NA,"2694119150"
32.22409,-110.80844,1,"Mimidae","Mimus polyglottos",2019,5,30,"4fa7b334-ce0d-4e88-aaae-2e0c138d049e",NA,"2692606091"
32.22409,-110.80844,1,"Trochilidae","Archilochus alexandri",2019,5,30,"4fa7b334-ce0d-4e88-aaae-2e0c138d049e",NA,"2680501216"
32.22409,-110.80844,4,"Columbidae","Zenaida macroura",2019,5,30,"4fa7b334-ce0d-4e88-aaae-2e0c138d049e",NA,"2679596191"
32.22409,-110.80844,1,"Trochilidae","Calypte anna",2019,5,30,"4fa7b334-ce0d-4e88-aaae-2e0c138d049e",NA,"2690521161"
32.22409,-110.80844,4,"Passeridae","Passer domesticus",2019,5,30,"4fa7b334-ce0d-4e88-aaae-2e0c138d049e",NA,"2679426176"
32.22409,-110.80844,1,"Columbidae","Streptopelia decaocto",2019,5,30,"4fa7b334-ce0d-4e88-aaae-2e0c138d049e",NA,"2681757089"
32.22409,-110.80844,1,"Picidae","Melanerpes uropygialis",2019,5,30,"4fa7b334-ce0d-4e88-aaae-2e0c138d049e",NA,"2677862142"
32.22409,-110.80844,4,"Sturnidae","Sturnus vulgaris",2019,5,30,"4fa7b334-ce0d-4e88-aaae-2e0c138d049e",NA,"2679170277"
32.22409,-110.80844,6,"Fringillidae","Haemorhous mexicanus",2019,5,30,"4fa7b334-ce0d-4e88-aaae-2e0c138d049e",NA,"2680993110"
32.22409,-110.80844,1,"Trochilidae","Cynanthus latirostris",2019,5,30,"4fa7b334-ce0d-4e88-aaae-2e0c138d049e",NA,"2694874090"
32.22409,-110.80844,2,"Columbidae","Columba livia",2019,5,30,"4fa7b334-ce0d-4e88-aaae-2e0c138d049e",NA,"2678641225"
32.22409,-110.80844,1,"Tyrannidae","Myiarchus cinerascens",2019,5,30,"4fa7b334-ce0d-4e88-aaae-2e0c138d049e",NA,"2697440144"
32.22409,-110.80844,3,"Mimidae","Mimus polyglottos",2019,5,31,"4fa7b334-ce0d-4e88-aaae-2e0c138d049e",NA,"2769726945"
32.22409,-110.80844,6,"Passeridae","Passer domesticus",2019,5,31,"4fa7b334-ce0d-4e88-aaae-2e0c138d049e",NA,"2764026922"
32.22409,-110.80844,3,"Columbidae","Zenaida asiatica",2019,5,31,"4fa7b334-ce0d-4e88-aaae-2e0c138d049e",NA,"2765409966"
32.22409,-110.80844,2,"Trochilidae","Cynanthus latirostris",2019,5,31,"4fa7b334-ce0d-4e88-aaae-2e0c138d049e",NA,"2789856783"
32.22409,-110.80844,2,"Fringillidae","Spinus psaltria",2019,5,31,"4fa7b334-ce0d-4e88-aaae-2e0c138d049e",NA,"2769607948"
32.22409,-110.80844,6,"Fringillidae","Haemorhous mexicanus",2019,5,31,"4fa7b334-ce0d-4e88-aaae-2e0c138d049e",NA,"2789644962"
32.22409,-110.80844,1,"Trochilidae","Calypte anna",2019,5,31,"4fa7b334-ce0d-4e88-aaae-2e0c138d049e",NA,"2776457019"
32.22409,-110.80844,8,"Columbidae","Zenaida macroura",2019,5,31,"4fa7b334-ce0d-4e88-aaae-2e0c138d049e",NA,"2775296066"
32.22409,-110.80844,2,"Picidae","Melanerpes uropygialis",2019,5,31,"4fa7b334-ce0d-4e88-aaae-2e0c138d049e",NA,"2787676147"
32.22409,-110.80844,1,"Tyrannidae","Myiarchus cinerascens",2019,5,31,"4fa7b334-ce0d-4e88-aaae-2e0c138d049e",NA,"2797802210"
32.22409,-110.80844,1,"Remizidae","Auriparus flaviceps",2019,5,31,"4fa7b334-ce0d-4e88-aaae-2e0c138d049e",NA,"2786774060"
32.224567,-110.81035,18,"Fringillidae","Spinus psaltria",2019,6,3,"4fa7b334-ce0d-4e88-aaae-2e0c138d049e",NA,"2760217742"
32.224567,-110.81035,3,"Mimidae","Mimus polyglottos",2019,6,3,"4fa7b334-ce0d-4e88-aaae-2e0c138d049e",NA,"2737651905"
32.224567,-110.81035,9,"Icteridae","Quiscalus mexicanus",2019,6,3,"4fa7b334-ce0d-4e88-aaae-2e0c138d049e",NA,"2738864810"
32.224567,-110.81035,1,"Odontophoridae","Callipepla gambelii",2019,6,3,"4fa7b334-ce0d-4e88-aaae-2e0c138d049e",NA,"2764784691"
32.224567,-110.81035,2,"Picidae","Melanerpes uropygialis",2019,6,3,"4fa7b334-ce0d-4e88-aaae-2e0c138d049e",NA,"2752254737"
32.224567,-110.81035,23,"Fringillidae","Haemorhous mexicanus",2019,6,3,"4fa7b334-ce0d-4e88-aaae-2e0c138d049e",NA,"2754234545"
32.224567,-110.81035,2,"Tyrannidae","Pyrocephalus rubinus",2019,6,3,"4fa7b334-ce0d-4e88-aaae-2e0c138d049e",NA,"2760232464"
32.224567,-110.81035,5,"Sturnidae","Sturnus vulgaris",2019,6,3,"4fa7b334-ce0d-4e88-aaae-2e0c138d049e",NA,"2742789716"
32.224567,-110.81035,13,"Columbidae","Zenaida asiatica",2019,6,3,"4fa7b334-ce0d-4e88-aaae-2e0c138d049e",NA,"2762900628"
32.224567,-110.81035,8,"Columbidae","Zenaida macroura",2019,6,3,"4fa7b334-ce0d-4e88-aaae-2e0c138d049e",NA,"2759079743"
32.224567,-110.81035,16,"Passeridae","Passer domesticus",2019,6,3,"4fa7b334-ce0d-4e88-aaae-2e0c138d049e",NA,"2747450855"
32.224567,-110.81035,1,"Remizidae","Auriparus flaviceps",2019,6,3,"4fa7b334-ce0d-4e88-aaae-2e0c138d049e",NA,"2776445607"
32.224117,-110.80836,8,"Columbidae","Zenaida macroura",2019,7,19,"4fa7b334-ce0d-4e88-aaae-2e0c138d049e",NA,"2691889806"
32.224117,-110.80836,1,"Columbidae","Zenaida asiatica",2019,7,19,"4fa7b334-ce0d-4e88-aaae-2e0c138d049e",NA,"2687923541"
32.224117,-110.80836,3,"Mimidae","Mimus polyglottos",2019,7,19,"4fa7b334-ce0d-4e88-aaae-2e0c138d049e",NA,"2687819763"
32.224117,-110.80836,1,"Trochilidae","Calypte anna",2019,7,19,"4fa7b334-ce0d-4e88-aaae-2e0c138d049e",NA,"2702855704"
32.224117,-110.80836,7,"Passeridae","Passer domesticus",2019,7,19,"4fa7b334-ce0d-4e88-aaae-2e0c138d049e",NA,"2689450831"
32.224117,-110.80836,4,"Fringillidae","Haemorhous mexicanus",2019,7,19,"4fa7b334-ce0d-4e88-aaae-2e0c138d049e",NA,"2699765756"
32.224117,-110.80836,2,"Falconidae","Falco sparverius",2019,7,19,"4fa7b334-ce0d-4e88-aaae-2e0c138d049e",NA,"2689137686"
32.224045,-110.80849,3,"Trochilidae","Cynanthus latirostris",2019,7,24,"4fa7b334-ce0d-4e88-aaae-2e0c138d049e",NA,"2693449610"
32.224045,-110.80849,7,"Fringillidae","Haemorhous mexicanus",2019,7,24,"4fa7b334-ce0d-4e88-aaae-2e0c138d049e",NA,"2691256502"
32.224045,-110.80849,4,"Passeridae","Passer domesticus",2019,7,24,"4fa7b334-ce0d-4e88-aaae-2e0c138d049e",NA,"2690400482"
32.224045,-110.80849,6,"Columbidae","Zenaida macroura",2019,7,24,"4fa7b334-ce0d-4e88-aaae-2e0c138d049e",NA,"2689503434"
32.224045,-110.80849,2,"Trochilidae","Calypte anna",2019,7,24,"4fa7b334-ce0d-4e88-aaae-2e0c138d049e",NA,"2703899262"
32.224045,-110.80849,3,"Mimidae","Mimus polyglottos",2019,7,24,"4fa7b334-ce0d-4e88-aaae-2e0c138d049e",NA,"2702391320"
32.224045,-110.80849,3,"Falconidae","Falco sparverius",2019,7,24,"4fa7b334-ce0d-4e88-aaae-2e0c138d049e",NA,"2688958520"
32.224045,-110.80849,4,"Columbidae","Zenaida asiatica",2019,7,24,"4fa7b334-ce0d-4e88-aaae-2e0c138d049e",NA,"2688999304"
32.224045,-110.80849,3,"Trochilidae","Cynanthus latirostris",2019,7,24,"4fa7b334-ce0d-4e88-aaae-2e0c138d049e",NA,"2701932292"
32.224045,-110.80849,7,"Fringillidae","Haemorhous mexicanus",2019,7,24,"4fa7b334-ce0d-4e88-aaae-2e0c138d049e",NA,"2690923457"
32.224045,-110.80849,4,"Passeridae","Passer domesticus",2019,7,24,"4fa7b334-ce0d-4e88-aaae-2e0c138d049e",NA,"2691199439"
32.224045,-110.80849,6,"Columbidae","Zenaida macroura",2019,7,24,"4fa7b334-ce0d-4e88-aaae-2e0c138d049e",NA,"2690515457"
32.224045,-110.80849,2,"Trochilidae","Calypte anna",2019,7,24,"4fa7b334-ce0d-4e88-aaae-2e0c138d049e",NA,"2687790548"
32.224045,-110.80849,3,"Mimidae","Mimus polyglottos",2019,7,24,"4fa7b334-ce0d-4e88-aaae-2e0c138d049e",NA,"2689629604"
32.224045,-110.80849,3,"Falconidae","Falco sparverius",2019,7,24,"4fa7b334-ce0d-4e88-aaae-2e0c138d049e",NA,"2705050556"
32.224045,-110.80849,4,"Columbidae","Zenaida asiatica",2019,7,24,"4fa7b334-ce0d-4e88-aaae-2e0c138d049e",NA,"2686618482"
32.22409,-110.80844,8,"Passeridae","Passer domesticus",2019,8,12,"4fa7b334-ce0d-4e88-aaae-2e0c138d049e",NA,"2713069001"
32.22409,-110.80844,6,"Columbidae","Zenaida macroura",2019,8,12,"4fa7b334-ce0d-4e88-aaae-2e0c138d049e",NA,"2693120031"
32.22409,-110.80844,2,"Mimidae","Mimus polyglottos",2019,8,12,"4fa7b334-ce0d-4e88-aaae-2e0c138d049e",NA,"2695529051"
32.22409,-110.80844,1,"Picidae","Melanerpes uropygialis",2019,8,12,"4fa7b334-ce0d-4e88-aaae-2e0c138d049e",NA,"2693770080"
32.22409,-110.80844,1,"Trochilidae","Cynanthus latirostris",2019,8,12,"4fa7b334-ce0d-4e88-aaae-2e0c138d049e",NA,"2693011071"
32.22409,-110.80844,2,"Trochilidae","Calypte anna",2019,8,12,"4fa7b334-ce0d-4e88-aaae-2e0c138d049e",NA,"2691862958"
32.22409,-110.80844,1,"Columbidae","Columba livia",2019,8,12,"4fa7b334-ce0d-4e88-aaae-2e0c138d049e",NA,"2707474779"
32.22409,-110.80844,1,"Troglodytidae","Campylorhynchus brunneicapillus",2019,8,12,"4fa7b334-ce0d-4e88-aaae-2e0c138d049e",NA,"2705147782"
32.22409,-110.80844,1,"Corvidae","Corvus corax",2019,8,12,"4fa7b334-ce0d-4e88-aaae-2e0c138d049e",NA,"2710081939"
32.22409,-110.80844,1,"Accipitridae","Accipiter cooperii",2019,8,12,"4fa7b334-ce0d-4e88-aaae-2e0c138d049e",NA,"2711856084"
32.22409,-110.80844,1,"Trochilidae","Archilochus alexandri",2019,8,12,"4fa7b334-ce0d-4e88-aaae-2e0c138d049e",NA,"2704998134"
32.22409,-110.80844,2,"Columbidae","Zenaida asiatica",2019,8,12,"4fa7b334-ce0d-4e88-aaae-2e0c138d049e",NA,"2693467215"
32.22409,-110.80844,4,"Fringillidae","Spinus psaltria",2019,8,12,"4fa7b334-ce0d-4e88-aaae-2e0c138d049e",NA,"2694102330"
32.22409,-110.80844,10,"Fringillidae","Haemorhous mexicanus",2019,8,12,"4fa7b334-ce0d-4e88-aaae-2e0c138d049e",NA,"2693362396"
32.22409,-110.80844,1,"Cardinalidae","Passerina amoena",2019,8,12,"4fa7b334-ce0d-4e88-aaae-2e0c138d049e",NA,"2690938940"
32.22409,-110.80844,1,"Remizidae","Auriparus flaviceps",2019,8,12,"4fa7b334-ce0d-4e88-aaae-2e0c138d049e",NA,"2704290122"
32.23502,-110.80725,1,"Accipitridae","Accipiter cooperii",2019,8,17,"4fa7b334-ce0d-4e88-aaae-2e0c138d049e",NA,"2771751713"
32.22409,-110.80844,4,"Trochilidae","Calypte anna",2019,8,29,"4fa7b334-ce0d-4e88-aaae-2e0c138d049e",NA,"2786258888"
32.22409,-110.80844,1,"Cardinalidae","Cardinalis cardinalis",2019,8,29,"4fa7b334-ce0d-4e88-aaae-2e0c138d049e",NA,"2760641844"
32.22409,-110.80844,1,"Remizidae","Auriparus flaviceps",2019,8,29,"4fa7b334-ce0d-4e88-aaae-2e0c138d049e",NA,"2758214999"
32.22409,-110.80844,6,"Columbidae","Zenaida macroura",2019,8,29,"4fa7b334-ce0d-4e88-aaae-2e0c138d049e",NA,"2770820764"
32.22409,-110.80844,2,"Trochilidae","Cynanthus latirostris",2019,8,29,"4fa7b334-ce0d-4e88-aaae-2e0c138d049e",NA,"2753307028"
32.22409,-110.80844,2,"Passeridae","Passer domesticus",2019,8,29,"4fa7b334-ce0d-4e88-aaae-2e0c138d049e",NA,"2785257026"
32.22409,-110.80844,4,"Fringillidae","Haemorhous mexicanus",2019,8,29,"4fa7b334-ce0d-4e88-aaae-2e0c138d049e",NA,"2783274064"
32.22409,-110.80844,2,"Trochilidae","Archilochus alexandri",2019,8,29,"4fa7b334-ce0d-4e88-aaae-2e0c138d049e",NA,"2771137000"
32.22409,-110.80844,1,"Columbidae","Zenaida asiatica",2019,8,29,"4fa7b334-ce0d-4e88-aaae-2e0c138d049e",NA,"2772371998"
32.22409,-110.80844,1,"Trochilidae","Cynanthus latirostris",2019,9,23,"4fa7b334-ce0d-4e88-aaae-2e0c138d049e",NA,"2698589435"
32.22409,-110.80844,2,"Accipitridae","Buteo jamaicensis",2019,9,23,"4fa7b334-ce0d-4e88-aaae-2e0c138d049e",NA,"2701453396"
32.22409,-110.80844,1,"Picidae","Melanerpes uropygialis",2019,9,23,"4fa7b334-ce0d-4e88-aaae-2e0c138d049e",NA,"2696845254"
32.22409,-110.80844,2,"Trochilidae","Calypte anna",2019,9,23,"4fa7b334-ce0d-4e88-aaae-2e0c138d049e",NA,"2717302422"
32.22409,-110.80844,30,"Corvidae","Corvus corax",2019,9,23,"4fa7b334-ce0d-4e88-aaae-2e0c138d049e",NA,"2719090552"
32.22409,-110.80844,1,"Falconidae","Falco sparverius",2019,9,23,"4fa7b334-ce0d-4e88-aaae-2e0c138d049e",NA,"2712197642"
32.22409,-110.80844,1,"Trochilidae","Archilochus alexandri",2019,9,23,"4fa7b334-ce0d-4e88-aaae-2e0c138d049e",NA,"2700043737"
32.22409,-110.80844,1,"Columbidae","Zenaida macroura",2019,9,23,"4fa7b334-ce0d-4e88-aaae-2e0c138d049e",NA,"2700710824"
32.227325,-110.80965,3,"Corvidae","Corvus corax",2019,9,25,"4fa7b334-ce0d-4e88-aaae-2e0c138d049e",NA,"2784479440"
32.22409,-110.80844,3,"Fringillidae","Haemorhous mexicanus",2019,9,27,"4fa7b334-ce0d-4e88-aaae-2e0c138d049e",NA,"2792017275"
32.22409,-110.80844,2,"Columbidae","Zenaida macroura",2019,9,27,"4fa7b334-ce0d-4e88-aaae-2e0c138d049e",NA,"2798426274"
32.22409,-110.80844,1,"Remizidae","Auriparus flaviceps",2019,9,27,"4fa7b334-ce0d-4e88-aaae-2e0c138d049e",NA,"2801547347"
32.22409,-110.80844,4,"Trochilidae","Calypte anna",2019,9,27,"4fa7b334-ce0d-4e88-aaae-2e0c138d049e",NA,"2797991265"
32.22409,-110.80844,1,"Picidae","Melanerpes uropygialis",2019,9,27,"4fa7b334-ce0d-4e88-aaae-2e0c138d049e",NA,"2797601080"
32.22409,-110.80844,4,"Columbidae","Columba livia",2019,9,27,"4fa7b334-ce0d-4e88-aaae-2e0c138d049e",NA,"2797250081"
32.22409,-110.80844,2,"Trochilidae","Cynanthus latirostris",2019,9,27,"4fa7b334-ce0d-4e88-aaae-2e0c138d049e",NA,"2796708002"
32.221157,-110.806984,1,"Corvidae","Corvus corax",2019,10,19,"4fa7b334-ce0d-4e88-aaae-2e0c138d049e",NA,"2718871363"
32.221157,-110.806984,193,"Columbidae","Columba livia",2019,10,19,"4fa7b334-ce0d-4e88-aaae-2e0c138d049e",NA,"2716819418"
32.221157,-110.806984,1,"Corvidae","Corvus corax",2019,10,19,"4fa7b334-ce0d-4e88-aaae-2e0c138d049e",NA,"2701841635"
32.221157,-110.806984,193,"Columbidae","Columba livia",2019,10,19,"4fa7b334-ce0d-4e88-aaae-2e0c138d049e",NA,"2703275431"
32.22884,-110.818886,1,"Accipitridae","Accipiter cooperii",2019,10,28,"4fa7b334-ce0d-4e88-aaae-2e0c138d049e",NA,"2791904508"
32.22884,-110.818886,1,"Falconidae","Falco sparverius",2019,10,28,"4fa7b334-ce0d-4e88-aaae-2e0c138d049e",NA,"2787295320"
32.22884,-110.818886,1,"Trochilidae","Calypte anna",2019,10,28,"4fa7b334-ce0d-4e88-aaae-2e0c138d049e",NA,"2788302309"
32.22884,-110.818886,2,"Picidae","Melanerpes uropygialis",2019,10,28,"4fa7b334-ce0d-4e88-aaae-2e0c138d049e",NA,"2792805279"
32.22884,-110.818886,10,"Passeridae","Passer domesticus",2019,10,28,"4fa7b334-ce0d-4e88-aaae-2e0c138d049e",NA,"2797561222"
32.22884,-110.818886,4,"Fringillidae","Spinus psaltria",2019,10,28,"4fa7b334-ce0d-4e88-aaae-2e0c138d049e",NA,"2790111140"
32.23502,-110.80725,1,"Accipitridae","Accipiter cooperii",2019,11,11,"4fa7b334-ce0d-4e88-aaae-2e0c138d049e",NA,"2721703215"
32.22884,-110.818886,1,"Emberizidae","Zonotrichia leucophrys",2019,11,23,"4fa7b334-ce0d-4e88-aaae-2e0c138d049e",NA,"2710079188"
32.22884,-110.818886,2,"Picidae","Melanerpes uropygialis",2019,11,23,"4fa7b334-ce0d-4e88-aaae-2e0c138d049e",NA,"2707066952"
32.227325,-110.80965,2,"Corvidae","Corvus corax",2019,12,4,"4fa7b334-ce0d-4e88-aaae-2e0c138d049e",NA,"2782283235"
32.227325,-110.80965,1,"Accipitridae","Accipiter cooperii",2019,12,4,"4fa7b334-ce0d-4e88-aaae-2e0c138d049e",NA,"2788808848"
32.22409,-110.80844,2,"Strigidae","Bubo virginianus",2019,12,6,"4fa7b334-ce0d-4e88-aaae-2e0c138d049e",NA,"2795609710"
32.22409,-110.80844,2,"Strigidae","Bubo virginianus",2019,12,6,"4fa7b334-ce0d-4e88-aaae-2e0c138d049e",NA,"2795122668"
32.22409,-110.80844,3,"Accipitridae","Parabuteo unicinctus",2019,12,7,"4fa7b334-ce0d-4e88-aaae-2e0c138d049e",NA,"2705067003"
32.22884,-110.818886,6,"Fringillidae","Spinus psaltria",2019,12,8,"4fa7b334-ce0d-4e88-aaae-2e0c138d049e",NA,"2790267864"
32.22884,-110.818886,5,"Troglodytidae","Troglodytes aedon",2019,12,8,"4fa7b334-ce0d-4e88-aaae-2e0c138d049e",NA,"2787273773"
32.22884,-110.818886,1,"Trochilidae","Calypte anna",2019,12,8,"4fa7b334-ce0d-4e88-aaae-2e0c138d049e",NA,"2794708799"
32.22884,-110.818886,2,"Picidae","Melanerpes uropygialis",2019,12,8,"4fa7b334-ce0d-4e88-aaae-2e0c138d049e",NA,"2793864793"
32.22884,-110.818886,12,"Columbidae","Zenaida macroura",2019,12,8,"4fa7b334-ce0d-4e88-aaae-2e0c138d049e",NA,"2792886735"
32.22884,-110.818886,1,"Accipitridae","Accipiter cooperii",2019,12,8,"4fa7b334-ce0d-4e88-aaae-2e0c138d049e",NA,"2795064799"
32.22884,-110.818886,2,"Sturnidae","Sturnus vulgaris",2019,12,8,"4fa7b334-ce0d-4e88-aaae-2e0c138d049e",NA,"2797019645"
32.227142,-110.80956,45,"Icteridae","Euphagus cyanocephalus",2018,1,4,"4fa7b334-ce0d-4e88-aaae-2e0c138d049e",NA,"2126029584"
32.227142,-110.80956,2,"Corvidae","Corvus corax",2018,1,4,"4fa7b334-ce0d-4e88-aaae-2e0c138d049e",NA,"2117510510"
32.227142,-110.80956,2,"Icteridae","Xanthocephalus xanthocephalus",2018,1,4,"4fa7b334-ce0d-4e88-aaae-2e0c138d049e",NA,"2117506477"
32.227142,-110.80956,6,"Columbidae","Zenaida macroura",2018,1,4,"4fa7b334-ce0d-4e88-aaae-2e0c138d049e",NA,"2126039597"
32.227142,-110.80956,1,"Tyrannidae","Pyrocephalus rubinus",2018,1,4,"4fa7b334-ce0d-4e88-aaae-2e0c138d049e",NA,"2126044834"
32.227142,-110.80956,12,"Icteridae","Molothrus ater",2018,1,4,"4fa7b334-ce0d-4e88-aaae-2e0c138d049e",NA,"2126037204"
32.227142,-110.80956,1,"Falconidae","Falco peregrinus",2018,1,4,"4fa7b334-ce0d-4e88-aaae-2e0c138d049e",NA,"2117510319"
32.225945,-110.81548,2,"Mimidae","Toxostoma curvirostre",2018,2,19,"4fa7b334-ce0d-4e88-aaae-2e0c138d049e",NA,"2115432078"
32.225945,-110.81548,3,"Columbidae","Zenaida macroura",2018,2,19,"4fa7b334-ce0d-4e88-aaae-2e0c138d049e",NA,"2132235862"
32.225945,-110.81548,2,"Ptilogonatidae","Phainopepla nitens",2018,2,19,"4fa7b334-ce0d-4e88-aaae-2e0c138d049e",NA,"2115411030"
32.225945,-110.81548,1,"Accipitridae","Buteo jamaicensis",2018,2,19,"4fa7b334-ce0d-4e88-aaae-2e0c138d049e",NA,"2115428899"
32.225945,-110.81548,1,"Mimidae","Mimus polyglottos",2018,2,19,"4fa7b334-ce0d-4e88-aaae-2e0c138d049e",NA,"2132234689"
32.225945,-110.81548,2,"Polioptilidae","Polioptila caerulea",2018,2,19,"4fa7b334-ce0d-4e88-aaae-2e0c138d049e",NA,"2140342872"
32.225945,-110.81548,2,"Corvidae","Corvus corax",2018,2,19,"4fa7b334-ce0d-4e88-aaae-2e0c138d049e",NA,"2132234769"
32.225945,-110.81548,2,"Troglodytidae","Campylorhynchus brunneicapillus",2018,2,19,"4fa7b334-ce0d-4e88-aaae-2e0c138d049e",NA,"2115442990"
32.225945,-110.81548,4,"Anatidae","Aythya collaris",2018,2,19,"4fa7b334-ce0d-4e88-aaae-2e0c138d049e",NA,"2140383308"
32.225945,-110.81548,2,"Accipitridae","Accipiter cooperii",2018,2,19,"4fa7b334-ce0d-4e88-aaae-2e0c138d049e",NA,"2115419894"
32.225945,-110.81548,4,"Odontophoridae","Callipepla gambelii",2018,2,19,"4fa7b334-ce0d-4e88-aaae-2e0c138d049e",NA,"2129202247"
32.225945,-110.81548,2,"Picidae","Melanerpes uropygialis",2018,2,19,"4fa7b334-ce0d-4e88-aaae-2e0c138d049e",NA,"2132236440"
32.225945,-110.81548,3,"Tyrannidae","Pyrocephalus rubinus",2018,2,19,"4fa7b334-ce0d-4e88-aaae-2e0c138d049e",NA,"2140359930"
32.224052,-110.80844,3,"Passeridae","Passer domesticus",2018,8,4,"4fa7b334-ce0d-4e88-aaae-2e0c138d049e",NA,"2191675688"
32.224052,-110.80844,2,"Accipitridae","Accipiter cooperii",2018,8,4,"4fa7b334-ce0d-4e88-aaae-2e0c138d049e",NA,"2176260809"
32.224052,-110.80844,3,"Mimidae","Mimus polyglottos",2018,8,4,"4fa7b334-ce0d-4e88-aaae-2e0c138d049e",NA,"2187697570"
32.224052,-110.80844,6,"Picidae","Melanerpes uropygialis",2018,8,4,"4fa7b334-ce0d-4e88-aaae-2e0c138d049e",NA,"2199543867"
32.224052,-110.80844,13,"Fringillidae","Haemorhous mexicanus",2018,8,4,"4fa7b334-ce0d-4e88-aaae-2e0c138d049e",NA,"2176266967"
32.224052,-110.80844,4,"Fringillidae","Spinus psaltria",2018,8,4,"4fa7b334-ce0d-4e88-aaae-2e0c138d049e",NA,"2176283050"
32.224052,-110.80844,24,"Columbidae","Zenaida macroura",2018,8,4,"4fa7b334-ce0d-4e88-aaae-2e0c138d049e",NA,"2191668776"
32.224052,-110.80844,1,"Sturnidae","Sturnus vulgaris",2018,8,4,"4fa7b334-ce0d-4e88-aaae-2e0c138d049e",NA,"2191661286"
32.224052,-110.80844,32,"Columbidae","Zenaida asiatica",2018,8,4,"4fa7b334-ce0d-4e88-aaae-2e0c138d049e",NA,"2187696679"
32.224052,-110.80844,2,"Remizidae","Auriparus flaviceps",2018,8,4,"4fa7b334-ce0d-4e88-aaae-2e0c138d049e",NA,"2187702891"
32.224052,-110.80844,1,"Tyrannidae","Myiarchus tyrannulus",2018,8,4,"4fa7b334-ce0d-4e88-aaae-2e0c138d049e",NA,"2176264223"
32.224052,-110.80844,2,"Icteridae","Quiscalus mexicanus",2018,8,4,"4fa7b334-ce0d-4e88-aaae-2e0c138d049e",NA,"2191670803"
32.224052,-110.80844,1,"Picidae","Melanerpes uropygialis",2018,8,20,"4fa7b334-ce0d-4e88-aaae-2e0c138d049e",NA,"2195701722"
32.224052,-110.80844,4,"Accipitridae","Accipiter cooperii",2018,8,20,"4fa7b334-ce0d-4e88-aaae-2e0c138d049e",NA,"2191541494"
32.224052,-110.80844,61,"Icteridae","Quiscalus mexicanus",2018,8,20,"4fa7b334-ce0d-4e88-aaae-2e0c138d049e",NA,"2191513122"
32.224052,-110.80844,1,"Trochilidae","Calypte anna",2018,8,20,"4fa7b334-ce0d-4e88-aaae-2e0c138d049e",NA,"2191525511"
32.224052,-110.80844,1,"Trochilidae","Archilochus alexandri",2018,8,20,"4fa7b334-ce0d-4e88-aaae-2e0c138d049e",NA,"2191511630"
32.224052,-110.80844,2,"Columbidae","Zenaida asiatica",2018,8,20,"4fa7b334-ce0d-4e88-aaae-2e0c138d049e",NA,"2191503557"
32.224052,-110.80844,2,"Remizidae","Auriparus flaviceps",2018,8,20,"4fa7b334-ce0d-4e88-aaae-2e0c138d049e",NA,"2203497226"
32.224052,-110.80844,9,"Fringillidae","Haemorhous mexicanus",2018,8,20,"4fa7b334-ce0d-4e88-aaae-2e0c138d049e",NA,"2179870996"
32.224052,-110.80844,8,"Columbidae","Zenaida macroura",2018,8,20,"4fa7b334-ce0d-4e88-aaae-2e0c138d049e",NA,"2203493264"
32.224052,-110.80844,4,"Passeridae","Passer domesticus",2018,8,20,"4fa7b334-ce0d-4e88-aaae-2e0c138d049e",NA,"2191535927"
32.224052,-110.80844,8,"Fringillidae","Spinus psaltria",2018,8,20,"4fa7b334-ce0d-4e88-aaae-2e0c138d049e",NA,"2195704541"
32.224052,-110.80844,4,"Corvidae","Corvus corax",2018,8,20,"4fa7b334-ce0d-4e88-aaae-2e0c138d049e",NA,"2179880241"
32.224564,-110.8095,3,"Psittacidae","Agapornis roseicollis",2018,8,27,"4fa7b334-ce0d-4e88-aaae-2e0c138d049e",NA,"2193014492"
32.224564,-110.8095,2,"Columbidae","Zenaida macroura",2018,8,27,"4fa7b334-ce0d-4e88-aaae-2e0c138d049e",NA,"2197410796"
32.224564,-110.8095,5,"Fringillidae","Haemorhous mexicanus",2018,8,27,"4fa7b334-ce0d-4e88-aaae-2e0c138d049e",NA,"2181582735"
32.224564,-110.8095,1,"Icteridae","Quiscalus mexicanus",2018,8,27,"4fa7b334-ce0d-4e88-aaae-2e0c138d049e",NA,"2197410401"
32.23286,-110.814415,1,"Corvidae","Corvus corax",2018,9,15,"4fa7b334-ce0d-4e88-aaae-2e0c138d049e",NA,"2185785133"
32.23502,-110.80725,3,"Corvidae","Corvus corax",2018,10,29,"4fa7b334-ce0d-4e88-aaae-2e0c138d049e",NA,"2214580141"
32.23502,-110.80725,1,"Falconidae","Falco sparverius",2018,10,29,"4fa7b334-ce0d-4e88-aaae-2e0c138d049e",NA,"2199498251"
32.223957,-110.808495,37,"Columbidae","Zenaida macroura",2018,12,13,"4fa7b334-ce0d-4e88-aaae-2e0c138d049e",NA,"2225618016"
32.223957,-110.808495,2,"Fringillidae","Haemorhous mexicanus",2018,12,13,"4fa7b334-ce0d-4e88-aaae-2e0c138d049e",NA,"2222841394"
32.223957,-110.808495,1,"Trochilidae","Calypte anna",2018,12,13,"4fa7b334-ce0d-4e88-aaae-2e0c138d049e",NA,"2225618276"
32.223957,-110.808495,1,"Trochilidae","Calypte anna",2018,12,14,"4fa7b334-ce0d-4e88-aaae-2e0c138d049e",NA,"2225745645"
32.223957,-110.808495,10,"Columbidae","Columba livia",2018,12,14,"4fa7b334-ce0d-4e88-aaae-2e0c138d049e",NA,"2212153030"
32.223957,-110.808495,1,"Remizidae","Auriparus flaviceps",2018,12,14,"4fa7b334-ce0d-4e88-aaae-2e0c138d049e",NA,"2212149586"
32.223957,-110.808495,2,"Picidae","Melanerpes uropygialis",2018,12,14,"4fa7b334-ce0d-4e88-aaae-2e0c138d049e",NA,"2222948731"
32.223957,-110.808495,1,"Falconidae","Falco sparverius",2018,12,14,"4fa7b334-ce0d-4e88-aaae-2e0c138d049e",NA,"2231875609"
32.223957,-110.808495,7,"Fringillidae","Haemorhous mexicanus",2018,12,14,"4fa7b334-ce0d-4e88-aaae-2e0c138d049e",NA,"2222932197"
32.223957,-110.808495,2,"Columbidae","Zenaida macroura",2018,12,14,"4fa7b334-ce0d-4e88-aaae-2e0c138d049e",NA,"2225747206"
32.223957,-110.808495,1,"Corvidae","Corvus corax",2018,12,15,"4fa7b334-ce0d-4e88-aaae-2e0c138d049e",NA,"2212391122"
32.223957,-110.808495,10,"Fringillidae","Haemorhous mexicanus",2018,12,15,"4fa7b334-ce0d-4e88-aaae-2e0c138d049e",NA,"2223045333"
32.223957,-110.808495,2,"Accipitridae","Buteo jamaicensis",2018,12,15,"4fa7b334-ce0d-4e88-aaae-2e0c138d049e",NA,"2231932264"
32.223957,-110.808495,5,"Mimidae","Mimus polyglottos",2018,12,15,"4fa7b334-ce0d-4e88-aaae-2e0c138d049e",NA,"2225912094"
32.223957,-110.808495,47,"Sturnidae","Sturnus vulgaris",2018,12,15,"4fa7b334-ce0d-4e88-aaae-2e0c138d049e",NA,"2212367272"
32.223957,-110.808495,4,"Trochilidae","Calypte anna",2018,12,15,"4fa7b334-ce0d-4e88-aaae-2e0c138d049e",NA,"2212390539"
32.223957,-110.808495,4,"Columbidae","Columba livia",2018,12,15,"4fa7b334-ce0d-4e88-aaae-2e0c138d049e",NA,"2223054725"
32.223957,-110.808495,22,"Columbidae","Zenaida macroura",2018,12,15,"4fa7b334-ce0d-4e88-aaae-2e0c138d049e",NA,"2231931699"
32.223957,-110.808495,6,"Picidae","Melanerpes uropygialis",2018,12,15,"4fa7b334-ce0d-4e88-aaae-2e0c138d049e",NA,"2231932225"
32.223957,-110.808495,2,"Parulidae","Setophaga coronata",2018,12,15,"4fa7b334-ce0d-4e88-aaae-2e0c138d049e",NA,"2231932240"
32.223957,-110.808495,1,"Falconidae","Falco sparverius",2018,12,15,"4fa7b334-ce0d-4e88-aaae-2e0c138d049e",NA,"2225910785"
32.223957,-110.808495,1,"Accipitridae","Accipiter cooperii",2018,12,15,"4fa7b334-ce0d-4e88-aaae-2e0c138d049e",NA,"2212366486"
32.223957,-110.808495,6,"Passeridae","Passer domesticus",2018,12,15,"4fa7b334-ce0d-4e88-aaae-2e0c138d049e",NA,"2225916896"
32.227142,-110.80956,12,"Icteridae","Euphagus cyanocephalus",2017,1,21,"4fa7b334-ce0d-4e88-aaae-2e0c138d049e",NA,"2035472858"
32.227142,-110.80956,3,"Corvidae","Corvus corax",2017,1,21,"4fa7b334-ce0d-4e88-aaae-2e0c138d049e",NA,"2030501356"
32.227142,-110.80956,1,"Mimidae","Mimus polyglottos",2017,1,21,"4fa7b334-ce0d-4e88-aaae-2e0c138d049e",NA,"2040102915"
32.227142,-110.80956,1,"Falconidae","Falco sparverius",2017,1,21,"4fa7b334-ce0d-4e88-aaae-2e0c138d049e",NA,"2030501759"
32.227142,-110.80956,2,"Falconidae","Falco peregrinus",2017,1,21,"4fa7b334-ce0d-4e88-aaae-2e0c138d049e",NA,"2040098600"
32.227142,-110.80956,1,"Fringillidae","Haemorhous mexicanus",2017,1,21,"4fa7b334-ce0d-4e88-aaae-2e0c138d049e",NA,"2030503104"
32.227142,-110.80956,1,"Mimidae","Toxostoma curvirostre",2017,1,28,"4fa7b334-ce0d-4e88-aaae-2e0c138d049e",NA,"2041538199"
32.227142,-110.80956,1,"Accipitridae","Accipiter cooperii",2017,1,28,"4fa7b334-ce0d-4e88-aaae-2e0c138d049e",NA,"2035213985"
32.227142,-110.80956,2,"Falconidae","Falco peregrinus",2017,1,28,"4fa7b334-ce0d-4e88-aaae-2e0c138d049e",NA,"2035210332"
32.227142,-110.80956,NA,"Columbidae","Zenaida macroura",2017,1,28,"4fa7b334-ce0d-4e88-aaae-2e0c138d049e",NA,"2030822507"
32.227142,-110.80956,NA,"Columbidae","Columba livia",2017,1,28,"4fa7b334-ce0d-4e88-aaae-2e0c138d049e",NA,"2030822524"
32.227142,-110.80956,1,"Fringillidae","Haemorhous mexicanus",2017,1,28,"4fa7b334-ce0d-4e88-aaae-2e0c138d049e",NA,"2035213664"
32.227142,-110.80956,12,"Icteridae","Euphagus cyanocephalus",2017,1,28,"4fa7b334-ce0d-4e88-aaae-2e0c138d049e",NA,"2036636443"
32.227142,-110.80956,2,"Falconidae","Falco peregrinus",2017,2,4,"4fa7b334-ce0d-4e88-aaae-2e0c138d049e",NA,"2042791415"
32.227142,-110.80956,1,"Columbidae","Streptopelia decaocto",2017,2,4,"4fa7b334-ce0d-4e88-aaae-2e0c138d049e",NA,"2042786019"
32.227142,-110.80956,10,"Icteridae","Euphagus cyanocephalus",2017,2,4,"4fa7b334-ce0d-4e88-aaae-2e0c138d049e",NA,"2031184344"
32.227142,-110.80956,1,"Accipitridae","Accipiter cooperii",2017,2,4,"4fa7b334-ce0d-4e88-aaae-2e0c138d049e",NA,"2036617773"
32.227142,-110.80956,1,"Fringillidae","Haemorhous mexicanus",2017,2,4,"4fa7b334-ce0d-4e88-aaae-2e0c138d049e",NA,"2036622175"
32.227142,-110.80956,2,"Falconidae","Falco peregrinus",2017,2,18,"4fa7b334-ce0d-4e88-aaae-2e0c138d049e",NA,"2040121686"
32.227142,-110.80956,1,"Tyrannidae","Sayornis saya",2017,2,18,"4fa7b334-ce0d-4e88-aaae-2e0c138d049e",NA,"2044823735"
32.227142,-110.80956,2,"Columbidae","Zenaida macroura",2017,2,18,"4fa7b334-ce0d-4e88-aaae-2e0c138d049e",NA,"2039038577"
32.227142,-110.80956,24,"Icteridae","Euphagus cyanocephalus",2017,2,18,"4fa7b334-ce0d-4e88-aaae-2e0c138d049e",NA,"2039042020"
32.227142,-110.80956,1,"Mimidae","Toxostoma curvirostre",2017,2,19,"4fa7b334-ce0d-4e88-aaae-2e0c138d049e",NA,"2032287884"
32.227142,-110.80956,2,"Falconidae","Falco sparverius",2017,2,19,"4fa7b334-ce0d-4e88-aaae-2e0c138d049e",NA,"2032282798"
32.227142,-110.80956,1,"Falconidae","Falco peregrinus",2017,2,19,"4fa7b334-ce0d-4e88-aaae-2e0c138d049e",NA,"2032289808"
32.227142,-110.80956,1,"Tyrannidae","Sayornis saya",2017,2,19,"4fa7b334-ce0d-4e88-aaae-2e0c138d049e",NA,"2045280799"
32.227142,-110.80956,4,"Columbidae","Zenaida macroura",2017,2,19,"4fa7b334-ce0d-4e88-aaae-2e0c138d049e",NA,"2040421916"
32.227142,-110.80956,1,"Tyrannidae","Pyrocephalus rubinus",2017,2,19,"4fa7b334-ce0d-4e88-aaae-2e0c138d049e",NA,"2040419107"
32.227142,-110.80956,4,"Corvidae","Corvus corax",2017,2,19,"4fa7b334-ce0d-4e88-aaae-2e0c138d049e",NA,"2039574414"
32.227142,-110.80956,2,"Icteridae","Quiscalus mexicanus",2017,3,5,"4fa7b334-ce0d-4e88-aaae-2e0c138d049e",NA,"2050009205"
32.227142,-110.80956,1,"Accipitridae","Accipiter cooperii",2017,3,5,"4fa7b334-ce0d-4e88-aaae-2e0c138d049e",NA,"2034984131"
32.227142,-110.80956,1,"Tyrannidae","Sayornis saya",2017,3,5,"4fa7b334-ce0d-4e88-aaae-2e0c138d049e",NA,"2043909777"
32.227142,-110.80956,1,"Falconidae","Falco peregrinus",2017,3,5,"4fa7b334-ce0d-4e88-aaae-2e0c138d049e",NA,"2034988548"
32.227142,-110.80956,1,"Mimidae","Toxostoma curvirostre",2017,3,5,"4fa7b334-ce0d-4e88-aaae-2e0c138d049e",NA,"2043909717"
32.23286,-110.814415,1,"Accipitridae","Buteo jamaicensis",2017,10,30,"4fa7b334-ce0d-4e88-aaae-2e0c138d049e",NA,"2090310145"
32.227142,-110.80956,1,"Tyrannidae","Sayornis saya",2017,12,9,"4fa7b334-ce0d-4e88-aaae-2e0c138d049e",NA,"2097284588"
32.227142,-110.80956,8,"Columbidae","Zenaida macroura",2017,12,9,"4fa7b334-ce0d-4e88-aaae-2e0c138d049e",NA,"2118605447"
32.227142,-110.80956,1,"Tyrannidae","Pyrocephalus rubinus",2017,12,9,"4fa7b334-ce0d-4e88-aaae-2e0c138d049e",NA,"2109680641"
32.227142,-110.80956,1,"Falconidae","Falco peregrinus",2017,12,9,"4fa7b334-ce0d-4e88-aaae-2e0c138d049e",NA,"2097285598"
32.224921,-110.814565,NA,"Tyrannidae","Myiarchus tyrannulus",2021,6,13,"50c9509d-22c7-4a22-a47d-8c48425ef4a7","iNaturalist research-grade observations","3307507096"
32.232466,-110.81724,NA,"Accipitridae","Buteo jamaicensis",2020,12,14,"50c9509d-22c7-4a22-a47d-8c48425ef4a7","iNaturalist research-grade observations","3005231900"
32.235041,-110.820839,NA,"Trochilidae","Calypte anna",2019,7,29,"50c9509d-22c7-4a22-a47d-8c48425ef4a7","iNaturalist research-grade observations","2331871567"
