"decimalLatitude","decimalLongitude","individualCount","family","species","year","month","day","datasetKey","gbifID"
32.25369,-110.83492,1,"Trochilidae","Calypte costae",2021,1,1,"4fa7b334-ce0d-4e88-aaae-2e0c138d049e","3594194311"
32.253696,-110.835236,3,"Remizidae","Auriparus flaviceps",2021,1,1,"4fa7b334-ce0d-4e88-aaae-2e0c138d049e","3504421258"
32.253696,-110.835236,2,"Ptilogonatidae","Phainopepla nitens",2021,1,1,"4fa7b334-ce0d-4e88-aaae-2e0c138d049e","3504277229"
32.253696,-110.835236,1,"Parulidae","Setophaga coronata",2021,1,1,"4fa7b334-ce0d-4e88-aaae-2e0c138d049e","3505424374"
32.253696,-110.835236,3,"Passeridae","Passer domesticus",2021,1,1,"4fa7b334-ce0d-4e88-aaae-2e0c138d049e","3504832352"
32.253696,-110.835236,15,"Fringillidae","Haemorhous mexicanus",2021,1,1,"4fa7b334-ce0d-4e88-aaae-2e0c138d049e","3504510380"
32.253696,-110.835236,2,"Picidae","Melanerpes uropygialis",2021,1,1,"4fa7b334-ce0d-4e88-aaae-2e0c138d049e","3504525375"
32.253696,-110.835236,24,"Columbidae","Zenaida macroura",2021,1,1,"4fa7b334-ce0d-4e88-aaae-2e0c138d049e","3504535369"
32.253696,-110.835236,9,"Fringillidae","Spinus psaltria",2021,1,1,"4fa7b334-ce0d-4e88-aaae-2e0c138d049e","3505309349"
32.253696,-110.835236,1,"Fringillidae","Spinus pinus",2021,1,1,"4fa7b334-ce0d-4e88-aaae-2e0c138d049e","3504871340"
32.253696,-110.835236,6,"Emberizidae","Zonotrichia leucophrys",2021,1,1,"4fa7b334-ce0d-4e88-aaae-2e0c138d049e","3506478337"
32.253696,-110.835236,1,"Trochilidae","Calypte anna",2021,1,1,"4fa7b334-ce0d-4e88-aaae-2e0c138d049e","3509085304"
32.25369,-110.83492,5,"Fringillidae","Spinus psaltria",2021,1,1,"4fa7b334-ce0d-4e88-aaae-2e0c138d049e","3505430774"
32.25369,-110.83492,1,"Trochilidae","Cynanthus latirostris",2021,1,1,"4fa7b334-ce0d-4e88-aaae-2e0c138d049e","3505808776"
32.25369,-110.83492,6,"Columbidae","Zenaida macroura",2021,1,1,"4fa7b334-ce0d-4e88-aaae-2e0c138d049e","3504908795"
32.25369,-110.83492,1,"Parulidae","Setophaga coronata",2021,1,1,"4fa7b334-ce0d-4e88-aaae-2e0c138d049e","3504495750"
32.25369,-110.83492,4,"Fringillidae","Haemorhous mexicanus",2021,1,1,"4fa7b334-ce0d-4e88-aaae-2e0c138d049e","3504489761"
32.25369,-110.83492,1,"Remizidae","Auriparus flaviceps",2021,1,1,"4fa7b334-ce0d-4e88-aaae-2e0c138d049e","3505285742"
32.25369,-110.83492,1,"Trochilidae","Calypte costae",2021,1,1,"4fa7b334-ce0d-4e88-aaae-2e0c138d049e","3506305730"
32.25369,-110.83492,1,"Parulidae","Leiothlypis celata",2021,1,2,"4fa7b334-ce0d-4e88-aaae-2e0c138d049e","3508053616"
32.25369,-110.83492,1,"Parulidae","Setophaga nigrescens",2021,1,6,"4fa7b334-ce0d-4e88-aaae-2e0c138d049e","3587694059"
32.25369,-110.83492,1,"Emberizidae","Melospiza lincolnii",2021,3,8,"4fa7b334-ce0d-4e88-aaae-2e0c138d049e","3673054304"
32.25369,-110.83492,1,"Cathartidae","Cathartes aura",2021,3,11,"4fa7b334-ce0d-4e88-aaae-2e0c138d049e","3535336598"
32.25378,-110.83494,1,"Parulidae","Leiothlypis luciae",2021,3,12,"4fa7b334-ce0d-4e88-aaae-2e0c138d049e","3537960879"
32.25369,-110.83492,1,"Strigidae","Bubo virginianus",2021,3,15,"4fa7b334-ce0d-4e88-aaae-2e0c138d049e","3513749294"
32.25369,-110.83492,2,"Emberizidae","Zonotrichia leucophrys",2021,4,9,"4fa7b334-ce0d-4e88-aaae-2e0c138d049e","3521383365"
32.25369,-110.83492,1,"Columbidae","Zenaida asiatica",2021,4,9,"4fa7b334-ce0d-4e88-aaae-2e0c138d049e","3560055147"
32.25369,-110.83492,1,"Emberizidae","Zonotrichia leucophrys",2021,4,19,"4fa7b334-ce0d-4e88-aaae-2e0c138d049e","3567070521"
32.253902,-110.83285,1,"Parulidae","Cardellina pusilla",2021,4,19,"4fa7b334-ce0d-4e88-aaae-2e0c138d049e","3567913872"
32.257584,-110.832794,1,"Emberizidae","Chondestes grammacus",2021,4,21,"4fa7b334-ce0d-4e88-aaae-2e0c138d049e","3526994348"
32.257584,-110.832794,1,"Emberizidae","Spizella passerina",2021,4,21,"4fa7b334-ce0d-4e88-aaae-2e0c138d049e","3528552169"
32.25631,-110.83618,1,"Tyrannidae","Myiarchus tyrannulus",2021,4,29,"4fa7b334-ce0d-4e88-aaae-2e0c138d049e","3544381189"
32.253693,-110.83464,1,"Tyrannidae","Contopus sordidulus",2021,5,5,"4fa7b334-ce0d-4e88-aaae-2e0c138d049e","3554885743"
32.25369,-110.83492,1,"Tyrannidae","Myiarchus tyrannulus",2021,5,10,"4fa7b334-ce0d-4e88-aaae-2e0c138d049e","3518800863"
32.25369,-110.83492,1,"Tyrannidae","Myiarchus tyrannulus",2021,5,15,"4fa7b334-ce0d-4e88-aaae-2e0c138d049e","3642664266"
32.25369,-110.83492,4,"Corvidae","Corvus corax",2021,5,17,"4fa7b334-ce0d-4e88-aaae-2e0c138d049e","3530518311"
32.25369,-110.83492,1,"Vireonidae","Vireo bellii",2021,7,17,"4fa7b334-ce0d-4e88-aaae-2e0c138d049e","3684711611"
32.25369,-110.83492,2,"Cardinalidae","Piranga ludoviciana",2021,9,6,"4fa7b334-ce0d-4e88-aaae-2e0c138d049e","3665998129"
32.25369,-110.83492,2,"Picidae","Colaptes auratus",2021,10,18,"4fa7b334-ce0d-4e88-aaae-2e0c138d049e","3681718931"
32.256893,-110.83618,1,"Pandionidae","Pandion haliaetus",2021,10,22,"4fa7b334-ce0d-4e88-aaae-2e0c138d049e","3647523957"
32.256245,-110.832405,1,"Falconidae","Falco columbarius",2021,12,28,"4fa7b334-ce0d-4e88-aaae-2e0c138d049e","3657066243"
32.25602,-110.83643,4,"Polioptilidae","Polioptila melanura",2020,7,17,"4fa7b334-ce0d-4e88-aaae-2e0c138d049e","3285736430"
32.254055,-110.832634,1,"Caprimulgidae","Chordeiles acutipennis",2020,7,25,"4fa7b334-ce0d-4e88-aaae-2e0c138d049e","3178978831"
32.256386,-110.834694,1,"Picidae","Dryobates scalaris",2020,10,28,"4fa7b334-ce0d-4e88-aaae-2e0c138d049e","3191356835"
32.25369,-110.83492,1,"Cuculidae","Geococcyx californianus",2020,10,24,"4fa7b334-ce0d-4e88-aaae-2e0c138d049e","3274970753"
32.25369,-110.83492,1,"Picidae","Dryobates scalaris",2020,10,31,"4fa7b334-ce0d-4e88-aaae-2e0c138d049e","3187691621"
32.255745,-110.83626,1,"Parulidae","Setophaga nigrescens",2020,10,15,"4fa7b334-ce0d-4e88-aaae-2e0c138d049e","3260237753"
32.25369,-110.83492,1,"Parulidae","Leiothlypis celata",2020,11,9,"4fa7b334-ce0d-4e88-aaae-2e0c138d049e","3192642577"
32.25369,-110.83492,2,"Passeridae","Passer domesticus",2020,11,9,"4fa7b334-ce0d-4e88-aaae-2e0c138d049e","3292474386"
32.25369,-110.83492,1,"Parulidae","Setophaga coronata",2020,12,4,"4fa7b334-ce0d-4e88-aaae-2e0c138d049e","3198969377"
32.25369,-110.83492,1,"Fringillidae","Spinus pinus",2020,12,11,"4fa7b334-ce0d-4e88-aaae-2e0c138d049e","3204943067"
32.25379,-110.83486,1,"Trochilidae","Calypte costae",2020,12,12,"4fa7b334-ce0d-4e88-aaae-2e0c138d049e","3282442202"
32.257034,-110.83475,1,"Regulidae","Regulus calendula",2020,12,12,"4fa7b334-ce0d-4e88-aaae-2e0c138d049e","3203425053"
32.253845,-110.83243,1,"Remizidae","Auriparus flaviceps",2020,12,12,"4fa7b334-ce0d-4e88-aaae-2e0c138d049e","3261776680"
32.253845,-110.83243,1,"Columbidae","Zenaida macroura",2020,12,12,"4fa7b334-ce0d-4e88-aaae-2e0c138d049e","3268288013"
32.253845,-110.83243,5,"Emberizidae","Zonotrichia leucophrys",2020,12,12,"4fa7b334-ce0d-4e88-aaae-2e0c138d049e","3269150883"
32.253845,-110.83243,1,"Picidae","Melanerpes uropygialis",2020,12,12,"4fa7b334-ce0d-4e88-aaae-2e0c138d049e","3262792080"
32.253845,-110.83243,1,"Ptilogonatidae","Phainopepla nitens",2020,12,12,"4fa7b334-ce0d-4e88-aaae-2e0c138d049e","3263237034"
32.253845,-110.83243,13,"Fringillidae","Haemorhous mexicanus",2020,12,12,"4fa7b334-ce0d-4e88-aaae-2e0c138d049e","3299829260"
32.253845,-110.83243,13,"Fringillidae","Spinus psaltria",2020,12,12,"4fa7b334-ce0d-4e88-aaae-2e0c138d049e","3267604918"
32.25369,-110.83492,1,"Accipitridae","Buteo jamaicensis",2020,12,16,"4fa7b334-ce0d-4e88-aaae-2e0c138d049e","3214671619"
32.25369,-110.83492,1,"Vireonidae","Vireo huttoni",2020,12,19,"4fa7b334-ce0d-4e88-aaae-2e0c138d049e","3198738715"
32.25369,-110.83492,1,"Accipitridae","Accipiter cooperii",2020,12,20,"4fa7b334-ce0d-4e88-aaae-2e0c138d049e","3195386588"
32.25369,-110.83492,1,"Parulidae","Setophaga nigrescens",2020,12,21,"4fa7b334-ce0d-4e88-aaae-2e0c138d049e","3209685925"
32.25369,-110.83492,1,"Regulidae","Regulus calendula",2020,12,24,"4fa7b334-ce0d-4e88-aaae-2e0c138d049e","3213513157"
32.252995,-110.833664,1,"Trochilidae","Calypte costae",2020,12,26,"4fa7b334-ce0d-4e88-aaae-2e0c138d049e","3289203606"
32.25369,-110.83492,1,"Trochilidae","Calypte costae",2020,12,29,"4fa7b334-ce0d-4e88-aaae-2e0c138d049e","3209516038"
32.25369,-110.83492,1,"Parulidae","Setophaga nigrescens",2020,12,31,"4fa7b334-ce0d-4e88-aaae-2e0c138d049e","3215468506"
32.25369,-110.83492,1,"Parulidae","Setophaga coronata",2020,12,31,"4fa7b334-ce0d-4e88-aaae-2e0c138d049e","3300245440"
32.25369,-110.83492,1,"Trochilidae","Calypte costae",2020,12,31,"4fa7b334-ce0d-4e88-aaae-2e0c138d049e","3215325343"
32.25369,-110.83492,1,"Fringillidae","Spinus pinus",2020,12,31,"4fa7b334-ce0d-4e88-aaae-2e0c138d049e","3216501548"
