"decimalLatitude","decimalLongitude","individualCount","family","species","year","month","day","datasetKey","gbifID"
32.227737,-110.83024,1,"Trochilidae","Cynanthus latirostris",2021,1,17,"4fa7b334-ce0d-4e88-aaae-2e0c138d049e","3589429530"
32.227737,-110.83024,1,"Trochilidae","Calypte anna",2021,1,17,"4fa7b334-ce0d-4e88-aaae-2e0c138d049e","3589260454"
32.227737,-110.83024,1,"Accipitridae","Buteo jamaicensis",2021,1,17,"4fa7b334-ce0d-4e88-aaae-2e0c138d049e","3589082066"
32.225037,-110.82936,1,"Columbidae","Zenaida asiatica",2018,1,14,"4fa7b334-ce0d-4e88-aaae-2e0c138d049e","2105413794"
32.225037,-110.82936,2,"Emberizidae","Melospiza melodia",2018,1,14,"4fa7b334-ce0d-4e88-aaae-2e0c138d049e","2119202202"
32.225037,-110.82936,2,"Trochilidae","Calypte anna",2018,1,14,"4fa7b334-ce0d-4e88-aaae-2e0c138d049e","2120696496"
32.225037,-110.82936,1,"Emberizidae","Zonotrichia leucophrys",2018,1,14,"4fa7b334-ce0d-4e88-aaae-2e0c138d049e","2129154147"
32.225037,-110.82936,3,"Fringillidae","Haemorhous mexicanus",2018,1,14,"4fa7b334-ce0d-4e88-aaae-2e0c138d049e","2119201771"
32.225037,-110.82936,4,"Columbidae","Zenaida macroura",2018,1,14,"4fa7b334-ce0d-4e88-aaae-2e0c138d049e","2105425918"
32.225037,-110.82936,1,"Tyrannidae","Pyrocephalus rubinus",2018,1,14,"4fa7b334-ce0d-4e88-aaae-2e0c138d049e","2119207263"
32.225037,-110.82936,2,"Accipitridae","Accipiter cooperii",2018,1,14,"4fa7b334-ce0d-4e88-aaae-2e0c138d049e","2129140845"
32.22776,-110.83009,1,"Emberizidae","Peucaea carpalis",2018,8,12,"4fa7b334-ce0d-4e88-aaae-2e0c138d049e","2189405836"
32.22776,-110.83009,1,"Trochilidae","Calypte anna",2018,8,12,"4fa7b334-ce0d-4e88-aaae-2e0c138d049e","2189406015"
32.22776,-110.83009,1,"Tyrannidae","Myiarchus cinerascens",2018,8,12,"4fa7b334-ce0d-4e88-aaae-2e0c138d049e","2201702014"
32.22776,-110.83009,3,"Remizidae","Auriparus flaviceps",2018,8,12,"4fa7b334-ce0d-4e88-aaae-2e0c138d049e","2193747829"
32.22776,-110.83009,1,"Polioptilidae","Polioptila melanura",2018,8,12,"4fa7b334-ce0d-4e88-aaae-2e0c138d049e","2189405975"
