"decimalLatitude","decimalLongitude","individualCount","family","species","year","month","day","datasetKey","gbifID"
32.254936,-110.917114,1,"Picidae","Melanerpes uropygialis",2021,2,11,"4fa7b334-ce0d-4e88-aaae-2e0c138d049e","3597019180"
32.254936,-110.917114,3,"Columbidae","Zenaida macroura",2021,2,11,"4fa7b334-ce0d-4e88-aaae-2e0c138d049e","3596186861"
32.254936,-110.917114,2,"Picidae","Colaptes auratus",2021,2,12,"4fa7b334-ce0d-4e88-aaae-2e0c138d049e","3522744587"
32.254936,-110.917114,2,"Picidae","Melanerpes uropygialis",2021,2,12,"4fa7b334-ce0d-4e88-aaae-2e0c138d049e","3519715822"
32.254936,-110.917114,1,"Trochilidae","Calypte anna",2021,2,12,"4fa7b334-ce0d-4e88-aaae-2e0c138d049e","3513577219"
32.254936,-110.917114,1,"Remizidae","Auriparus flaviceps",2021,2,12,"4fa7b334-ce0d-4e88-aaae-2e0c138d049e","3511668791"
32.254936,-110.917114,1,"Mimidae","Mimus polyglottos",2021,2,12,"4fa7b334-ce0d-4e88-aaae-2e0c138d049e","3540848169"
32.254936,-110.917114,1,"Trochilidae","Cynanthus latirostris",2021,2,12,"4fa7b334-ce0d-4e88-aaae-2e0c138d049e","3668817047"
32.254936,-110.917114,2,"Picidae","Melanerpes uropygialis",2021,2,12,"4fa7b334-ce0d-4e88-aaae-2e0c138d049e","3671087081"
32.254936,-110.917114,1,"Columbidae","Zenaida macroura",2021,2,12,"4fa7b334-ce0d-4e88-aaae-2e0c138d049e","3670923706"
32.254936,-110.917114,1,"Trochilidae","Calypte anna",2021,2,12,"4fa7b334-ce0d-4e88-aaae-2e0c138d049e","3669054643"
32.254936,-110.917114,1,"Mimidae","Mimus polyglottos",2021,2,12,"4fa7b334-ce0d-4e88-aaae-2e0c138d049e","3669660046"
32.25442,-110.91261,2,"Fringillidae","Haemorhous mexicanus",2021,2,12,"4fa7b334-ce0d-4e88-aaae-2e0c138d049e","3589980537"
32.25442,-110.91261,1,"Remizidae","Auriparus flaviceps",2021,2,12,"4fa7b334-ce0d-4e88-aaae-2e0c138d049e","3590066013"
32.25442,-110.91261,1,"Picidae","Melanerpes uropygialis",2021,2,12,"4fa7b334-ce0d-4e88-aaae-2e0c138d049e","3590588326"
32.25442,-110.91261,3,"Columbidae","Zenaida macroura",2021,2,12,"4fa7b334-ce0d-4e88-aaae-2e0c138d049e","3590390305"
32.254936,-110.917114,2,"Picidae","Melanerpes uropygialis",2021,2,12,"4fa7b334-ce0d-4e88-aaae-2e0c138d049e","3507392591"
32.254936,-110.917114,1,"Mimidae","Mimus polyglottos",2021,2,12,"4fa7b334-ce0d-4e88-aaae-2e0c138d049e","3506465546"
32.254936,-110.917114,2,"Columbidae","Zenaida macroura",2021,2,12,"4fa7b334-ce0d-4e88-aaae-2e0c138d049e","3507336146"
32.254936,-110.917114,2,"Picidae","Melanerpes uropygialis",2021,2,12,"4fa7b334-ce0d-4e88-aaae-2e0c138d049e","3507525434"
32.254936,-110.917114,2,"Columbidae","Zenaida macroura",2021,2,12,"4fa7b334-ce0d-4e88-aaae-2e0c138d049e","3506133273"
32.254936,-110.917114,1,"Fringillidae","Haemorhous mexicanus",2021,2,12,"4fa7b334-ce0d-4e88-aaae-2e0c138d049e","3506805905"
32.254936,-110.917114,1,"Trochilidae","Cynanthus latirostris",2021,2,12,"4fa7b334-ce0d-4e88-aaae-2e0c138d049e","3507046010"
32.254936,-110.917114,1,"Trochilidae","Calypte anna",2021,2,12,"4fa7b334-ce0d-4e88-aaae-2e0c138d049e","3508524608"
32.254936,-110.917114,3,"Picidae","Melanerpes uropygialis",2021,2,12,"4fa7b334-ce0d-4e88-aaae-2e0c138d049e","3587996902"
32.254936,-110.917114,5,"Fringillidae","Haemorhous mexicanus",2021,2,12,"4fa7b334-ce0d-4e88-aaae-2e0c138d049e","3587472458"
32.254936,-110.917114,1,"Trochilidae","Calypte anna",2021,2,12,"4fa7b334-ce0d-4e88-aaae-2e0c138d049e","3587763739"
32.254936,-110.917114,3,"Columbidae","Zenaida macroura",2021,2,12,"4fa7b334-ce0d-4e88-aaae-2e0c138d049e","3587135715"
32.254936,-110.917114,1,"Mimidae","Mimus polyglottos",2021,2,12,"4fa7b334-ce0d-4e88-aaae-2e0c138d049e","3587159156"
32.254936,-110.917114,1,"Emberizidae","Zonotrichia leucophrys",2021,2,12,"4fa7b334-ce0d-4e88-aaae-2e0c138d049e","3587501139"
32.254936,-110.917114,1,"Remizidae","Auriparus flaviceps",2021,2,13,"4fa7b334-ce0d-4e88-aaae-2e0c138d049e","3607038061"
32.254936,-110.917114,1,"Trochilidae","Calypte anna",2021,2,13,"4fa7b334-ce0d-4e88-aaae-2e0c138d049e","3610041629"
32.254936,-110.917114,1,"Mimidae","Mimus polyglottos",2021,2,13,"4fa7b334-ce0d-4e88-aaae-2e0c138d049e","3612431588"
32.254936,-110.917114,2,"Picidae","Melanerpes uropygialis",2021,2,13,"4fa7b334-ce0d-4e88-aaae-2e0c138d049e","3614409782"
32.254936,-110.917114,1,"Fringillidae","Haemorhous mexicanus",2021,2,13,"4fa7b334-ce0d-4e88-aaae-2e0c138d049e","3506307361"
32.254936,-110.917114,1,"Trochilidae","Calypte anna",2021,2,13,"4fa7b334-ce0d-4e88-aaae-2e0c138d049e","3507101112"
32.254936,-110.917114,1,"Remizidae","Auriparus flaviceps",2021,2,13,"4fa7b334-ce0d-4e88-aaae-2e0c138d049e","3511187604"
32.254936,-110.917114,2,"Columbidae","Zenaida macroura",2021,2,13,"4fa7b334-ce0d-4e88-aaae-2e0c138d049e","3514939182"
32.254936,-110.917114,2,"Picidae","Melanerpes uropygialis",2021,2,13,"4fa7b334-ce0d-4e88-aaae-2e0c138d049e","3519902487"
32.254936,-110.917114,2,"Picidae","Melanerpes uropygialis",2021,2,13,"4fa7b334-ce0d-4e88-aaae-2e0c138d049e","3590335357"
32.254936,-110.917114,1,"Trochilidae","Calypte anna",2021,2,13,"4fa7b334-ce0d-4e88-aaae-2e0c138d049e","3591437209"
32.254936,-110.917114,1,"Mimidae","Mimus polyglottos",2021,2,13,"4fa7b334-ce0d-4e88-aaae-2e0c138d049e","3597118031"
32.254936,-110.917114,2,"Fringillidae","Haemorhous mexicanus",2021,2,13,"4fa7b334-ce0d-4e88-aaae-2e0c138d049e","3589577512"
32.254936,-110.917114,1,"Columbidae","Zenaida macroura",2021,2,13,"4fa7b334-ce0d-4e88-aaae-2e0c138d049e","3588281746"
32.254936,-110.917114,1,"Trochilidae","Calypte anna",2021,2,13,"4fa7b334-ce0d-4e88-aaae-2e0c138d049e","3587776965"
32.254936,-110.917114,2,"Fringillidae","Haemorhous mexicanus",2021,2,13,"4fa7b334-ce0d-4e88-aaae-2e0c138d049e","3589142466"
32.254936,-110.917114,2,"Columbidae","Zenaida macroura",2021,2,13,"4fa7b334-ce0d-4e88-aaae-2e0c138d049e","3588702413"
32.254936,-110.917114,2,"Picidae","Melanerpes uropygialis",2021,2,13,"4fa7b334-ce0d-4e88-aaae-2e0c138d049e","3590252610"
32.254936,-110.917114,1,"Trochilidae","Calypte anna",2021,2,13,"4fa7b334-ce0d-4e88-aaae-2e0c138d049e","3670648779"
32.254936,-110.917114,4,"Fringillidae","Haemorhous mexicanus",2021,2,13,"4fa7b334-ce0d-4e88-aaae-2e0c138d049e","3669158862"
32.254936,-110.917114,1,"Columbidae","Zenaida macroura",2021,2,13,"4fa7b334-ce0d-4e88-aaae-2e0c138d049e","3670904605"
32.254417,-110.912605,1,"Parulidae","Setophaga coronata",2021,2,13,"4fa7b334-ce0d-4e88-aaae-2e0c138d049e","3520446614"
32.254936,-110.917114,2,"Fringillidae","Haemorhous mexicanus",2021,2,14,"4fa7b334-ce0d-4e88-aaae-2e0c138d049e","3601922846"
32.254936,-110.917114,3,"Columbidae","Zenaida macroura",2021,2,14,"4fa7b334-ce0d-4e88-aaae-2e0c138d049e","3601275730"
32.254936,-110.917114,1,"Mimidae","Mimus polyglottos",2021,2,14,"4fa7b334-ce0d-4e88-aaae-2e0c138d049e","3601172555"
32.254936,-110.917114,1,"Picidae","Melanerpes uropygialis",2021,2,14,"4fa7b334-ce0d-4e88-aaae-2e0c138d049e","3608977140"
32.254936,-110.917114,2,"Picidae","Melanerpes uropygialis",2021,2,14,"4fa7b334-ce0d-4e88-aaae-2e0c138d049e","3513976379"
32.254936,-110.917114,1,"Mimidae","Mimus polyglottos",2021,2,14,"4fa7b334-ce0d-4e88-aaae-2e0c138d049e","3513454251"
32.254936,-110.917114,2,"Fringillidae","Haemorhous mexicanus",2021,2,14,"4fa7b334-ce0d-4e88-aaae-2e0c138d049e","3509013228"
32.254936,-110.917114,2,"Columbidae","Zenaida macroura",2021,2,14,"4fa7b334-ce0d-4e88-aaae-2e0c138d049e","3512497060"
32.254936,-110.917114,2,"Picidae","Melanerpes uropygialis",2021,2,15,"4fa7b334-ce0d-4e88-aaae-2e0c138d049e","3507176780"
32.254936,-110.917114,1,"Mimidae","Mimus polyglottos",2021,2,15,"4fa7b334-ce0d-4e88-aaae-2e0c138d049e","3507682016"
32.254936,-110.917114,1,"Columbidae","Zenaida macroura",2021,2,15,"4fa7b334-ce0d-4e88-aaae-2e0c138d049e","3510857725"
32.254936,-110.917114,1,"Trochilidae","Calypte anna",2021,2,15,"4fa7b334-ce0d-4e88-aaae-2e0c138d049e","3511337662"
32.254936,-110.917114,1,"Columbidae","Zenaida macroura",2021,2,15,"4fa7b334-ce0d-4e88-aaae-2e0c138d049e","3600447800"
32.254936,-110.917114,1,"Remizidae","Auriparus flaviceps",2021,2,15,"4fa7b334-ce0d-4e88-aaae-2e0c138d049e","3599578731"
32.254936,-110.917114,1,"Mimidae","Mimus polyglottos",2021,2,15,"4fa7b334-ce0d-4e88-aaae-2e0c138d049e","3597626908"
32.254936,-110.917114,3,"Fringillidae","Haemorhous mexicanus",2021,2,15,"4fa7b334-ce0d-4e88-aaae-2e0c138d049e","3600565421"
32.254936,-110.917114,2,"Picidae","Melanerpes uropygialis",2021,2,15,"4fa7b334-ce0d-4e88-aaae-2e0c138d049e","3613346530"
32.254936,-110.917114,2,"Trochilidae","Calypte anna",2021,2,15,"4fa7b334-ce0d-4e88-aaae-2e0c138d049e","3604445963"
32.254936,-110.917114,1,"Remizidae","Auriparus flaviceps",2021,2,15,"4fa7b334-ce0d-4e88-aaae-2e0c138d049e","3602446280"
32.254936,-110.917114,1,"Columbidae","Zenaida macroura",2021,2,15,"4fa7b334-ce0d-4e88-aaae-2e0c138d049e","3604818662"
32.254936,-110.917114,3,"Fringillidae","Haemorhous mexicanus",2021,2,15,"4fa7b334-ce0d-4e88-aaae-2e0c138d049e","3605059783"
32.254936,-110.917114,2,"Picidae","Melanerpes uropygialis",2021,2,15,"4fa7b334-ce0d-4e88-aaae-2e0c138d049e","3609581243"
32.254936,-110.917114,1,"Mimidae","Mimus polyglottos",2021,2,15,"4fa7b334-ce0d-4e88-aaae-2e0c138d049e","3606928083"
32.254936,-110.917114,1,"Trochilidae","Cynanthus latirostris",2021,2,21,"4fa7b334-ce0d-4e88-aaae-2e0c138d049e","3623693161"
32.254936,-110.917114,2,"Picidae","Melanerpes uropygialis",2021,2,21,"4fa7b334-ce0d-4e88-aaae-2e0c138d049e","3613913513"
32.254936,-110.917114,1,"Columbidae","Zenaida macroura",2021,2,21,"4fa7b334-ce0d-4e88-aaae-2e0c138d049e","3607353883"
32.254936,-110.917114,1,"Trochilidae","Calypte anna",2021,2,21,"4fa7b334-ce0d-4e88-aaae-2e0c138d049e","3602592241"
32.254936,-110.917114,1,"Mimidae","Mimus polyglottos",2021,2,21,"4fa7b334-ce0d-4e88-aaae-2e0c138d049e","3602108737"
32.25785,-110.90981,1,"Accipitridae","Buteo jamaicensis",2019,11,20,"4fa7b334-ce0d-4e88-aaae-2e0c138d049e","2722530393"
32.25785,-110.90981,7,"Columbidae","Columba livia",2019,11,20,"4fa7b334-ce0d-4e88-aaae-2e0c138d049e","2704279270"
32.25785,-110.90981,1,"Accipitridae","Parabuteo unicinctus",2018,10,31,"4fa7b334-ce0d-4e88-aaae-2e0c138d049e","2223899934"
32.250587,-110.91287,2,"Sturnidae","Sturnus vulgaris",2017,6,24,"4fa7b334-ce0d-4e88-aaae-2e0c138d049e","2065047064"
32.250587,-110.91287,2,"Columbidae","Columba livia",2017,6,24,"4fa7b334-ce0d-4e88-aaae-2e0c138d049e","2065065727"
