"decimalLatitude","decimalLongitude","individualCount","family","species","year","month","day","datasetKey","gbifID"
32.226334,-110.88477,3,"Columbidae","Zenaida macroura",2020,12,16,"4fa7b334-ce0d-4e88-aaae-2e0c138d049e","3274381514"
32.226334,-110.88477,1,"Cardinalidae","Cardinalis cardinalis",2020,12,16,"4fa7b334-ce0d-4e88-aaae-2e0c138d049e","3282851469"
32.226334,-110.88477,1,"Accipitridae","Accipiter cooperii",2020,12,16,"4fa7b334-ce0d-4e88-aaae-2e0c138d049e","3292197442"
32.226334,-110.88477,1,"Picidae","Melanerpes uropygialis",2020,12,16,"4fa7b334-ce0d-4e88-aaae-2e0c138d049e","3286454556"
32.226334,-110.88477,3,"Fringillidae","Haemorhous mexicanus",2020,12,16,"4fa7b334-ce0d-4e88-aaae-2e0c138d049e","3210774045"
32.226334,-110.88477,1,"Remizidae","Auriparus flaviceps",2020,12,16,"4fa7b334-ce0d-4e88-aaae-2e0c138d049e","3213431040"
32.226334,-110.88477,1,"Trochilidae","Cynanthus latirostris",2020,12,16,"4fa7b334-ce0d-4e88-aaae-2e0c138d049e","3207315984"
32.226334,-110.88477,3,"Emberizidae","Melozone aberti",2020,12,16,"4fa7b334-ce0d-4e88-aaae-2e0c138d049e","3211674193"
32.226334,-110.88477,1,"Tyrannidae","Pyrocephalus rubinus",2020,12,16,"4fa7b334-ce0d-4e88-aaae-2e0c138d049e","3196549088"
32.226334,-110.88477,5,"Passeridae","Passer domesticus",2020,12,16,"4fa7b334-ce0d-4e88-aaae-2e0c138d049e","3213743285"
