"decimalLatitude","decimalLongitude","individualCount","family","species","year","month","day","datasetKey","datasetName","gbifID"
32.272728,-110.870476,1,"Picidae","Melanerpes uropygialis",2021,4,30,"4fa7b334-ce0d-4e88-aaae-2e0c138d049e",NA,"3686958253"
32.272728,-110.870476,4,"Fringillidae","Haemorhous mexicanus",2021,4,30,"4fa7b334-ce0d-4e88-aaae-2e0c138d049e",NA,"3683363667"
32.272728,-110.870476,2,"Columbidae","Zenaida asiatica",2021,4,30,"4fa7b334-ce0d-4e88-aaae-2e0c138d049e",NA,"3685456900"
32.272728,-110.870476,1,"Parulidae","Leiothlypis luciae",2021,4,30,"4fa7b334-ce0d-4e88-aaae-2e0c138d049e",NA,"3685348471"
32.272728,-110.870476,2,"Fringillidae","Spinus psaltria",2021,4,30,"4fa7b334-ce0d-4e88-aaae-2e0c138d049e",NA,"3687832960"
32.272728,-110.870476,4,"Columbidae","Zenaida macroura",2021,4,30,"4fa7b334-ce0d-4e88-aaae-2e0c138d049e",NA,"3693048022"
32.272728,-110.870476,2,"Trochilidae","Calypte anna",2021,4,30,"4fa7b334-ce0d-4e88-aaae-2e0c138d049e",NA,"3693336690"
32.270008,-110.87192,4,"Emberizidae","Melozone aberti",2021,12,1,"4fa7b334-ce0d-4e88-aaae-2e0c138d049e",NA,"3580814639"
32.270008,-110.87192,2,"Picidae","Colaptes auratus",2021,12,1,"4fa7b334-ce0d-4e88-aaae-2e0c138d049e",NA,"3575677290"
32.270008,-110.87192,5,"Cardinalidae","Cardinalis sinuatus",2021,12,1,"4fa7b334-ce0d-4e88-aaae-2e0c138d049e",NA,"3577831962"
32.270008,-110.87192,2,"Tyrannidae","Sayornis saya",2021,12,1,"4fa7b334-ce0d-4e88-aaae-2e0c138d049e",NA,"3577158903"
32.270008,-110.87192,1,"Parulidae","Setophaga coronata",2021,12,1,"4fa7b334-ce0d-4e88-aaae-2e0c138d049e",NA,"3580516056"
32.270008,-110.87192,3,"Emberizidae","Zonotrichia leucophrys",2021,12,1,"4fa7b334-ce0d-4e88-aaae-2e0c138d049e",NA,"3578067434"
32.270008,-110.87192,1,"Picidae","Melanerpes uropygialis",2021,12,1,"4fa7b334-ce0d-4e88-aaae-2e0c138d049e",NA,"3585037048"
32.270008,-110.87192,4,"Emberizidae","Melozone aberti",2021,12,1,"4fa7b334-ce0d-4e88-aaae-2e0c138d049e",NA,"3584022627"
32.270008,-110.87192,2,"Picidae","Colaptes auratus",2021,12,1,"4fa7b334-ce0d-4e88-aaae-2e0c138d049e",NA,"3578043634"
32.270008,-110.87192,5,"Cardinalidae","Cardinalis sinuatus",2021,12,1,"4fa7b334-ce0d-4e88-aaae-2e0c138d049e",NA,"3572834352"
32.270008,-110.87192,2,"Tyrannidae","Sayornis saya",2021,12,1,"4fa7b334-ce0d-4e88-aaae-2e0c138d049e",NA,"3573184768"
32.270008,-110.87192,1,"Parulidae","Setophaga coronata",2021,12,1,"4fa7b334-ce0d-4e88-aaae-2e0c138d049e",NA,"3579397207"
32.270008,-110.87192,3,"Emberizidae","Zonotrichia leucophrys",2021,12,1,"4fa7b334-ce0d-4e88-aaae-2e0c138d049e",NA,"3568503311"
32.270008,-110.87192,1,"Picidae","Melanerpes uropygialis",2021,12,1,"4fa7b334-ce0d-4e88-aaae-2e0c138d049e",NA,"3568734997"
32.273087,-110.87206,1,"Ptilogonatidae","Phainopepla nitens",2020,1,9,"4fa7b334-ce0d-4e88-aaae-2e0c138d049e",NA,"3145663937"
32.273003,-110.8736,2,"Accipitridae","Parabuteo unicinctus",2020,3,9,"4fa7b334-ce0d-4e88-aaae-2e0c138d049e",NA,"3137022126"
32.269245,-110.87508,1,"Accipitridae","Accipiter cooperii",2020,3,12,"4fa7b334-ce0d-4e88-aaae-2e0c138d049e",NA,"3235336219"
32.269245,-110.87508,5,"Fringillidae","Haemorhous mexicanus",2020,3,12,"4fa7b334-ce0d-4e88-aaae-2e0c138d049e",NA,"3221582277"
32.269245,-110.87508,2,"Columbidae","Zenaida macroura",2020,3,12,"4fa7b334-ce0d-4e88-aaae-2e0c138d049e",NA,"3220655355"
32.269245,-110.87508,18,"Columbidae","Columba livia",2020,3,12,"4fa7b334-ce0d-4e88-aaae-2e0c138d049e",NA,"3228852299"
32.270008,-110.87192,1,"Remizidae","Auriparus flaviceps",2020,3,14,"4fa7b334-ce0d-4e88-aaae-2e0c138d049e",NA,"3146937557"
32.270008,-110.87192,1,"Accipitridae","Accipiter cooperii",2020,3,14,"4fa7b334-ce0d-4e88-aaae-2e0c138d049e",NA,"3144725434"
32.270008,-110.87192,1,"Columbidae","Zenaida macroura",2020,3,14,"4fa7b334-ce0d-4e88-aaae-2e0c138d049e",NA,"3138156456"
32.270008,-110.87192,1,"Regulidae","Regulus calendula",2020,3,14,"4fa7b334-ce0d-4e88-aaae-2e0c138d049e",NA,"3148948541"
32.270008,-110.87192,3,"Polioptilidae","Polioptila melanura",2020,3,14,"4fa7b334-ce0d-4e88-aaae-2e0c138d049e",NA,"3137617739"
32.270008,-110.87192,3,"Emberizidae","Melozone aberti",2020,3,14,"4fa7b334-ce0d-4e88-aaae-2e0c138d049e",NA,"3139031677"
32.270008,-110.87192,7,"Fringillidae","Spinus psaltria",2020,3,14,"4fa7b334-ce0d-4e88-aaae-2e0c138d049e",NA,"3138634522"
32.270008,-110.87192,9,"Emberizidae","Zonotrichia leucophrys",2020,3,14,"4fa7b334-ce0d-4e88-aaae-2e0c138d049e",NA,"3139541392"
32.270008,-110.87192,2,"Tyrannidae","Pyrocephalus rubinus",2020,3,14,"4fa7b334-ce0d-4e88-aaae-2e0c138d049e",NA,"3138670617"
32.270008,-110.87192,1,"Corvidae","Corvus corax",2020,3,14,"4fa7b334-ce0d-4e88-aaae-2e0c138d049e",NA,"3144500647"
32.270008,-110.87192,4,"Ptilogonatidae","Phainopepla nitens",2020,3,14,"4fa7b334-ce0d-4e88-aaae-2e0c138d049e",NA,"3153576570"
32.270008,-110.87192,4,"Columbidae","Columba livia",2020,3,14,"4fa7b334-ce0d-4e88-aaae-2e0c138d049e",NA,"3157943513"
32.270008,-110.87192,2,"Parulidae","Setophaga coronata",2020,3,14,"4fa7b334-ce0d-4e88-aaae-2e0c138d049e",NA,"3152318405"
32.270008,-110.87192,1,"Cuculidae","Geococcyx californianus",2020,3,14,"4fa7b334-ce0d-4e88-aaae-2e0c138d049e",NA,"3154703488"
32.270008,-110.87192,3,"Trochilidae","Cynanthus latirostris",2020,3,14,"4fa7b334-ce0d-4e88-aaae-2e0c138d049e",NA,"3138996598"
32.270008,-110.87192,3,"Trochilidae","Calypte anna",2020,3,14,"4fa7b334-ce0d-4e88-aaae-2e0c138d049e",NA,"3156860512"
32.270008,-110.87192,4,"Hirundinidae","Stelgidopteryx serripennis",2020,3,14,"4fa7b334-ce0d-4e88-aaae-2e0c138d049e",NA,"3137759518"
32.270008,-110.87192,2,"Emberizidae","Peucaea carpalis",2020,3,14,"4fa7b334-ce0d-4e88-aaae-2e0c138d049e",NA,"3229155946"
32.270008,-110.87192,1,"Remizidae","Auriparus flaviceps",2020,3,14,"4fa7b334-ce0d-4e88-aaae-2e0c138d049e",NA,"3151017669"
32.270008,-110.87192,1,"Accipitridae","Accipiter cooperii",2020,3,14,"4fa7b334-ce0d-4e88-aaae-2e0c138d049e",NA,"3164692606"
32.270008,-110.87192,1,"Columbidae","Zenaida macroura",2020,3,14,"4fa7b334-ce0d-4e88-aaae-2e0c138d049e",NA,"3165339580"
32.270008,-110.87192,1,"Regulidae","Regulus calendula",2020,3,14,"4fa7b334-ce0d-4e88-aaae-2e0c138d049e",NA,"3150717621"
32.270008,-110.87192,3,"Polioptilidae","Polioptila melanura",2020,3,14,"4fa7b334-ce0d-4e88-aaae-2e0c138d049e",NA,"3151518767"
32.270008,-110.87192,3,"Emberizidae","Melozone aberti",2020,3,14,"4fa7b334-ce0d-4e88-aaae-2e0c138d049e",NA,"3152426694"
32.270008,-110.87192,7,"Fringillidae","Spinus psaltria",2020,3,14,"4fa7b334-ce0d-4e88-aaae-2e0c138d049e",NA,"3149423645"
32.270008,-110.87192,9,"Emberizidae","Zonotrichia leucophrys",2020,3,14,"4fa7b334-ce0d-4e88-aaae-2e0c138d049e",NA,"3151350529"
32.270008,-110.87192,2,"Tyrannidae","Pyrocephalus rubinus",2020,3,14,"4fa7b334-ce0d-4e88-aaae-2e0c138d049e",NA,"3164036717"
32.270008,-110.87192,1,"Corvidae","Corvus corax",2020,3,14,"4fa7b334-ce0d-4e88-aaae-2e0c138d049e",NA,"3167338511"
32.270008,-110.87192,4,"Ptilogonatidae","Phainopepla nitens",2020,3,14,"4fa7b334-ce0d-4e88-aaae-2e0c138d049e",NA,"3148002574"
32.270008,-110.87192,4,"Columbidae","Columba livia",2020,3,14,"4fa7b334-ce0d-4e88-aaae-2e0c138d049e",NA,"3158511583"
32.270008,-110.87192,2,"Parulidae","Setophaga coronata",2020,3,14,"4fa7b334-ce0d-4e88-aaae-2e0c138d049e",NA,"3165026537"
32.270008,-110.87192,1,"Cuculidae","Geococcyx californianus",2020,3,14,"4fa7b334-ce0d-4e88-aaae-2e0c138d049e",NA,"3168343508"
32.270008,-110.87192,3,"Trochilidae","Cynanthus latirostris",2020,3,14,"4fa7b334-ce0d-4e88-aaae-2e0c138d049e",NA,"3169359477"
32.270008,-110.87192,3,"Trochilidae","Calypte anna",2020,3,14,"4fa7b334-ce0d-4e88-aaae-2e0c138d049e",NA,"3164182775"
32.270008,-110.87192,4,"Hirundinidae","Stelgidopteryx serripennis",2020,3,14,"4fa7b334-ce0d-4e88-aaae-2e0c138d049e",NA,"3152192752"
32.270008,-110.87192,2,"Emberizidae","Peucaea carpalis",2020,3,14,"4fa7b334-ce0d-4e88-aaae-2e0c138d049e",NA,"3151048636"
32.270077,-110.874985,1,"Accipitridae","Buteo albonotatus",2020,4,8,"4fa7b334-ce0d-4e88-aaae-2e0c138d049e",NA,"3140679126"
32.272728,-110.870476,2,"Fringillidae","Spinus psaltria",2020,4,22,"4fa7b334-ce0d-4e88-aaae-2e0c138d049e",NA,"3222757197"
32.272728,-110.870476,1,"Picidae","Melanerpes uropygialis",2020,4,22,"4fa7b334-ce0d-4e88-aaae-2e0c138d049e",NA,"3230779049"
32.272728,-110.870476,2,"Polioptilidae","Polioptila melanura",2020,4,22,"4fa7b334-ce0d-4e88-aaae-2e0c138d049e",NA,"3226570973"
32.272728,-110.870476,2,"Fringillidae","Haemorhous mexicanus",2020,4,22,"4fa7b334-ce0d-4e88-aaae-2e0c138d049e",NA,"3225337018"
32.272728,-110.870476,1,"Columbidae","Zenaida asiatica",2020,4,22,"4fa7b334-ce0d-4e88-aaae-2e0c138d049e",NA,"3224154992"
32.272728,-110.870476,1,"Parulidae","Leiothlypis luciae",2020,4,22,"4fa7b334-ce0d-4e88-aaae-2e0c138d049e",NA,"3228640036"
32.272728,-110.870476,2,"Remizidae","Auriparus flaviceps",2020,4,22,"4fa7b334-ce0d-4e88-aaae-2e0c138d049e",NA,"3224321058"
32.272728,-110.870476,1,"Columbidae","Zenaida macroura",2020,4,22,"4fa7b334-ce0d-4e88-aaae-2e0c138d049e",NA,"3233971948"
32.272728,-110.870476,2,"Fringillidae","Spinus psaltria",2020,4,22,"4fa7b334-ce0d-4e88-aaae-2e0c138d049e",NA,"3231916038"
32.272728,-110.870476,1,"Picidae","Melanerpes uropygialis",2020,4,22,"4fa7b334-ce0d-4e88-aaae-2e0c138d049e",NA,"3241330014"
32.272728,-110.870476,2,"Polioptilidae","Polioptila melanura",2020,4,22,"4fa7b334-ce0d-4e88-aaae-2e0c138d049e",NA,"3236530999"
32.272728,-110.870476,2,"Fringillidae","Haemorhous mexicanus",2020,4,22,"4fa7b334-ce0d-4e88-aaae-2e0c138d049e",NA,"3232978919"
32.272728,-110.870476,1,"Columbidae","Zenaida asiatica",2020,4,22,"4fa7b334-ce0d-4e88-aaae-2e0c138d049e",NA,"3233863003"
32.272728,-110.870476,1,"Parulidae","Leiothlypis luciae",2020,4,22,"4fa7b334-ce0d-4e88-aaae-2e0c138d049e",NA,"3231001078"
32.272728,-110.870476,2,"Remizidae","Auriparus flaviceps",2020,4,22,"4fa7b334-ce0d-4e88-aaae-2e0c138d049e",NA,"3232773141"
32.272728,-110.870476,1,"Columbidae","Zenaida macroura",2020,4,22,"4fa7b334-ce0d-4e88-aaae-2e0c138d049e",NA,"3239129211"
32.27102,-110.8736,22,"Cathartidae","Cathartes aura",2020,9,26,"4fa7b334-ce0d-4e88-aaae-2e0c138d049e",NA,"3260625561"
32.270008,-110.87192,1,"Picidae","Melanerpes uropygialis",2020,10,11,"4fa7b334-ce0d-4e88-aaae-2e0c138d049e",NA,"3287860105"
32.270008,-110.87192,1,"Emberizidae","Melozone aberti",2020,10,11,"4fa7b334-ce0d-4e88-aaae-2e0c138d049e",NA,"3291072006"
32.270008,-110.87192,3,"Ptilogonatidae","Phainopepla nitens",2020,10,11,"4fa7b334-ce0d-4e88-aaae-2e0c138d049e",NA,"3291033200"
32.270008,-110.87192,1,"Accipitridae","Accipiter cooperii",2020,10,11,"4fa7b334-ce0d-4e88-aaae-2e0c138d049e",NA,"3297774178"
32.270008,-110.87192,1,"Cuculidae","Geococcyx californianus",2020,10,11,"4fa7b334-ce0d-4e88-aaae-2e0c138d049e",NA,"3282840192"
32.270008,-110.87192,1,"Picidae","Dryobates scalaris",2020,10,11,"4fa7b334-ce0d-4e88-aaae-2e0c138d049e",NA,"3293032041"
32.270008,-110.87192,2,"Remizidae","Auriparus flaviceps",2020,10,11,"4fa7b334-ce0d-4e88-aaae-2e0c138d049e",NA,"3288728128"
32.270008,-110.87192,1,"Mimidae","Mimus polyglottos",2020,10,11,"4fa7b334-ce0d-4e88-aaae-2e0c138d049e",NA,"3296805877"
32.270008,-110.87192,24,"Cathartidae","Cathartes aura",2020,10,11,"4fa7b334-ce0d-4e88-aaae-2e0c138d049e",NA,"3296824983"
32.270008,-110.87192,1,"Parulidae","Setophaga nigrescens",2020,10,11,"4fa7b334-ce0d-4e88-aaae-2e0c138d049e",NA,"3296370945"
32.270008,-110.87192,3,"Polioptilidae","Polioptila melanura",2020,10,11,"4fa7b334-ce0d-4e88-aaae-2e0c138d049e",NA,"3287978032"
32.270008,-110.87192,2,"Fringillidae","Haemorhous mexicanus",2020,10,11,"4fa7b334-ce0d-4e88-aaae-2e0c138d049e",NA,"3294106925"
32.270008,-110.87192,1,"Picidae","Melanerpes uropygialis",2020,10,11,"4fa7b334-ce0d-4e88-aaae-2e0c138d049e",NA,"3268804319"
32.270008,-110.87192,1,"Emberizidae","Melozone aberti",2020,10,11,"4fa7b334-ce0d-4e88-aaae-2e0c138d049e",NA,"3281819061"
32.270008,-110.87192,3,"Ptilogonatidae","Phainopepla nitens",2020,10,11,"4fa7b334-ce0d-4e88-aaae-2e0c138d049e",NA,"3268768387"
32.270008,-110.87192,1,"Accipitridae","Accipiter cooperii",2020,10,11,"4fa7b334-ce0d-4e88-aaae-2e0c138d049e",NA,"3270069408"
32.270008,-110.87192,1,"Cuculidae","Geococcyx californianus",2020,10,11,"4fa7b334-ce0d-4e88-aaae-2e0c138d049e",NA,"3289760301"
32.270008,-110.87192,1,"Picidae","Dryobates scalaris",2020,10,11,"4fa7b334-ce0d-4e88-aaae-2e0c138d049e",NA,"3270115518"
32.270008,-110.87192,2,"Remizidae","Auriparus flaviceps",2020,10,11,"4fa7b334-ce0d-4e88-aaae-2e0c138d049e",NA,"3279023381"
32.270008,-110.87192,1,"Mimidae","Mimus polyglottos",2020,10,11,"4fa7b334-ce0d-4e88-aaae-2e0c138d049e",NA,"3275483273"
32.270008,-110.87192,24,"Cathartidae","Cathartes aura",2020,10,11,"4fa7b334-ce0d-4e88-aaae-2e0c138d049e",NA,"3271337433"
32.270008,-110.87192,1,"Parulidae","Setophaga nigrescens",2020,10,11,"4fa7b334-ce0d-4e88-aaae-2e0c138d049e",NA,"3279119584"
32.270008,-110.87192,3,"Polioptilidae","Polioptila melanura",2020,10,11,"4fa7b334-ce0d-4e88-aaae-2e0c138d049e",NA,"3270260392"
32.270008,-110.87192,2,"Fringillidae","Haemorhous mexicanus",2020,10,11,"4fa7b334-ce0d-4e88-aaae-2e0c138d049e",NA,"3276782406"
32.269535,-110.87337,2,"Regulidae","Regulus calendula",2020,12,13,"4fa7b334-ce0d-4e88-aaae-2e0c138d049e",NA,"3265601224"
32.269535,-110.87337,1,"Picidae","Dryobates scalaris",2020,12,13,"4fa7b334-ce0d-4e88-aaae-2e0c138d049e",NA,"3274015359"
32.269535,-110.87337,6,"Emberizidae","Melozone aberti",2020,12,13,"4fa7b334-ce0d-4e88-aaae-2e0c138d049e",NA,"3282663270"
32.269535,-110.87337,1,"Trochilidae","Calypte costae",2020,12,13,"4fa7b334-ce0d-4e88-aaae-2e0c138d049e",NA,"3287649160"
32.269535,-110.87337,3,"Remizidae","Auriparus flaviceps",2020,12,13,"4fa7b334-ce0d-4e88-aaae-2e0c138d049e",NA,"3275721151"
32.269535,-110.87337,1,"Polioptilidae","Polioptila melanura",2020,12,13,"4fa7b334-ce0d-4e88-aaae-2e0c138d049e",NA,"3267100932"
32.269535,-110.87337,2,"Fringillidae","Spinus psaltria",2020,12,13,"4fa7b334-ce0d-4e88-aaae-2e0c138d049e",NA,"3281427955"
32.269535,-110.87337,2,"Trochilidae","Cynanthus latirostris",2020,12,13,"4fa7b334-ce0d-4e88-aaae-2e0c138d049e",NA,"3262985785"
32.269535,-110.87337,1,"Picidae","Melanerpes uropygialis",2020,12,13,"4fa7b334-ce0d-4e88-aaae-2e0c138d049e",NA,"3275506642"
32.269535,-110.87337,1,"Emberizidae","Zonotrichia leucophrys",2020,12,13,"4fa7b334-ce0d-4e88-aaae-2e0c138d049e",NA,"3268905843"
32.269535,-110.87337,1,"Ptilogonatidae","Phainopepla nitens",2020,12,13,"4fa7b334-ce0d-4e88-aaae-2e0c138d049e",NA,"3266750940"
32.269535,-110.87337,1,"Parulidae","Setophaga coronata",2020,12,13,"4fa7b334-ce0d-4e88-aaae-2e0c138d049e",NA,"3263070034"
32.269535,-110.87337,3,"Fringillidae","Haemorhous mexicanus",2020,12,13,"4fa7b334-ce0d-4e88-aaae-2e0c138d049e",NA,"3272964826"
32.270008,-110.87192,1,"Picidae","Melanerpes uropygialis",2020,12,18,"4fa7b334-ce0d-4e88-aaae-2e0c138d049e",NA,"3291580127"
32.270008,-110.87192,1,"Accipitridae","Buteo jamaicensis",2020,12,18,"4fa7b334-ce0d-4e88-aaae-2e0c138d049e",NA,"3297787233"
32.270008,-110.87192,4,"Emberizidae","Melozone aberti",2020,12,18,"4fa7b334-ce0d-4e88-aaae-2e0c138d049e",NA,"3288870474"
32.270008,-110.87192,5,"Ptilogonatidae","Phainopepla nitens",2020,12,18,"4fa7b334-ce0d-4e88-aaae-2e0c138d049e",NA,"3298432394"
32.270008,-110.87192,1,"Trochilidae","Calypte anna",2020,12,18,"4fa7b334-ce0d-4e88-aaae-2e0c138d049e",NA,"3288124341"
32.270008,-110.87192,1,"Accipitridae","Buteo nitidus",2020,12,18,"4fa7b334-ce0d-4e88-aaae-2e0c138d049e",NA,"3295125451"
32.270008,-110.87192,3,"Columbidae","Zenaida macroura",2020,12,18,"4fa7b334-ce0d-4e88-aaae-2e0c138d049e",NA,"3291370496"
32.270008,-110.87192,3,"Corvidae","Corvus corax",2020,12,18,"4fa7b334-ce0d-4e88-aaae-2e0c138d049e",NA,"3291237554"
32.270008,-110.87192,3,"Fringillidae","Haemorhous mexicanus",2020,12,18,"4fa7b334-ce0d-4e88-aaae-2e0c138d049e",NA,"3293753378"
32.270008,-110.87192,2,"Remizidae","Auriparus flaviceps",2020,12,18,"4fa7b334-ce0d-4e88-aaae-2e0c138d049e",NA,"3297384465"
32.270008,-110.87192,5,"Odontophoridae","Callipepla gambelii",2020,12,18,"4fa7b334-ce0d-4e88-aaae-2e0c138d049e",NA,"3299178467"
32.270008,-110.87192,2,"Polioptilidae","Polioptila melanura",2020,12,18,"4fa7b334-ce0d-4e88-aaae-2e0c138d049e",NA,"3293432185"
32.270008,-110.87192,1,"Picidae","Melanerpes uropygialis",2020,12,18,"4fa7b334-ce0d-4e88-aaae-2e0c138d049e",NA,"3204926433"
32.270008,-110.87192,1,"Accipitridae","Buteo jamaicensis",2020,12,18,"4fa7b334-ce0d-4e88-aaae-2e0c138d049e",NA,"3202615602"
32.270008,-110.87192,4,"Emberizidae","Melozone aberti",2020,12,18,"4fa7b334-ce0d-4e88-aaae-2e0c138d049e",NA,"3202778385"
32.270008,-110.87192,5,"Ptilogonatidae","Phainopepla nitens",2020,12,18,"4fa7b334-ce0d-4e88-aaae-2e0c138d049e",NA,"3194934623"
32.270008,-110.87192,1,"Trochilidae","Calypte anna",2020,12,18,"4fa7b334-ce0d-4e88-aaae-2e0c138d049e",NA,"3210337566"
32.270008,-110.87192,1,"Accipitridae","Buteo nitidus",2020,12,18,"4fa7b334-ce0d-4e88-aaae-2e0c138d049e",NA,"3209629437"
32.270008,-110.87192,3,"Columbidae","Zenaida macroura",2020,12,18,"4fa7b334-ce0d-4e88-aaae-2e0c138d049e",NA,"3201433440"
32.270008,-110.87192,3,"Corvidae","Corvus corax",2020,12,18,"4fa7b334-ce0d-4e88-aaae-2e0c138d049e",NA,"3214544476"
32.270008,-110.87192,3,"Fringillidae","Haemorhous mexicanus",2020,12,18,"4fa7b334-ce0d-4e88-aaae-2e0c138d049e",NA,"3216191487"
32.270008,-110.87192,2,"Remizidae","Auriparus flaviceps",2020,12,18,"4fa7b334-ce0d-4e88-aaae-2e0c138d049e",NA,"3215082566"
32.270008,-110.87192,5,"Odontophoridae","Callipepla gambelii",2020,12,18,"4fa7b334-ce0d-4e88-aaae-2e0c138d049e",NA,"3214178499"
32.270008,-110.87192,2,"Polioptilidae","Polioptila melanura",2020,12,18,"4fa7b334-ce0d-4e88-aaae-2e0c138d049e",NA,"3213805521"
32.272728,-110.870476,2,"Picidae","Melanerpes uropygialis",2019,5,11,"4fa7b334-ce0d-4e88-aaae-2e0c138d049e",NA,"2749444506"
32.272728,-110.870476,1,"Tyrannidae","Myiarchus cinerascens",2019,5,11,"4fa7b334-ce0d-4e88-aaae-2e0c138d049e",NA,"2755726245"
32.272728,-110.870476,1,"Emberizidae","Amphispiza bilineata",2019,5,11,"4fa7b334-ce0d-4e88-aaae-2e0c138d049e",NA,"2754484553"
32.272728,-110.870476,1,"Fringillidae","Haemorhous mexicanus",2019,5,11,"4fa7b334-ce0d-4e88-aaae-2e0c138d049e",NA,"2758402469"
32.272728,-110.870476,4,"Columbidae","Zenaida macroura",2019,5,11,"4fa7b334-ce0d-4e88-aaae-2e0c138d049e",NA,"2752915571"
32.272728,-110.870476,2,"Parulidae","Leiothlypis luciae",2019,5,11,"4fa7b334-ce0d-4e88-aaae-2e0c138d049e",NA,"2774119426"
32.272728,-110.870476,5,"Columbidae","Zenaida asiatica",2019,5,11,"4fa7b334-ce0d-4e88-aaae-2e0c138d049e",NA,"2773008457"
32.272728,-110.870476,2,"Picidae","Melanerpes uropygialis",2019,5,11,"4fa7b334-ce0d-4e88-aaae-2e0c138d049e",NA,"2770966459"
32.272728,-110.870476,1,"Tyrannidae","Myiarchus cinerascens",2019,5,11,"4fa7b334-ce0d-4e88-aaae-2e0c138d049e",NA,"2790119319"
32.272728,-110.870476,1,"Emberizidae","Amphispiza bilineata",2019,5,11,"4fa7b334-ce0d-4e88-aaae-2e0c138d049e",NA,"2754959451"
32.272728,-110.870476,1,"Fringillidae","Haemorhous mexicanus",2019,5,11,"4fa7b334-ce0d-4e88-aaae-2e0c138d049e",NA,"2752464422"
32.272728,-110.870476,4,"Columbidae","Zenaida macroura",2019,5,11,"4fa7b334-ce0d-4e88-aaae-2e0c138d049e",NA,"2757427302"
32.272728,-110.870476,2,"Parulidae","Leiothlypis luciae",2019,5,11,"4fa7b334-ce0d-4e88-aaae-2e0c138d049e",NA,"2765871331"
32.272728,-110.870476,5,"Columbidae","Zenaida asiatica",2019,5,11,"4fa7b334-ce0d-4e88-aaae-2e0c138d049e",NA,"2757863355"
32.273003,-110.8736,1,"Accipitridae","Buteo albonotatus",2019,5,16,"4fa7b334-ce0d-4e88-aaae-2e0c138d049e",NA,"2763836825"
32.269535,-110.87337,2,"Odontophoridae","Callipepla gambelii",2019,12,17,"4fa7b334-ce0d-4e88-aaae-2e0c138d049e",NA,"2725392474"
32.269535,-110.87337,6,"Emberizidae","Melozone aberti",2019,12,17,"4fa7b334-ce0d-4e88-aaae-2e0c138d049e",NA,"2775017584"
32.269535,-110.87337,1,"Polioptilidae","Polioptila melanura",2019,12,17,"4fa7b334-ce0d-4e88-aaae-2e0c138d049e",NA,"2713926339"
32.268917,-110.87531,3,"Columbidae","Columba livia",2019,12,17,"4fa7b334-ce0d-4e88-aaae-2e0c138d049e",NA,"2800334133"
32.268917,-110.87531,1,"Picidae","Melanerpes uropygialis",2019,12,17,"4fa7b334-ce0d-4e88-aaae-2e0c138d049e",NA,"2800419114"
32.268917,-110.87531,2,"Ptilogonatidae","Phainopepla nitens",2019,12,17,"4fa7b334-ce0d-4e88-aaae-2e0c138d049e",NA,"2800460022"
32.268917,-110.87531,1,"Polioptilidae","Polioptila melanura",2019,12,17,"4fa7b334-ce0d-4e88-aaae-2e0c138d049e",NA,"2798918310"
32.268917,-110.87531,22,"Odontophoridae","Callipepla gambelii",2019,12,17,"4fa7b334-ce0d-4e88-aaae-2e0c138d049e",NA,"2800623437"
32.268917,-110.87531,1,"Troglodytidae","Thryomanes bewickii",2019,12,17,"4fa7b334-ce0d-4e88-aaae-2e0c138d049e",NA,"2800824331"
32.268917,-110.87531,25,"Columbidae","Zenaida macroura",2019,12,17,"4fa7b334-ce0d-4e88-aaae-2e0c138d049e",NA,"2726146220"
32.268917,-110.87531,1,"Falconidae","Falco mexicanus",2019,12,17,"4fa7b334-ce0d-4e88-aaae-2e0c138d049e",NA,"2713150242"
32.268917,-110.87531,1,"Remizidae","Auriparus flaviceps",2019,12,17,"4fa7b334-ce0d-4e88-aaae-2e0c138d049e",NA,"2714172214"
32.269535,-110.87337,2,"Odontophoridae","Callipepla gambelii",2019,12,17,"4fa7b334-ce0d-4e88-aaae-2e0c138d049e",NA,"2710464690"
32.269535,-110.87337,6,"Emberizidae","Melozone aberti",2019,12,17,"4fa7b334-ce0d-4e88-aaae-2e0c138d049e",NA,"2723433763"
32.269535,-110.87337,1,"Polioptilidae","Polioptila melanura",2019,12,17,"4fa7b334-ce0d-4e88-aaae-2e0c138d049e",NA,"2710728634"
32.269535,-110.87337,2,"Odontophoridae","Callipepla gambelii",2019,12,17,"4fa7b334-ce0d-4e88-aaae-2e0c138d049e",NA,"2792705123"
32.269535,-110.87337,6,"Emberizidae","Melozone aberti",2019,12,17,"4fa7b334-ce0d-4e88-aaae-2e0c138d049e",NA,"2794239499"
32.269535,-110.87337,1,"Polioptilidae","Polioptila melanura",2019,12,17,"4fa7b334-ce0d-4e88-aaae-2e0c138d049e",NA,"2796666325"
32.268917,-110.87531,1,"Accipitridae","Buteo jamaicensis",2017,12,12,"4fa7b334-ce0d-4e88-aaae-2e0c138d049e",NA,"2119454899"
32.268917,-110.87531,37,"Emberizidae","Zonotrichia leucophrys",2017,12,12,"4fa7b334-ce0d-4e88-aaae-2e0c138d049e",NA,"2119462096"
32.268917,-110.87531,1,"Falconidae","Falco sparverius",2017,12,12,"4fa7b334-ce0d-4e88-aaae-2e0c138d049e",NA,"2110387420"
32.268917,-110.87531,2,"Columbidae","Columba livia",2017,12,12,"4fa7b334-ce0d-4e88-aaae-2e0c138d049e",NA,"2111061659"
32.268917,-110.87531,1,"Picidae","Melanerpes uropygialis",2017,12,12,"4fa7b334-ce0d-4e88-aaae-2e0c138d049e",NA,"2119468722"
32.268917,-110.87531,1,"Accipitridae","Circus cyaneus",2017,12,12,"4fa7b334-ce0d-4e88-aaae-2e0c138d049e",NA,"2110403997"
32.268917,-110.87531,32,"Columbidae","Zenaida macroura",2017,12,12,"4fa7b334-ce0d-4e88-aaae-2e0c138d049e",NA,"2111051088"
32.268917,-110.87531,2,"Emberizidae","Peucaea carpalis",2017,12,12,"4fa7b334-ce0d-4e88-aaae-2e0c138d049e",NA,"2097866784"
32.268917,-110.87531,5,"Emberizidae","Melozone aberti",2017,12,12,"4fa7b334-ce0d-4e88-aaae-2e0c138d049e",NA,"2119460450"
32.268917,-110.87531,1,"Polioptilidae","Polioptila melanura",2017,12,12,"4fa7b334-ce0d-4e88-aaae-2e0c138d049e",NA,"2111064504"
32.268917,-110.87531,1,"Tyrannidae","Pyrocephalus rubinus",2017,12,12,"4fa7b334-ce0d-4e88-aaae-2e0c138d049e",NA,"2119467567"
32.268917,-110.87531,10,"Sturnidae","Sturnus vulgaris",2017,12,12,"4fa7b334-ce0d-4e88-aaae-2e0c138d049e",NA,"2111068245"
32.268917,-110.87531,1,"Remizidae","Auriparus flaviceps",2017,12,12,"4fa7b334-ce0d-4e88-aaae-2e0c138d049e",NA,"2110388231"
32.268917,-110.87531,4,"Ptilogonatidae","Phainopepla nitens",2017,12,12,"4fa7b334-ce0d-4e88-aaae-2e0c138d049e",NA,"2119454250"
32.268917,-110.87531,12,"Fringillidae","Haemorhous mexicanus",2017,12,12,"4fa7b334-ce0d-4e88-aaae-2e0c138d049e",NA,"2097866349"
32.268917,-110.87531,1,"Regulidae","Regulus calendula",2017,12,12,"4fa7b334-ce0d-4e88-aaae-2e0c138d049e",NA,"2097901150"
