"decimalLatitude","decimalLongitude","individualCount","family","species","year","month","day","datasetKey","gbifID","datasetName"
32.133957,-110.76869,2,"Passeridae","Passer domesticus",2017,2,20,"4fa7b334-ce0d-4e88-aaae-2e0c138d049e","2034259197",NA
32.133957,-110.76869,7,"Columbidae","Zenaida macroura",2017,2,20,"4fa7b334-ce0d-4e88-aaae-2e0c138d049e","2043615779",NA
32.133957,-110.76869,1,"Troglodytidae","Campylorhynchus brunneicapillus",2017,2,20,"4fa7b334-ce0d-4e88-aaae-2e0c138d049e","2048812698",NA
32.133957,-110.76869,1,"Picidae","Melanerpes uropygialis",2017,2,20,"4fa7b334-ce0d-4e88-aaae-2e0c138d049e","2043625413",NA
32.133957,-110.76869,1,"Odontophoridae","Callipepla gambelii",2017,2,20,"4fa7b334-ce0d-4e88-aaae-2e0c138d049e","2048828740",NA
32.140106,-110.77238,1,"Falconidae","Falco sparverius",2017,5,31,"4fa7b334-ce0d-4e88-aaae-2e0c138d049e","3583917226",NA
32.140106,-110.77238,1,"Falconidae","Falco sparverius",2017,5,31,"4fa7b334-ce0d-4e88-aaae-2e0c138d049e","2072015237",NA
32.136898,-110.76893,1,"Tyrannidae","Pyrocephalus rubinus",2018,7,13,"4fa7b334-ce0d-4e88-aaae-2e0c138d049e","2186460665",NA
32.136898,-110.76893,1,"Tyrannidae","Pyrocephalus rubinus",2018,7,13,"4fa7b334-ce0d-4e88-aaae-2e0c138d049e","2194135562",NA
32.136898,-110.76893,1,"Tyrannidae","Pyrocephalus rubinus",2018,7,13,"4fa7b334-ce0d-4e88-aaae-2e0c138d049e","2170927944",NA
32.136898,-110.76893,1,"Accipitridae","Accipiter cooperii",2018,7,13,"4fa7b334-ce0d-4e88-aaae-2e0c138d049e","2182548692",NA
32.136898,-110.76893,1,"Tyrannidae","Sayornis saya",2018,7,13,"4fa7b334-ce0d-4e88-aaae-2e0c138d049e","2170944101",NA
32.136898,-110.76893,1,"Trochilidae","Cynanthus latirostris",2018,7,13,"4fa7b334-ce0d-4e88-aaae-2e0c138d049e","2182566338",NA
32.136898,-110.76893,1,"Tyrannidae","Pyrocephalus rubinus",2018,7,13,"4fa7b334-ce0d-4e88-aaae-2e0c138d049e","2170961572",NA
32.136898,-110.76893,8,"Parulidae","Leiothlypis luciae",2018,7,13,"4fa7b334-ce0d-4e88-aaae-2e0c138d049e","2186471710",NA
32.136898,-110.76893,2,"Columbidae","Zenaida macroura",2018,7,13,"4fa7b334-ce0d-4e88-aaae-2e0c138d049e","2194143348",NA
32.136898,-110.76893,2,"Fringillidae","Haemorhous mexicanus",2018,7,13,"4fa7b334-ce0d-4e88-aaae-2e0c138d049e","2194142876",NA
32.136898,-110.76893,1,"Tyrannidae","Sayornis saya",2018,7,13,"4fa7b334-ce0d-4e88-aaae-2e0c138d049e","2194221598",NA
32.136898,-110.76893,1,"Trochilidae","Cynanthus latirostris",2018,7,13,"4fa7b334-ce0d-4e88-aaae-2e0c138d049e","2171029446",NA
32.136898,-110.76893,1,"Tyrannidae","Pyrocephalus rubinus",2018,7,13,"4fa7b334-ce0d-4e88-aaae-2e0c138d049e","2182626257",NA
32.136898,-110.76893,8,"Parulidae","Leiothlypis luciae",2018,7,13,"4fa7b334-ce0d-4e88-aaae-2e0c138d049e","2171027422",NA
32.136898,-110.76893,2,"Columbidae","Zenaida macroura",2018,7,13,"4fa7b334-ce0d-4e88-aaae-2e0c138d049e","2182647793",NA
32.136898,-110.76893,2,"Fringillidae","Haemorhous mexicanus",2018,7,13,"4fa7b334-ce0d-4e88-aaae-2e0c138d049e","2186581080",NA
32.136898,-110.76893,1,"Accipitridae","Accipiter cooperii",2018,7,13,"4fa7b334-ce0d-4e88-aaae-2e0c138d049e","2186592483",NA
32.136898,-110.76893,1,"Accipitridae","Accipiter cooperii",2018,7,13,"4fa7b334-ce0d-4e88-aaae-2e0c138d049e","2194235925",NA
32.136898,-110.76893,1,"Accipitridae","Accipiter cooperii",2018,7,13,"4fa7b334-ce0d-4e88-aaae-2e0c138d049e","2182631519",NA
32.136898,-110.76893,1,"Sturnidae","Sturnus vulgaris",2018,7,17,"4fa7b334-ce0d-4e88-aaae-2e0c138d049e","2183955243",NA
32.136898,-110.76893,2,"Tyrannidae","Myiarchus tyrannulus",2018,7,17,"4fa7b334-ce0d-4e88-aaae-2e0c138d049e","2187843108",NA
32.136898,-110.76893,1,"Passeridae","Passer domesticus",2018,7,17,"4fa7b334-ce0d-4e88-aaae-2e0c138d049e","2172503125",NA
32.136898,-110.76893,2,"Fringillidae","Spinus psaltria",2018,7,17,"4fa7b334-ce0d-4e88-aaae-2e0c138d049e","2195519507",NA
32.136898,-110.76893,1,"Columbidae","Zenaida asiatica",2018,7,17,"4fa7b334-ce0d-4e88-aaae-2e0c138d049e","2187837173",NA
32.136898,-110.76893,1,"Remizidae","Auriparus flaviceps",2018,7,17,"4fa7b334-ce0d-4e88-aaae-2e0c138d049e","2183962487",NA
32.136898,-110.76893,1,"Accipitridae","Accipiter cooperii",2018,7,17,"4fa7b334-ce0d-4e88-aaae-2e0c138d049e","2195624260",NA
32.136898,-110.76893,1,"Hirundinidae","Hirundo rustica",2018,7,17,"4fa7b334-ce0d-4e88-aaae-2e0c138d049e","2187857615",NA
32.136898,-110.76893,1,"Fringillidae","Haemorhous mexicanus",2018,7,17,"4fa7b334-ce0d-4e88-aaae-2e0c138d049e","2172508310",NA
32.136898,-110.76893,10,"Columbidae","Zenaida macroura",2018,7,17,"4fa7b334-ce0d-4e88-aaae-2e0c138d049e","2172493549",NA
32.136898,-110.76893,5,"Caprimulgidae","Chordeiles acutipennis",2018,7,17,"4fa7b334-ce0d-4e88-aaae-2e0c138d049e","2183951430",NA
32.136898,-110.76893,8,"Odontophoridae","Callipepla gambelii",2018,7,17,"4fa7b334-ce0d-4e88-aaae-2e0c138d049e","2195525441",NA
32.136898,-110.76893,2,"Columbidae","Columba livia",2018,7,17,"4fa7b334-ce0d-4e88-aaae-2e0c138d049e","2187839037",NA
32.136898,-110.76893,1,"Sturnidae","Sturnus vulgaris",2018,7,17,"4fa7b334-ce0d-4e88-aaae-2e0c138d049e","2183962316",NA
32.136898,-110.76893,2,"Tyrannidae","Myiarchus tyrannulus",2018,7,17,"4fa7b334-ce0d-4e88-aaae-2e0c138d049e","2183953101",NA
32.136898,-110.76893,1,"Passeridae","Passer domesticus",2018,7,17,"4fa7b334-ce0d-4e88-aaae-2e0c138d049e","2195512492",NA
32.136898,-110.76893,2,"Fringillidae","Spinus psaltria",2018,7,17,"4fa7b334-ce0d-4e88-aaae-2e0c138d049e","2195522609",NA
32.136898,-110.76893,1,"Columbidae","Zenaida asiatica",2018,7,17,"4fa7b334-ce0d-4e88-aaae-2e0c138d049e","2195518500",NA
32.136898,-110.76893,1,"Remizidae","Auriparus flaviceps",2018,7,17,"4fa7b334-ce0d-4e88-aaae-2e0c138d049e","2172494454",NA
32.136898,-110.76893,1,"Accipitridae","Accipiter cooperii",2018,7,17,"4fa7b334-ce0d-4e88-aaae-2e0c138d049e","2187847493",NA
32.136898,-110.76893,1,"Hirundinidae","Hirundo rustica",2018,7,17,"4fa7b334-ce0d-4e88-aaae-2e0c138d049e","2172511054",NA
32.136898,-110.76893,1,"Fringillidae","Haemorhous mexicanus",2018,7,17,"4fa7b334-ce0d-4e88-aaae-2e0c138d049e","2195514094",NA
32.136898,-110.76893,10,"Columbidae","Zenaida macroura",2018,7,17,"4fa7b334-ce0d-4e88-aaae-2e0c138d049e","2183947236",NA
32.136898,-110.76893,5,"Caprimulgidae","Chordeiles acutipennis",2018,7,17,"4fa7b334-ce0d-4e88-aaae-2e0c138d049e","2187838930",NA
32.136898,-110.76893,8,"Odontophoridae","Callipepla gambelii",2018,7,17,"4fa7b334-ce0d-4e88-aaae-2e0c138d049e","2183960405",NA
32.136898,-110.76893,2,"Columbidae","Columba livia",2018,7,17,"4fa7b334-ce0d-4e88-aaae-2e0c138d049e","2172503095",NA
32.136898,-110.76893,1,"Sturnidae","Sturnus vulgaris",2018,7,17,"4fa7b334-ce0d-4e88-aaae-2e0c138d049e","2187826656",NA
32.136898,-110.76893,2,"Tyrannidae","Myiarchus tyrannulus",2018,7,17,"4fa7b334-ce0d-4e88-aaae-2e0c138d049e","2172495513",NA
32.136898,-110.76893,1,"Passeridae","Passer domesticus",2018,7,17,"4fa7b334-ce0d-4e88-aaae-2e0c138d049e","2172498929",NA
32.136898,-110.76893,2,"Fringillidae","Spinus psaltria",2018,7,17,"4fa7b334-ce0d-4e88-aaae-2e0c138d049e","2183952899",NA
32.136898,-110.76893,1,"Columbidae","Zenaida asiatica",2018,7,17,"4fa7b334-ce0d-4e88-aaae-2e0c138d049e","2172489591",NA
32.136898,-110.76893,1,"Remizidae","Auriparus flaviceps",2018,7,17,"4fa7b334-ce0d-4e88-aaae-2e0c138d049e","2183972794",NA
32.136898,-110.76893,1,"Accipitridae","Accipiter cooperii",2018,7,17,"4fa7b334-ce0d-4e88-aaae-2e0c138d049e","2187828432",NA
32.136898,-110.76893,1,"Hirundinidae","Hirundo rustica",2018,7,17,"4fa7b334-ce0d-4e88-aaae-2e0c138d049e","2172500899",NA
32.136898,-110.76893,1,"Fringillidae","Haemorhous mexicanus",2018,7,17,"4fa7b334-ce0d-4e88-aaae-2e0c138d049e","2172494795",NA
32.136898,-110.76893,10,"Columbidae","Zenaida macroura",2018,7,17,"4fa7b334-ce0d-4e88-aaae-2e0c138d049e","2187861884",NA
32.136898,-110.76893,5,"Caprimulgidae","Chordeiles acutipennis",2018,7,17,"4fa7b334-ce0d-4e88-aaae-2e0c138d049e","2187833453",NA
32.136898,-110.76893,8,"Odontophoridae","Callipepla gambelii",2018,7,17,"4fa7b334-ce0d-4e88-aaae-2e0c138d049e","2172494484",NA
32.136898,-110.76893,2,"Columbidae","Columba livia",2018,7,17,"4fa7b334-ce0d-4e88-aaae-2e0c138d049e","2183950087",NA
32.136898,-110.76893,1,"Sturnidae","Sturnus vulgaris",2018,7,17,"4fa7b334-ce0d-4e88-aaae-2e0c138d049e","2172495448",NA
32.136898,-110.76893,2,"Tyrannidae","Myiarchus tyrannulus",2018,7,17,"4fa7b334-ce0d-4e88-aaae-2e0c138d049e","2172506638",NA
32.136898,-110.76893,1,"Passeridae","Passer domesticus",2018,7,17,"4fa7b334-ce0d-4e88-aaae-2e0c138d049e","2187835805",NA
32.136898,-110.76893,2,"Fringillidae","Spinus psaltria",2018,7,17,"4fa7b334-ce0d-4e88-aaae-2e0c138d049e","2195559279",NA
32.136898,-110.76893,1,"Columbidae","Zenaida asiatica",2018,7,17,"4fa7b334-ce0d-4e88-aaae-2e0c138d049e","2183951143",NA
32.136898,-110.76893,1,"Remizidae","Auriparus flaviceps",2018,7,17,"4fa7b334-ce0d-4e88-aaae-2e0c138d049e","2172502086",NA
32.136898,-110.76893,1,"Accipitridae","Accipiter cooperii",2018,7,17,"4fa7b334-ce0d-4e88-aaae-2e0c138d049e","2195528769",NA
32.136898,-110.76893,1,"Hirundinidae","Hirundo rustica",2018,7,17,"4fa7b334-ce0d-4e88-aaae-2e0c138d049e","2195518866",NA
32.136898,-110.76893,1,"Fringillidae","Haemorhous mexicanus",2018,7,17,"4fa7b334-ce0d-4e88-aaae-2e0c138d049e","2187842562",NA
32.136898,-110.76893,10,"Columbidae","Zenaida macroura",2018,7,17,"4fa7b334-ce0d-4e88-aaae-2e0c138d049e","2183975478",NA
32.136898,-110.76893,5,"Caprimulgidae","Chordeiles acutipennis",2018,7,17,"4fa7b334-ce0d-4e88-aaae-2e0c138d049e","2183961143",NA
32.136898,-110.76893,8,"Odontophoridae","Callipepla gambelii",2018,7,17,"4fa7b334-ce0d-4e88-aaae-2e0c138d049e","2195526006",NA
32.136898,-110.76893,2,"Columbidae","Columba livia",2018,7,17,"4fa7b334-ce0d-4e88-aaae-2e0c138d049e","2172496200",NA
32.136898,-110.76893,1,"Sturnidae","Sturnus vulgaris",2018,7,17,"4fa7b334-ce0d-4e88-aaae-2e0c138d049e","2187526017",NA
32.136898,-110.76893,2,"Tyrannidae","Myiarchus tyrannulus",2018,7,17,"4fa7b334-ce0d-4e88-aaae-2e0c138d049e","2191483473",NA
32.136898,-110.76893,1,"Passeridae","Passer domesticus",2018,7,17,"4fa7b334-ce0d-4e88-aaae-2e0c138d049e","2187508744",NA
32.136898,-110.76893,2,"Fringillidae","Spinus psaltria",2018,7,17,"4fa7b334-ce0d-4e88-aaae-2e0c138d049e","2191486173",NA
32.136898,-110.76893,1,"Columbidae","Zenaida asiatica",2018,7,17,"4fa7b334-ce0d-4e88-aaae-2e0c138d049e","2199248823",NA
32.136898,-110.76893,1,"Remizidae","Auriparus flaviceps",2018,7,17,"4fa7b334-ce0d-4e88-aaae-2e0c138d049e","2176062573",NA
32.136898,-110.76893,1,"Accipitridae","Accipiter cooperii",2018,7,17,"4fa7b334-ce0d-4e88-aaae-2e0c138d049e","2199239934",NA
32.136898,-110.76893,1,"Hirundinidae","Hirundo rustica",2018,7,17,"4fa7b334-ce0d-4e88-aaae-2e0c138d049e","2199221582",NA
32.136898,-110.76893,1,"Fringillidae","Haemorhous mexicanus",2018,7,17,"4fa7b334-ce0d-4e88-aaae-2e0c138d049e","2199229722",NA
32.136898,-110.76893,10,"Columbidae","Zenaida macroura",2018,7,17,"4fa7b334-ce0d-4e88-aaae-2e0c138d049e","2199230351",NA
32.136898,-110.76893,5,"Caprimulgidae","Chordeiles acutipennis",2018,7,17,"4fa7b334-ce0d-4e88-aaae-2e0c138d049e","2199246960",NA
32.136898,-110.76893,8,"Odontophoridae","Callipepla gambelii",2018,7,17,"4fa7b334-ce0d-4e88-aaae-2e0c138d049e","2199234398",NA
32.136898,-110.76893,2,"Columbidae","Columba livia",2018,7,17,"4fa7b334-ce0d-4e88-aaae-2e0c138d049e","2187514006",NA
32.136898,-110.76893,1,"Accipitridae","Accipiter cooperii",2018,7,13,"4fa7b334-ce0d-4e88-aaae-2e0c138d049e","2176954243",NA
32.134197,-110.76984,NA,"Fringillidae","Haemorhous mexicanus",2018,11,23,"4fa7b334-ce0d-4e88-aaae-2e0c138d049e","2206780164",NA
32.134197,-110.76984,NA,"Columbidae","Columba livia",2018,11,23,"4fa7b334-ce0d-4e88-aaae-2e0c138d049e","2206810311",NA
32.134197,-110.76984,1,"Trochilidae","Calypte costae",2018,11,23,"4fa7b334-ce0d-4e88-aaae-2e0c138d049e","2218875784",NA
32.134197,-110.76984,NA,"Fringillidae","Spinus psaltria",2018,11,23,"4fa7b334-ce0d-4e88-aaae-2e0c138d049e","2221490775",NA
32.134197,-110.76984,NA,"Columbidae","Zenaida macroura",2018,11,23,"4fa7b334-ce0d-4e88-aaae-2e0c138d049e","2206769551",NA
32.134197,-110.76984,NA,"Fringillidae","Haemorhous mexicanus",2018,11,23,"4fa7b334-ce0d-4e88-aaae-2e0c138d049e","2229425063",NA
32.134197,-110.76984,NA,"Columbidae","Columba livia",2018,11,23,"4fa7b334-ce0d-4e88-aaae-2e0c138d049e","2218881860",NA
32.134197,-110.76984,1,"Trochilidae","Calypte costae",2018,11,23,"4fa7b334-ce0d-4e88-aaae-2e0c138d049e","2206767389",NA
32.134197,-110.76984,NA,"Fringillidae","Spinus psaltria",2018,11,23,"4fa7b334-ce0d-4e88-aaae-2e0c138d049e","2229405052",NA
32.134197,-110.76984,NA,"Columbidae","Zenaida macroura",2018,11,23,"4fa7b334-ce0d-4e88-aaae-2e0c138d049e","2206773496",NA
32.134197,-110.76984,8,"Odontophoridae","Callipepla gambelii",2018,11,22,"4fa7b334-ce0d-4e88-aaae-2e0c138d049e","2206781753",NA
32.137123,-110.77291,1,"Picidae","Melanerpes uropygialis",2019,4,27,"4fa7b334-ce0d-4e88-aaae-2e0c138d049e","3184817969",NA
32.137123,-110.77291,1,"Remizidae","Auriparus flaviceps",2019,4,27,"4fa7b334-ce0d-4e88-aaae-2e0c138d049e","3176209889",NA
32.137123,-110.77291,1,"Columbidae","Zenaida macroura",2019,4,27,"4fa7b334-ce0d-4e88-aaae-2e0c138d049e","3178127834",NA
32.133617,-110.76399,5,"Odontophoridae","Callipepla gambelii",2019,4,27,"4fa7b334-ce0d-4e88-aaae-2e0c138d049e","3273838798",NA
32.133617,-110.76399,2,"Columbidae","Zenaida macroura",2019,4,27,"4fa7b334-ce0d-4e88-aaae-2e0c138d049e","3282720878",NA
32.133617,-110.76399,1,"Picidae","Dryobates scalaris",2019,4,27,"4fa7b334-ce0d-4e88-aaae-2e0c138d049e","3289714886",NA
32.133617,-110.76399,1,"Parulidae","Leiothlypis luciae",2019,4,27,"4fa7b334-ce0d-4e88-aaae-2e0c138d049e","3272615726",NA
32.133617,-110.76399,1,"Tyrannidae","Sayornis saya",2019,4,27,"4fa7b334-ce0d-4e88-aaae-2e0c138d049e","3275811938",NA
32.133617,-110.76399,1,"Mimidae","Toxostoma curvirostre",2019,4,27,"4fa7b334-ce0d-4e88-aaae-2e0c138d049e","3279818859",NA
32.133617,-110.76399,1,"Troglodytidae","Campylorhynchus brunneicapillus",2019,4,27,"4fa7b334-ce0d-4e88-aaae-2e0c138d049e","3267239861",NA
32.138134,-110.74945,1,"Parulidae","Leiothlypis luciae",2019,4,27,"4fa7b334-ce0d-4e88-aaae-2e0c138d049e","3193324690",NA
32.138134,-110.74945,1,"Fringillidae","Spinus psaltria",2019,4,27,"4fa7b334-ce0d-4e88-aaae-2e0c138d049e","3189707877",NA
32.138134,-110.74945,1,"Tyrannidae","Myiarchus cinerascens",2019,4,27,"4fa7b334-ce0d-4e88-aaae-2e0c138d049e","3188489004",NA
32.138134,-110.74945,1,"Ptilogonatidae","Phainopepla nitens",2019,4,27,"4fa7b334-ce0d-4e88-aaae-2e0c138d049e","3169510891",NA
32.138134,-110.74945,1,"Tyrannidae","Pyrocephalus rubinus",2019,4,27,"4fa7b334-ce0d-4e88-aaae-2e0c138d049e","3164100859",NA
32.138134,-110.74945,1,"Troglodytidae","Campylorhynchus brunneicapillus",2019,4,27,"4fa7b334-ce0d-4e88-aaae-2e0c138d049e","3181865981",NA
32.138134,-110.74945,1,"Columbidae","Zenaida asiatica",2019,4,27,"4fa7b334-ce0d-4e88-aaae-2e0c138d049e","3183401920",NA
32.138134,-110.74945,1,"Columbidae","Zenaida macroura",2019,4,27,"4fa7b334-ce0d-4e88-aaae-2e0c138d049e","3172044893",NA
32.138134,-110.74945,5,"Fringillidae","Haemorhous mexicanus",2019,4,27,"4fa7b334-ce0d-4e88-aaae-2e0c138d049e","3180230962",NA
32.138134,-110.74945,1,"Parulidae","Setophaga petechia",2019,4,27,"4fa7b334-ce0d-4e88-aaae-2e0c138d049e","3172713855",NA
32.138134,-110.74945,1,"Emberizidae","Amphispiza bilineata",2019,4,27,"4fa7b334-ce0d-4e88-aaae-2e0c138d049e","3181649909",NA
32.138134,-110.74945,1,"Remizidae","Auriparus flaviceps",2019,4,27,"4fa7b334-ce0d-4e88-aaae-2e0c138d049e","3189181905",NA
32.138134,-110.74945,2,"Cathartidae","Cathartes aura",2019,4,27,"4fa7b334-ce0d-4e88-aaae-2e0c138d049e","3186731011",NA
32.13592,-110.77085,1,"Tyrannidae","Pyrocephalus rubinus",2019,9,19,"4fa7b334-ce0d-4e88-aaae-2e0c138d049e","2763737520",NA
32.13592,-110.77085,1,"Tyrannidae","Sayornis saya",2019,9,19,"4fa7b334-ce0d-4e88-aaae-2e0c138d049e","2769036488",NA
32.13592,-110.77085,NA,"Columbidae","Columba livia",2019,9,19,"4fa7b334-ce0d-4e88-aaae-2e0c138d049e","2765542406",NA
32.13592,-110.77085,1,"Strigidae","Bubo virginianus",2019,9,19,"4fa7b334-ce0d-4e88-aaae-2e0c138d049e","2718845597",NA
32.133617,-110.76399,3,"Fringillidae","Haemorhous mexicanus",2020,5,15,"4fa7b334-ce0d-4e88-aaae-2e0c138d049e","3276587535",NA
32.133617,-110.76399,1,"Parulidae","Leiothlypis luciae",2020,5,15,"4fa7b334-ce0d-4e88-aaae-2e0c138d049e","3267804608",NA
32.133617,-110.76399,2,"Columbidae","Zenaida asiatica",2020,5,15,"4fa7b334-ce0d-4e88-aaae-2e0c138d049e","3283305688",NA
32.133617,-110.76399,2,"Odontophoridae","Callipepla gambelii",2020,5,15,"4fa7b334-ce0d-4e88-aaae-2e0c138d049e","3282000664",NA
32.133617,-110.76399,1,"Troglodytidae","Campylorhynchus brunneicapillus",2020,5,15,"4fa7b334-ce0d-4e88-aaae-2e0c138d049e","3282630693",NA
32.133617,-110.76399,3,"Fringillidae","Haemorhous mexicanus",2020,5,15,"4fa7b334-ce0d-4e88-aaae-2e0c138d049e","3176667643",NA
32.133617,-110.76399,1,"Parulidae","Leiothlypis luciae",2020,5,15,"4fa7b334-ce0d-4e88-aaae-2e0c138d049e","3175797694",NA
32.133617,-110.76399,2,"Columbidae","Zenaida asiatica",2020,5,15,"4fa7b334-ce0d-4e88-aaae-2e0c138d049e","3183267826",NA
32.133617,-110.76399,2,"Odontophoridae","Callipepla gambelii",2020,5,15,"4fa7b334-ce0d-4e88-aaae-2e0c138d049e","3170170753",NA
32.133617,-110.76399,1,"Troglodytidae","Campylorhynchus brunneicapillus",2020,5,15,"4fa7b334-ce0d-4e88-aaae-2e0c138d049e","3167493652",NA
32.137123,-110.77291,2,"Columbidae","Zenaida asiatica",2020,5,15,"4fa7b334-ce0d-4e88-aaae-2e0c138d049e","3262540658",NA
32.137123,-110.77291,1,"Parulidae","Leiothlypis luciae",2020,5,15,"4fa7b334-ce0d-4e88-aaae-2e0c138d049e","3289279668",NA
32.137123,-110.77291,1,"Remizidae","Auriparus flaviceps",2020,5,15,"4fa7b334-ce0d-4e88-aaae-2e0c138d049e","3278233750",NA
32.137123,-110.77291,1,"Fringillidae","Haemorhous mexicanus",2020,5,15,"4fa7b334-ce0d-4e88-aaae-2e0c138d049e","3276391645",NA
32.137123,-110.77291,1,"Trochilidae","Calypte anna",2020,5,15,"4fa7b334-ce0d-4e88-aaae-2e0c138d049e","3276587539",NA
32.137123,-110.77291,3,"Columbidae","Zenaida macroura",2020,5,15,"4fa7b334-ce0d-4e88-aaae-2e0c138d049e","3267804612",NA
32.137123,-110.77291,2,"Columbidae","Zenaida asiatica",2020,5,15,"4fa7b334-ce0d-4e88-aaae-2e0c138d049e","3166881753",NA
32.137123,-110.77291,1,"Parulidae","Leiothlypis luciae",2020,5,15,"4fa7b334-ce0d-4e88-aaae-2e0c138d049e","3171380716",NA
32.137123,-110.77291,1,"Remizidae","Auriparus flaviceps",2020,5,15,"4fa7b334-ce0d-4e88-aaae-2e0c138d049e","3190482702",NA
32.137123,-110.77291,1,"Fringillidae","Haemorhous mexicanus",2020,5,15,"4fa7b334-ce0d-4e88-aaae-2e0c138d049e","3176209879",NA
32.137123,-110.77291,1,"Trochilidae","Calypte anna",2020,5,15,"4fa7b334-ce0d-4e88-aaae-2e0c138d049e","3178127824",NA
32.137123,-110.77291,3,"Columbidae","Zenaida macroura",2020,5,15,"4fa7b334-ce0d-4e88-aaae-2e0c138d049e","3189362911",NA
32.138134,-110.74945,1,"Ptilogonatidae","Phainopepla nitens",2020,5,15,"4fa7b334-ce0d-4e88-aaae-2e0c138d049e","3269037608",NA
32.138134,-110.74945,1,"Remizidae","Auriparus flaviceps",2020,5,15,"4fa7b334-ce0d-4e88-aaae-2e0c138d049e","3243257540",NA
32.138134,-110.74945,2,"Fringillidae","Haemorhous mexicanus",2020,5,15,"4fa7b334-ce0d-4e88-aaae-2e0c138d049e","3241053707",NA
32.138134,-110.74945,1,"Picidae","Melanerpes uropygialis",2020,5,15,"4fa7b334-ce0d-4e88-aaae-2e0c138d049e","3257793900",NA
32.138134,-110.74945,3,"Tyrannidae","Pyrocephalus rubinus",2020,5,15,"4fa7b334-ce0d-4e88-aaae-2e0c138d049e","3250560850",NA
32.138134,-110.74945,1,"Emberizidae","Amphispiza bilineata",2020,5,15,"4fa7b334-ce0d-4e88-aaae-2e0c138d049e","3270769710",NA
32.138134,-110.74945,1,"Ptilogonatidae","Phainopepla nitens",2020,5,15,"4fa7b334-ce0d-4e88-aaae-2e0c138d049e","3164729608",NA
32.138134,-110.74945,1,"Remizidae","Auriparus flaviceps",2020,5,15,"4fa7b334-ce0d-4e88-aaae-2e0c138d049e","3176136601",NA
32.138134,-110.74945,2,"Fringillidae","Haemorhous mexicanus",2020,5,15,"4fa7b334-ce0d-4e88-aaae-2e0c138d049e","3183731522",NA
32.138134,-110.74945,1,"Picidae","Melanerpes uropygialis",2020,5,15,"4fa7b334-ce0d-4e88-aaae-2e0c138d049e","3187933483",NA
32.138134,-110.74945,3,"Tyrannidae","Pyrocephalus rubinus",2020,5,15,"4fa7b334-ce0d-4e88-aaae-2e0c138d049e","3188223514",NA
32.138134,-110.74945,1,"Emberizidae","Amphispiza bilineata",2020,5,15,"4fa7b334-ce0d-4e88-aaae-2e0c138d049e","3171473599",NA
32.134758,-110.77256,1,"Accipitridae","Accipiter cooperii",2020,9,3,"4fa7b334-ce0d-4e88-aaae-2e0c138d049e","3186136148",NA
32.136439,-110.754853,NA,"Emberizidae","Pipilo chlorurus",2020,9,13,"50c9509d-22c7-4a22-a47d-8c48425ef4a7","2898505464","iNaturalist research-grade observations"
32.140713,-110.77269,1,"Accipitridae","Accipiter cooperii",2021,4,15,"4fa7b334-ce0d-4e88-aaae-2e0c138d049e","3531006168",NA
32.140713,-110.77269,1,"Columbidae","Columba livia",2021,4,15,"4fa7b334-ce0d-4e88-aaae-2e0c138d049e","3534922888",NA
32.133617,-110.76399,1,"Fringillidae","Haemorhous mexicanus",2021,4,25,"4fa7b334-ce0d-4e88-aaae-2e0c138d049e","3640166112",NA
32.133617,-110.76399,1,"Troglodytidae","Campylorhynchus brunneicapillus",2021,4,25,"4fa7b334-ce0d-4e88-aaae-2e0c138d049e","3528559667",NA
32.133617,-110.76399,1,"Columbidae","Zenaida asiatica",2021,4,25,"4fa7b334-ce0d-4e88-aaae-2e0c138d049e","3523979980",NA
32.133617,-110.76399,1,"Columbidae","Zenaida macroura",2021,4,25,"4fa7b334-ce0d-4e88-aaae-2e0c138d049e","3520309011",NA
32.133617,-110.76399,1,"Parulidae","Leiothlypis luciae",2021,4,25,"4fa7b334-ce0d-4e88-aaae-2e0c138d049e","3516378025",NA
32.133617,-110.76399,3,"Odontophoridae","Callipepla gambelii",2021,4,25,"4fa7b334-ce0d-4e88-aaae-2e0c138d049e","3514591379",NA
32.133617,-110.76399,2,"Picidae","Melanerpes uropygialis",2021,4,25,"4fa7b334-ce0d-4e88-aaae-2e0c138d049e","3519027387",NA
32.137123,-110.77291,3,"Tyrannidae","Myiarchus tyrannulus",2021,4,25,"4fa7b334-ce0d-4e88-aaae-2e0c138d049e","3653059911",NA
32.137123,-110.77291,1,"Columbidae","Columba livia",2021,4,25,"4fa7b334-ce0d-4e88-aaae-2e0c138d049e","3654224043",NA
32.133617,-110.76399,1,"Fringillidae","Haemorhous mexicanus",2021,4,25,"4fa7b334-ce0d-4e88-aaae-2e0c138d049e","3525856186",NA
32.133617,-110.76399,1,"Troglodytidae","Campylorhynchus brunneicapillus",2021,4,25,"4fa7b334-ce0d-4e88-aaae-2e0c138d049e","3529794608",NA
32.133617,-110.76399,1,"Columbidae","Zenaida asiatica",2021,4,25,"4fa7b334-ce0d-4e88-aaae-2e0c138d049e","3523685027",NA
32.133617,-110.76399,1,"Columbidae","Zenaida macroura",2021,4,25,"4fa7b334-ce0d-4e88-aaae-2e0c138d049e","3522309124",NA
32.133617,-110.76399,1,"Parulidae","Leiothlypis luciae",2021,4,25,"4fa7b334-ce0d-4e88-aaae-2e0c138d049e","3518852326",NA
32.133617,-110.76399,3,"Odontophoridae","Callipepla gambelii",2021,4,25,"4fa7b334-ce0d-4e88-aaae-2e0c138d049e","3519713600",NA
32.133617,-110.76399,2,"Picidae","Melanerpes uropygialis",2021,4,25,"4fa7b334-ce0d-4e88-aaae-2e0c138d049e","3520193350",NA
32.137123,-110.77291,3,"Tyrannidae","Myiarchus tyrannulus",2021,4,25,"4fa7b334-ce0d-4e88-aaae-2e0c138d049e","3540899622",NA
32.137123,-110.77291,1,"Columbidae","Columba livia",2021,4,25,"4fa7b334-ce0d-4e88-aaae-2e0c138d049e","3537527103",NA
32.134197,-110.76984,1,"Remizidae","Auriparus flaviceps",2021,11,21,"4fa7b334-ce0d-4e88-aaae-2e0c138d049e","3689665237",NA
32.134197,-110.76984,2,"Trochilidae","Calypte costae",2021,11,21,"4fa7b334-ce0d-4e88-aaae-2e0c138d049e","3652814599",NA
32.134197,-110.76984,NA,"Columbidae","Columba livia",2021,11,21,"4fa7b334-ce0d-4e88-aaae-2e0c138d049e","3656588889",NA
32.134197,-110.76984,1,"Remizidae","Auriparus flaviceps",2021,11,21,"4fa7b334-ce0d-4e88-aaae-2e0c138d049e","3565958008",NA
32.134197,-110.76984,2,"Trochilidae","Calypte costae",2021,11,21,"4fa7b334-ce0d-4e88-aaae-2e0c138d049e","3571909953",NA
32.134197,-110.76984,NA,"Columbidae","Columba livia",2021,11,21,"4fa7b334-ce0d-4e88-aaae-2e0c138d049e","3574992889",NA
