"decimalLatitude","decimalLongitude","individualCount","family","species","year","month","day","datasetKey","datasetName","gbifID","lifeStage"
32.20627,-110.77275,1,"Accipitridae","Accipiter cooperii",2021,1,7,"4fa7b334-ce0d-4e88-aaae-2e0c138d049e",NA,"3505090658",NA
32.195747,-110.77287,8,"Columbidae","Columba livia",2021,1,13,"4fa7b334-ce0d-4e88-aaae-2e0c138d049e",NA,"3605274945",NA
32.195747,-110.77287,1,"Accipitridae","Buteo jamaicensis",2021,1,13,"4fa7b334-ce0d-4e88-aaae-2e0c138d049e",NA,"3614146861",NA
32.195747,-110.77287,1,"Ptilogonatidae","Phainopepla nitens",2021,1,13,"4fa7b334-ce0d-4e88-aaae-2e0c138d049e",NA,"3611355681",NA
32.20627,-110.77275,1,"Corvidae","Corvus corax",2021,1,23,"4fa7b334-ce0d-4e88-aaae-2e0c138d049e",NA,"3508304816",NA
32.20627,-110.77275,2,"Accipitridae","Buteo jamaicensis",2021,1,23,"4fa7b334-ce0d-4e88-aaae-2e0c138d049e",NA,"3507312359",NA
32.20627,-110.77275,18,"Columbidae","Columba livia",2021,1,23,"4fa7b334-ce0d-4e88-aaae-2e0c138d049e",NA,"3666675381",NA
32.195747,-110.77287,1,"Tyrannidae","Sayornis saya",2021,1,30,"4fa7b334-ce0d-4e88-aaae-2e0c138d049e",NA,"3510990504",NA
32.195747,-110.77287,4,"Columbidae","Columba livia",2021,1,30,"4fa7b334-ce0d-4e88-aaae-2e0c138d049e",NA,"3507534340",NA
32.198627,-110.78016,2,"Ptilogonatidae","Phainopepla nitens",2021,1,31,"4fa7b334-ce0d-4e88-aaae-2e0c138d049e",NA,"3506396213",NA
32.196384,-110.77944,2,"Ptilogonatidae","Phainopepla nitens",2021,2,4,"4fa7b334-ce0d-4e88-aaae-2e0c138d049e",NA,"3534235897",NA
32.196384,-110.77944,5,"Columbidae","Zenaida macroura",2021,2,4,"4fa7b334-ce0d-4e88-aaae-2e0c138d049e",NA,"3540995660",NA
32.196384,-110.77944,8,"Odontophoridae","Callipepla gambelii",2021,2,4,"4fa7b334-ce0d-4e88-aaae-2e0c138d049e",NA,"3546082413",NA
32.20627,-110.77275,1,"Ptilogonatidae","Phainopepla nitens",2021,2,5,"4fa7b334-ce0d-4e88-aaae-2e0c138d049e",NA,"3596604505",NA
32.20627,-110.77275,1,"Accipitridae","Parabuteo unicinctus",2021,2,6,"4fa7b334-ce0d-4e88-aaae-2e0c138d049e",NA,"3526328980",NA
32.20627,-110.77275,1,"Ptilogonatidae","Phainopepla nitens",2021,2,6,"4fa7b334-ce0d-4e88-aaae-2e0c138d049e",NA,"3525171654",NA
32.19478,-110.786095,7,"Emberizidae","Zonotrichia leucophrys",2021,2,13,"4fa7b334-ce0d-4e88-aaae-2e0c138d049e",NA,"3510195707",NA
32.19478,-110.786095,2,"Cardinalidae","Cardinalis cardinalis",2021,2,13,"4fa7b334-ce0d-4e88-aaae-2e0c138d049e",NA,"3507371381",NA
32.19478,-110.786095,2,"Columbidae","Streptopelia decaocto",2021,2,13,"4fa7b334-ce0d-4e88-aaae-2e0c138d049e",NA,"3506592601",NA
32.19478,-110.786095,15,"Fringillidae","Spinus psaltria",2021,2,13,"4fa7b334-ce0d-4e88-aaae-2e0c138d049e",NA,"3506776959",NA
32.19478,-110.786095,20,"Fringillidae","Haemorhous mexicanus",2021,2,13,"4fa7b334-ce0d-4e88-aaae-2e0c138d049e",NA,"3683239560",NA
32.19478,-110.786095,1,"Trochilidae","Calypte anna",2021,2,13,"4fa7b334-ce0d-4e88-aaae-2e0c138d049e",NA,"3690711933",NA
32.19478,-110.786095,10,"Columbidae","Zenaida macroura",2021,2,13,"4fa7b334-ce0d-4e88-aaae-2e0c138d049e",NA,"3691440544",NA
32.20351,-110.777374,12,"Emberizidae","Zonotrichia leucophrys",2021,2,14,"4fa7b334-ce0d-4e88-aaae-2e0c138d049e",NA,"3593344206",NA
32.20351,-110.777374,8,"Fringillidae","Haemorhous mexicanus",2021,2,14,"4fa7b334-ce0d-4e88-aaae-2e0c138d049e",NA,"3594869212",NA
32.20351,-110.777374,2,"Trochilidae","Calypte anna",2021,2,14,"4fa7b334-ce0d-4e88-aaae-2e0c138d049e",NA,"3598626845",NA
32.20351,-110.777374,16,"Columbidae","Zenaida macroura",2021,2,14,"4fa7b334-ce0d-4e88-aaae-2e0c138d049e",NA,"3601551273",NA
32.20351,-110.777374,1,"Accipitridae","Accipiter cooperii",2021,2,14,"4fa7b334-ce0d-4e88-aaae-2e0c138d049e",NA,"3605606292",NA
32.20351,-110.777374,1,"Mimidae","Mimus polyglottos",2021,2,14,"4fa7b334-ce0d-4e88-aaae-2e0c138d049e",NA,"3590635448",NA
32.20351,-110.777374,2,"Picidae","Melanerpes uropygialis",2021,2,14,"4fa7b334-ce0d-4e88-aaae-2e0c138d049e",NA,"3590468866",NA
32.196903,-110.781044,1,"Troglodytidae","Campylorhynchus brunneicapillus",2021,2,15,"4fa7b334-ce0d-4e88-aaae-2e0c138d049e",NA,"3622753628",NA
32.196903,-110.781044,2,"Fringillidae","Spinus psaltria",2021,2,15,"4fa7b334-ce0d-4e88-aaae-2e0c138d049e",NA,"3615211474",NA
32.196903,-110.781044,3,"Fringillidae","Haemorhous mexicanus",2021,2,15,"4fa7b334-ce0d-4e88-aaae-2e0c138d049e",NA,"3613757836",NA
32.196903,-110.781044,5,"Columbidae","Zenaida macroura",2021,2,15,"4fa7b334-ce0d-4e88-aaae-2e0c138d049e",NA,"3613022826",NA
32.196903,-110.781044,2,"Accipitridae","Accipiter cooperii",2021,2,15,"4fa7b334-ce0d-4e88-aaae-2e0c138d049e",NA,"3605047205",NA
32.196903,-110.781044,6,"Odontophoridae","Callipepla gambelii",2021,2,15,"4fa7b334-ce0d-4e88-aaae-2e0c138d049e",NA,"3601162858",NA
32.196903,-110.781044,1,"Troglodytidae","Campylorhynchus brunneicapillus",2021,2,15,"4fa7b334-ce0d-4e88-aaae-2e0c138d049e",NA,"3509242688",NA
32.196903,-110.781044,2,"Fringillidae","Spinus psaltria",2021,2,15,"4fa7b334-ce0d-4e88-aaae-2e0c138d049e",NA,"3510948343",NA
32.196903,-110.781044,3,"Fringillidae","Haemorhous mexicanus",2021,2,15,"4fa7b334-ce0d-4e88-aaae-2e0c138d049e",NA,"3516573700",NA
32.196903,-110.781044,5,"Columbidae","Zenaida macroura",2021,2,15,"4fa7b334-ce0d-4e88-aaae-2e0c138d049e",NA,"3515086638",NA
32.196903,-110.781044,2,"Accipitridae","Accipiter cooperii",2021,2,15,"4fa7b334-ce0d-4e88-aaae-2e0c138d049e",NA,"3511194778",NA
32.196903,-110.781044,6,"Odontophoridae","Callipepla gambelii",2021,2,15,"4fa7b334-ce0d-4e88-aaae-2e0c138d049e",NA,"3508358763",NA
32.196903,-110.781044,2,"Cardinalidae","Cardinalis cardinalis",2021,2,18,"4fa7b334-ce0d-4e88-aaae-2e0c138d049e",NA,"3678607735",NA
32.196903,-110.781044,1,"Trochilidae","Calypte anna",2021,2,18,"4fa7b334-ce0d-4e88-aaae-2e0c138d049e",NA,"3680500938",NA
32.196903,-110.781044,1,"Trochilidae","Calypte costae",2021,2,18,"4fa7b334-ce0d-4e88-aaae-2e0c138d049e",NA,"3677898945",NA
32.196903,-110.781044,1,"Cardinalidae","Cardinalis sinuatus",2021,2,18,"4fa7b334-ce0d-4e88-aaae-2e0c138d049e",NA,"3680205757",NA
32.196903,-110.781044,1,"Polioptilidae","Polioptila melanura",2021,2,18,"4fa7b334-ce0d-4e88-aaae-2e0c138d049e",NA,"3508095305",NA
32.196903,-110.781044,2,"Emberizidae","Zonotrichia leucophrys",2021,2,18,"4fa7b334-ce0d-4e88-aaae-2e0c138d049e",NA,"3507831955",NA
32.196903,-110.781044,2,"Cardinalidae","Cardinalis cardinalis",2021,2,18,"4fa7b334-ce0d-4e88-aaae-2e0c138d049e",NA,"3509048303",NA
32.196903,-110.781044,1,"Trochilidae","Calypte anna",2021,2,18,"4fa7b334-ce0d-4e88-aaae-2e0c138d049e",NA,"3509921821",NA
32.196903,-110.781044,1,"Trochilidae","Calypte costae",2021,2,18,"4fa7b334-ce0d-4e88-aaae-2e0c138d049e",NA,"3512212692",NA
32.196903,-110.781044,1,"Cardinalidae","Cardinalis sinuatus",2021,2,18,"4fa7b334-ce0d-4e88-aaae-2e0c138d049e",NA,"3515146919",NA
32.196903,-110.781044,1,"Polioptilidae","Polioptila melanura",2021,2,18,"4fa7b334-ce0d-4e88-aaae-2e0c138d049e",NA,"3516633801",NA
32.196903,-110.781044,2,"Emberizidae","Zonotrichia leucophrys",2021,2,18,"4fa7b334-ce0d-4e88-aaae-2e0c138d049e",NA,"3521437192",NA
32.1989,-110.782814,1,"Fringillidae","Haemorhous mexicanus",2021,2,21,"4fa7b334-ce0d-4e88-aaae-2e0c138d049e",NA,"3681467208",NA
32.1989,-110.782814,1,"Trochilidae","Calypte anna",2021,2,21,"4fa7b334-ce0d-4e88-aaae-2e0c138d049e",NA,"3668279470",NA
32.1989,-110.782814,7,"Columbidae","Zenaida macroura",2021,2,21,"4fa7b334-ce0d-4e88-aaae-2e0c138d049e",NA,"3669754054",NA
32.19367,-110.77907,1,"Tyrannidae","Pyrocephalus rubinus",2021,2,21,"4fa7b334-ce0d-4e88-aaae-2e0c138d049e",NA,"3650485019",NA
32.19367,-110.77907,1,"Passeridae","Passer domesticus",2021,2,21,"4fa7b334-ce0d-4e88-aaae-2e0c138d049e",NA,"3599217833",NA
32.19367,-110.77907,1,"Accipitridae","Accipiter cooperii",2021,2,21,"4fa7b334-ce0d-4e88-aaae-2e0c138d049e",NA,"3602098925",NA
32.19367,-110.77907,5,"Columbidae","Columba livia",2021,2,21,"4fa7b334-ce0d-4e88-aaae-2e0c138d049e",NA,"3588675353",NA
32.1989,-110.782814,2,"Picidae","Melanerpes uropygialis",2021,2,21,"4fa7b334-ce0d-4e88-aaae-2e0c138d049e",NA,"3587430645",NA
32.1989,-110.782814,1,"Mimidae","Mimus polyglottos",2021,2,21,"4fa7b334-ce0d-4e88-aaae-2e0c138d049e",NA,"3588675361",NA
32.1989,-110.782814,1,"Ptilogonatidae","Phainopepla nitens",2021,2,21,"4fa7b334-ce0d-4e88-aaae-2e0c138d049e",NA,"3588924075",NA
32.1989,-110.782814,1,"Emberizidae","Zonotrichia leucophrys",2021,2,21,"4fa7b334-ce0d-4e88-aaae-2e0c138d049e",NA,"3589622568",NA
32.19367,-110.77907,4,"Columbidae","Zenaida macroura",2021,2,21,"4fa7b334-ce0d-4e88-aaae-2e0c138d049e",NA,"3540873507",NA
32.20627,-110.77275,1,"Accipitridae","Buteo jamaicensis",2021,2,27,"4fa7b334-ce0d-4e88-aaae-2e0c138d049e",NA,"3509052252",NA
32.197037,-110.77952,1,"Accipitridae","Buteo albonotatus",2021,3,25,"4fa7b334-ce0d-4e88-aaae-2e0c138d049e",NA,"3556397846",NA
32.196903,-110.781,1,"Picidae","Colaptes auratus",2021,3,31,"4fa7b334-ce0d-4e88-aaae-2e0c138d049e",NA,"3601319427",NA
32.196903,-110.781,10,"Odontophoridae","Callipepla gambelii",2021,3,31,"4fa7b334-ce0d-4e88-aaae-2e0c138d049e",NA,"3596326639",NA
32.196903,-110.781,1,"Emberizidae","Zonotrichia leucophrys",2021,3,31,"4fa7b334-ce0d-4e88-aaae-2e0c138d049e",NA,"3594850059",NA
32.196903,-110.781,5,"Trochilidae","Calypte anna",2021,3,31,"4fa7b334-ce0d-4e88-aaae-2e0c138d049e",NA,"3597764363",NA
32.196903,-110.781,3,"Cardinalidae","Cardinalis sinuatus",2021,3,31,"4fa7b334-ce0d-4e88-aaae-2e0c138d049e",NA,"3603130706",NA
32.196903,-110.781,1,"Ptilogonatidae","Phainopepla nitens",2021,3,31,"4fa7b334-ce0d-4e88-aaae-2e0c138d049e",NA,"3598845061",NA
32.196903,-110.781,1,"Remizidae","Auriparus flaviceps",2021,3,31,"4fa7b334-ce0d-4e88-aaae-2e0c138d049e",NA,"3601571175",NA
32.196903,-110.781,2,"Fringillidae","Haemorhous mexicanus",2021,3,31,"4fa7b334-ce0d-4e88-aaae-2e0c138d049e",NA,"3602452147",NA
32.196903,-110.781,1,"Troglodytidae","Campylorhynchus brunneicapillus",2021,3,31,"4fa7b334-ce0d-4e88-aaae-2e0c138d049e",NA,"3608778280",NA
32.196903,-110.781,1,"Polioptilidae","Polioptila melanura",2021,3,31,"4fa7b334-ce0d-4e88-aaae-2e0c138d049e",NA,"3621771486",NA
32.196484,-110.772964,3,"Accipitridae","Parabuteo unicinctus",2021,3,30,"4fa7b334-ce0d-4e88-aaae-2e0c138d049e",NA,"3560518592",NA
32.196484,-110.772964,2,"Columbidae","Columba livia",2021,3,30,"4fa7b334-ce0d-4e88-aaae-2e0c138d049e",NA,"3558268053",NA
32.196484,-110.772964,4,"Corvidae","Corvus corax",2021,3,30,"4fa7b334-ce0d-4e88-aaae-2e0c138d049e",NA,"3560621523",NA
32.196484,-110.772964,3,"Ptilogonatidae","Phainopepla nitens",2021,3,30,"4fa7b334-ce0d-4e88-aaae-2e0c138d049e",NA,"3560338991",NA
32.196484,-110.772964,10,"Columbidae","Zenaida macroura",2021,3,30,"4fa7b334-ce0d-4e88-aaae-2e0c138d049e",NA,"3534301573",NA
32.196484,-110.772964,4,"Threskiornithidae","Plegadis chihi",2021,3,30,"4fa7b334-ce0d-4e88-aaae-2e0c138d049e",NA,"3544095280",NA
32.197407,-110.77931,2,"Emberizidae","Zonotrichia leucophrys",2021,4,2,"4fa7b334-ce0d-4e88-aaae-2e0c138d049e",NA,"3647934435",NA
32.197407,-110.77931,4,"Odontophoridae","Callipepla gambelii",2021,4,2,"4fa7b334-ce0d-4e88-aaae-2e0c138d049e",NA,"3647027289",NA
32.197407,-110.77931,3,"Fringillidae","Haemorhous mexicanus",2021,4,2,"4fa7b334-ce0d-4e88-aaae-2e0c138d049e",NA,"3652366124",NA
32.197407,-110.77931,2,"Emberizidae","Melospiza melodia",2021,4,2,"4fa7b334-ce0d-4e88-aaae-2e0c138d049e",NA,"3653528581",NA
32.197407,-110.77931,1,"Regulidae","Regulus calendula",2021,4,2,"4fa7b334-ce0d-4e88-aaae-2e0c138d049e",NA,"3620727958",NA
32.197407,-110.77931,1,"Cardinalidae","Cardinalis cardinalis",2021,4,2,"4fa7b334-ce0d-4e88-aaae-2e0c138d049e",NA,"3629434094",NA
32.197407,-110.77931,3,"Passeridae","Passer domesticus",2021,4,2,"4fa7b334-ce0d-4e88-aaae-2e0c138d049e",NA,"3626409348",NA
32.197407,-110.77931,2,"Troglodytidae","Campylorhynchus brunneicapillus",2021,4,2,"4fa7b334-ce0d-4e88-aaae-2e0c138d049e",NA,"3629156646",NA
32.197407,-110.77931,1,"Trochilidae","Calypte costae",2021,4,2,"4fa7b334-ce0d-4e88-aaae-2e0c138d049e",NA,"3638114323",NA
32.197407,-110.77931,2,"Mimidae","Toxostoma curvirostre",2021,4,2,"4fa7b334-ce0d-4e88-aaae-2e0c138d049e",NA,"3643121089",NA
32.197407,-110.77931,1,"Cardinalidae","Cardinalis sinuatus",2021,4,2,"4fa7b334-ce0d-4e88-aaae-2e0c138d049e",NA,"3647606802",NA
32.197407,-110.77931,1,"Emberizidae","Melozone aberti",2021,4,2,"4fa7b334-ce0d-4e88-aaae-2e0c138d049e",NA,"3644948415",NA
32.197407,-110.77931,3,"Ptilogonatidae","Phainopepla nitens",2021,4,2,"4fa7b334-ce0d-4e88-aaae-2e0c138d049e",NA,"3653487169",NA
32.197407,-110.77931,1,"Trochilidae","Calypte anna",2021,4,2,"4fa7b334-ce0d-4e88-aaae-2e0c138d049e",NA,"3654032039",NA
32.197407,-110.77931,1,"Picidae","Melanerpes uropygialis",2021,4,2,"4fa7b334-ce0d-4e88-aaae-2e0c138d049e",NA,"3629582465",NA
32.197407,-110.77931,2,"Remizidae","Auriparus flaviceps",2021,4,2,"4fa7b334-ce0d-4e88-aaae-2e0c138d049e",NA,"3666512951",NA
32.197407,-110.77931,2,"Mimidae","Mimus polyglottos",2021,4,2,"4fa7b334-ce0d-4e88-aaae-2e0c138d049e",NA,"3666419743",NA
32.197407,-110.77931,2,"Emberizidae","Zonotrichia leucophrys",2021,4,2,"4fa7b334-ce0d-4e88-aaae-2e0c138d049e",NA,"3632861472",NA
32.197407,-110.77931,4,"Odontophoridae","Callipepla gambelii",2021,4,2,"4fa7b334-ce0d-4e88-aaae-2e0c138d049e",NA,"3645978092",NA
32.197407,-110.77931,3,"Fringillidae","Haemorhous mexicanus",2021,4,2,"4fa7b334-ce0d-4e88-aaae-2e0c138d049e",NA,"3641393455",NA
32.197407,-110.77931,2,"Emberizidae","Melospiza melodia",2021,4,2,"4fa7b334-ce0d-4e88-aaae-2e0c138d049e",NA,"3641619160",NA
32.197407,-110.77931,1,"Regulidae","Regulus calendula",2021,4,2,"4fa7b334-ce0d-4e88-aaae-2e0c138d049e",NA,"3638536828",NA
32.197407,-110.77931,1,"Cardinalidae","Cardinalis cardinalis",2021,4,2,"4fa7b334-ce0d-4e88-aaae-2e0c138d049e",NA,"3653461354",NA
32.197407,-110.77931,3,"Passeridae","Passer domesticus",2021,4,2,"4fa7b334-ce0d-4e88-aaae-2e0c138d049e",NA,"3632783891",NA
32.197407,-110.77931,2,"Troglodytidae","Campylorhynchus brunneicapillus",2021,4,2,"4fa7b334-ce0d-4e88-aaae-2e0c138d049e",NA,"3624700352",NA
32.197407,-110.77931,1,"Trochilidae","Calypte costae",2021,4,2,"4fa7b334-ce0d-4e88-aaae-2e0c138d049e",NA,"3614818611",NA
32.197407,-110.77931,2,"Mimidae","Toxostoma curvirostre",2021,4,2,"4fa7b334-ce0d-4e88-aaae-2e0c138d049e",NA,"3653822646",NA
32.197407,-110.77931,1,"Cardinalidae","Cardinalis sinuatus",2021,4,2,"4fa7b334-ce0d-4e88-aaae-2e0c138d049e",NA,"3641839729",NA
32.197407,-110.77931,1,"Emberizidae","Melozone aberti",2021,4,2,"4fa7b334-ce0d-4e88-aaae-2e0c138d049e",NA,"3657832416",NA
32.197407,-110.77931,3,"Ptilogonatidae","Phainopepla nitens",2021,4,2,"4fa7b334-ce0d-4e88-aaae-2e0c138d049e",NA,"3655224950",NA
32.197407,-110.77931,1,"Trochilidae","Calypte anna",2021,4,2,"4fa7b334-ce0d-4e88-aaae-2e0c138d049e",NA,"3656353606",NA
32.197407,-110.77931,1,"Picidae","Melanerpes uropygialis",2021,4,2,"4fa7b334-ce0d-4e88-aaae-2e0c138d049e",NA,"3636304182",NA
32.197407,-110.77931,2,"Remizidae","Auriparus flaviceps",2021,4,2,"4fa7b334-ce0d-4e88-aaae-2e0c138d049e",NA,"3638785856",NA
32.197407,-110.77931,2,"Mimidae","Mimus polyglottos",2021,4,2,"4fa7b334-ce0d-4e88-aaae-2e0c138d049e",NA,"3643360420",NA
32.195747,-110.77287,1,"Remizidae","Auriparus flaviceps",2021,4,3,"4fa7b334-ce0d-4e88-aaae-2e0c138d049e",NA,"3629811787",NA
32.195747,-110.77287,1,"Corvidae","Corvus corax",2021,4,3,"4fa7b334-ce0d-4e88-aaae-2e0c138d049e",NA,"3666694394",NA
32.195747,-110.77287,1,"Tyrannidae","Pyrocephalus rubinus",2021,4,3,"4fa7b334-ce0d-4e88-aaae-2e0c138d049e",NA,"3555073222",NA
32.195747,-110.77287,2,"Columbidae","Zenaida macroura",2021,4,3,"4fa7b334-ce0d-4e88-aaae-2e0c138d049e",NA,"3554807166",NA
32.195747,-110.77287,1,"Mimidae","Mimus polyglottos",2021,4,3,"4fa7b334-ce0d-4e88-aaae-2e0c138d049e",NA,"3550818874",NA
32.195747,-110.77287,1,"Accipitridae","Buteo jamaicensis",2021,4,3,"4fa7b334-ce0d-4e88-aaae-2e0c138d049e",NA,"3558085259",NA
32.191902,-110.78157,1,"Accipitridae","Buteo albonotatus",2021,4,9,"4fa7b334-ce0d-4e88-aaae-2e0c138d049e",NA,"3630199082",NA
32.198875,-110.78547,1,"Cardinalidae","Pheucticus melanocephalus",2021,4,12,"4fa7b334-ce0d-4e88-aaae-2e0c138d049e",NA,"3551170532",NA
32.198875,-110.78547,1,"Picidae","Melanerpes uropygialis",2021,4,12,"4fa7b334-ce0d-4e88-aaae-2e0c138d049e",NA,"3547514150",NA
32.198875,-110.78547,1,"Emberizidae","Zonotrichia leucophrys",2021,4,12,"4fa7b334-ce0d-4e88-aaae-2e0c138d049e",NA,"3554869853",NA
32.198875,-110.78547,1,"Fringillidae","Haemorhous mexicanus",2021,4,12,"4fa7b334-ce0d-4e88-aaae-2e0c138d049e",NA,"3546116603",NA
32.198875,-110.78547,4,"Odontophoridae","Callipepla gambelii",2021,4,12,"4fa7b334-ce0d-4e88-aaae-2e0c138d049e",NA,"3550955575",NA
32.198875,-110.78547,1,"Mimidae","Mimus polyglottos",2021,4,12,"4fa7b334-ce0d-4e88-aaae-2e0c138d049e",NA,"3538353592",NA
32.197407,-110.77931,2,"Cardinalidae","Pheucticus melanocephalus",2021,5,5,"4fa7b334-ce0d-4e88-aaae-2e0c138d049e",NA,"3639841131",NA
32.197407,-110.77931,1,"Troglodytidae","Campylorhynchus brunneicapillus",2021,5,5,"4fa7b334-ce0d-4e88-aaae-2e0c138d049e",NA,"3637889485",NA
32.197407,-110.77931,1,"Parulidae","Icteria virens",2021,5,5,"4fa7b334-ce0d-4e88-aaae-2e0c138d049e",NA,"3640103190",NA
32.197407,-110.77931,1,"Ptilogonatidae","Phainopepla nitens",2021,5,5,"4fa7b334-ce0d-4e88-aaae-2e0c138d049e",NA,"3648419634",NA
32.197407,-110.77931,1,"Emberizidae","Pipilo chlorurus",2021,5,5,"4fa7b334-ce0d-4e88-aaae-2e0c138d049e",NA,"3652337346",NA
32.197407,-110.77931,1,"Mimidae","Toxostoma curvirostre",2021,5,5,"4fa7b334-ce0d-4e88-aaae-2e0c138d049e",NA,"3627103210",NA
32.197407,-110.77931,1,"Parulidae","Cardellina pusilla",2021,5,5,"4fa7b334-ce0d-4e88-aaae-2e0c138d049e",NA,"3632262016",NA
32.197407,-110.77931,1,"Cardinalidae","Cardinalis cardinalis",2021,5,5,"4fa7b334-ce0d-4e88-aaae-2e0c138d049e",NA,"3629911181",NA
32.197407,-110.77931,1,"Tyrannidae","Pyrocephalus rubinus",2021,5,5,"4fa7b334-ce0d-4e88-aaae-2e0c138d049e",NA,"3632773719",NA
32.197407,-110.77931,2,"Polioptilidae","Polioptila melanura",2021,5,5,"4fa7b334-ce0d-4e88-aaae-2e0c138d049e",NA,"3639126146",NA
32.197407,-110.77931,1,"Fringillidae","Spinus psaltria",2021,5,5,"4fa7b334-ce0d-4e88-aaae-2e0c138d049e",NA,"3670410043",NA
32.197407,-110.77931,1,"Mimidae","Mimus polyglottos",2021,5,5,"4fa7b334-ce0d-4e88-aaae-2e0c138d049e",NA,"3670117706",NA
32.197407,-110.77931,2,"Cardinalidae","Pheucticus melanocephalus",2021,5,5,"4fa7b334-ce0d-4e88-aaae-2e0c138d049e",NA,"3606691364",NA
32.197407,-110.77931,1,"Troglodytidae","Campylorhynchus brunneicapillus",2021,5,5,"4fa7b334-ce0d-4e88-aaae-2e0c138d049e",NA,"3611858214",NA
32.197407,-110.77931,1,"Parulidae","Icteria virens",2021,5,5,"4fa7b334-ce0d-4e88-aaae-2e0c138d049e",NA,"3611086670",NA
32.197407,-110.77931,1,"Ptilogonatidae","Phainopepla nitens",2021,5,5,"4fa7b334-ce0d-4e88-aaae-2e0c138d049e",NA,"3613279388",NA
32.197407,-110.77931,1,"Emberizidae","Pipilo chlorurus",2021,5,5,"4fa7b334-ce0d-4e88-aaae-2e0c138d049e",NA,"3623830380",NA
32.197407,-110.77931,1,"Mimidae","Toxostoma curvirostre",2021,5,5,"4fa7b334-ce0d-4e88-aaae-2e0c138d049e",NA,"3619575683",NA
32.197407,-110.77931,1,"Parulidae","Cardellina pusilla",2021,5,5,"4fa7b334-ce0d-4e88-aaae-2e0c138d049e",NA,"3627510577",NA
32.197407,-110.77931,1,"Cardinalidae","Cardinalis cardinalis",2021,5,5,"4fa7b334-ce0d-4e88-aaae-2e0c138d049e",NA,"3628132699",NA
32.197407,-110.77931,1,"Tyrannidae","Pyrocephalus rubinus",2021,5,5,"4fa7b334-ce0d-4e88-aaae-2e0c138d049e",NA,"3638290641",NA
32.197407,-110.77931,2,"Polioptilidae","Polioptila melanura",2021,5,5,"4fa7b334-ce0d-4e88-aaae-2e0c138d049e",NA,"3645186501",NA
32.197407,-110.77931,1,"Fringillidae","Spinus psaltria",2021,5,5,"4fa7b334-ce0d-4e88-aaae-2e0c138d049e",NA,"3607165621",NA
32.197407,-110.77931,1,"Mimidae","Mimus polyglottos",2021,5,5,"4fa7b334-ce0d-4e88-aaae-2e0c138d049e",NA,"3616311558",NA
32.19367,-110.77907,1,"Columbidae","Streptopelia decaocto",2021,5,16,"4fa7b334-ce0d-4e88-aaae-2e0c138d049e",NA,"3538967093",NA
32.19367,-110.77907,1,"Remizidae","Auriparus flaviceps",2021,5,16,"4fa7b334-ce0d-4e88-aaae-2e0c138d049e",NA,"3553363586",NA
32.19367,-110.77907,1,"Columbidae","Zenaida asiatica",2021,5,16,"4fa7b334-ce0d-4e88-aaae-2e0c138d049e",NA,"3562028084",NA
32.19367,-110.77907,2,"Fringillidae","Haemorhous mexicanus",2021,5,16,"4fa7b334-ce0d-4e88-aaae-2e0c138d049e",NA,"3561501701",NA
32.19367,-110.77907,6,"Columbidae","Zenaida macroura",2021,5,16,"4fa7b334-ce0d-4e88-aaae-2e0c138d049e",NA,"3566598536",NA
32.198784,-110.785385,2,"Mimidae","Mimus polyglottos",2021,5,21,"4fa7b334-ce0d-4e88-aaae-2e0c138d049e",NA,"3557273244",NA
32.198784,-110.785385,1,"Strigidae","Bubo virginianus",2021,5,21,"4fa7b334-ce0d-4e88-aaae-2e0c138d049e",NA,"3562782962",NA
32.198784,-110.785385,2,"Columbidae","Zenaida macroura",2021,5,21,"4fa7b334-ce0d-4e88-aaae-2e0c138d049e",NA,"3567034398",NA
32.198784,-110.785385,2,"Fringillidae","Haemorhous mexicanus",2021,5,21,"4fa7b334-ce0d-4e88-aaae-2e0c138d049e",NA,"3568925827",NA
32.198784,-110.785385,1,"Odontophoridae","Callipepla gambelii",2021,5,21,"4fa7b334-ce0d-4e88-aaae-2e0c138d049e",NA,"3559950203",NA
32.198772,-110.78533,1,"Columbidae","Zenaida macroura",2021,5,24,"4fa7b334-ce0d-4e88-aaae-2e0c138d049e",NA,"3597630214",NA
32.198772,-110.78533,2,"Passeridae","Passer domesticus",2021,5,24,"4fa7b334-ce0d-4e88-aaae-2e0c138d049e",NA,"3597061903",NA
32.198772,-110.78533,2,"Fringillidae","Haemorhous mexicanus",2021,5,24,"4fa7b334-ce0d-4e88-aaae-2e0c138d049e",NA,"3603368055",NA
32.198772,-110.78533,2,"Picidae","Melanerpes uropygialis",2021,5,24,"4fa7b334-ce0d-4e88-aaae-2e0c138d049e",NA,"3610878119",NA
32.19991,-110.77955,2,"Cathartidae","Cathartes aura",2021,7,7,"4fa7b334-ce0d-4e88-aaae-2e0c138d049e",NA,"3541413113",NA
32.19991,-110.77955,1,"Columbidae","Zenaida asiatica",2021,7,7,"4fa7b334-ce0d-4e88-aaae-2e0c138d049e",NA,"3650927105",NA
32.19211,-110.77273,3,"Icteridae","Quiscalus mexicanus",2021,7,25,"4fa7b334-ce0d-4e88-aaae-2e0c138d049e",NA,"3665433805",NA
32.19211,-110.77273,3,"Icteridae","Quiscalus mexicanus",2021,7,25,"4fa7b334-ce0d-4e88-aaae-2e0c138d049e",NA,"3661401856",NA
32.19211,-110.77273,3,"Icteridae","Quiscalus mexicanus",2021,7,25,"4fa7b334-ce0d-4e88-aaae-2e0c138d049e",NA,"3576101725",NA
32.19211,-110.77273,3,"Icteridae","Quiscalus mexicanus",2021,7,25,"4fa7b334-ce0d-4e88-aaae-2e0c138d049e",NA,"3647471267",NA
32.19211,-110.77273,3,"Icteridae","Quiscalus mexicanus",2021,7,25,"4fa7b334-ce0d-4e88-aaae-2e0c138d049e",NA,"3664091545",NA
32.19211,-110.77273,3,"Icteridae","Quiscalus mexicanus",2021,7,25,"4fa7b334-ce0d-4e88-aaae-2e0c138d049e",NA,"3579826480",NA
32.197777,-110.77861,1,"Columbidae","Zenaida macroura",2021,8,9,"4fa7b334-ce0d-4e88-aaae-2e0c138d049e",NA,"3689069745",NA
32.197777,-110.77861,3,"Passeridae","Passer domesticus",2021,9,5,"4fa7b334-ce0d-4e88-aaae-2e0c138d049e",NA,"3582888618",NA
32.20627,-110.77275,1,"Corvidae","Corvus corax",2021,9,16,"4fa7b334-ce0d-4e88-aaae-2e0c138d049e",NA,"3669042323",NA
32.20627,-110.77275,1,"Columbidae","Zenaida macroura",2021,9,16,"4fa7b334-ce0d-4e88-aaae-2e0c138d049e",NA,"3629516214",NA
32.19991,-110.77955,2,"Corvidae","Corvus corax",2021,9,21,"4fa7b334-ce0d-4e88-aaae-2e0c138d049e",NA,"3561277924",NA
32.19991,-110.77955,17,"Columbidae","Columba livia",2021,9,21,"4fa7b334-ce0d-4e88-aaae-2e0c138d049e",NA,"3569389912",NA
32.1967,-110.774704,3,"Mimidae","Mimus polyglottos",2021,9,1,"4fa7b334-ce0d-4e88-aaae-2e0c138d049e",NA,"3582472764",NA
32.1967,-110.774704,1,"Columbidae","Zenaida asiatica",2021,9,1,"4fa7b334-ce0d-4e88-aaae-2e0c138d049e",NA,"3547318055",NA
32.1967,-110.774704,30,"Columbidae","Zenaida macroura",2021,9,1,"4fa7b334-ce0d-4e88-aaae-2e0c138d049e",NA,"3548839935",NA
32.1967,-110.774704,10,"Sturnidae","Sturnus vulgaris",2021,9,1,"4fa7b334-ce0d-4e88-aaae-2e0c138d049e",NA,"3552965987",NA
32.1967,-110.774704,1,"Ptilogonatidae","Phainopepla nitens",2021,9,1,"4fa7b334-ce0d-4e88-aaae-2e0c138d049e",NA,"3564248954",NA
32.197224,-110.775,1,"Ardeidae","Ardea alba",2021,10,1,"4fa7b334-ce0d-4e88-aaae-2e0c138d049e",NA,"3538576124",NA
32.197777,-110.77861,1,"Picidae","Melanerpes uropygialis",2021,10,10,"4fa7b334-ce0d-4e88-aaae-2e0c138d049e",NA,"3542829484",NA
32.197777,-110.77861,1,"Tyrannidae","Pyrocephalus rubinus",2021,10,10,"4fa7b334-ce0d-4e88-aaae-2e0c138d049e",NA,"3545540456",NA
32.197777,-110.77861,1,"Corvidae","Corvus corax",2021,10,10,"4fa7b334-ce0d-4e88-aaae-2e0c138d049e",NA,"3552997457",NA
32.197777,-110.77861,2,"Cathartidae","Cathartes aura",2021,10,10,"4fa7b334-ce0d-4e88-aaae-2e0c138d049e",NA,"3684044088",NA
32.197777,-110.77861,1,"Ptilogonatidae","Phainopepla nitens",2021,10,10,"4fa7b334-ce0d-4e88-aaae-2e0c138d049e",NA,"3693952602",NA
32.19948,-110.784546,2,"Troglodytidae","Campylorhynchus brunneicapillus",2021,10,17,"4fa7b334-ce0d-4e88-aaae-2e0c138d049e",NA,"3578028278",NA
32.19948,-110.784546,3,"Ptilogonatidae","Phainopepla nitens",2021,10,17,"4fa7b334-ce0d-4e88-aaae-2e0c138d049e",NA,"3578727273",NA
32.19948,-110.784546,2,"Corvidae","Corvus corax",2021,10,17,"4fa7b334-ce0d-4e88-aaae-2e0c138d049e",NA,"3575739911",NA
32.19948,-110.784546,2,"Trochilidae","Calypte anna",2021,10,17,"4fa7b334-ce0d-4e88-aaae-2e0c138d049e",NA,"3584532670",NA
32.19948,-110.784546,4,"Mimidae","Mimus polyglottos",2021,10,17,"4fa7b334-ce0d-4e88-aaae-2e0c138d049e",NA,"3583227695",NA
32.19948,-110.784546,4,"Odontophoridae","Callipepla gambelii",2021,10,17,"4fa7b334-ce0d-4e88-aaae-2e0c138d049e",NA,"3549457739",NA
32.19948,-110.784546,6,"Columbidae","Zenaida macroura",2021,10,17,"4fa7b334-ce0d-4e88-aaae-2e0c138d049e",NA,"3555062593",NA
32.19948,-110.784546,1,"Mimidae","Toxostoma curvirostre",2021,10,17,"4fa7b334-ce0d-4e88-aaae-2e0c138d049e",NA,"3562120090",NA
32.19948,-110.784546,7,"Columbidae","Columba livia",2021,10,17,"4fa7b334-ce0d-4e88-aaae-2e0c138d049e",NA,"3556453584",NA
32.19948,-110.784546,2,"Picidae","Melanerpes uropygialis",2021,10,17,"4fa7b334-ce0d-4e88-aaae-2e0c138d049e",NA,"3567428852",NA
32.19948,-110.784546,1,"Vireonidae","Vireo plumbeus",2021,10,17,"4fa7b334-ce0d-4e88-aaae-2e0c138d049e",NA,"3615159412",NA
32.19948,-110.784546,14,"Odontophoridae","Callipepla gambelii",2021,10,18,"4fa7b334-ce0d-4e88-aaae-2e0c138d049e",NA,"3546180304",NA
32.19948,-110.784546,3,"Picidae","Melanerpes uropygialis",2021,10,18,"4fa7b334-ce0d-4e88-aaae-2e0c138d049e",NA,"3532124973",NA
32.19948,-110.784546,3,"Trochilidae","Calypte anna",2021,10,18,"4fa7b334-ce0d-4e88-aaae-2e0c138d049e",NA,"3534074218",NA
32.19948,-110.784546,42,"Columbidae","Zenaida macroura",2021,10,18,"4fa7b334-ce0d-4e88-aaae-2e0c138d049e",NA,"3538409434",NA
32.19948,-110.784546,9,"Ptilogonatidae","Phainopepla nitens",2021,10,18,"4fa7b334-ce0d-4e88-aaae-2e0c138d049e",NA,"3572312412",NA
32.19948,-110.784546,1,"Emberizidae","Zonotrichia leucophrys",2021,10,18,"4fa7b334-ce0d-4e88-aaae-2e0c138d049e",NA,"3558808131",NA
32.19948,-110.784546,13,"Fringillidae","Haemorhous mexicanus",2021,10,18,"4fa7b334-ce0d-4e88-aaae-2e0c138d049e",NA,"3561335712",NA
32.19948,-110.784546,1,"Accipitridae","Accipiter cooperii",2021,10,18,"4fa7b334-ce0d-4e88-aaae-2e0c138d049e",NA,"3553872059",NA
32.19948,-110.784546,1,"Fringillidae","Spinus psaltria",2021,10,18,"4fa7b334-ce0d-4e88-aaae-2e0c138d049e",NA,"3600239823",NA
32.19948,-110.784546,2,"Mimidae","Mimus polyglottos",2021,10,18,"4fa7b334-ce0d-4e88-aaae-2e0c138d049e",NA,"3545229796",NA
32.19948,-110.784546,5,"Corvidae","Corvus corax",2021,10,18,"4fa7b334-ce0d-4e88-aaae-2e0c138d049e",NA,"3542823533",NA
32.19948,-110.784546,6,"Fringillidae","Spinus psaltria",2021,10,20,"4fa7b334-ce0d-4e88-aaae-2e0c138d049e",NA,"3645640730",NA
32.19948,-110.784546,11,"Odontophoridae","Callipepla gambelii",2021,10,20,"4fa7b334-ce0d-4e88-aaae-2e0c138d049e",NA,"3647332773",NA
32.19948,-110.784546,8,"Ptilogonatidae","Phainopepla nitens",2021,10,20,"4fa7b334-ce0d-4e88-aaae-2e0c138d049e",NA,"3637519201",NA
32.19948,-110.784546,2,"Mimidae","Toxostoma curvirostre",2021,10,20,"4fa7b334-ce0d-4e88-aaae-2e0c138d049e",NA,"3633256441",NA
32.19948,-110.784546,3,"Picidae","Melanerpes uropygialis",2021,10,20,"4fa7b334-ce0d-4e88-aaae-2e0c138d049e",NA,"3643071112",NA
32.19948,-110.784546,3,"Trochilidae","Calypte anna",2021,10,20,"4fa7b334-ce0d-4e88-aaae-2e0c138d049e",NA,"3646369157",NA
32.19948,-110.784546,32,"Columbidae","Zenaida macroura",2021,10,20,"4fa7b334-ce0d-4e88-aaae-2e0c138d049e",NA,"3648618572",NA
32.19948,-110.784546,1,"Mimidae","Mimus polyglottos",2021,10,20,"4fa7b334-ce0d-4e88-aaae-2e0c138d049e",NA,"3646537283",NA
32.19948,-110.784546,9,"Fringillidae","Haemorhous mexicanus",2021,10,20,"4fa7b334-ce0d-4e88-aaae-2e0c138d049e",NA,"3643399724",NA
32.19948,-110.784546,11,"Odontophoridae","Callipepla gambelii",2021,10,22,"4fa7b334-ce0d-4e88-aaae-2e0c138d049e",NA,"3688091668",NA
32.19948,-110.784546,5,"Ptilogonatidae","Phainopepla nitens",2021,10,22,"4fa7b334-ce0d-4e88-aaae-2e0c138d049e",NA,"3690125888",NA
32.19948,-110.784546,16,"Fringillidae","Haemorhous mexicanus",2021,10,22,"4fa7b334-ce0d-4e88-aaae-2e0c138d049e",NA,"3693648469",NA
32.19948,-110.784546,4,"Picidae","Melanerpes uropygialis",2021,10,22,"4fa7b334-ce0d-4e88-aaae-2e0c138d049e",NA,"3690262860",NA
32.19948,-110.784546,1,"Emberizidae","Melospiza lincolnii",2021,10,22,"4fa7b334-ce0d-4e88-aaae-2e0c138d049e",NA,"3690997672",NA
32.19948,-110.784546,1,"Mimidae","Mimus polyglottos",2021,10,22,"4fa7b334-ce0d-4e88-aaae-2e0c138d049e",NA,"3690442875",NA
32.19948,-110.784546,4,"Trochilidae","Calypte anna",2021,10,22,"4fa7b334-ce0d-4e88-aaae-2e0c138d049e",NA,"3690059113",NA
32.19948,-110.784546,8,"Fringillidae","Spinus psaltria",2021,10,22,"4fa7b334-ce0d-4e88-aaae-2e0c138d049e",NA,"3693677279",NA
32.19948,-110.784546,2,"Emberizidae","Melozone aberti",2021,10,22,"4fa7b334-ce0d-4e88-aaae-2e0c138d049e",NA,"3689395877",NA
32.19948,-110.784546,52,"Columbidae","Zenaida macroura",2021,10,22,"4fa7b334-ce0d-4e88-aaae-2e0c138d049e",NA,"3688912890",NA
32.19948,-110.784546,8,"Fringillidae","Spinus psaltria",2021,10,23,"4fa7b334-ce0d-4e88-aaae-2e0c138d049e",NA,"3671849195",NA
32.19948,-110.784546,1,"Emberizidae","Peucaea carpalis",2021,10,23,"4fa7b334-ce0d-4e88-aaae-2e0c138d049e",NA,"3673231093",NA
32.19948,-110.784546,2,"Corvidae","Corvus corax",2021,10,23,"4fa7b334-ce0d-4e88-aaae-2e0c138d049e",NA,"3664618707",NA
32.19948,-110.784546,1,"Accipitridae","Parabuteo unicinctus",2021,10,23,"4fa7b334-ce0d-4e88-aaae-2e0c138d049e",NA,"3660630745",NA
32.19948,-110.784546,8,"Trochilidae","Calypte anna",2021,10,23,"4fa7b334-ce0d-4e88-aaae-2e0c138d049e",NA,"3659784887",NA
32.19948,-110.784546,58,"Columbidae","Zenaida macroura",2021,10,23,"4fa7b334-ce0d-4e88-aaae-2e0c138d049e",NA,"3662095273",NA
32.19948,-110.784546,21,"Fringillidae","Haemorhous mexicanus",2021,10,23,"4fa7b334-ce0d-4e88-aaae-2e0c138d049e",NA,"3658893838",NA
32.19948,-110.784546,8,"Emberizidae","Zonotrichia leucophrys",2021,10,23,"4fa7b334-ce0d-4e88-aaae-2e0c138d049e",NA,"3692195090",NA
32.19948,-110.784546,7,"Ptilogonatidae","Phainopepla nitens",2021,10,23,"4fa7b334-ce0d-4e88-aaae-2e0c138d049e",NA,"3693445194",NA
32.19948,-110.784546,1,"Accipitridae","Accipiter cooperii",2021,10,25,"4fa7b334-ce0d-4e88-aaae-2e0c138d049e",NA,"3584023563",NA
32.19948,-110.784546,7,"Emberizidae","Zonotrichia leucophrys",2021,10,25,"4fa7b334-ce0d-4e88-aaae-2e0c138d049e",NA,"3579265744",NA
32.19948,-110.784546,1,"Mimidae","Mimus polyglottos",2021,10,25,"4fa7b334-ce0d-4e88-aaae-2e0c138d049e",NA,"3582516995",NA
32.19948,-110.784546,5,"Picidae","Melanerpes uropygialis",2021,10,25,"4fa7b334-ce0d-4e88-aaae-2e0c138d049e",NA,"3582742960",NA
32.19948,-110.784546,7,"Trochilidae","Calypte anna",2021,10,25,"4fa7b334-ce0d-4e88-aaae-2e0c138d049e",NA,"3584568480",NA
32.19948,-110.784546,2,"Corvidae","Corvus corax",2021,10,25,"4fa7b334-ce0d-4e88-aaae-2e0c138d049e",NA,"3583183468",NA
32.19948,-110.784546,4,"Ptilogonatidae","Phainopepla nitens",2021,10,25,"4fa7b334-ce0d-4e88-aaae-2e0c138d049e",NA,"3578568211",NA
32.19948,-110.784546,4,"Fringillidae","Haemorhous mexicanus",2021,10,25,"4fa7b334-ce0d-4e88-aaae-2e0c138d049e",NA,"3574489633",NA
32.19948,-110.784546,1,"Falconidae","Falco sparverius",2021,10,25,"4fa7b334-ce0d-4e88-aaae-2e0c138d049e",NA,"3581440593",NA
32.19948,-110.784546,6,"Fringillidae","Spinus psaltria",2021,10,25,"4fa7b334-ce0d-4e88-aaae-2e0c138d049e",NA,"3581921006",NA
32.19948,-110.784546,12,"Odontophoridae","Callipepla gambelii",2021,10,25,"4fa7b334-ce0d-4e88-aaae-2e0c138d049e",NA,"3583798063",NA
32.19948,-110.784546,56,"Columbidae","Zenaida macroura",2021,10,25,"4fa7b334-ce0d-4e88-aaae-2e0c138d049e",NA,"3584455977",NA
32.19948,-110.784546,9,"Emberizidae","Zonotrichia leucophrys",2021,10,29,"4fa7b334-ce0d-4e88-aaae-2e0c138d049e",NA,"3559809747",NA
32.19948,-110.784546,1,"Accipitridae","Accipiter cooperii",2021,10,29,"4fa7b334-ce0d-4e88-aaae-2e0c138d049e",NA,"3556104787",NA
32.19948,-110.784546,1,"Troglodytidae","Campylorhynchus brunneicapillus",2021,10,29,"4fa7b334-ce0d-4e88-aaae-2e0c138d049e",NA,"3571936883",NA
32.19948,-110.784546,6,"Fringillidae","Spinus psaltria",2021,10,29,"4fa7b334-ce0d-4e88-aaae-2e0c138d049e",NA,"3573204945",NA
32.19948,-110.784546,5,"Trochilidae","Calypte anna",2021,10,29,"4fa7b334-ce0d-4e88-aaae-2e0c138d049e",NA,"3581627731",NA
32.19948,-110.784546,3,"Mimidae","Toxostoma curvirostre",2021,10,29,"4fa7b334-ce0d-4e88-aaae-2e0c138d049e",NA,"3578261108",NA
32.19948,-110.784546,13,"Parulidae","Setophaga coronata",2021,10,29,"4fa7b334-ce0d-4e88-aaae-2e0c138d049e",NA,"3580304775",NA
32.19948,-110.784546,8,"Ptilogonatidae","Phainopepla nitens",2021,10,29,"4fa7b334-ce0d-4e88-aaae-2e0c138d049e",NA,"3582883037",NA
32.19948,-110.784546,1,"Picidae","Dryobates scalaris",2021,10,29,"4fa7b334-ce0d-4e88-aaae-2e0c138d049e",NA,"3549154516",NA
32.19948,-110.784546,2,"Mimidae","Mimus polyglottos",2021,10,29,"4fa7b334-ce0d-4e88-aaae-2e0c138d049e",NA,"3557169559",NA
32.19948,-110.784546,7,"Odontophoridae","Callipepla gambelii",2021,10,29,"4fa7b334-ce0d-4e88-aaae-2e0c138d049e",NA,"3558620890",NA
32.19948,-110.784546,4,"Picidae","Melanerpes uropygialis",2021,10,29,"4fa7b334-ce0d-4e88-aaae-2e0c138d049e",NA,"3561278650",NA
32.19948,-110.784546,9,"Fringillidae","Haemorhous mexicanus",2021,10,29,"4fa7b334-ce0d-4e88-aaae-2e0c138d049e",NA,"3568295578",NA
32.19948,-110.784546,45,"Columbidae","Zenaida macroura",2021,10,29,"4fa7b334-ce0d-4e88-aaae-2e0c138d049e",NA,"3571416757",NA
32.20627,-110.77275,8,"Columbidae","Columba livia",2021,10,31,"4fa7b334-ce0d-4e88-aaae-2e0c138d049e",NA,"3648132044",NA
32.20627,-110.77275,1,"Accipitridae","Parabuteo unicinctus",2021,10,31,"4fa7b334-ce0d-4e88-aaae-2e0c138d049e",NA,"3644875753",NA
32.20627,-110.77275,1,"Ptilogonatidae","Phainopepla nitens",2021,10,31,"4fa7b334-ce0d-4e88-aaae-2e0c138d049e",NA,"3652790875",NA
32.191868,-110.78391,20,"Columbidae","Zenaida macroura",2021,11,1,"4fa7b334-ce0d-4e88-aaae-2e0c138d049e",NA,"3630733064",NA
32.191868,-110.78391,20,"Columbidae","Columba livia",2021,11,1,"4fa7b334-ce0d-4e88-aaae-2e0c138d049e",NA,"3631127608",NA
32.197777,-110.77861,1,"Mimidae","Mimus polyglottos",2021,11,3,"4fa7b334-ce0d-4e88-aaae-2e0c138d049e",NA,"3691975360",NA
32.20612,-110.77274,1,"Accipitridae","Parabuteo unicinctus",2021,11,11,"4fa7b334-ce0d-4e88-aaae-2e0c138d049e",NA,"3560333614",NA
32.195988,-110.77275,2,"Trochilidae","Calypte anna",2021,11,5,"4fa7b334-ce0d-4e88-aaae-2e0c138d049e",NA,"3646639292",NA
32.195988,-110.77275,2,"Fringillidae","Spinus psaltria",2021,11,5,"4fa7b334-ce0d-4e88-aaae-2e0c138d049e",NA,"3554507044",NA
32.195988,-110.77275,5,"Passeridae","Passer domesticus",2021,11,5,"4fa7b334-ce0d-4e88-aaae-2e0c138d049e",NA,"3556288318",NA
32.195988,-110.77275,1,"Trochilidae","Calypte costae",2021,11,5,"4fa7b334-ce0d-4e88-aaae-2e0c138d049e",NA,"3559107897",NA
32.195988,-110.77275,2,"Columbidae","Zenaida macroura",2021,11,5,"4fa7b334-ce0d-4e88-aaae-2e0c138d049e",NA,"3561602697",NA
32.195988,-110.77275,2,"Trochilidae","Cynanthus latirostris",2021,11,5,"4fa7b334-ce0d-4e88-aaae-2e0c138d049e",NA,"3564010877",NA
32.197777,-110.77861,2,"Accipitridae","Parabuteo unicinctus",2021,11,14,"4fa7b334-ce0d-4e88-aaae-2e0c138d049e",NA,"3633479938",NA
32.19991,-110.77955,1,"Accipitridae","Parabuteo unicinctus",2021,11,15,"4fa7b334-ce0d-4e88-aaae-2e0c138d049e",NA,"3569851987",NA
32.19991,-110.77955,137,"Columbidae","Columba livia",2021,11,15,"4fa7b334-ce0d-4e88-aaae-2e0c138d049e",NA,"3601799502",NA
32.20627,-110.77275,1,"Accipitridae","Buteo jamaicensis",2021,11,18,"4fa7b334-ce0d-4e88-aaae-2e0c138d049e",NA,"3618718683",NA
32.195747,-110.77287,1,"Accipitridae","Buteo jamaicensis",2021,11,23,"4fa7b334-ce0d-4e88-aaae-2e0c138d049e",NA,"3545449523",NA
32.19991,-110.77955,1,"Accipitridae","Parabuteo unicinctus",2021,11,25,"4fa7b334-ce0d-4e88-aaae-2e0c138d049e",NA,"3580381509",NA
32.19991,-110.77955,65,"Columbidae","Columba livia",2021,11,25,"4fa7b334-ce0d-4e88-aaae-2e0c138d049e",NA,"3581911490",NA
32.19991,-110.77955,52,"Columbidae","Columba livia",2021,11,28,"4fa7b334-ce0d-4e88-aaae-2e0c138d049e",NA,"3693427560",NA
32.19991,-110.77955,1,"Accipitridae","Accipiter cooperii",2021,11,28,"4fa7b334-ce0d-4e88-aaae-2e0c138d049e",NA,"3694023713",NA
32.19991,-110.77955,7,"Columbidae","Zenaida macroura",2021,11,28,"4fa7b334-ce0d-4e88-aaae-2e0c138d049e",NA,"3694691312",NA
32.197777,-110.77861,1,"Fringillidae","Haemorhous mexicanus",2021,11,28,"4fa7b334-ce0d-4e88-aaae-2e0c138d049e",NA,"3582158693",NA
32.197777,-110.77861,1,"Parulidae","Leiothlypis celata",2021,11,28,"4fa7b334-ce0d-4e88-aaae-2e0c138d049e",NA,"3585283739",NA
32.197777,-110.77861,2,"Passeridae","Passer domesticus",2021,11,28,"4fa7b334-ce0d-4e88-aaae-2e0c138d049e",NA,"3582527179",NA
32.2063,-110.78139,11,"Columbidae","Zenaida macroura",2021,11,29,"4fa7b334-ce0d-4e88-aaae-2e0c138d049e",NA,"3685162432",NA
32.2063,-110.78139,1,"Picidae","Melanerpes uropygialis",2021,11,29,"4fa7b334-ce0d-4e88-aaae-2e0c138d049e",NA,"3627391782",NA
32.2063,-110.78139,62,"Columbidae","Columba livia",2021,11,29,"4fa7b334-ce0d-4e88-aaae-2e0c138d049e",NA,"3652560220",NA
32.20627,-110.77275,1,"Accipitridae","Buteo jamaicensis",2021,12,1,"4fa7b334-ce0d-4e88-aaae-2e0c138d049e",NA,"3650625128",NA
32.20627,-110.77275,1,"Accipitridae","Buteo jamaicensis",2021,12,3,"4fa7b334-ce0d-4e88-aaae-2e0c138d049e",NA,"3547970203",NA
32.20627,-110.77275,1,"Accipitridae","Accipiter cooperii",2021,12,3,"4fa7b334-ce0d-4e88-aaae-2e0c138d049e",NA,"3537648488",NA
32.197777,-110.77861,1,"Picidae","Melanerpes uropygialis",2021,12,5,"4fa7b334-ce0d-4e88-aaae-2e0c138d049e",NA,"3555145191",NA
32.197777,-110.77861,1,"Picidae","Dryobates scalaris",2021,12,5,"4fa7b334-ce0d-4e88-aaae-2e0c138d049e",NA,"3558527611",NA
32.20627,-110.77275,1,"Accipitridae","Buteo jamaicensis",2021,12,7,"4fa7b334-ce0d-4e88-aaae-2e0c138d049e",NA,"3653254190",NA
32.20627,-110.77275,4,"Columbidae","Columba livia",2021,12,7,"4fa7b334-ce0d-4e88-aaae-2e0c138d049e",NA,"3636958811",NA
32.19896,-110.772705,1,"Laniidae","Lanius ludovicianus",2021,12,9,"4fa7b334-ce0d-4e88-aaae-2e0c138d049e",NA,"3550521164",NA
32.19896,-110.772705,3,"Columbidae","Columba livia",2021,12,9,"4fa7b334-ce0d-4e88-aaae-2e0c138d049e",NA,"3543622870",NA
32.20515,-110.77949,3,"Emberizidae","Zonotrichia leucophrys",2021,12,16,"4fa7b334-ce0d-4e88-aaae-2e0c138d049e",NA,"3561338112",NA
32.20515,-110.77949,1,"Mimidae","Toxostoma curvirostre",2021,12,16,"4fa7b334-ce0d-4e88-aaae-2e0c138d049e",NA,"3561253713",NA
32.20515,-110.77949,1,"Ptilogonatidae","Phainopepla nitens",2021,12,16,"4fa7b334-ce0d-4e88-aaae-2e0c138d049e",NA,"3563589113",NA
32.20515,-110.77949,5,"Odontophoridae","Callipepla gambelii",2021,12,16,"4fa7b334-ce0d-4e88-aaae-2e0c138d049e",NA,"3637507021",NA
32.20515,-110.77949,5,"Columbidae","Zenaida macroura",2021,12,16,"4fa7b334-ce0d-4e88-aaae-2e0c138d049e",NA,"3624266110",NA
32.197777,-110.77861,1,"Ptilogonatidae","Phainopepla nitens",2021,12,17,"4fa7b334-ce0d-4e88-aaae-2e0c138d049e",NA,"3581577245",NA
32.197777,-110.77861,1,"Accipitridae","Parabuteo unicinctus",2021,12,17,"4fa7b334-ce0d-4e88-aaae-2e0c138d049e",NA,"3655825976",NA
32.19991,-110.77955,1,"Accipitridae","Parabuteo unicinctus",2021,12,22,"4fa7b334-ce0d-4e88-aaae-2e0c138d049e",NA,"3666329108",NA
32.19991,-110.77955,8,"Columbidae","Columba livia",2021,12,22,"4fa7b334-ce0d-4e88-aaae-2e0c138d049e",NA,"3670231512",NA
32.195747,-110.77287,17,"Columbidae","Columba livia",2020,1,6,"4fa7b334-ce0d-4e88-aaae-2e0c138d049e",NA,"3251091059",NA
32.195747,-110.77287,1,"Accipitridae","Buteo jamaicensis",2020,1,6,"4fa7b334-ce0d-4e88-aaae-2e0c138d049e",NA,"3239595042",NA
32.195747,-110.77287,1,"Accipitridae","Buteo jamaicensis",2020,1,11,"4fa7b334-ce0d-4e88-aaae-2e0c138d049e",NA,"3248709114",NA
32.195747,-110.77287,2,"Accipitridae","Buteo jamaicensis",2020,1,15,"4fa7b334-ce0d-4e88-aaae-2e0c138d049e",NA,"3220396729",NA
32.195747,-110.77287,2,"Accipitridae","Buteo jamaicensis",2020,1,24,"4fa7b334-ce0d-4e88-aaae-2e0c138d049e",NA,"3232691933",NA
32.19991,-110.77955,1,"Columbidae","Zenaida macroura",2020,2,5,"4fa7b334-ce0d-4e88-aaae-2e0c138d049e",NA,"3217295581",NA
32.19991,-110.77955,2,"Accipitridae","Accipiter cooperii",2020,2,5,"4fa7b334-ce0d-4e88-aaae-2e0c138d049e",NA,"3218474557",NA
32.195747,-110.77287,1,"Accipitridae","Buteo jamaicensis",2020,2,5,"4fa7b334-ce0d-4e88-aaae-2e0c138d049e",NA,"3145503636",NA
32.195747,-110.77287,23,"Columbidae","Columba livia",2020,2,5,"4fa7b334-ce0d-4e88-aaae-2e0c138d049e",NA,"3137797601",NA
32.19991,-110.77955,2,"Corvidae","Corvus corax",2020,2,12,"4fa7b334-ce0d-4e88-aaae-2e0c138d049e",NA,"3134082663",NA
32.200157,-110.782745,2,"Fringillidae","Haemorhous mexicanus",2020,4,28,"4fa7b334-ce0d-4e88-aaae-2e0c138d049e",NA,"3276563937",NA
32.200157,-110.782745,4,"Columbidae","Zenaida macroura",2020,4,28,"4fa7b334-ce0d-4e88-aaae-2e0c138d049e",NA,"3259541932",NA
32.200157,-110.782745,1,"Picidae","Melanerpes uropygialis",2020,4,28,"4fa7b334-ce0d-4e88-aaae-2e0c138d049e",NA,"3267277866",NA
32.20351,-110.777374,2,"Tyrannidae","Pyrocephalus rubinus",2020,5,1,"4fa7b334-ce0d-4e88-aaae-2e0c138d049e",NA,"3155025792",NA
32.201958,-110.787125,2,"Passeridae","Passer domesticus",2020,5,3,"4fa7b334-ce0d-4e88-aaae-2e0c138d049e",NA,"3152143489",NA
32.201958,-110.787125,2,"Odontophoridae","Callipepla gambelii",2020,5,3,"4fa7b334-ce0d-4e88-aaae-2e0c138d049e",NA,"3158005448",NA
32.201958,-110.787125,1,"Parulidae","Leiothlypis luciae",2020,5,3,"4fa7b334-ce0d-4e88-aaae-2e0c138d049e",NA,"3154977567",NA
32.201958,-110.787125,3,"Columbidae","Zenaida asiatica",2020,5,3,"4fa7b334-ce0d-4e88-aaae-2e0c138d049e",NA,"3151748592",NA
32.201958,-110.787125,6,"Columbidae","Zenaida macroura",2020,5,3,"4fa7b334-ce0d-4e88-aaae-2e0c138d049e",NA,"3148805563",NA
32.201958,-110.787125,3,"Trochilidae","Calypte anna",2020,5,3,"4fa7b334-ce0d-4e88-aaae-2e0c138d049e",NA,"3150656436",NA
32.201958,-110.787125,2,"Trochilidae","Cynanthus latirostris",2020,5,3,"4fa7b334-ce0d-4e88-aaae-2e0c138d049e",NA,"3163384622",NA
32.201958,-110.787125,1,"Remizidae","Auriparus flaviceps",2020,5,3,"4fa7b334-ce0d-4e88-aaae-2e0c138d049e",NA,"3166610426",NA
32.201958,-110.787125,3,"Fringillidae","Spinus psaltria",2020,5,3,"4fa7b334-ce0d-4e88-aaae-2e0c138d049e",NA,"3147367481",NA
32.201958,-110.787125,1,"Emberizidae","Peucaea carpalis",2020,5,3,"4fa7b334-ce0d-4e88-aaae-2e0c138d049e",NA,"3164365604",NA
32.201958,-110.787125,1,"Cardinalidae","Cardinalis cardinalis",2020,5,3,"4fa7b334-ce0d-4e88-aaae-2e0c138d049e",NA,"3148479614",NA
32.201958,-110.787125,1,"Mimidae","Mimus polyglottos",2020,5,3,"4fa7b334-ce0d-4e88-aaae-2e0c138d049e",NA,"3159187737",NA
32.201397,-110.77943,1,"Mimidae","Toxostoma curvirostre",2020,5,3,"4fa7b334-ce0d-4e88-aaae-2e0c138d049e",NA,"3162997570",NA
32.201397,-110.77943,1,"Tyrannidae","Pyrocephalus rubinus",2020,5,3,"4fa7b334-ce0d-4e88-aaae-2e0c138d049e",NA,"3167504645",NA
32.201397,-110.77943,2,"Remizidae","Auriparus flaviceps",2020,5,3,"4fa7b334-ce0d-4e88-aaae-2e0c138d049e",NA,"3166495720",NA
32.201397,-110.77943,3,"Fringillidae","Spinus psaltria",2020,5,3,"4fa7b334-ce0d-4e88-aaae-2e0c138d049e",NA,"3147005708",NA
32.201397,-110.77943,1,"Cardinalidae","Cardinalis cardinalis",2020,5,3,"4fa7b334-ce0d-4e88-aaae-2e0c138d049e",NA,"3156929737",NA
32.201397,-110.77943,4,"Columbidae","Zenaida macroura",2020,5,3,"4fa7b334-ce0d-4e88-aaae-2e0c138d049e",NA,"3154283659",NA
32.201397,-110.77943,5,"Fringillidae","Haemorhous mexicanus",2020,5,3,"4fa7b334-ce0d-4e88-aaae-2e0c138d049e",NA,"3149953687",NA
32.201397,-110.77943,3,"Columbidae","Columba livia",2020,5,3,"4fa7b334-ce0d-4e88-aaae-2e0c138d049e",NA,"3164309687",NA
32.201397,-110.77943,2,"Passeridae","Passer domesticus",2020,5,3,"4fa7b334-ce0d-4e88-aaae-2e0c138d049e",NA,"3160421629",NA
32.201397,-110.77943,4,"Odontophoridae","Callipepla gambelii",2020,5,3,"4fa7b334-ce0d-4e88-aaae-2e0c138d049e",NA,"3160098580",NA
32.201397,-110.77943,4,"Picidae","Melanerpes uropygialis",2020,5,3,"4fa7b334-ce0d-4e88-aaae-2e0c138d049e",NA,"3151308464",NA
32.201397,-110.77943,1,"Parulidae","Leiothlypis luciae",2020,5,3,"4fa7b334-ce0d-4e88-aaae-2e0c138d049e",NA,"3152594530",NA
32.201397,-110.77943,1,"Trochilidae","Calypte anna",2020,5,3,"4fa7b334-ce0d-4e88-aaae-2e0c138d049e",NA,"3150792797",NA
32.201397,-110.77943,5,"Columbidae","Zenaida asiatica",2020,5,3,"4fa7b334-ce0d-4e88-aaae-2e0c138d049e",NA,"3151646649",NA
32.201958,-110.787125,2,"Passeridae","Passer domesticus",2020,5,3,"4fa7b334-ce0d-4e88-aaae-2e0c138d049e",NA,"3226518357",NA
32.201958,-110.787125,2,"Odontophoridae","Callipepla gambelii",2020,5,3,"4fa7b334-ce0d-4e88-aaae-2e0c138d049e",NA,"3226570299",NA
32.201958,-110.787125,1,"Parulidae","Leiothlypis luciae",2020,5,3,"4fa7b334-ce0d-4e88-aaae-2e0c138d049e",NA,"3237381196",NA
32.201958,-110.787125,3,"Columbidae","Zenaida asiatica",2020,5,3,"4fa7b334-ce0d-4e88-aaae-2e0c138d049e",NA,"3224231239",NA
32.201958,-110.787125,6,"Columbidae","Zenaida macroura",2020,5,3,"4fa7b334-ce0d-4e88-aaae-2e0c138d049e",NA,"3239980401",NA
32.201958,-110.787125,3,"Trochilidae","Calypte anna",2020,5,3,"4fa7b334-ce0d-4e88-aaae-2e0c138d049e",NA,"3232429156",NA
32.201958,-110.787125,2,"Trochilidae","Cynanthus latirostris",2020,5,3,"4fa7b334-ce0d-4e88-aaae-2e0c138d049e",NA,"3227548187",NA
32.201958,-110.787125,1,"Remizidae","Auriparus flaviceps",2020,5,3,"4fa7b334-ce0d-4e88-aaae-2e0c138d049e",NA,"3230697997",NA
32.201958,-110.787125,3,"Fringillidae","Spinus psaltria",2020,5,3,"4fa7b334-ce0d-4e88-aaae-2e0c138d049e",NA,"3226470225",NA
32.201958,-110.787125,1,"Emberizidae","Peucaea carpalis",2020,5,3,"4fa7b334-ce0d-4e88-aaae-2e0c138d049e",NA,"3224686230",NA
32.201958,-110.787125,1,"Cardinalidae","Cardinalis cardinalis",2020,5,3,"4fa7b334-ce0d-4e88-aaae-2e0c138d049e",NA,"3234515247",NA
32.201958,-110.787125,1,"Mimidae","Mimus polyglottos",2020,5,3,"4fa7b334-ce0d-4e88-aaae-2e0c138d049e",NA,"3243818281",NA
32.201397,-110.77943,1,"Mimidae","Toxostoma curvirostre",2020,5,3,"4fa7b334-ce0d-4e88-aaae-2e0c138d049e",NA,"3148041505",NA
32.201397,-110.77943,1,"Tyrannidae","Pyrocephalus rubinus",2020,5,3,"4fa7b334-ce0d-4e88-aaae-2e0c138d049e",NA,"3171081524",NA
32.201397,-110.77943,2,"Remizidae","Auriparus flaviceps",2020,5,3,"4fa7b334-ce0d-4e88-aaae-2e0c138d049e",NA,"3150677335",NA
32.201397,-110.77943,3,"Fringillidae","Spinus psaltria",2020,5,3,"4fa7b334-ce0d-4e88-aaae-2e0c138d049e",NA,"3164029263",NA
32.201397,-110.77943,1,"Cardinalidae","Cardinalis cardinalis",2020,5,3,"4fa7b334-ce0d-4e88-aaae-2e0c138d049e",NA,"3164746251",NA
32.201397,-110.77943,4,"Columbidae","Zenaida macroura",2020,5,3,"4fa7b334-ce0d-4e88-aaae-2e0c138d049e",NA,"3150056294",NA
32.201397,-110.77943,5,"Fringillidae","Haemorhous mexicanus",2020,5,3,"4fa7b334-ce0d-4e88-aaae-2e0c138d049e",NA,"3151182447",NA
32.201397,-110.77943,3,"Columbidae","Columba livia",2020,5,3,"4fa7b334-ce0d-4e88-aaae-2e0c138d049e",NA,"3151898342",NA
32.201397,-110.77943,2,"Passeridae","Passer domesticus",2020,5,3,"4fa7b334-ce0d-4e88-aaae-2e0c138d049e",NA,"3150980379",NA
32.201397,-110.77943,4,"Odontophoridae","Callipepla gambelii",2020,5,3,"4fa7b334-ce0d-4e88-aaae-2e0c138d049e",NA,"3147645597",NA
32.201397,-110.77943,4,"Picidae","Melanerpes uropygialis",2020,5,3,"4fa7b334-ce0d-4e88-aaae-2e0c138d049e",NA,"3166573607",NA
32.201397,-110.77943,1,"Parulidae","Leiothlypis luciae",2020,5,3,"4fa7b334-ce0d-4e88-aaae-2e0c138d049e",NA,"3164742512",NA
32.201397,-110.77943,1,"Trochilidae","Calypte anna",2020,5,3,"4fa7b334-ce0d-4e88-aaae-2e0c138d049e",NA,"3147368245",NA
32.201397,-110.77943,5,"Columbidae","Zenaida asiatica",2020,5,3,"4fa7b334-ce0d-4e88-aaae-2e0c138d049e",NA,"3157867245",NA
32.20351,-110.777374,2,"Passeridae","Passer domesticus",2020,5,9,"4fa7b334-ce0d-4e88-aaae-2e0c138d049e",NA,"3167321983",NA
32.20351,-110.777374,7,"Columbidae","Zenaida macroura",2020,5,9,"4fa7b334-ce0d-4e88-aaae-2e0c138d049e",NA,"3157933026",NA
32.20351,-110.777374,10,"Fringillidae","Haemorhous mexicanus",2020,5,9,"4fa7b334-ce0d-4e88-aaae-2e0c138d049e",NA,"3156846134",NA
32.20351,-110.777374,2,"Troglodytidae","Campylorhynchus brunneicapillus",2020,5,9,"4fa7b334-ce0d-4e88-aaae-2e0c138d049e",NA,"3167841081",NA
32.20351,-110.777374,2,"Fringillidae","Spinus psaltria",2020,5,9,"4fa7b334-ce0d-4e88-aaae-2e0c138d049e",NA,"3172688029",NA
32.20351,-110.777374,6,"Columbidae","Zenaida asiatica",2020,5,9,"4fa7b334-ce0d-4e88-aaae-2e0c138d049e",NA,"3152226073",NA
32.20351,-110.777374,2,"Odontophoridae","Callipepla gambelii",2020,5,9,"4fa7b334-ce0d-4e88-aaae-2e0c138d049e",NA,"3156011068",NA
32.20351,-110.777374,14,"Odontophoridae","Callipepla gambelii",2020,5,9,"4fa7b334-ce0d-4e88-aaae-2e0c138d049e",NA,"3299823136",NA
32.20351,-110.777374,5,"Fringillidae","Haemorhous mexicanus",2020,5,9,"4fa7b334-ce0d-4e88-aaae-2e0c138d049e",NA,"3157160246",NA
32.20351,-110.777374,3,"Columbidae","Zenaida macroura",2020,5,9,"4fa7b334-ce0d-4e88-aaae-2e0c138d049e",NA,"3166793220",NA
32.20351,-110.777374,2,"Odontophoridae","Callipepla gambelii",2020,5,9,"4fa7b334-ce0d-4e88-aaae-2e0c138d049e",NA,"3164833231",NA
32.20351,-110.777374,1,"Cardinalidae","Cardinalis cardinalis",2020,5,9,"4fa7b334-ce0d-4e88-aaae-2e0c138d049e",NA,"3172703009",NA
32.20351,-110.777374,1,"Accipitridae","Accipiter cooperii",2020,5,9,"4fa7b334-ce0d-4e88-aaae-2e0c138d049e",NA,"3150671168",NA
32.20351,-110.777374,1,"Passeridae","Passer domesticus",2020,5,9,"4fa7b334-ce0d-4e88-aaae-2e0c138d049e",NA,"3153857130",NA
32.195747,-110.77287,1,"Corvidae","Corvus corax",2020,5,15,"4fa7b334-ce0d-4e88-aaae-2e0c138d049e",NA,"3169612369",NA
32.195747,-110.77287,1,"Columbidae","Zenaida asiatica",2020,5,15,"4fa7b334-ce0d-4e88-aaae-2e0c138d049e",NA,"3156106425",NA
32.195747,-110.77287,1,"Cardinalidae","Cardinalis cardinalis",2020,5,15,"4fa7b334-ce0d-4e88-aaae-2e0c138d049e",NA,"3169881519",NA
32.20351,-110.777374,1,"Icteridae","Icterus cucullatus",2020,5,29,"4fa7b334-ce0d-4e88-aaae-2e0c138d049e",NA,"3160297821",NA
32.195747,-110.77287,2,"Cathartidae","Cathartes aura",2020,6,12,"4fa7b334-ce0d-4e88-aaae-2e0c138d049e",NA,"3242212866",NA
32.20627,-110.77275,1,"Accipitridae","Accipiter cooperii",2020,7,7,"4fa7b334-ce0d-4e88-aaae-2e0c138d049e",NA,"3281580368",NA
32.20627,-110.77275,2,"Columbidae","Zenaida macroura",2020,7,7,"4fa7b334-ce0d-4e88-aaae-2e0c138d049e",NA,"3283605275",NA
32.20627,-110.77275,1,"Columbidae","Zenaida asiatica",2020,7,7,"4fa7b334-ce0d-4e88-aaae-2e0c138d049e",NA,"3289400416",NA
32.195747,-110.77287,1,"Columbidae","Zenaida macroura",2020,7,16,"4fa7b334-ce0d-4e88-aaae-2e0c138d049e",NA,"3180295564",NA
32.195747,-110.77287,2,"Cathartidae","Cathartes aura",2020,7,16,"4fa7b334-ce0d-4e88-aaae-2e0c138d049e",NA,"3171120570",NA
32.20351,-110.777374,1,"Emberizidae","Amphispiza bilineata",2020,7,22,"4fa7b334-ce0d-4e88-aaae-2e0c138d049e",NA,"3257611603",NA
32.20351,-110.777374,1,"Emberizidae","Calamospiza melanocorys",2020,8,6,"4fa7b334-ce0d-4e88-aaae-2e0c138d049e",NA,"3247166966",NA
32.20351,-110.777374,1,"Ptilogonatidae","Phainopepla nitens",2020,8,6,"4fa7b334-ce0d-4e88-aaae-2e0c138d049e",NA,"3188230190",NA
32.192608,-110.77272,4,"Columbidae","Columba livia",2020,8,10,"4fa7b334-ce0d-4e88-aaae-2e0c138d049e",NA,"3291026844",NA
32.192608,-110.77272,1,"Caprimulgidae","Chordeiles acutipennis",2020,8,10,"4fa7b334-ce0d-4e88-aaae-2e0c138d049e",NA,"3267467855",NA
32.195747,-110.77287,1,"Columbidae","Columba livia",2020,9,11,"4fa7b334-ce0d-4e88-aaae-2e0c138d049e",NA,"3175994884",NA
32.195747,-110.77287,1,"Accipitridae","Accipiter cooperii",2020,9,11,"4fa7b334-ce0d-4e88-aaae-2e0c138d049e",NA,"3175635018",NA
32.205513,-110.78459,NA,"Accipitridae","Buteo jamaicensis",2020,9,22,"4fa7b334-ce0d-4e88-aaae-2e0c138d049e",NA,"3286741278",NA
32.20351,-110.777374,1,"Columbidae","Columba livia",2020,10,17,"4fa7b334-ce0d-4e88-aaae-2e0c138d049e",NA,"3201803829",NA
32.20351,-110.777374,1,"Ptilogonatidae","Phainopepla nitens",2020,10,17,"4fa7b334-ce0d-4e88-aaae-2e0c138d049e",NA,"3187216740",NA
32.20351,-110.777374,3,"Emberizidae","Zonotrichia leucophrys",2020,10,17,"4fa7b334-ce0d-4e88-aaae-2e0c138d049e",NA,"3207657784",NA
32.20351,-110.777374,6,"Fringillidae","Spinus psaltria",2020,10,17,"4fa7b334-ce0d-4e88-aaae-2e0c138d049e",NA,"3210730660",NA
32.20351,-110.777374,2,"Remizidae","Auriparus flaviceps",2020,10,17,"4fa7b334-ce0d-4e88-aaae-2e0c138d049e",NA,"3182372707",NA
32.20351,-110.777374,18,"Fringillidae","Haemorhous mexicanus",2020,10,17,"4fa7b334-ce0d-4e88-aaae-2e0c138d049e",NA,"3189929751",NA
32.20351,-110.777374,2,"Picidae","Melanerpes uropygialis",2020,10,17,"4fa7b334-ce0d-4e88-aaae-2e0c138d049e",NA,"3190605876",NA
32.20351,-110.777374,2,"Trochilidae","Calypte anna",2020,10,17,"4fa7b334-ce0d-4e88-aaae-2e0c138d049e",NA,"3182999822",NA
32.20351,-110.777374,1,"Odontophoridae","Callipepla gambelii",2020,10,17,"4fa7b334-ce0d-4e88-aaae-2e0c138d049e",NA,"3201391104",NA
32.20351,-110.777374,1,"Mimidae","Mimus polyglottos",2020,10,17,"4fa7b334-ce0d-4e88-aaae-2e0c138d049e",NA,"3287677041",NA
32.20351,-110.777374,4,"Troglodytidae","Campylorhynchus brunneicapillus",2020,10,17,"4fa7b334-ce0d-4e88-aaae-2e0c138d049e",NA,"3285054247",NA
32.20351,-110.777374,11,"Odontophoridae","Callipepla gambelii",2020,10,17,"4fa7b334-ce0d-4e88-aaae-2e0c138d049e",NA,"3295088126",NA
32.20351,-110.777374,1,"Emberizidae","Peucaea carpalis",2020,10,17,"4fa7b334-ce0d-4e88-aaae-2e0c138d049e",NA,"3294732089",NA
32.20351,-110.777374,2,"Picidae","Melanerpes uropygialis",2020,10,17,"4fa7b334-ce0d-4e88-aaae-2e0c138d049e",NA,"3284270131",NA
32.20351,-110.777374,13,"Columbidae","Zenaida macroura",2020,10,17,"4fa7b334-ce0d-4e88-aaae-2e0c138d049e",NA,"3291411021",NA
32.20351,-110.777374,1,"Fringillidae","Spinus psaltria",2020,10,17,"4fa7b334-ce0d-4e88-aaae-2e0c138d049e",NA,"3292024976",NA
32.20351,-110.777374,2,"Trochilidae","Calypte anna",2020,10,17,"4fa7b334-ce0d-4e88-aaae-2e0c138d049e",NA,"3289938984",NA
32.20351,-110.777374,11,"Fringillidae","Haemorhous mexicanus",2020,10,17,"4fa7b334-ce0d-4e88-aaae-2e0c138d049e",NA,"3297366016",NA
32.20351,-110.777374,10,"Emberizidae","Zonotrichia leucophrys",2020,10,17,"4fa7b334-ce0d-4e88-aaae-2e0c138d049e",NA,"3294819287",NA
32.20351,-110.777374,3,"Ptilogonatidae","Phainopepla nitens",2020,10,17,"4fa7b334-ce0d-4e88-aaae-2e0c138d049e",NA,"3295209172",NA
32.20351,-110.777374,2,"Cardinalidae","Cardinalis sinuatus",2020,10,17,"4fa7b334-ce0d-4e88-aaae-2e0c138d049e",NA,"3299575167",NA
32.20351,-110.777374,1,"Mimidae","Toxostoma curvirostre",2020,10,17,"4fa7b334-ce0d-4e88-aaae-2e0c138d049e",NA,"3297360015",NA
32.20351,-110.777374,1,"Accipitridae","Accipiter cooperii",2020,10,17,"4fa7b334-ce0d-4e88-aaae-2e0c138d049e",NA,"3294789051",NA
32.20627,-110.77275,1,"Accipitridae","Buteo jamaicensis",2020,11,12,"4fa7b334-ce0d-4e88-aaae-2e0c138d049e",NA,"3187398256",NA
32.20627,-110.77275,13,"Columbidae","Columba livia",2020,11,12,"4fa7b334-ce0d-4e88-aaae-2e0c138d049e",NA,"3194497038",NA
32.20627,-110.77275,4,"Columbidae","Zenaida macroura",2020,11,12,"4fa7b334-ce0d-4e88-aaae-2e0c138d049e",NA,"3194086156",NA
32.20627,-110.77275,2,"Ptilogonatidae","Phainopepla nitens",2020,11,13,"4fa7b334-ce0d-4e88-aaae-2e0c138d049e",NA,"3287977772",NA
32.20627,-110.77275,1,"Accipitridae","Accipiter cooperii",2020,11,13,"4fa7b334-ce0d-4e88-aaae-2e0c138d049e",NA,"3294106662",NA
32.20627,-110.77275,2,"Columbidae","Zenaida macroura",2020,11,13,"4fa7b334-ce0d-4e88-aaae-2e0c138d049e",NA,"3294380590",NA
32.20351,-110.777374,1,"Ptilogonatidae","Phainopepla nitens",2020,11,19,"4fa7b334-ce0d-4e88-aaae-2e0c138d049e",NA,"3196062443",NA
32.20351,-110.777374,5,"Fringillidae","Haemorhous mexicanus",2020,11,19,"4fa7b334-ce0d-4e88-aaae-2e0c138d049e",NA,"3195462571",NA
32.20351,-110.777374,10,"Emberizidae","Zonotrichia leucophrys",2020,11,19,"4fa7b334-ce0d-4e88-aaae-2e0c138d049e",NA,"3191120265",NA
32.20351,-110.777374,2,"Passeridae","Passer domesticus",2020,11,19,"4fa7b334-ce0d-4e88-aaae-2e0c138d049e",NA,"3211499505",NA
32.20351,-110.777374,1,"Emberizidae","Melozone aberti",2020,11,19,"4fa7b334-ce0d-4e88-aaae-2e0c138d049e",NA,"3196032403",NA
32.20351,-110.777374,20,"Columbidae","Zenaida macroura",2020,11,19,"4fa7b334-ce0d-4e88-aaae-2e0c138d049e",NA,"3199537511",NA
32.20351,-110.777374,1,"Picidae","Melanerpes uropygialis",2020,11,19,"4fa7b334-ce0d-4e88-aaae-2e0c138d049e",NA,"3191448489",NA
32.20627,-110.77275,1,"Accipitridae","Accipiter cooperii",2020,11,26,"4fa7b334-ce0d-4e88-aaae-2e0c138d049e",NA,"3197338310",NA
32.195747,-110.77287,46,"Columbidae","Columba livia",2020,12,16,"4fa7b334-ce0d-4e88-aaae-2e0c138d049e",NA,"3266820642",NA
32.195747,-110.77287,2,"Mimidae","Mimus polyglottos",2020,12,16,"4fa7b334-ce0d-4e88-aaae-2e0c138d049e",NA,"3282135571",NA
32.195747,-110.77287,1,"Accipitridae","Accipiter cooperii",2020,12,16,"4fa7b334-ce0d-4e88-aaae-2e0c138d049e",NA,"3275779415",NA
32.195747,-110.77287,1,"Ptilogonatidae","Phainopepla nitens",2020,12,16,"4fa7b334-ce0d-4e88-aaae-2e0c138d049e",NA,"3269936370",NA
32.20351,-110.777374,8,"Fringillidae","Haemorhous mexicanus",2020,12,27,"4fa7b334-ce0d-4e88-aaae-2e0c138d049e",NA,"3269603240",NA
32.20351,-110.777374,18,"Columbidae","Zenaida macroura",2020,12,27,"4fa7b334-ce0d-4e88-aaae-2e0c138d049e",NA,"3280812202",NA
32.20345,-110.77731,18,"Columbidae","Zenaida macroura",2020,12,27,"4fa7b334-ce0d-4e88-aaae-2e0c138d049e",NA,"3292531486",NA
32.20345,-110.77731,7,"Fringillidae","Haemorhous mexicanus",2020,12,27,"4fa7b334-ce0d-4e88-aaae-2e0c138d049e",NA,"3295986132",NA
32.20627,-110.77275,1,"Accipitridae","Accipiter cooperii",2019,2,13,"4fa7b334-ce0d-4e88-aaae-2e0c138d049e",NA,"2658710013",NA
32.195988,-110.77275,NA,"Trochilidae","Calypte costae",2019,3,10,"4fa7b334-ce0d-4e88-aaae-2e0c138d049e",NA,"2782818544",NA
32.195988,-110.77275,NA,"Columbidae","Streptopelia decaocto",2019,3,10,"4fa7b334-ce0d-4e88-aaae-2e0c138d049e",NA,"2785285572",NA
32.195988,-110.77275,NA,"Trochilidae","Calypte anna",2019,3,10,"4fa7b334-ce0d-4e88-aaae-2e0c138d049e",NA,"2747013489",NA
32.195988,-110.77275,NA,"Trochilidae","Cynanthus latirostris",2019,3,10,"4fa7b334-ce0d-4e88-aaae-2e0c138d049e",NA,"2751959560",NA
32.195988,-110.77275,NA,"Passeridae","Passer domesticus",2019,3,10,"4fa7b334-ce0d-4e88-aaae-2e0c138d049e",NA,"2755437492",NA
32.195988,-110.77275,NA,"Columbidae","Zenaida macroura",2019,3,10,"4fa7b334-ce0d-4e88-aaae-2e0c138d049e",NA,"2753568513",NA
32.20474,-110.78251,1,"Tyrannidae","Pyrocephalus rubinus",2019,4,4,"4fa7b334-ce0d-4e88-aaae-2e0c138d049e",NA,"2671759168",NA
32.19991,-110.77955,1,"Strigidae","Bubo virginianus",2019,5,4,"4fa7b334-ce0d-4e88-aaae-2e0c138d049e",NA,"2758158218",NA
32.201397,-110.77943,2,"Passeridae","Passer domesticus",2019,5,5,"4fa7b334-ce0d-4e88-aaae-2e0c138d049e",NA,"2683065782",NA
32.201397,-110.77943,2,"Picidae","Melanerpes uropygialis",2019,5,5,"4fa7b334-ce0d-4e88-aaae-2e0c138d049e",NA,"2680663642",NA
32.201397,-110.77943,1,"Troglodytidae","Campylorhynchus brunneicapillus",2019,5,5,"4fa7b334-ce0d-4e88-aaae-2e0c138d049e",NA,"2675884718",NA
32.201397,-110.77943,2,"Polioptilidae","Polioptila melanura",2019,5,5,"4fa7b334-ce0d-4e88-aaae-2e0c138d049e",NA,"2671601603",NA
32.201397,-110.77943,7,"Columbidae","Zenaida macroura",2019,5,5,"4fa7b334-ce0d-4e88-aaae-2e0c138d049e",NA,"2688679549",NA
32.201397,-110.77943,3,"Odontophoridae","Callipepla gambelii",2019,5,5,"4fa7b334-ce0d-4e88-aaae-2e0c138d049e",NA,"2690706554",NA
32.201397,-110.77943,4,"Columbidae","Zenaida asiatica",2019,5,5,"4fa7b334-ce0d-4e88-aaae-2e0c138d049e",NA,"2684909414",NA
32.201397,-110.77943,1,"Mimidae","Mimus polyglottos",2019,5,5,"4fa7b334-ce0d-4e88-aaae-2e0c138d049e",NA,"2674748562",NA
32.201397,-110.77943,4,"Remizidae","Auriparus flaviceps",2019,5,5,"4fa7b334-ce0d-4e88-aaae-2e0c138d049e",NA,"2674795452",NA
32.201397,-110.77943,1,"Cardinalidae","Cardinalis sinuatus",2019,5,5,"4fa7b334-ce0d-4e88-aaae-2e0c138d049e",NA,"2674552513",NA
32.201397,-110.77943,1,"Mimidae","Toxostoma curvirostre",2019,5,5,"4fa7b334-ce0d-4e88-aaae-2e0c138d049e",NA,"2742110345",NA
32.201397,-110.77943,1,"Accipitridae","Accipiter cooperii",2019,5,5,"4fa7b334-ce0d-4e88-aaae-2e0c138d049e",NA,"2740063426",NA
32.201397,-110.77943,1,"Trochilidae","Calypte anna",2019,5,5,"4fa7b334-ce0d-4e88-aaae-2e0c138d049e",NA,"2732434375",NA
32.201958,-110.787125,4,"Columbidae","Zenaida macroura",2019,5,5,"4fa7b334-ce0d-4e88-aaae-2e0c138d049e",NA,"2672099700",NA
32.201958,-110.787125,1,"Remizidae","Auriparus flaviceps",2019,5,5,"4fa7b334-ce0d-4e88-aaae-2e0c138d049e",NA,"2670841742",NA
32.201958,-110.787125,3,"Passeridae","Passer domesticus",2019,5,5,"4fa7b334-ce0d-4e88-aaae-2e0c138d049e",NA,"2687504683",NA
32.201958,-110.787125,2,"Fringillidae","Haemorhous mexicanus",2019,5,5,"4fa7b334-ce0d-4e88-aaae-2e0c138d049e",NA,"2684196666",NA
32.201958,-110.787125,4,"Troglodytidae","Campylorhynchus brunneicapillus",2019,5,5,"4fa7b334-ce0d-4e88-aaae-2e0c138d049e",NA,"2674147452",NA
32.201958,-110.787125,1,"Icteridae","Quiscalus mexicanus",2019,5,5,"4fa7b334-ce0d-4e88-aaae-2e0c138d049e",NA,"2690830540",NA
32.201958,-110.787125,2,"Cardinalidae","Cardinalis sinuatus",2019,5,5,"4fa7b334-ce0d-4e88-aaae-2e0c138d049e",NA,"2671791497",NA
32.201958,-110.787125,2,"Picidae","Melanerpes uropygialis",2019,5,5,"4fa7b334-ce0d-4e88-aaae-2e0c138d049e",NA,"2675212564",NA
32.201958,-110.787125,1,"Icteridae","Molothrus ater",2019,5,5,"4fa7b334-ce0d-4e88-aaae-2e0c138d049e",NA,"2683561605",NA
32.201958,-110.787125,1,"Odontophoridae","Callipepla gambelii",2019,5,5,"4fa7b334-ce0d-4e88-aaae-2e0c138d049e",NA,"2694325503",NA
32.201958,-110.787125,1,"Mimidae","Mimus polyglottos",2019,5,5,"4fa7b334-ce0d-4e88-aaae-2e0c138d049e",NA,"2692393650",NA
32.201958,-110.787125,2,"Columbidae","Zenaida asiatica",2019,5,5,"4fa7b334-ce0d-4e88-aaae-2e0c138d049e",NA,"2749013467",NA
32.201397,-110.77943,2,"Passeridae","Passer domesticus",2019,5,5,"4fa7b334-ce0d-4e88-aaae-2e0c138d049e",NA,"2690772627",NA
32.201397,-110.77943,2,"Picidae","Melanerpes uropygialis",2019,5,5,"4fa7b334-ce0d-4e88-aaae-2e0c138d049e",NA,"2684530585",NA
32.201397,-110.77943,1,"Troglodytidae","Campylorhynchus brunneicapillus",2019,5,5,"4fa7b334-ce0d-4e88-aaae-2e0c138d049e",NA,"2674166625",NA
32.201397,-110.77943,2,"Polioptilidae","Polioptila melanura",2019,5,5,"4fa7b334-ce0d-4e88-aaae-2e0c138d049e",NA,"2674218524",NA
32.201397,-110.77943,7,"Columbidae","Zenaida macroura",2019,5,5,"4fa7b334-ce0d-4e88-aaae-2e0c138d049e",NA,"2674788702",NA
32.201397,-110.77943,3,"Odontophoridae","Callipepla gambelii",2019,5,5,"4fa7b334-ce0d-4e88-aaae-2e0c138d049e",NA,"2687225445",NA
32.201397,-110.77943,4,"Columbidae","Zenaida asiatica",2019,5,5,"4fa7b334-ce0d-4e88-aaae-2e0c138d049e",NA,"2682577628",NA
32.201397,-110.77943,1,"Mimidae","Mimus polyglottos",2019,5,5,"4fa7b334-ce0d-4e88-aaae-2e0c138d049e",NA,"2676304753",NA
32.201397,-110.77943,4,"Remizidae","Auriparus flaviceps",2019,5,5,"4fa7b334-ce0d-4e88-aaae-2e0c138d049e",NA,"2671257619",NA
32.201397,-110.77943,1,"Cardinalidae","Cardinalis sinuatus",2019,5,5,"4fa7b334-ce0d-4e88-aaae-2e0c138d049e",NA,"2682745419",NA
32.201397,-110.77943,1,"Mimidae","Toxostoma curvirostre",2019,5,5,"4fa7b334-ce0d-4e88-aaae-2e0c138d049e",NA,"2672837497",NA
32.201397,-110.77943,1,"Accipitridae","Accipiter cooperii",2019,5,5,"4fa7b334-ce0d-4e88-aaae-2e0c138d049e",NA,"2674100530",NA
32.201397,-110.77943,1,"Trochilidae","Calypte anna",2019,5,5,"4fa7b334-ce0d-4e88-aaae-2e0c138d049e",NA,"2673782584",NA
32.201958,-110.787125,4,"Columbidae","Zenaida macroura",2019,5,5,"4fa7b334-ce0d-4e88-aaae-2e0c138d049e",NA,"2743045747",NA
32.201958,-110.787125,1,"Remizidae","Auriparus flaviceps",2019,5,5,"4fa7b334-ce0d-4e88-aaae-2e0c138d049e",NA,"2760354592",NA
32.201958,-110.787125,3,"Passeridae","Passer domesticus",2019,5,5,"4fa7b334-ce0d-4e88-aaae-2e0c138d049e",NA,"2747562785",NA
32.201958,-110.787125,2,"Fringillidae","Haemorhous mexicanus",2019,5,5,"4fa7b334-ce0d-4e88-aaae-2e0c138d049e",NA,"2742363651",NA
32.201958,-110.787125,4,"Troglodytidae","Campylorhynchus brunneicapillus",2019,5,5,"4fa7b334-ce0d-4e88-aaae-2e0c138d049e",NA,"2745721637",NA
32.201958,-110.787125,1,"Icteridae","Quiscalus mexicanus",2019,5,5,"4fa7b334-ce0d-4e88-aaae-2e0c138d049e",NA,"2741514668",NA
32.201958,-110.787125,2,"Cardinalidae","Cardinalis sinuatus",2019,5,5,"4fa7b334-ce0d-4e88-aaae-2e0c138d049e",NA,"2751453620",NA
32.201958,-110.787125,2,"Picidae","Melanerpes uropygialis",2019,5,5,"4fa7b334-ce0d-4e88-aaae-2e0c138d049e",NA,"2740875527",NA
32.201958,-110.787125,1,"Icteridae","Molothrus ater",2019,5,5,"4fa7b334-ce0d-4e88-aaae-2e0c138d049e",NA,"2739290665",NA
32.201958,-110.787125,1,"Odontophoridae","Callipepla gambelii",2019,5,5,"4fa7b334-ce0d-4e88-aaae-2e0c138d049e",NA,"2753929535",NA
32.201958,-110.787125,1,"Mimidae","Mimus polyglottos",2019,5,5,"4fa7b334-ce0d-4e88-aaae-2e0c138d049e",NA,"2752437841",NA
32.201958,-110.787125,2,"Columbidae","Zenaida asiatica",2019,5,5,"4fa7b334-ce0d-4e88-aaae-2e0c138d049e",NA,"2756301779",NA
32.19991,-110.77955,1,"Accipitridae","Parabuteo unicinctus",2019,5,12,"4fa7b334-ce0d-4e88-aaae-2e0c138d049e",NA,"2687749896",NA
32.195747,-110.77287,16,"Odontophoridae","Callipepla gambelii",2019,6,1,"4fa7b334-ce0d-4e88-aaae-2e0c138d049e",NA,"2737680450",NA
32.200974,-110.77299,1,"Mimidae","Mimus polyglottos",2019,7,12,"4fa7b334-ce0d-4e88-aaae-2e0c138d049e",NA,"2750194764",NA
32.200974,-110.77299,1,"Cardinalidae","Cardinalis cardinalis",2019,7,12,"4fa7b334-ce0d-4e88-aaae-2e0c138d049e",NA,"2772127815",NA
32.20627,-110.77275,1,"Columbidae","Zenaida macroura",2019,7,13,"4fa7b334-ce0d-4e88-aaae-2e0c138d049e",NA,"2699924437",NA
32.20627,-110.77275,1,"Cathartidae","Cathartes aura",2019,7,13,"4fa7b334-ce0d-4e88-aaae-2e0c138d049e",NA,"2688531238",NA
32.191994,-110.77401,1,"Accipitridae","Parabuteo unicinctus",2019,7,12,"4fa7b334-ce0d-4e88-aaae-2e0c138d049e",NA,"2700270046",NA
32.195908,-110.772736,1,"Caprimulgidae","Chordeiles acutipennis",2019,8,5,"4fa7b334-ce0d-4e88-aaae-2e0c138d049e",NA,"2786975895",NA
32.19991,-110.77955,1,"Accipitridae","Accipiter cooperii",2019,10,20,"4fa7b334-ce0d-4e88-aaae-2e0c138d049e",NA,"2757181631",NA
32.19991,-110.77955,45,"Columbidae","Columba livia",2019,10,20,"4fa7b334-ce0d-4e88-aaae-2e0c138d049e",NA,"2778182565",NA
32.195747,-110.77287,1,"Accipitridae","Buteo jamaicensis",2019,10,25,"4fa7b334-ce0d-4e88-aaae-2e0c138d049e",NA,"2715503587",NA
32.19991,-110.77955,2,"Corvidae","Corvus corax",2019,10,25,"4fa7b334-ce0d-4e88-aaae-2e0c138d049e",NA,"2703098632",NA
32.19991,-110.77955,14,"Columbidae","Columba livia",2019,10,25,"4fa7b334-ce0d-4e88-aaae-2e0c138d049e",NA,"2715294297",NA
32.19991,-110.77955,1,"Accipitridae","Accipiter cooperii",2019,11,6,"4fa7b334-ce0d-4e88-aaae-2e0c138d049e",NA,"2759870887",NA
32.19991,-110.77955,4,"Columbidae","Zenaida macroura",2019,11,6,"4fa7b334-ce0d-4e88-aaae-2e0c138d049e",NA,"2777545708",NA
32.195747,-110.77287,1,"Accipitridae","Buteo jamaicensis",2019,11,22,"4fa7b334-ce0d-4e88-aaae-2e0c138d049e",NA,"2718540571",NA
32.195747,-110.77287,1,"Corvidae","Corvus corax",2019,11,22,"4fa7b334-ce0d-4e88-aaae-2e0c138d049e",NA,"2704022605",NA
32.19991,-110.77955,1,"Accipitridae","Accipiter cooperii",2019,11,22,"4fa7b334-ce0d-4e88-aaae-2e0c138d049e",NA,"2722699467",NA
32.19991,-110.77955,9,"Columbidae","Columba livia",2019,11,22,"4fa7b334-ce0d-4e88-aaae-2e0c138d049e",NA,"2724262549",NA
32.19991,-110.77955,1,"Accipitridae","Buteo jamaicensis",2019,11,28,"4fa7b334-ce0d-4e88-aaae-2e0c138d049e",NA,"2723236521",NA
32.19991,-110.77955,2,"Columbidae","Zenaida macroura",2019,11,28,"4fa7b334-ce0d-4e88-aaae-2e0c138d049e",NA,"2724607479",NA
32.19991,-110.77955,8,"Columbidae","Columba livia",2019,11,28,"4fa7b334-ce0d-4e88-aaae-2e0c138d049e",NA,"2721550363",NA
32.195747,-110.77287,1,"Accipitridae","Buteo jamaicensis",2019,12,3,"4fa7b334-ce0d-4e88-aaae-2e0c138d049e",NA,"2710538769",NA
32.19991,-110.77955,8,"Columbidae","Zenaida macroura",2019,12,6,"4fa7b334-ce0d-4e88-aaae-2e0c138d049e",NA,"2790130120",NA
32.19991,-110.77955,1,"Accipitridae","Accipiter cooperii",2019,12,6,"4fa7b334-ce0d-4e88-aaae-2e0c138d049e",NA,"2780190245",NA
32.195747,-110.77287,1,"Accipitridae","Buteo jamaicensis",2019,12,11,"4fa7b334-ce0d-4e88-aaae-2e0c138d049e",NA,"2711384354",NA
32.195747,-110.77287,3,"Columbidae","Columba livia",2019,12,11,"4fa7b334-ce0d-4e88-aaae-2e0c138d049e",NA,"2723319201",NA
32.19991,-110.77955,1,"Accipitridae","Accipiter cooperii",2019,12,14,"4fa7b334-ce0d-4e88-aaae-2e0c138d049e",NA,"2768702549",NA
32.19991,-110.77955,13,"Rallidae","Fulica americana",2019,12,14,"4fa7b334-ce0d-4e88-aaae-2e0c138d049e",NA,"2797079283",NA
32.19991,-110.77955,1,"Accipitridae","Buteo jamaicensis",2019,12,14,"4fa7b334-ce0d-4e88-aaae-2e0c138d049e",NA,"2709407164",NA
32.195747,-110.77287,1,"Accipitridae","Buteo jamaicensis",2019,12,15,"4fa7b334-ce0d-4e88-aaae-2e0c138d049e",NA,"2710649987",NA
32.19991,-110.77955,2,"Accipitridae","Buteo jamaicensis",2019,12,15,"4fa7b334-ce0d-4e88-aaae-2e0c138d049e",NA,"2799967266",NA
32.195747,-110.77287,2,"Accipitridae","Buteo jamaicensis",2019,12,29,"4fa7b334-ce0d-4e88-aaae-2e0c138d049e",NA,"2798040382",NA
32.195408,-110.772804,1,"Columbidae","Zenaida macroura",2018,2,18,"4fa7b334-ce0d-4e88-aaae-2e0c138d049e",NA,"2114812073",NA
32.195408,-110.772804,1,"Corvidae","Corvus corax",2018,2,18,"4fa7b334-ce0d-4e88-aaae-2e0c138d049e",NA,"2131380910",NA
32.19991,-110.77955,1,"Falconidae","Falco columbarius",2018,10,14,"4fa7b334-ce0d-4e88-aaae-2e0c138d049e",NA,"2209777698",NA
32.19991,-110.77955,50,"Columbidae","Columba livia",2018,10,14,"4fa7b334-ce0d-4e88-aaae-2e0c138d049e",NA,"2206441756",NA
32.195747,-110.77287,1,"Falconidae","Falco sparverius",2018,10,25,"4fa7b334-ce0d-4e88-aaae-2e0c138d049e",NA,"2213299006",NA
32.195747,-110.77287,1,"Accipitridae","Buteo jamaicensis",2018,10,25,"4fa7b334-ce0d-4e88-aaae-2e0c138d049e",NA,"2222393534",NA
32.195747,-110.77287,1,"Ptilogonatidae","Phainopepla nitens",2018,10,28,"4fa7b334-ce0d-4e88-aaae-2e0c138d049e",NA,"2211354467",NA
32.195747,-110.77287,1,"Accipitridae","Buteo jamaicensis",2018,10,28,"4fa7b334-ce0d-4e88-aaae-2e0c138d049e",NA,"2199216683",NA
32.19991,-110.77955,1,"Accipitridae","Accipiter cooperii",2018,10,29,"4fa7b334-ce0d-4e88-aaae-2e0c138d049e",NA,"2214589826",NA
32.19991,-110.77955,13,"Columbidae","Columba livia",2018,10,29,"4fa7b334-ce0d-4e88-aaae-2e0c138d049e",NA,"2214594506",NA
32.205452,-110.78683,1,"Trochilidae","Calypte anna",2018,11,2,"4fa7b334-ce0d-4e88-aaae-2e0c138d049e",NA,"2224405371",NA
32.205452,-110.78683,35,"Columbidae","Columba livia",2018,11,2,"4fa7b334-ce0d-4e88-aaae-2e0c138d049e",NA,"2215619064",NA
32.205452,-110.78683,1,"Falconidae","Falco mexicanus",2018,11,2,"4fa7b334-ce0d-4e88-aaae-2e0c138d049e",NA,"2212721831",NA
32.19991,-110.77955,3,"Accipitridae","Parabuteo unicinctus",2018,11,6,"4fa7b334-ce0d-4e88-aaae-2e0c138d049e",NA,"2213956182",NA
32.20474,-110.78251,1,"Cardinalidae","Cardinalis sinuatus",2018,12,6,"4fa7b334-ce0d-4e88-aaae-2e0c138d049e",NA,"2210516901",NA
32.20474,-110.78251,1,"Accipitridae","Accipiter cooperii",2018,12,6,"4fa7b334-ce0d-4e88-aaae-2e0c138d049e",NA,"2221792785",NA
32.20474,-110.78251,1,"Cuculidae","Geococcyx californianus",2018,12,6,"4fa7b334-ce0d-4e88-aaae-2e0c138d049e",NA,"2210515895",NA
32.20474,-110.78251,1,"Accipitridae","Buteo jamaicensis",2018,12,6,"4fa7b334-ce0d-4e88-aaae-2e0c138d049e",NA,"2231340268",NA
32.20474,-110.78251,1,"Troglodytidae","Thryomanes bewickii",2018,12,6,"4fa7b334-ce0d-4e88-aaae-2e0c138d049e",NA,"2231340462",NA
32.20474,-110.78251,5,"Odontophoridae","Callipepla gambelii",2018,12,6,"4fa7b334-ce0d-4e88-aaae-2e0c138d049e",NA,"2224285025",NA
32.20474,-110.78251,1,"Troglodytidae","Campylorhynchus brunneicapillus",2018,12,6,"4fa7b334-ce0d-4e88-aaae-2e0c138d049e",NA,"2210534711",NA
32.20474,-110.78251,1,"Ptilogonatidae","Phainopepla nitens",2018,12,6,"4fa7b334-ce0d-4e88-aaae-2e0c138d049e",NA,"2224271622",NA
32.20627,-110.77275,1,"Accipitridae","Buteo jamaicensis",2018,12,9,"4fa7b334-ce0d-4e88-aaae-2e0c138d049e",NA,"2231604897",NA
32.20474,-110.78251,1,"Charadriidae","Charadrius vociferus",2018,12,26,"4fa7b334-ce0d-4e88-aaae-2e0c138d049e",NA,"2232769759",NA
32.20474,-110.78251,2,"Cardinalidae","Cardinalis sinuatus",2018,12,26,"4fa7b334-ce0d-4e88-aaae-2e0c138d049e",NA,"2228077387",NA
32.20474,-110.78251,1,"Mimidae","Toxostoma curvirostre",2018,12,26,"4fa7b334-ce0d-4e88-aaae-2e0c138d049e",NA,"2232769466",NA
32.20474,-110.78251,1,"Accipitridae","Accipiter cooperii",2018,12,26,"4fa7b334-ce0d-4e88-aaae-2e0c138d049e",NA,"2228077383",NA
32.20474,-110.78251,2,"Cuculidae","Geococcyx californianus",2018,12,26,"4fa7b334-ce0d-4e88-aaae-2e0c138d049e",NA,"2228077382",NA
32.20474,-110.78251,4,"Cardinalidae","Cardinalis cardinalis",2018,12,26,"4fa7b334-ce0d-4e88-aaae-2e0c138d049e",NA,"2215380289",NA
32.20474,-110.78251,10,"Odontophoridae","Callipepla gambelii",2018,12,26,"4fa7b334-ce0d-4e88-aaae-2e0c138d049e",NA,"2232769714",NA
32.20474,-110.78251,2,"Troglodytidae","Campylorhynchus brunneicapillus",2018,12,26,"4fa7b334-ce0d-4e88-aaae-2e0c138d049e",NA,"2225398091",NA
32.20474,-110.78251,1,"Troglodytidae","Thryomanes bewickii",2018,12,26,"4fa7b334-ce0d-4e88-aaae-2e0c138d049e",NA,"2215380228",NA
32.20474,-110.78251,1,"Ptilogonatidae","Phainopepla nitens",2018,12,26,"4fa7b334-ce0d-4e88-aaae-2e0c138d049e",NA,"2232769908",NA
32.20474,-110.78251,3,"Picidae","Melanerpes uropygialis",2018,12,26,"4fa7b334-ce0d-4e88-aaae-2e0c138d049e",NA,"2215379710",NA
32.199932,-110.78288,4,"Fringillidae","Spinus psaltria",2017,4,22,"4fa7b334-ce0d-4e88-aaae-2e0c138d049e",NA,"2057939567",NA
32.199932,-110.78288,8,"Columbidae","Zenaida asiatica",2017,4,22,"4fa7b334-ce0d-4e88-aaae-2e0c138d049e",NA,"2057189145",NA
32.199932,-110.78288,2,"Picidae","Melanerpes uropygialis",2017,4,22,"4fa7b334-ce0d-4e88-aaae-2e0c138d049e",NA,"2057201055",NA
32.199932,-110.78288,10,"Fringillidae","Haemorhous mexicanus",2017,4,22,"4fa7b334-ce0d-4e88-aaae-2e0c138d049e",NA,"2057240558",NA
32.199932,-110.78288,1,"Accipitridae","Accipiter cooperii",2017,4,22,"4fa7b334-ce0d-4e88-aaae-2e0c138d049e",NA,"2063728067",NA
32.199932,-110.78288,1,"Troglodytidae","Troglodytes aedon",2017,4,22,"4fa7b334-ce0d-4e88-aaae-2e0c138d049e",NA,"2057922960",NA
32.199932,-110.78288,2,"Troglodytidae","Campylorhynchus brunneicapillus",2017,4,22,"4fa7b334-ce0d-4e88-aaae-2e0c138d049e",NA,"2046611015",NA
32.199932,-110.78288,3,"Icteridae","Icterus cucullatus",2017,4,22,"4fa7b334-ce0d-4e88-aaae-2e0c138d049e",NA,"2057927844",NA
32.199932,-110.78288,1,"Columbidae","Columba livia",2017,4,22,"4fa7b334-ce0d-4e88-aaae-2e0c138d049e",NA,"2057923192",NA
32.199932,-110.78288,1,"Cardinalidae","Cardinalis cardinalis",2017,4,22,"4fa7b334-ce0d-4e88-aaae-2e0c138d049e",NA,"2046596898",NA
32.199932,-110.78288,1,"Mimidae","Mimus polyglottos",2017,4,22,"4fa7b334-ce0d-4e88-aaae-2e0c138d049e",NA,"2046598845",NA
32.199932,-110.78288,1,"Polioptilidae","Polioptila melanura",2017,4,22,"4fa7b334-ce0d-4e88-aaae-2e0c138d049e",NA,"2063798140",NA
32.199932,-110.78288,1,"Emberizidae","Spizella breweri",2017,4,22,"4fa7b334-ce0d-4e88-aaae-2e0c138d049e",NA,"2057930643",NA
32.199932,-110.78288,2,"Corvidae","Corvus corax",2017,4,22,"4fa7b334-ce0d-4e88-aaae-2e0c138d049e",NA,"2057196587",NA
32.199932,-110.78288,3,"Mimidae","Toxostoma curvirostre",2017,4,22,"4fa7b334-ce0d-4e88-aaae-2e0c138d049e",NA,"2046598907",NA
32.199932,-110.78288,1,"Accipitridae","Parabuteo unicinctus",2017,4,22,"4fa7b334-ce0d-4e88-aaae-2e0c138d049e",NA,"2057922808",NA
32.199932,-110.78288,40,"Passeridae","Passer domesticus",2017,4,22,"4fa7b334-ce0d-4e88-aaae-2e0c138d049e",NA,"2046605067",NA
32.199932,-110.78288,10,"Columbidae","Zenaida macroura",2017,4,22,"4fa7b334-ce0d-4e88-aaae-2e0c138d049e",NA,"2057240570",NA
32.199932,-110.78288,2,"Trochilidae","Calypte anna",2017,4,22,"4fa7b334-ce0d-4e88-aaae-2e0c138d049e",NA,"2057931734",NA
32.199932,-110.78288,15,"Fringillidae","Haemorhous mexicanus",2017,4,23,"4fa7b334-ce0d-4e88-aaae-2e0c138d049e",NA,"2063730140",NA
32.199932,-110.78288,6,"Columbidae","Columba livia",2017,4,23,"4fa7b334-ce0d-4e88-aaae-2e0c138d049e",NA,"2057920110",NA
32.199932,-110.78288,15,"Columbidae","Zenaida macroura",2017,4,23,"4fa7b334-ce0d-4e88-aaae-2e0c138d049e",NA,"2057193285",NA
32.199932,-110.78288,4,"Fringillidae","Spinus psaltria",2017,4,23,"4fa7b334-ce0d-4e88-aaae-2e0c138d049e",NA,"2057923836",NA
32.199932,-110.78288,50,"Passeridae","Passer domesticus",2017,4,23,"4fa7b334-ce0d-4e88-aaae-2e0c138d049e",NA,"2046605499",NA
32.199932,-110.78288,1,"Emberizidae","Spizella breweri",2017,4,23,"4fa7b334-ce0d-4e88-aaae-2e0c138d049e",NA,"2057918568",NA
32.199932,-110.78288,10,"Columbidae","Zenaida asiatica",2017,4,23,"4fa7b334-ce0d-4e88-aaae-2e0c138d049e",NA,"2063721070",NA
32.199932,-110.78288,2,"Trochilidae","Calypte anna",2017,4,23,"4fa7b334-ce0d-4e88-aaae-2e0c138d049e",NA,"2057196694",NA
32.199932,-110.78288,4,"Picidae","Melanerpes uropygialis",2017,4,23,"4fa7b334-ce0d-4e88-aaae-2e0c138d049e",NA,"2046602961",NA
32.199932,-110.78288,5,"Troglodytidae","Campylorhynchus brunneicapillus",2017,4,23,"4fa7b334-ce0d-4e88-aaae-2e0c138d049e",NA,"2057193276",NA
32.199932,-110.78288,2,"Mimidae","Mimus polyglottos",2017,4,23,"4fa7b334-ce0d-4e88-aaae-2e0c138d049e",NA,"2057202733",NA
32.199932,-110.78288,4,"Odontophoridae","Callipepla gambelii",2017,4,23,"4fa7b334-ce0d-4e88-aaae-2e0c138d049e",NA,"2063730144",NA
32.199932,-110.78288,2,"Corvidae","Corvus corax",2017,4,23,"4fa7b334-ce0d-4e88-aaae-2e0c138d049e",NA,"2046598452",NA
32.199932,-110.78288,5,"Mimidae","Toxostoma curvirostre",2017,4,23,"4fa7b334-ce0d-4e88-aaae-2e0c138d049e",NA,"2063735046",NA
32.199932,-110.78288,8,"Remizidae","Auriparus flaviceps",2017,4,23,"4fa7b334-ce0d-4e88-aaae-2e0c138d049e",NA,"2063743152",NA
32.199932,-110.78288,10,"Remizidae","Auriparus flaviceps",2017,4,22,"4fa7b334-ce0d-4e88-aaae-2e0c138d049e",NA,"2063741490",NA
32.198122,-110.773839,NA,"Accipitridae","Accipiter cooperii",2021,3,20,"50c9509d-22c7-4a22-a47d-8c48425ef4a7","iNaturalist research-grade observations","3097252943",NA
32.198274,-110.777875,NA,"Odontophoridae","Callipepla gambelii",2021,7,15,"50c9509d-22c7-4a22-a47d-8c48425ef4a7","iNaturalist research-grade observations","3330738222","Adult"
32.196318,-110.780583,NA,"Cardinalidae","Cardinalis sinuatus",2021,10,15,"50c9509d-22c7-4a22-a47d-8c48425ef4a7","iNaturalist research-grade observations","3398634093",NA
32.196179,-110.779911,NA,"Mimidae","Mimus polyglottos",2021,10,17,"50c9509d-22c7-4a22-a47d-8c48425ef4a7","iNaturalist research-grade observations","3399490313",NA
32.196391,-110.781487,NA,"Mimidae","Toxostoma curvirostre",2021,10,17,"50c9509d-22c7-4a22-a47d-8c48425ef4a7","iNaturalist research-grade observations","3398813303",NA
32.196847,-110.782523,NA,"Picidae","Melanerpes uropygialis",2021,10,17,"50c9509d-22c7-4a22-a47d-8c48425ef4a7","iNaturalist research-grade observations","3398968370",NA
