"decimalLatitude","decimalLongitude","individualCount","family","species","year","month","day","datasetKey","datasetName","gbifID"
32.246346,-111.00845,14,"Icteridae","Quiscalus mexicanus",2021,1,14,"4fa7b334-ce0d-4e88-aaae-2e0c138d049e",NA,"3617567477"
32.246346,-111.00845,1,"Columbidae","Streptopelia decaocto",2021,1,14,"4fa7b334-ce0d-4e88-aaae-2e0c138d049e",NA,"3618309396"
32.246346,-111.00845,4,"Columbidae","Zenaida macroura",2021,1,14,"4fa7b334-ce0d-4e88-aaae-2e0c138d049e",NA,"3610795318"
32.246346,-111.00845,8,"Icteridae","Molothrus aeneus",2021,1,14,"4fa7b334-ce0d-4e88-aaae-2e0c138d049e",NA,"3615287181"
32.243397,-111.008286,1,"Accipitridae","Buteo jamaicensis",2021,4,15,"4fa7b334-ce0d-4e88-aaae-2e0c138d049e",NA,"3557040623"
32.243484,-111.00772,6,"Icteridae","Quiscalus mexicanus",2021,5,9,"4fa7b334-ce0d-4e88-aaae-2e0c138d049e",NA,"3515698392"
32.243484,-111.00772,2,"Trochilidae","Calypte anna",2021,5,9,"4fa7b334-ce0d-4e88-aaae-2e0c138d049e",NA,"3518459052"
32.243484,-111.00772,1,"Remizidae","Auriparus flaviceps",2021,5,9,"4fa7b334-ce0d-4e88-aaae-2e0c138d049e",NA,"3516221900"
32.243484,-111.00772,30,"Fringillidae","Haemorhous mexicanus",2021,5,9,"4fa7b334-ce0d-4e88-aaae-2e0c138d049e",NA,"3524902806"
32.243484,-111.00772,2,"Emberizidae","Melozone aberti",2021,5,9,"4fa7b334-ce0d-4e88-aaae-2e0c138d049e",NA,"3522764068"
32.243484,-111.00772,2,"Columbidae","Zenaida asiatica",2021,5,9,"4fa7b334-ce0d-4e88-aaae-2e0c138d049e",NA,"3533598985"
32.243484,-111.00772,1,"Troglodytidae","Campylorhynchus brunneicapillus",2021,5,9,"4fa7b334-ce0d-4e88-aaae-2e0c138d049e",NA,"3530275919"
32.243484,-111.00772,25,"Columbidae","Columba livia",2021,5,9,"4fa7b334-ce0d-4e88-aaae-2e0c138d049e",NA,"3522349238"
32.243484,-111.00772,2,"Accipitridae","Accipiter cooperii",2021,5,9,"4fa7b334-ce0d-4e88-aaae-2e0c138d049e",NA,"3524842455"
32.243484,-111.00772,6,"Columbidae","Zenaida macroura",2021,5,9,"4fa7b334-ce0d-4e88-aaae-2e0c138d049e",NA,"3518490255"
32.243484,-111.00772,1,"Tyrannidae","Myiarchus tyrannulus",2021,5,9,"4fa7b334-ce0d-4e88-aaae-2e0c138d049e",NA,"3515293294"
32.243484,-111.00772,5,"Sturnidae","Sturnus vulgaris",2021,5,9,"4fa7b334-ce0d-4e88-aaae-2e0c138d049e",NA,"3518196416"
32.243484,-111.00772,2,"Columbidae","Streptopelia decaocto",2021,5,9,"4fa7b334-ce0d-4e88-aaae-2e0c138d049e",NA,"3519007041"
32.243484,-111.00772,1,"Picidae","Melanerpes uropygialis",2021,5,9,"4fa7b334-ce0d-4e88-aaae-2e0c138d049e",NA,"3516527584"
32.243484,-111.00772,2,"Tyrannidae","Pyrocephalus rubinus",2021,5,9,"4fa7b334-ce0d-4e88-aaae-2e0c138d049e",NA,"3516040536"
32.243484,-111.00772,6,"Icteridae","Quiscalus mexicanus",2021,5,9,"4fa7b334-ce0d-4e88-aaae-2e0c138d049e",NA,"3568546409"
32.243484,-111.00772,2,"Trochilidae","Calypte anna",2021,5,9,"4fa7b334-ce0d-4e88-aaae-2e0c138d049e",NA,"3559420097"
32.243484,-111.00772,1,"Remizidae","Auriparus flaviceps",2021,5,9,"4fa7b334-ce0d-4e88-aaae-2e0c138d049e",NA,"3567198554"
32.243484,-111.00772,30,"Fringillidae","Haemorhous mexicanus",2021,5,9,"4fa7b334-ce0d-4e88-aaae-2e0c138d049e",NA,"3568232795"
32.243484,-111.00772,2,"Emberizidae","Melozone aberti",2021,5,9,"4fa7b334-ce0d-4e88-aaae-2e0c138d049e",NA,"3567174391"
32.243484,-111.00772,2,"Columbidae","Zenaida asiatica",2021,5,9,"4fa7b334-ce0d-4e88-aaae-2e0c138d049e",NA,"3567897590"
32.243484,-111.00772,1,"Troglodytidae","Campylorhynchus brunneicapillus",2021,5,9,"4fa7b334-ce0d-4e88-aaae-2e0c138d049e",NA,"3566428370"
32.243484,-111.00772,25,"Columbidae","Columba livia",2021,5,9,"4fa7b334-ce0d-4e88-aaae-2e0c138d049e",NA,"3542497043"
32.243484,-111.00772,2,"Accipitridae","Accipiter cooperii",2021,5,9,"4fa7b334-ce0d-4e88-aaae-2e0c138d049e",NA,"3541586649"
32.243484,-111.00772,6,"Columbidae","Zenaida macroura",2021,5,9,"4fa7b334-ce0d-4e88-aaae-2e0c138d049e",NA,"3561998587"
32.243484,-111.00772,1,"Tyrannidae","Myiarchus tyrannulus",2021,5,9,"4fa7b334-ce0d-4e88-aaae-2e0c138d049e",NA,"3566959317"
32.243484,-111.00772,5,"Sturnidae","Sturnus vulgaris",2021,5,9,"4fa7b334-ce0d-4e88-aaae-2e0c138d049e",NA,"3558466034"
32.243484,-111.00772,2,"Columbidae","Streptopelia decaocto",2021,5,9,"4fa7b334-ce0d-4e88-aaae-2e0c138d049e",NA,"3569013974"
32.243484,-111.00772,1,"Picidae","Melanerpes uropygialis",2021,5,9,"4fa7b334-ce0d-4e88-aaae-2e0c138d049e",NA,"3570386333"
32.243484,-111.00772,2,"Tyrannidae","Pyrocephalus rubinus",2021,5,9,"4fa7b334-ce0d-4e88-aaae-2e0c138d049e",NA,"3574957621"
32.246483,-111.0085,3,"Columbidae","Zenaida macroura",2020,1,18,"4fa7b334-ce0d-4e88-aaae-2e0c138d049e",NA,"3217554038"
32.246483,-111.0085,2,"Columbidae","Streptopelia decaocto",2020,1,18,"4fa7b334-ce0d-4e88-aaae-2e0c138d049e",NA,"3221842941"
32.246483,-111.0085,4,"Icteridae","Molothrus aeneus",2020,1,18,"4fa7b334-ce0d-4e88-aaae-2e0c138d049e",NA,"3217212973"
32.246483,-111.0085,40,"Icteridae","Xanthocephalus xanthocephalus",2020,1,18,"4fa7b334-ce0d-4e88-aaae-2e0c138d049e",NA,"3142523111"
32.243484,-111.00772,2,"Columbidae","Zenaida asiatica",2020,5,17,"4fa7b334-ce0d-4e88-aaae-2e0c138d049e",NA,"3299845272"
32.243484,-111.00772,2,"Columbidae","Zenaida macroura",2020,5,17,"4fa7b334-ce0d-4e88-aaae-2e0c138d049e",NA,"3273961992"
32.243484,-111.00772,3,"Sturnidae","Sturnus vulgaris",2020,5,17,"4fa7b334-ce0d-4e88-aaae-2e0c138d049e",NA,"3177497234"
32.243484,-111.00772,2,"Icteridae","Quiscalus mexicanus",2020,5,17,"4fa7b334-ce0d-4e88-aaae-2e0c138d049e",NA,"3172659207"
32.243484,-111.00772,6,"Fringillidae","Haemorhous mexicanus",2020,5,17,"4fa7b334-ce0d-4e88-aaae-2e0c138d049e",NA,"3161981125"
32.243484,-111.00772,1,"Fringillidae","Spinus psaltria",2020,5,17,"4fa7b334-ce0d-4e88-aaae-2e0c138d049e",NA,"3152406074"
32.243484,-111.00772,1,"Tyrannidae","Pyrocephalus rubinus",2020,5,17,"4fa7b334-ce0d-4e88-aaae-2e0c138d049e",NA,"3171131993"
32.243484,-111.00772,40,"Columbidae","Columba livia",2020,5,17,"4fa7b334-ce0d-4e88-aaae-2e0c138d049e",NA,"3161448031"
32.243484,-111.00772,1,"Troglodytidae","Campylorhynchus brunneicapillus",2020,5,17,"4fa7b334-ce0d-4e88-aaae-2e0c138d049e",NA,"3159217325"
32.243484,-111.00772,1,"Columbidae","Streptopelia decaocto",2020,5,17,"4fa7b334-ce0d-4e88-aaae-2e0c138d049e",NA,"3169860215"
32.243484,-111.00772,5,"Passeridae","Passer domesticus",2020,5,17,"4fa7b334-ce0d-4e88-aaae-2e0c138d049e",NA,"3168543142"
32.243484,-111.00772,2,"Trochilidae","Calypte anna",2020,5,17,"4fa7b334-ce0d-4e88-aaae-2e0c138d049e",NA,"3155467297"
32.243484,-111.00772,2,"Picidae","Melanerpes uropygialis",2020,5,17,"4fa7b334-ce0d-4e88-aaae-2e0c138d049e",NA,"3172064243"
32.243484,-111.00772,1,"Parulidae","Setophaga petechia",2020,5,17,"4fa7b334-ce0d-4e88-aaae-2e0c138d049e",NA,"3171514260"
32.243484,-111.00772,1,"Parulidae","Leiothlypis luciae",2020,5,17,"4fa7b334-ce0d-4e88-aaae-2e0c138d049e",NA,"3155548292"
32.243484,-111.00772,1,"Remizidae","Auriparus flaviceps",2020,5,17,"4fa7b334-ce0d-4e88-aaae-2e0c138d049e",NA,"3160052223"
32.243484,-111.00772,2,"Columbidae","Zenaida asiatica",2020,5,17,"4fa7b334-ce0d-4e88-aaae-2e0c138d049e",NA,"3244667841"
32.243484,-111.00772,2,"Columbidae","Zenaida macroura",2020,5,17,"4fa7b334-ce0d-4e88-aaae-2e0c138d049e",NA,"3252001778"
32.243484,-111.00772,3,"Sturnidae","Sturnus vulgaris",2020,5,17,"4fa7b334-ce0d-4e88-aaae-2e0c138d049e",NA,"3261616847"
32.243484,-111.00772,2,"Icteridae","Quiscalus mexicanus",2020,5,17,"4fa7b334-ce0d-4e88-aaae-2e0c138d049e",NA,"3270895890"
32.243484,-111.00772,6,"Fringillidae","Haemorhous mexicanus",2020,5,17,"4fa7b334-ce0d-4e88-aaae-2e0c138d049e",NA,"3247547742"
32.243484,-111.00772,1,"Fringillidae","Spinus psaltria",2020,5,17,"4fa7b334-ce0d-4e88-aaae-2e0c138d049e",NA,"3247414585"
32.243484,-111.00772,1,"Tyrannidae","Pyrocephalus rubinus",2020,5,17,"4fa7b334-ce0d-4e88-aaae-2e0c138d049e",NA,"3241085641"
32.243484,-111.00772,40,"Columbidae","Columba livia",2020,5,17,"4fa7b334-ce0d-4e88-aaae-2e0c138d049e",NA,"3253605628"
32.243484,-111.00772,1,"Troglodytidae","Campylorhynchus brunneicapillus",2020,5,17,"4fa7b334-ce0d-4e88-aaae-2e0c138d049e",NA,"3254092619"
32.243484,-111.00772,1,"Columbidae","Streptopelia decaocto",2020,5,17,"4fa7b334-ce0d-4e88-aaae-2e0c138d049e",NA,"3264063666"
32.243484,-111.00772,5,"Passeridae","Passer domesticus",2020,5,17,"4fa7b334-ce0d-4e88-aaae-2e0c138d049e",NA,"3265762549"
32.243484,-111.00772,2,"Trochilidae","Calypte anna",2020,5,17,"4fa7b334-ce0d-4e88-aaae-2e0c138d049e",NA,"3259830667"
32.243484,-111.00772,2,"Picidae","Melanerpes uropygialis",2020,5,17,"4fa7b334-ce0d-4e88-aaae-2e0c138d049e",NA,"3254433740"
32.243484,-111.00772,1,"Parulidae","Setophaga petechia",2020,5,17,"4fa7b334-ce0d-4e88-aaae-2e0c138d049e",NA,"3249772755"
32.243484,-111.00772,1,"Parulidae","Leiothlypis luciae",2020,5,17,"4fa7b334-ce0d-4e88-aaae-2e0c138d049e",NA,"3271527797"
32.243484,-111.00772,1,"Remizidae","Auriparus flaviceps",2020,5,17,"4fa7b334-ce0d-4e88-aaae-2e0c138d049e",NA,"3262342617"
32.246346,-111.00845,7,"Columbidae","Zenaida macroura",2019,2,5,"4fa7b334-ce0d-4e88-aaae-2e0c138d049e",NA,"2662103948"
32.246346,-111.00845,2,"Icteridae","Quiscalus mexicanus",2019,2,5,"4fa7b334-ce0d-4e88-aaae-2e0c138d049e",NA,"2661181894"
32.246346,-111.00845,7,"Passeridae","Passer domesticus",2019,2,5,"4fa7b334-ce0d-4e88-aaae-2e0c138d049e",NA,"2657825968"
32.246346,-111.00845,2,"Columbidae","Streptopelia decaocto",2019,2,5,"4fa7b334-ce0d-4e88-aaae-2e0c138d049e",NA,"2655205905"
32.246346,-111.00845,2,"Icteridae","Quiscalus mexicanus",2019,2,5,"4fa7b334-ce0d-4e88-aaae-2e0c138d049e",NA,"2756459390"
32.246346,-111.00845,4,"Icteridae","Molothrus aeneus",2019,2,5,"4fa7b334-ce0d-4e88-aaae-2e0c138d049e",NA,"2728099268"
32.246346,-111.00845,2,"Columbidae","Streptopelia decaocto",2019,2,5,"4fa7b334-ce0d-4e88-aaae-2e0c138d049e",NA,"2742914279"
32.246346,-111.00845,7,"Columbidae","Zenaida macroura",2019,2,5,"4fa7b334-ce0d-4e88-aaae-2e0c138d049e",NA,"2733152266"
32.246346,-111.00845,7,"Passeridae","Passer domesticus",2019,2,5,"4fa7b334-ce0d-4e88-aaae-2e0c138d049e",NA,"2734152303"
32.243484,-111.00772,2,"Picidae","Melanerpes uropygialis",2019,5,14,"4fa7b334-ce0d-4e88-aaae-2e0c138d049e",NA,"2749636785"
32.243484,-111.00772,1,"Columbidae","Streptopelia decaocto",2019,5,14,"4fa7b334-ce0d-4e88-aaae-2e0c138d049e",NA,"2769402029"
32.243484,-111.00772,1,"Passeridae","Passer domesticus",2019,5,14,"4fa7b334-ce0d-4e88-aaae-2e0c138d049e",NA,"2747631023"
32.243484,-111.00772,1,"Emberizidae","Chondestes grammacus",2019,5,14,"4fa7b334-ce0d-4e88-aaae-2e0c138d049e",NA,"2750946990"
32.243484,-111.00772,6,"Columbidae","Zenaida asiatica",2019,5,14,"4fa7b334-ce0d-4e88-aaae-2e0c138d049e",NA,"2739198027"
32.243484,-111.00772,3,"Icteridae","Quiscalus mexicanus",2019,5,14,"4fa7b334-ce0d-4e88-aaae-2e0c138d049e",NA,"2751315988"
32.243484,-111.00772,30,"Columbidae","Columba livia",2019,5,14,"4fa7b334-ce0d-4e88-aaae-2e0c138d049e",NA,"2749219042"
32.243484,-111.00772,1,"Tyrannidae","Pyrocephalus rubinus",2019,5,14,"4fa7b334-ce0d-4e88-aaae-2e0c138d049e",NA,"2751602014"
32.243484,-111.00772,1,"Trochilidae","Calypte anna",2019,5,14,"4fa7b334-ce0d-4e88-aaae-2e0c138d049e",NA,"2739088819"
32.243484,-111.00772,15,"Sturnidae","Sturnus vulgaris",2019,5,14,"4fa7b334-ce0d-4e88-aaae-2e0c138d049e",NA,"2746572931"
32.243484,-111.00772,8,"Fringillidae","Haemorhous mexicanus",2019,5,14,"4fa7b334-ce0d-4e88-aaae-2e0c138d049e",NA,"2750980878"
32.243484,-111.00772,6,"Columbidae","Zenaida macroura",2019,5,14,"4fa7b334-ce0d-4e88-aaae-2e0c138d049e",NA,"2775993989"
32.243484,-111.00772,1,"Tyrannidae","Myiarchus tyrannulus",2019,5,14,"4fa7b334-ce0d-4e88-aaae-2e0c138d049e",NA,"2733922871"
32.243484,-111.00772,1,"Accipitridae","Accipiter cooperii",2019,5,14,"4fa7b334-ce0d-4e88-aaae-2e0c138d049e",NA,"2762198947"
32.243484,-111.00772,2,"Fringillidae","Spinus psaltria",2019,5,14,"4fa7b334-ce0d-4e88-aaae-2e0c138d049e",NA,"2747645770"
32.243484,-111.00772,2,"Picidae","Melanerpes uropygialis",2019,5,14,"4fa7b334-ce0d-4e88-aaae-2e0c138d049e",NA,"2765984046"
32.243484,-111.00772,1,"Columbidae","Streptopelia decaocto",2019,5,14,"4fa7b334-ce0d-4e88-aaae-2e0c138d049e",NA,"2772276980"
32.243484,-111.00772,1,"Passeridae","Passer domesticus",2019,5,14,"4fa7b334-ce0d-4e88-aaae-2e0c138d049e",NA,"2770936014"
32.243484,-111.00772,1,"Emberizidae","Chondestes grammacus",2019,5,14,"4fa7b334-ce0d-4e88-aaae-2e0c138d049e",NA,"2770013988"
32.243484,-111.00772,6,"Columbidae","Zenaida asiatica",2019,5,14,"4fa7b334-ce0d-4e88-aaae-2e0c138d049e",NA,"2768282881"
32.243484,-111.00772,3,"Icteridae","Quiscalus mexicanus",2019,5,14,"4fa7b334-ce0d-4e88-aaae-2e0c138d049e",NA,"2772650888"
32.243484,-111.00772,30,"Columbidae","Columba livia",2019,5,14,"4fa7b334-ce0d-4e88-aaae-2e0c138d049e",NA,"2770322954"
32.243484,-111.00772,1,"Tyrannidae","Pyrocephalus rubinus",2019,5,14,"4fa7b334-ce0d-4e88-aaae-2e0c138d049e",NA,"2685940107"
32.243484,-111.00772,1,"Trochilidae","Calypte anna",2019,5,14,"4fa7b334-ce0d-4e88-aaae-2e0c138d049e",NA,"2675238141"
32.243484,-111.00772,15,"Sturnidae","Sturnus vulgaris",2019,5,14,"4fa7b334-ce0d-4e88-aaae-2e0c138d049e",NA,"2677464015"
32.243484,-111.00772,8,"Fringillidae","Haemorhous mexicanus",2019,5,14,"4fa7b334-ce0d-4e88-aaae-2e0c138d049e",NA,"2673515089"
32.243484,-111.00772,6,"Columbidae","Zenaida macroura",2019,5,14,"4fa7b334-ce0d-4e88-aaae-2e0c138d049e",NA,"2688675089"
32.243484,-111.00772,1,"Tyrannidae","Myiarchus tyrannulus",2019,5,14,"4fa7b334-ce0d-4e88-aaae-2e0c138d049e",NA,"2674819095"
32.243484,-111.00772,1,"Accipitridae","Accipiter cooperii",2019,5,14,"4fa7b334-ce0d-4e88-aaae-2e0c138d049e",NA,"2688512130"
32.243484,-111.00772,2,"Fringillidae","Spinus psaltria",2019,5,14,"4fa7b334-ce0d-4e88-aaae-2e0c138d049e",NA,"2696115952"
32.246346,-111.00845,1,"Icteridae","Molothrus aeneus",2018,3,5,"4fa7b334-ce0d-4e88-aaae-2e0c138d049e",NA,"2132737999"
32.246346,-111.00845,1,"Cardinalidae","Cardinalis sinuatus",2018,3,5,"4fa7b334-ce0d-4e88-aaae-2e0c138d049e",NA,"2119399538"
32.246346,-111.00845,1,"Columbidae","Streptopelia decaocto",2018,3,5,"4fa7b334-ce0d-4e88-aaae-2e0c138d049e",NA,"2136439102"
32.246346,-111.00845,8,"Passeridae","Passer domesticus",2018,3,5,"4fa7b334-ce0d-4e88-aaae-2e0c138d049e",NA,"2132734431"
32.246346,-111.00845,3,"Columbidae","Zenaida macroura",2018,3,5,"4fa7b334-ce0d-4e88-aaae-2e0c138d049e",NA,"2132714974"
32.246346,-111.00845,1,"Emberizidae","Zonotrichia leucophrys",2018,3,5,"4fa7b334-ce0d-4e88-aaae-2e0c138d049e",NA,"2144230632"
32.246532,-111.00826,3,"Columbidae","Streptopelia decaocto",2018,3,5,"4fa7b334-ce0d-4e88-aaae-2e0c138d049e",NA,"2144315049"
32.246532,-111.00826,2,"Accipitridae","Buteo jamaicensis",2018,3,5,"4fa7b334-ce0d-4e88-aaae-2e0c138d049e",NA,"2136559300"
32.246532,-111.00826,1,"Remizidae","Auriparus flaviceps",2018,3,5,"4fa7b334-ce0d-4e88-aaae-2e0c138d049e",NA,"2136535294"
32.246532,-111.00826,4,"Icteridae","Agelaius phoeniceus",2018,3,5,"4fa7b334-ce0d-4e88-aaae-2e0c138d049e",NA,"2132827132"
32.246532,-111.00826,6,"Passeridae","Passer domesticus",2018,3,5,"4fa7b334-ce0d-4e88-aaae-2e0c138d049e",NA,"2119508606"
32.246532,-111.00826,1,"Icteridae","Molothrus aeneus",2018,3,5,"4fa7b334-ce0d-4e88-aaae-2e0c138d049e",NA,"2132828885"
32.246532,-111.00826,2,"Columbidae","Zenaida macroura",2018,3,5,"4fa7b334-ce0d-4e88-aaae-2e0c138d049e",NA,"2144313209"
32.246532,-111.00826,1,"Picidae","Melanerpes uropygialis",2018,3,5,"4fa7b334-ce0d-4e88-aaae-2e0c138d049e",NA,"2144310650"
32.246532,-111.00826,3,"Columbidae","Streptopelia decaocto",2018,3,5,"4fa7b334-ce0d-4e88-aaae-2e0c138d049e",NA,"2119500330"
32.246532,-111.00826,2,"Accipitridae","Buteo jamaicensis",2018,3,5,"4fa7b334-ce0d-4e88-aaae-2e0c138d049e",NA,"2144317638"
32.246532,-111.00826,1,"Remizidae","Auriparus flaviceps",2018,3,5,"4fa7b334-ce0d-4e88-aaae-2e0c138d049e",NA,"2136532373"
32.246532,-111.00826,4,"Icteridae","Agelaius phoeniceus",2018,3,5,"4fa7b334-ce0d-4e88-aaae-2e0c138d049e",NA,"2136547536"
32.246532,-111.00826,6,"Passeridae","Passer domesticus",2018,3,5,"4fa7b334-ce0d-4e88-aaae-2e0c138d049e",NA,"2144316151"
32.246532,-111.00826,1,"Icteridae","Molothrus aeneus",2018,3,5,"4fa7b334-ce0d-4e88-aaae-2e0c138d049e",NA,"2136535888"
32.246532,-111.00826,2,"Columbidae","Zenaida macroura",2018,3,5,"4fa7b334-ce0d-4e88-aaae-2e0c138d049e",NA,"2119504161"
32.246532,-111.00826,1,"Picidae","Melanerpes uropygialis",2018,3,5,"4fa7b334-ce0d-4e88-aaae-2e0c138d049e",NA,"2136561331"
32.246548,-111.008606,2,"Icteridae","Quiscalus mexicanus",2018,3,13,"4fa7b334-ce0d-4e88-aaae-2e0c138d049e",NA,"2146078085"
32.246548,-111.008606,2,"Icteridae","Molothrus aeneus",2018,3,13,"4fa7b334-ce0d-4e88-aaae-2e0c138d049e",NA,"2134632164"
32.246548,-111.008606,4,"Columbidae","Streptopelia decaocto",2018,3,13,"4fa7b334-ce0d-4e88-aaae-2e0c138d049e",NA,"2146080299"
32.246548,-111.008606,10,"Passeridae","Passer domesticus",2018,3,13,"4fa7b334-ce0d-4e88-aaae-2e0c138d049e",NA,"2138832046"
32.246548,-111.008606,2,"Icteridae","Quiscalus mexicanus",2018,3,13,"4fa7b334-ce0d-4e88-aaae-2e0c138d049e",NA,"2139222822"
32.246548,-111.008606,2,"Icteridae","Molothrus aeneus",2018,3,13,"4fa7b334-ce0d-4e88-aaae-2e0c138d049e",NA,"2122020297"
32.246548,-111.008606,4,"Columbidae","Streptopelia decaocto",2018,3,13,"4fa7b334-ce0d-4e88-aaae-2e0c138d049e",NA,"2122040737"
32.246548,-111.008606,10,"Passeridae","Passer domesticus",2018,3,13,"4fa7b334-ce0d-4e88-aaae-2e0c138d049e",NA,"2139232085"
32.246548,-111.008606,2,"Icteridae","Quiscalus mexicanus",2018,3,13,"4fa7b334-ce0d-4e88-aaae-2e0c138d049e",NA,"2139489978"
32.246548,-111.008606,2,"Icteridae","Molothrus aeneus",2018,3,13,"4fa7b334-ce0d-4e88-aaae-2e0c138d049e",NA,"2139500795"
32.246548,-111.008606,4,"Columbidae","Streptopelia decaocto",2018,3,13,"4fa7b334-ce0d-4e88-aaae-2e0c138d049e",NA,"2139482465"
32.246548,-111.008606,10,"Passeridae","Passer domesticus",2018,3,13,"4fa7b334-ce0d-4e88-aaae-2e0c138d049e",NA,"2146544057"
32.24651,-111.00831,3,"Icteridae","Molothrus aeneus",2018,3,22,"4fa7b334-ce0d-4e88-aaae-2e0c138d049e",NA,"2149560114"
32.24651,-111.00831,3,"Columbidae","Streptopelia decaocto",2018,3,22,"4fa7b334-ce0d-4e88-aaae-2e0c138d049e",NA,"2124874064"
32.24651,-111.00831,12,"Passeridae","Passer domesticus",2018,3,22,"4fa7b334-ce0d-4e88-aaae-2e0c138d049e",NA,"2141775398"
32.24651,-111.00831,2,"Columbidae","Zenaida macroura",2018,3,22,"4fa7b334-ce0d-4e88-aaae-2e0c138d049e",NA,"2137631049"
32.24651,-111.00831,2,"Icteridae","Quiscalus mexicanus",2018,3,22,"4fa7b334-ce0d-4e88-aaae-2e0c138d049e",NA,"2141796112"
32.24651,-111.00831,3,"Icteridae","Molothrus aeneus",2018,3,22,"4fa7b334-ce0d-4e88-aaae-2e0c138d049e",NA,"2141789205"
32.24651,-111.00831,3,"Columbidae","Streptopelia decaocto",2018,3,22,"4fa7b334-ce0d-4e88-aaae-2e0c138d049e",NA,"2149552557"
32.24651,-111.00831,12,"Passeridae","Passer domesticus",2018,3,22,"4fa7b334-ce0d-4e88-aaae-2e0c138d049e",NA,"2149547045"
32.24651,-111.00831,2,"Columbidae","Zenaida macroura",2018,3,22,"4fa7b334-ce0d-4e88-aaae-2e0c138d049e",NA,"2141786283"
32.24651,-111.00831,2,"Icteridae","Quiscalus mexicanus",2018,3,22,"4fa7b334-ce0d-4e88-aaae-2e0c138d049e",NA,"2149578353"
32.24651,-111.00831,3,"Icteridae","Molothrus aeneus",2018,3,22,"4fa7b334-ce0d-4e88-aaae-2e0c138d049e",NA,"2141797666"
32.24651,-111.00831,3,"Columbidae","Streptopelia decaocto",2018,3,22,"4fa7b334-ce0d-4e88-aaae-2e0c138d049e",NA,"2124821501"
32.24651,-111.00831,12,"Passeridae","Passer domesticus",2018,3,22,"4fa7b334-ce0d-4e88-aaae-2e0c138d049e",NA,"2137635148"
32.24651,-111.00831,2,"Columbidae","Zenaida macroura",2018,3,22,"4fa7b334-ce0d-4e88-aaae-2e0c138d049e",NA,"2137641092"
32.24651,-111.00831,2,"Icteridae","Quiscalus mexicanus",2018,3,22,"4fa7b334-ce0d-4e88-aaae-2e0c138d049e",NA,"2141784530"
32.246445,-111.008514,1,"Mimidae","Mimus polyglottos",2018,3,23,"4fa7b334-ce0d-4e88-aaae-2e0c138d049e",NA,"2137786517"
32.246445,-111.008514,1,"Parulidae","Setophaga coronata",2018,3,23,"4fa7b334-ce0d-4e88-aaae-2e0c138d049e",NA,"2124996921"
32.246445,-111.008514,1,"Icteridae","Molothrus aeneus",2018,3,23,"4fa7b334-ce0d-4e88-aaae-2e0c138d049e",NA,"2149810517"
32.246445,-111.008514,1,"Remizidae","Auriparus flaviceps",2018,3,23,"4fa7b334-ce0d-4e88-aaae-2e0c138d049e",NA,"2124990703"
32.246445,-111.008514,11,"Passeridae","Passer domesticus",2018,3,23,"4fa7b334-ce0d-4e88-aaae-2e0c138d049e",NA,"2137787918"
32.246445,-111.008514,1,"Polioptilidae","Polioptila melanura",2018,3,23,"4fa7b334-ce0d-4e88-aaae-2e0c138d049e",NA,"2137786079"
32.246445,-111.008514,4,"Columbidae","Zenaida macroura",2018,3,23,"4fa7b334-ce0d-4e88-aaae-2e0c138d049e",NA,"2137797488"
32.246445,-111.008514,1,"Picidae","Melanerpes uropygialis",2018,3,23,"4fa7b334-ce0d-4e88-aaae-2e0c138d049e",NA,"2149804618"
32.246445,-111.008514,1,"Icteridae","Quiscalus mexicanus",2018,3,23,"4fa7b334-ce0d-4e88-aaae-2e0c138d049e",NA,"2125002741"
32.244465,-111.0044,NA,"Accipitridae","Accipiter cooperii",2020,12,19,"50c9509d-22c7-4a22-a47d-8c48425ef4a7","iNaturalist research-grade observations","3008413709"
32.242733,-111.007388,NA,"Columbidae","Zenaida macroura",2017,6,5,"50c9509d-22c7-4a22-a47d-8c48425ef4a7","iNaturalist research-grade observations","1571100603"
32.243462,-111.003599,NA,"Fringillidae","Haemorhous mexicanus",2017,10,30,"50c9509d-22c7-4a22-a47d-8c48425ef4a7","iNaturalist research-grade observations","1699383989"
