"decimalLatitude","decimalLongitude","individualCount","family","species","year","month","day","datasetKey","datasetName","gbifID","lifeStage"
32.221184,-110.99417,1,"Odontophoridae","Callipepla gambelii",2020,4,5,"4fa7b334-ce0d-4e88-aaae-2e0c138d049e",NA,"3147563223",NA
32.221184,-110.99417,4,"Fringillidae","Haemorhous mexicanus",2020,4,5,"4fa7b334-ce0d-4e88-aaae-2e0c138d049e",NA,"3146829168",NA
32.221184,-110.99417,2,"Mimidae","Mimus polyglottos",2020,4,5,"4fa7b334-ce0d-4e88-aaae-2e0c138d049e",NA,"3152762099",NA
32.221184,-110.99417,1,"Trochilidae","Calypte anna",2020,4,5,"4fa7b334-ce0d-4e88-aaae-2e0c138d049e",NA,"3160718105",NA
32.221184,-110.99417,3,"Columbidae","Zenaida macroura",2020,4,5,"4fa7b334-ce0d-4e88-aaae-2e0c138d049e",NA,"3141623042",NA
32.221184,-110.99417,1,"Cardinalidae","Cardinalis sinuatus",2020,4,5,"4fa7b334-ce0d-4e88-aaae-2e0c138d049e",NA,"3143080043",NA
32.221184,-110.99417,2,"Passeridae","Passer domesticus",2020,4,5,"4fa7b334-ce0d-4e88-aaae-2e0c138d049e",NA,"3149423123",NA
32.21562,-110.996086,2,"Remizidae","Auriparus flaviceps",2017,2,6,"4fa7b334-ce0d-4e88-aaae-2e0c138d049e",NA,"2037032647",NA
32.21562,-110.996086,1,"Troglodytidae","Campylorhynchus brunneicapillus",2017,2,6,"4fa7b334-ce0d-4e88-aaae-2e0c138d049e",NA,"2038634500",NA
32.21562,-110.996086,2,"Trochilidae","Calypte anna",2017,2,6,"4fa7b334-ce0d-4e88-aaae-2e0c138d049e",NA,"2037031206",NA
32.21562,-110.996086,1,"Picidae","Melanerpes uropygialis",2017,2,6,"4fa7b334-ce0d-4e88-aaae-2e0c138d049e",NA,"2038618400",NA
32.21562,-110.996086,1,"Troglodytidae","Thryomanes bewickii",2017,2,6,"4fa7b334-ce0d-4e88-aaae-2e0c138d049e",NA,"2043113180",NA
32.21562,-110.996086,5,"Odontophoridae","Callipepla gambelii",2017,2,6,"4fa7b334-ce0d-4e88-aaae-2e0c138d049e",NA,"2043118724",NA
32.21562,-110.996086,NA,"Fringillidae","Haemorhous mexicanus",2017,2,6,"4fa7b334-ce0d-4e88-aaae-2e0c138d049e",NA,"2031289471",NA
32.21562,-110.996086,NA,"Passeridae","Passer domesticus",2017,2,6,"4fa7b334-ce0d-4e88-aaae-2e0c138d049e",NA,"2037031063",NA
32.21562,-110.996086,1,"Troglodytidae","Salpinctes obsoletus",2017,2,6,"4fa7b334-ce0d-4e88-aaae-2e0c138d049e",NA,"2043118739",NA
32.21562,-110.996086,1,"Troglodytidae","Catherpes mexicanus",2017,2,6,"4fa7b334-ce0d-4e88-aaae-2e0c138d049e",NA,"2037038194",NA
32.21562,-110.996086,4,"Ptilogonatidae","Phainopepla nitens",2017,2,6,"4fa7b334-ce0d-4e88-aaae-2e0c138d049e",NA,"2037037773",NA
32.21562,-110.996086,2,"Mimidae","Toxostoma curvirostre",2017,2,6,"4fa7b334-ce0d-4e88-aaae-2e0c138d049e",NA,"2037031154",NA
32.21562,-110.996086,1,"Regulidae","Regulus calendula",2017,2,6,"4fa7b334-ce0d-4e88-aaae-2e0c138d049e",NA,"2038620528",NA
32.21562,-110.996086,1,"Cuculidae","Geococcyx californianus",2017,2,6,"4fa7b334-ce0d-4e88-aaae-2e0c138d049e",NA,"2038618687",NA
32.21562,-110.996086,2,"Trochilidae","Calypte costae",2017,2,6,"4fa7b334-ce0d-4e88-aaae-2e0c138d049e",NA,"2043117180",NA
32.21562,-110.996086,NA,"Fringillidae","Spinus psaltria",2017,2,6,"4fa7b334-ce0d-4e88-aaae-2e0c138d049e",NA,"2031293007",NA
32.21562,-110.996086,2,"Trochilidae","Cynanthus latirostris",2017,2,6,"4fa7b334-ce0d-4e88-aaae-2e0c138d049e",NA,"2043115065",NA
32.21562,-110.996086,2,"Emberizidae","Melozone aberti",2017,2,6,"4fa7b334-ce0d-4e88-aaae-2e0c138d049e",NA,"2043112871",NA
32.21562,-110.996086,2,"Cardinalidae","Cardinalis cardinalis",2017,2,6,"4fa7b334-ce0d-4e88-aaae-2e0c138d049e",NA,"2031290742",NA
32.21562,-110.996086,1,"Mimidae","Mimus polyglottos",2017,2,6,"4fa7b334-ce0d-4e88-aaae-2e0c138d049e",NA,"2037032774",NA
32.21562,-110.996086,1,"Accipitridae","Accipiter cooperii",2017,2,6,"4fa7b334-ce0d-4e88-aaae-2e0c138d049e",NA,"2043124996",NA
32.218857,-110.99503,3,"Fringillidae","Haemorhous mexicanus",2017,3,13,"4fa7b334-ce0d-4e88-aaae-2e0c138d049e",NA,"2047405648",NA
32.218857,-110.99503,2,"Columbidae","Columba livia",2017,3,13,"4fa7b334-ce0d-4e88-aaae-2e0c138d049e",NA,"2047405938",NA
32.218857,-110.99503,9,"Odontophoridae","Callipepla gambelii",2017,3,13,"4fa7b334-ce0d-4e88-aaae-2e0c138d049e",NA,"2037378787",NA
32.218857,-110.99503,2,"Picidae","Melanerpes uropygialis",2017,3,13,"4fa7b334-ce0d-4e88-aaae-2e0c138d049e",NA,"2037388327",NA
32.218857,-110.99503,7,"Columbidae","Zenaida macroura",2017,3,13,"4fa7b334-ce0d-4e88-aaae-2e0c138d049e",NA,"2052516843",NA
32.218857,-110.99503,1,"Mimidae","Toxostoma curvirostre",2017,3,13,"4fa7b334-ce0d-4e88-aaae-2e0c138d049e",NA,"2037377168",NA
32.218857,-110.99503,2,"Troglodytidae","Campylorhynchus brunneicapillus",2017,3,13,"4fa7b334-ce0d-4e88-aaae-2e0c138d049e",NA,"2052565995",NA
32.218857,-110.99503,1,"Remizidae","Auriparus flaviceps",2017,3,13,"4fa7b334-ce0d-4e88-aaae-2e0c138d049e",NA,"2047405749",NA
32.22096,-110.996121,NA,"Columbidae","Zenaida macroura",2017,11,26,"50c9509d-22c7-4a22-a47d-8c48425ef4a7","iNaturalist research-grade observations","1703211377",NA
32.218953,-110.994731,NA,"Ptilogonatidae","Phainopepla nitens",2017,11,26,"50c9509d-22c7-4a22-a47d-8c48425ef4a7","iNaturalist research-grade observations","1703213721",NA
32.218198,-110.994687,NA,"Trochilidae","Cynanthus latirostris",2017,11,26,"50c9509d-22c7-4a22-a47d-8c48425ef4a7","iNaturalist research-grade observations","1703213720",NA
