"decimalLatitude","decimalLongitude","individualCount","family","species","year","month","day","datasetKey","datasetName","gbifID"
32.272112,-111.035561,NA,"Strigidae","Bubo virginianus",2021,4,26,"50c9509d-22c7-4a22-a47d-8c48425ef4a7","iNaturalist research-grade observations","3109354303"
32.26993,-111.035561,NA,"Tyrannidae","Sayornis saya",2021,4,28,"50c9509d-22c7-4a22-a47d-8c48425ef4a7","iNaturalist research-grade observations","3109380469"
32.269242,-111.033492,NA,"Troglodytidae","Campylorhynchus brunneicapillus",2021,4,30,"50c9509d-22c7-4a22-a47d-8c48425ef4a7","iNaturalist research-grade observations","3112531850"
32.275847,-111.032823,NA,"Parulidae","Leiothlypis celata",2020,10,4,"50c9509d-22c7-4a22-a47d-8c48425ef4a7","iNaturalist research-grade observations","2883094339"
32.27262,-111.02864,NA,"Rallidae","Fulica americana",2019,11,25,"50c9509d-22c7-4a22-a47d-8c48425ef4a7","iNaturalist research-grade observations","2465149086"
32.27262,-111.02864,NA,"Parulidae","Setophaga coronata",2019,11,25,"50c9509d-22c7-4a22-a47d-8c48425ef4a7","iNaturalist research-grade observations","2465195547"
32.272832,-111.028315,NA,"Tyrannidae","Sayornis nigricans",2019,11,25,"50c9509d-22c7-4a22-a47d-8c48425ef4a7","iNaturalist research-grade observations","2465315845"
32.272858,-111.02829,NA,"Podicipedidae","Podilymbus podiceps",2019,11,25,"50c9509d-22c7-4a22-a47d-8c48425ef4a7","iNaturalist research-grade observations","2465275483"
32.270917,-111.034808,NA,"Accipitridae","Buteo jamaicensis",2018,1,18,"50c9509d-22c7-4a22-a47d-8c48425ef4a7","iNaturalist research-grade observations","1805417153"
32.273676,-111.032858,NA,"Accipitridae","Buteo jamaicensis",2018,1,24,"50c9509d-22c7-4a22-a47d-8c48425ef4a7","iNaturalist research-grade observations","1806357911"
32.272807,-111.027622,NA,"Fringillidae","Haemorhous mexicanus",2018,1,30,"50c9509d-22c7-4a22-a47d-8c48425ef4a7","iNaturalist research-grade observations","1807289615"
32.278293,-111.032993,NA,"Fringillidae","Haemorhous mexicanus",2018,2,18,"50c9509d-22c7-4a22-a47d-8c48425ef4a7","iNaturalist research-grade observations","1831210557"
32.275977,-111.030763,NA,"Columbidae","Streptopelia decaocto",2018,3,5,"50c9509d-22c7-4a22-a47d-8c48425ef4a7","iNaturalist research-grade observations","1836585238"
32.271595,-111.034072,NA,"Ptilogonatidae","Phainopepla nitens",2018,3,6,"50c9509d-22c7-4a22-a47d-8c48425ef4a7","iNaturalist research-grade observations","3109230332"
32.275364,-111.031713,NA,"Columbidae","Zenaida asiatica",2018,5,3,"50c9509d-22c7-4a22-a47d-8c48425ef4a7","iNaturalist research-grade observations","1847537612"
32.273514,-111.036563,NA,"Columbidae","Zenaida asiatica",2018,5,3,"50c9509d-22c7-4a22-a47d-8c48425ef4a7","iNaturalist research-grade observations","1978464296"
32.26895,-111.033134,NA,"Columbidae","Zenaida macroura",2018,6,1,"50c9509d-22c7-4a22-a47d-8c48425ef4a7","iNaturalist research-grade observations","1848790429"
32.275703,-111.035195,NA,"Columbidae","Zenaida asiatica",2017,6,7,"50c9509d-22c7-4a22-a47d-8c48425ef4a7","iNaturalist research-grade observations","1571107268"
32.274746,-111.037373,NA,"Columbidae","Zenaida asiatica",2017,6,7,"50c9509d-22c7-4a22-a47d-8c48425ef4a7","iNaturalist research-grade observations","1571107306"
32.275043,-111.034669,NA,"Columbidae","Zenaida asiatica",2017,7,18,"50c9509d-22c7-4a22-a47d-8c48425ef4a7","iNaturalist research-grade observations","1580512562"
32.272826,-111.033849,NA,"Columbidae","Zenaida asiatica",2017,7,18,"50c9509d-22c7-4a22-a47d-8c48425ef4a7","iNaturalist research-grade observations","1580512583"
32.275709,-111.034614,NA,"Picidae","Melanerpes uropygialis",2017,9,26,"50c9509d-22c7-4a22-a47d-8c48425ef4a7","iNaturalist research-grade observations","1668866281"
32.268994,-111.033804,NA,"Tyrannidae","Pyrocephalus rubinus",2017,10,16,"50c9509d-22c7-4a22-a47d-8c48425ef4a7","iNaturalist research-grade observations","1677314085"
32.275029,-111.037397,NA,"Falconidae","Falco sparverius",2017,11,3,"50c9509d-22c7-4a22-a47d-8c48425ef4a7","iNaturalist research-grade observations","1702470261"
32.272975,-111.027838,NA,"Falconidae","Falco sparverius",2017,11,18,"50c9509d-22c7-4a22-a47d-8c48425ef4a7","iNaturalist research-grade observations","1703183639"
32.274986,-111.029598,NA,"Columbidae","Zenaida macroura",2017,12,9,"50c9509d-22c7-4a22-a47d-8c48425ef4a7","iNaturalist research-grade observations","1802683440"
32.276341,-111.03128,NA,"Fringillidae","Haemorhous mexicanus",2017,12,29,"50c9509d-22c7-4a22-a47d-8c48425ef4a7","iNaturalist research-grade observations","1802759173"
