"decimalLatitude","decimalLongitude","individualCount","family","species","year","month","day","datasetKey","gbifID"
32.244225,-110.87553,1,"Falconidae","Falco sparverius",2021,1,1,"4fa7b334-ce0d-4e88-aaae-2e0c138d049e","3617358957"
32.244225,-110.87553,30,"Columbidae","Columba livia",2021,1,1,"4fa7b334-ce0d-4e88-aaae-2e0c138d049e","3617841993"
32.244225,-110.87553,1,"Accipitridae","Accipiter cooperii",2021,1,1,"4fa7b334-ce0d-4e88-aaae-2e0c138d049e","3619885926"
32.244225,-110.87553,1,"Falconidae","Falco sparverius",2021,1,1,"4fa7b334-ce0d-4e88-aaae-2e0c138d049e","3618940928"
32.244225,-110.87553,30,"Columbidae","Columba livia",2021,1,1,"4fa7b334-ce0d-4e88-aaae-2e0c138d049e","3619998916"
32.244225,-110.87553,1,"Accipitridae","Accipiter cooperii",2021,1,1,"4fa7b334-ce0d-4e88-aaae-2e0c138d049e","3627869014"
32.24686,-110.87981,1,"Tyrannidae","Pyrocephalus rubinus",2017,1,1,"4fa7b334-ce0d-4e88-aaae-2e0c138d049e","2029614210"
32.24686,-110.87981,5,"Passeridae","Passer domesticus",2017,1,1,"4fa7b334-ce0d-4e88-aaae-2e0c138d049e","2029615508"
32.24686,-110.87981,1,"Accipitridae","Accipiter cooperii",2017,1,1,"4fa7b334-ce0d-4e88-aaae-2e0c138d049e","2031874861"
32.24686,-110.87981,25,"Columbidae","Columba livia",2017,1,1,"4fa7b334-ce0d-4e88-aaae-2e0c138d049e","2029613806"
32.24686,-110.87981,1,"Corvidae","Corvus corax",2017,1,1,"4fa7b334-ce0d-4e88-aaae-2e0c138d049e","2031876227"
32.24686,-110.87981,2,"Picidae","Melanerpes uropygialis",2017,1,1,"4fa7b334-ce0d-4e88-aaae-2e0c138d049e","2029614507"
32.24686,-110.87981,1,"Mimidae","Mimus polyglottos",2017,1,1,"4fa7b334-ce0d-4e88-aaae-2e0c138d049e","2031875355"
32.24686,-110.87981,5,"Fringillidae","Haemorhous mexicanus",2017,1,1,"4fa7b334-ce0d-4e88-aaae-2e0c138d049e","2036015650"
