"decimalLatitude","decimalLongitude","individualCount","family","species","year","month","day","datasetKey","gbifID"
32.19033,-110.84135,2,"Corvidae","Corvus corax",2021,1,1,"4fa7b334-ce0d-4e88-aaae-2e0c138d049e","3504224885"
32.19033,-110.84135,2,"Corvidae","Corvus corax",2021,1,1,"4fa7b334-ce0d-4e88-aaae-2e0c138d049e","3504431823"
32.19076,-110.8464,1,"Remizidae","Auriparus flaviceps",2021,5,21,"4fa7b334-ce0d-4e88-aaae-2e0c138d049e","3602950232"
32.19076,-110.8464,1,"Fringillidae","Spinus psaltria",2021,5,21,"4fa7b334-ce0d-4e88-aaae-2e0c138d049e","3601451472"
32.19076,-110.8464,1,"Columbidae","Zenaida macroura",2021,5,21,"4fa7b334-ce0d-4e88-aaae-2e0c138d049e","3615684574"
32.19076,-110.8464,1,"Passeridae","Passer domesticus",2021,5,21,"4fa7b334-ce0d-4e88-aaae-2e0c138d049e","3609352921"
32.19076,-110.8464,1,"Tyrannidae","Pyrocephalus rubinus",2021,5,21,"4fa7b334-ce0d-4e88-aaae-2e0c138d049e","3606814290"
