"decimalLatitude","decimalLongitude","individualCount","family","species","year","month","day","datasetKey","datasetName","gbifID"
32.255917,-110.934586,1,"Accipitridae","Accipiter cooperii",2021,1,1,"4fa7b334-ce0d-4e88-aaae-2e0c138d049e",NA,"3594011445"
32.255917,-110.934586,4,"Picidae","Melanerpes uropygialis",2021,1,1,"4fa7b334-ce0d-4e88-aaae-2e0c138d049e",NA,"3592535596"
32.255917,-110.934586,8,"Fringillidae","Spinus psaltria",2021,1,1,"4fa7b334-ce0d-4e88-aaae-2e0c138d049e",NA,"3590723731"
32.255917,-110.934586,11,"Columbidae","Zenaida macroura",2021,1,1,"4fa7b334-ce0d-4e88-aaae-2e0c138d049e",NA,"3636509401"
32.255917,-110.934586,1,"Mimidae","Toxostoma curvirostre",2021,1,1,"4fa7b334-ce0d-4e88-aaae-2e0c138d049e",NA,"3632988473"
32.255917,-110.934586,2,"Trochilidae","Cynanthus latirostris",2021,1,1,"4fa7b334-ce0d-4e88-aaae-2e0c138d049e",NA,"3648486536"
32.255917,-110.934586,5,"Odontophoridae","Callipepla gambelii",2021,1,1,"4fa7b334-ce0d-4e88-aaae-2e0c138d049e",NA,"3625710620"
32.255917,-110.934586,4,"Remizidae","Auriparus flaviceps",2021,1,1,"4fa7b334-ce0d-4e88-aaae-2e0c138d049e",NA,"3616786789"
32.255917,-110.934586,7,"Passeridae","Passer domesticus",2021,1,1,"4fa7b334-ce0d-4e88-aaae-2e0c138d049e",NA,"3606881923"
32.255917,-110.934586,11,"Fringillidae","Haemorhous mexicanus",2021,1,1,"4fa7b334-ce0d-4e88-aaae-2e0c138d049e",NA,"3605469122"
32.255917,-110.934586,35,"Columbidae","Columba livia",2021,1,1,"4fa7b334-ce0d-4e88-aaae-2e0c138d049e",NA,"3598774295"
32.25761,-110.93492,1,"Accipitridae","Accipiter cooperii",2021,1,4,"4fa7b334-ce0d-4e88-aaae-2e0c138d049e",NA,"3509482855"
32.255695,-110.93419,1,"Tyrannidae","Pyrocephalus rubinus",2021,1,27,"4fa7b334-ce0d-4e88-aaae-2e0c138d049e",NA,"3554961829"
32.255695,-110.93419,3,"Picidae","Melanerpes uropygialis",2021,1,27,"4fa7b334-ce0d-4e88-aaae-2e0c138d049e",NA,"3551014624"
32.255695,-110.93419,8,"Passeridae","Passer domesticus",2021,1,27,"4fa7b334-ce0d-4e88-aaae-2e0c138d049e",NA,"3537111857"
32.255695,-110.93419,4,"Fringillidae","Haemorhous mexicanus",2021,1,27,"4fa7b334-ce0d-4e88-aaae-2e0c138d049e",NA,"3532705353"
32.255695,-110.93419,1,"Trochilidae","Calypte anna",2021,1,27,"4fa7b334-ce0d-4e88-aaae-2e0c138d049e",NA,"3541938312"
32.255695,-110.93419,3,"Columbidae","Zenaida macroura",2021,1,27,"4fa7b334-ce0d-4e88-aaae-2e0c138d049e",NA,"3543039519"
32.255695,-110.93419,1,"Accipitridae","Accipiter striatus",2021,1,27,"4fa7b334-ce0d-4e88-aaae-2e0c138d049e",NA,"3554485826"
32.255695,-110.93419,1,"Columbidae","Zenaida asiatica",2021,1,27,"4fa7b334-ce0d-4e88-aaae-2e0c138d049e",NA,"3555134299"
32.255695,-110.93419,3,"Emberizidae","Melozone aberti",2021,1,27,"4fa7b334-ce0d-4e88-aaae-2e0c138d049e",NA,"3543255031"
32.255695,-110.93419,2,"Remizidae","Auriparus flaviceps",2021,1,27,"4fa7b334-ce0d-4e88-aaae-2e0c138d049e",NA,"3540049068"
32.255657,-110.93064,1,"Emberizidae","Melozone aberti",2021,2,14,"4fa7b334-ce0d-4e88-aaae-2e0c138d049e",NA,"3506902630"
32.255657,-110.93064,1,"Emberizidae","Zonotrichia leucophrys",2021,2,14,"4fa7b334-ce0d-4e88-aaae-2e0c138d049e",NA,"3506741449"
32.255657,-110.93064,1,"Columbidae","Zenaida asiatica",2021,2,14,"4fa7b334-ce0d-4e88-aaae-2e0c138d049e",NA,"3600024471"
32.255657,-110.93064,3,"Trochilidae","Calypte anna",2021,2,14,"4fa7b334-ce0d-4e88-aaae-2e0c138d049e",NA,"3599364527"
32.255657,-110.93064,1,"Picidae","Melanerpes uropygialis",2021,2,14,"4fa7b334-ce0d-4e88-aaae-2e0c138d049e",NA,"3596289323"
32.255657,-110.93064,2,"Emberizidae","Melozone aberti",2021,2,14,"4fa7b334-ce0d-4e88-aaae-2e0c138d049e",NA,"3602270410"
32.255657,-110.93064,1,"Trochilidae","Cynanthus latirostris",2021,2,14,"4fa7b334-ce0d-4e88-aaae-2e0c138d049e",NA,"3588436453"
32.255657,-110.93064,2,"Trochilidae","Calypte anna",2021,2,14,"4fa7b334-ce0d-4e88-aaae-2e0c138d049e",NA,"3587747854"
32.255657,-110.93064,1,"Columbidae","Columba livia",2021,2,14,"4fa7b334-ce0d-4e88-aaae-2e0c138d049e",NA,"3588721789"
32.255657,-110.93064,2,"Fringillidae","Spinus psaltria",2021,2,14,"4fa7b334-ce0d-4e88-aaae-2e0c138d049e",NA,"3589057985"
32.255657,-110.93064,7,"Passeridae","Passer domesticus",2021,2,14,"4fa7b334-ce0d-4e88-aaae-2e0c138d049e",NA,"3589029629"
32.255657,-110.93064,4,"Fringillidae","Haemorhous mexicanus",2021,2,14,"4fa7b334-ce0d-4e88-aaae-2e0c138d049e",NA,"3591722829"
32.255657,-110.93064,2,"Columbidae","Zenaida macroura",2021,2,14,"4fa7b334-ce0d-4e88-aaae-2e0c138d049e",NA,"3590397296"
32.255657,-110.93064,1,"Strigidae","Bubo virginianus",2021,2,14,"4fa7b334-ce0d-4e88-aaae-2e0c138d049e",NA,"3648198769"
32.255657,-110.93064,3,"Sturnidae","Sturnus vulgaris",2021,2,15,"4fa7b334-ce0d-4e88-aaae-2e0c138d049e",NA,"3597169977"
32.255657,-110.93064,6,"Picidae","Melanerpes uropygialis",2021,2,15,"4fa7b334-ce0d-4e88-aaae-2e0c138d049e",NA,"3599238282"
32.255657,-110.93064,4,"Fringillidae","Haemorhous mexicanus",2021,2,15,"4fa7b334-ce0d-4e88-aaae-2e0c138d049e",NA,"3601052217"
32.255657,-110.93064,3,"Fringillidae","Spinus psaltria",2021,2,15,"4fa7b334-ce0d-4e88-aaae-2e0c138d049e",NA,"3600334109"
32.255657,-110.93064,3,"Columbidae","Zenaida macroura",2021,2,15,"4fa7b334-ce0d-4e88-aaae-2e0c138d049e",NA,"3610807125"
32.255657,-110.93064,1,"Picidae","Dryobates scalaris",2021,2,15,"4fa7b334-ce0d-4e88-aaae-2e0c138d049e",NA,"3588882366"
32.255657,-110.93064,5,"Passeridae","Passer domesticus",2021,2,15,"4fa7b334-ce0d-4e88-aaae-2e0c138d049e",NA,"3590504417"
32.255657,-110.93064,4,"Accipitridae","Accipiter cooperii",2021,2,15,"4fa7b334-ce0d-4e88-aaae-2e0c138d049e",NA,"3508902678"
32.255657,-110.93064,11,"Columbidae","Columba livia",2021,2,15,"4fa7b334-ce0d-4e88-aaae-2e0c138d049e",NA,"3510570899"
32.255695,-110.93419,1,"Tyrannidae","Pyrocephalus rubinus",2021,2,15,"4fa7b334-ce0d-4e88-aaae-2e0c138d049e",NA,"3593525672"
32.255695,-110.93419,2,"Trochilidae","Calypte anna",2021,2,15,"4fa7b334-ce0d-4e88-aaae-2e0c138d049e",NA,"3595089560"
32.255695,-110.93419,25,"Passeridae","Passer domesticus",2021,2,15,"4fa7b334-ce0d-4e88-aaae-2e0c138d049e",NA,"3672680629"
32.255695,-110.93419,5,"Emberizidae","Zonotrichia leucophrys",2021,2,15,"4fa7b334-ce0d-4e88-aaae-2e0c138d049e",NA,"3670825718"
32.255695,-110.93419,3,"Picidae","Melanerpes uropygialis",2021,2,15,"4fa7b334-ce0d-4e88-aaae-2e0c138d049e",NA,"3672276616"
32.255695,-110.93419,3,"Emberizidae","Melozone aberti",2021,2,15,"4fa7b334-ce0d-4e88-aaae-2e0c138d049e",NA,"3669311976"
32.255695,-110.93419,3,"Fringillidae","Haemorhous mexicanus",2021,2,15,"4fa7b334-ce0d-4e88-aaae-2e0c138d049e",NA,"3671509052"
32.255695,-110.93419,1,"Accipitridae","Accipiter cooperii",2021,2,15,"4fa7b334-ce0d-4e88-aaae-2e0c138d049e",NA,"3671384615"
32.255695,-110.93419,2,"Cardinalidae","Cardinalis cardinalis",2021,2,15,"4fa7b334-ce0d-4e88-aaae-2e0c138d049e",NA,"3669587446"
32.255695,-110.93419,1,"Mimidae","Toxostoma curvirostre",2021,2,15,"4fa7b334-ce0d-4e88-aaae-2e0c138d049e",NA,"3593989081"
32.255695,-110.93419,7,"Columbidae","Zenaida macroura",2021,2,15,"4fa7b334-ce0d-4e88-aaae-2e0c138d049e",NA,"3595087526"
32.25043,-110.93498,1,"Caprimulgidae","Chordeiles acutipennis",2021,4,3,"4fa7b334-ce0d-4e88-aaae-2e0c138d049e",NA,"3591046081"
32.255695,-110.93419,2,"Mimidae","Mimus polyglottos",2021,5,3,"4fa7b334-ce0d-4e88-aaae-2e0c138d049e",NA,"3627303641"
32.255695,-110.93419,3,"Columbidae","Zenaida macroura",2021,5,3,"4fa7b334-ce0d-4e88-aaae-2e0c138d049e",NA,"3627898845"
32.255695,-110.93419,7,"Passeridae","Passer domesticus",2021,5,3,"4fa7b334-ce0d-4e88-aaae-2e0c138d049e",NA,"3527146248"
32.255695,-110.93419,2,"Trochilidae","Calypte anna",2021,5,3,"4fa7b334-ce0d-4e88-aaae-2e0c138d049e",NA,"3676909591"
32.255695,-110.93419,2,"Remizidae","Auriparus flaviceps",2021,5,3,"4fa7b334-ce0d-4e88-aaae-2e0c138d049e",NA,"3683972647"
32.255695,-110.93419,3,"Columbidae","Columba livia",2021,5,3,"4fa7b334-ce0d-4e88-aaae-2e0c138d049e",NA,"3686221804"
32.255695,-110.93419,3,"Fringillidae","Haemorhous mexicanus",2021,5,3,"4fa7b334-ce0d-4e88-aaae-2e0c138d049e",NA,"3688041876"
32.255695,-110.93419,8,"Columbidae","Zenaida asiatica",2021,5,3,"4fa7b334-ce0d-4e88-aaae-2e0c138d049e",NA,"3690227177"
32.255695,-110.93419,1,"Cardinalidae","Cardinalis cardinalis",2021,5,3,"4fa7b334-ce0d-4e88-aaae-2e0c138d049e",NA,"3689632910"
32.255695,-110.93419,2,"Picidae","Melanerpes uropygialis",2021,5,3,"4fa7b334-ce0d-4e88-aaae-2e0c138d049e",NA,"3685968533"
32.255695,-110.93419,1,"Mimidae","Toxostoma curvirostre",2021,5,3,"4fa7b334-ce0d-4e88-aaae-2e0c138d049e",NA,"3686446433"
32.256218,-110.93312,1,"Mimidae","Mimus polyglottos",2021,7,21,"4fa7b334-ce0d-4e88-aaae-2e0c138d049e",NA,"3692804156"
32.256218,-110.93312,1,"Accipitridae","Accipiter cooperii",2021,7,21,"4fa7b334-ce0d-4e88-aaae-2e0c138d049e",NA,"3692948252"
32.25533,-110.93026,1,"Columbidae","Zenaida macroura",2021,12,14,"4fa7b334-ce0d-4e88-aaae-2e0c138d049e",NA,"3667936770"
32.25533,-110.93026,1,"Fringillidae","Haemorhous mexicanus",2021,12,14,"4fa7b334-ce0d-4e88-aaae-2e0c138d049e",NA,"3668375886"
32.255695,-110.93419,1,"Mimidae","Toxostoma curvirostre",2020,2,16,"4fa7b334-ce0d-4e88-aaae-2e0c138d049e",NA,"3223988020"
32.255695,-110.93419,2,"Accipitridae","Buteo jamaicensis",2020,2,16,"4fa7b334-ce0d-4e88-aaae-2e0c138d049e",NA,"3229274051"
32.255695,-110.93419,3,"Picidae","Melanerpes uropygialis",2020,2,16,"4fa7b334-ce0d-4e88-aaae-2e0c138d049e",NA,"3234275982"
32.255695,-110.93419,1,"Cardinalidae","Cardinalis cardinalis",2020,2,16,"4fa7b334-ce0d-4e88-aaae-2e0c138d049e",NA,"3247443955"
32.255695,-110.93419,2,"Emberizidae","Zonotrichia leucophrys",2020,2,16,"4fa7b334-ce0d-4e88-aaae-2e0c138d049e",NA,"3229107926"
32.255695,-110.93419,1,"Tyrannidae","Pyrocephalus rubinus",2020,2,16,"4fa7b334-ce0d-4e88-aaae-2e0c138d049e",NA,"3228367954"
32.255695,-110.93419,3,"Columbidae","Zenaida asiatica",2020,2,16,"4fa7b334-ce0d-4e88-aaae-2e0c138d049e",NA,"3232321890"
32.255695,-110.93419,3,"Emberizidae","Melozone aberti",2020,2,16,"4fa7b334-ce0d-4e88-aaae-2e0c138d049e",NA,"3231800021"
32.255695,-110.93419,4,"Fringillidae","Haemorhous mexicanus",2020,2,16,"4fa7b334-ce0d-4e88-aaae-2e0c138d049e",NA,"3239764981"
32.255695,-110.93419,5,"Columbidae","Zenaida macroura",2020,2,16,"4fa7b334-ce0d-4e88-aaae-2e0c138d049e",NA,"3233702033"
32.255695,-110.93419,2,"Trochilidae","Calypte anna",2020,2,16,"4fa7b334-ce0d-4e88-aaae-2e0c138d049e",NA,"3232075086"
32.255695,-110.93419,1,"Mimidae","Mimus polyglottos",2020,2,16,"4fa7b334-ce0d-4e88-aaae-2e0c138d049e",NA,"3233999090"
32.255695,-110.93419,22,"Passeridae","Passer domesticus",2020,2,16,"4fa7b334-ce0d-4e88-aaae-2e0c138d049e",NA,"3245988112"
32.253746,-110.93045,1,"Parulidae","Leiothlypis luciae",2020,3,20,"4fa7b334-ce0d-4e88-aaae-2e0c138d049e",NA,"3151827083"
32.253746,-110.93045,1,"Parulidae","Leiothlypis luciae",2020,3,20,"4fa7b334-ce0d-4e88-aaae-2e0c138d049e",NA,"3152282605"
32.256115,-110.93463,4,"Picidae","Melanerpes uropygialis",2020,3,26,"4fa7b334-ce0d-4e88-aaae-2e0c138d049e",NA,"3141509260"
32.256115,-110.93463,1,"Tyrannidae","Pyrocephalus rubinus",2020,3,26,"4fa7b334-ce0d-4e88-aaae-2e0c138d049e",NA,"3150470136"
32.256115,-110.93463,2,"Emberizidae","Melozone aberti",2020,3,26,"4fa7b334-ce0d-4e88-aaae-2e0c138d049e",NA,"3142354253"
32.256115,-110.93463,1,"Parulidae","Leiothlypis luciae",2020,3,26,"4fa7b334-ce0d-4e88-aaae-2e0c138d049e",NA,"3141655303"
32.256115,-110.93463,3,"Mimidae","Mimus polyglottos",2020,3,26,"4fa7b334-ce0d-4e88-aaae-2e0c138d049e",NA,"3141676444"
32.256115,-110.93463,5,"Fringillidae","Haemorhous mexicanus",2020,3,26,"4fa7b334-ce0d-4e88-aaae-2e0c138d049e",NA,"3143232471"
32.256115,-110.93463,2,"Trochilidae","Calypte anna",2020,3,26,"4fa7b334-ce0d-4e88-aaae-2e0c138d049e",NA,"3154527362"
32.256115,-110.93463,4,"Columbidae","Zenaida asiatica",2020,3,26,"4fa7b334-ce0d-4e88-aaae-2e0c138d049e",NA,"3154669412"
32.256115,-110.93463,15,"Passeridae","Passer domesticus",2020,3,26,"4fa7b334-ce0d-4e88-aaae-2e0c138d049e",NA,"3152933098"
32.256115,-110.93463,10,"Fringillidae","Spinus psaltria",2020,3,26,"4fa7b334-ce0d-4e88-aaae-2e0c138d049e",NA,"3154146160"
32.256115,-110.93463,6,"Columbidae","Zenaida macroura",2020,3,26,"4fa7b334-ce0d-4e88-aaae-2e0c138d049e",NA,"3141348335"
32.256115,-110.93463,1,"Parulidae","Leiothlypis luciae",2020,3,14,"4fa7b334-ce0d-4e88-aaae-2e0c138d049e",NA,"3229047358"
32.256115,-110.93463,1,"Icteridae","Icterus cucullatus",2020,3,22,"4fa7b334-ce0d-4e88-aaae-2e0c138d049e",NA,"3156672245"
32.255917,-110.934586,1,"Parulidae","Setophaga nigrescens",2020,3,31,"4fa7b334-ce0d-4e88-aaae-2e0c138d049e",NA,"3261571692"
32.256115,-110.93463,2,"Parulidae","Leiothlypis luciae",2020,4,2,"4fa7b334-ce0d-4e88-aaae-2e0c138d049e",NA,"3228756296"
32.256115,-110.93463,1,"Parulidae","Setophaga nigrescens",2020,4,2,"4fa7b334-ce0d-4e88-aaae-2e0c138d049e",NA,"3264220289"
32.256115,-110.93463,4,"Trochilidae","Calypte anna",2020,4,2,"4fa7b334-ce0d-4e88-aaae-2e0c138d049e",NA,"3224313231"
32.256115,-110.93463,4,"Picidae","Melanerpes uropygialis",2020,4,2,"4fa7b334-ce0d-4e88-aaae-2e0c138d049e",NA,"3227073202"
32.256115,-110.93463,2,"Emberizidae","Melozone aberti",2020,4,2,"4fa7b334-ce0d-4e88-aaae-2e0c138d049e",NA,"3234940101"
32.256115,-110.93463,1,"Accipitridae","Parabuteo unicinctus",2020,4,2,"4fa7b334-ce0d-4e88-aaae-2e0c138d049e",NA,"3223634048"
32.256115,-110.93463,6,"Passeridae","Passer domesticus",2020,4,2,"4fa7b334-ce0d-4e88-aaae-2e0c138d049e",NA,"3296897362"
32.256115,-110.93463,6,"Columbidae","Columba livia",2020,4,2,"4fa7b334-ce0d-4e88-aaae-2e0c138d049e",NA,"3232291071"
32.256115,-110.93463,1,"Tyrannidae","Pyrocephalus rubinus",2020,4,2,"4fa7b334-ce0d-4e88-aaae-2e0c138d049e",NA,"3219349131"
32.256115,-110.93463,1,"Regulidae","Regulus calendula",2020,4,2,"4fa7b334-ce0d-4e88-aaae-2e0c138d049e",NA,"3299220590"
32.256115,-110.93463,3,"Columbidae","Zenaida asiatica",2020,4,2,"4fa7b334-ce0d-4e88-aaae-2e0c138d049e",NA,"3221489219"
32.256115,-110.93463,2,"Parulidae","Leiothlypis luciae",2020,4,2,"4fa7b334-ce0d-4e88-aaae-2e0c138d049e",NA,"3226012173"
32.256115,-110.93463,4,"Columbidae","Zenaida macroura",2020,4,2,"4fa7b334-ce0d-4e88-aaae-2e0c138d049e",NA,"3222320187"
32.256115,-110.93463,1,"Accipitridae","Buteo jamaicensis",2020,4,2,"4fa7b334-ce0d-4e88-aaae-2e0c138d049e",NA,"3225090303"
32.256115,-110.93463,1,"Icteridae","Quiscalus mexicanus",2020,4,2,"4fa7b334-ce0d-4e88-aaae-2e0c138d049e",NA,"3222022259"
32.256115,-110.93463,5,"Fringillidae","Spinus psaltria",2020,4,2,"4fa7b334-ce0d-4e88-aaae-2e0c138d049e",NA,"3229130240"
32.256115,-110.93463,6,"Remizidae","Auriparus flaviceps",2020,4,2,"4fa7b334-ce0d-4e88-aaae-2e0c138d049e",NA,"3230138142"
32.256115,-110.93463,5,"Mimidae","Mimus polyglottos",2020,4,2,"4fa7b334-ce0d-4e88-aaae-2e0c138d049e",NA,"3228279118"
32.256115,-110.93463,7,"Fringillidae","Haemorhous mexicanus",2020,4,2,"4fa7b334-ce0d-4e88-aaae-2e0c138d049e",NA,"3226300206"
32.256115,-110.93463,2,"Accipitridae","Accipiter cooperii",2020,4,2,"4fa7b334-ce0d-4e88-aaae-2e0c138d049e",NA,"3224403296"
32.2552,-110.931526,4,"Passeridae","Passer domesticus",2020,4,2,"4fa7b334-ce0d-4e88-aaae-2e0c138d049e",NA,"3159935974"
32.2552,-110.931526,1,"Picidae","Dryobates scalaris",2020,4,2,"4fa7b334-ce0d-4e88-aaae-2e0c138d049e",NA,"3141580934"
32.2552,-110.931526,1,"Parulidae","Leiothlypis luciae",2020,4,2,"4fa7b334-ce0d-4e88-aaae-2e0c138d049e",NA,"3141862875"
32.2552,-110.931526,1,"Parulidae","Setophaga coronata",2020,4,2,"4fa7b334-ce0d-4e88-aaae-2e0c138d049e",NA,"3140535871"
32.2552,-110.931526,1,"Corvidae","Corvus corax",2020,4,2,"4fa7b334-ce0d-4e88-aaae-2e0c138d049e",NA,"3142622816"
32.2552,-110.931526,1,"Columbidae","Columba livia",2020,4,2,"4fa7b334-ce0d-4e88-aaae-2e0c138d049e",NA,"3146591003"
32.2552,-110.931526,1,"Ptilogonatidae","Phainopepla nitens",2020,4,2,"4fa7b334-ce0d-4e88-aaae-2e0c138d049e",NA,"3141631923"
32.2552,-110.931526,2,"Fringillidae","Spinus psaltria",2020,4,2,"4fa7b334-ce0d-4e88-aaae-2e0c138d049e",NA,"3150987868"
32.2552,-110.931526,1,"Picidae","Melanerpes uropygialis",2020,4,2,"4fa7b334-ce0d-4e88-aaae-2e0c138d049e",NA,"3143366757"
32.2552,-110.931526,1,"Mimidae","Toxostoma curvirostre",2020,4,2,"4fa7b334-ce0d-4e88-aaae-2e0c138d049e",NA,"3144385829"
32.2552,-110.931526,2,"Columbidae","Streptopelia decaocto",2020,4,2,"4fa7b334-ce0d-4e88-aaae-2e0c138d049e",NA,"3157564028"
32.2552,-110.931526,1,"Fringillidae","Haemorhous mexicanus",2020,4,2,"4fa7b334-ce0d-4e88-aaae-2e0c138d049e",NA,"3162293071"
32.2552,-110.931526,1,"Remizidae","Auriparus flaviceps",2020,4,2,"4fa7b334-ce0d-4e88-aaae-2e0c138d049e",NA,"3162353916"
32.2552,-110.931526,1,"Columbidae","Zenaida asiatica",2020,4,2,"4fa7b334-ce0d-4e88-aaae-2e0c138d049e",NA,"3146982787"
32.2552,-110.931526,1,"Mimidae","Mimus polyglottos",2020,4,2,"4fa7b334-ce0d-4e88-aaae-2e0c138d049e",NA,"3156459792"
32.2552,-110.931526,1,"Columbidae","Zenaida macroura",2020,4,2,"4fa7b334-ce0d-4e88-aaae-2e0c138d049e",NA,"3158657909"
32.2552,-110.931526,1,"Accipitridae","Buteo jamaicensis",2020,4,2,"4fa7b334-ce0d-4e88-aaae-2e0c138d049e",NA,"3141029909"
32.2552,-110.931526,1,"Emberizidae","Melozone aberti",2020,4,2,"4fa7b334-ce0d-4e88-aaae-2e0c138d049e",NA,"3151634833"
32.255657,-110.93064,1,"Emberizidae","Peucaea carpalis",2020,9,20,"4fa7b334-ce0d-4e88-aaae-2e0c138d049e",NA,"3182803686"
32.255657,-110.93064,2,"Trochilidae","Calypte anna",2020,9,20,"4fa7b334-ce0d-4e88-aaae-2e0c138d049e",NA,"3179536336"
32.255657,-110.93064,5,"Fringillidae","Spinus psaltria",2020,9,20,"4fa7b334-ce0d-4e88-aaae-2e0c138d049e",NA,"3184658339"
32.255657,-110.93064,5,"Emberizidae","Spizella passerina",2020,9,20,"4fa7b334-ce0d-4e88-aaae-2e0c138d049e",NA,"3179413335"
32.255657,-110.93064,3,"Remizidae","Auriparus flaviceps",2020,9,20,"4fa7b334-ce0d-4e88-aaae-2e0c138d049e",NA,"3205693322"
32.255657,-110.93064,1,"Parulidae","Setophaga petechia",2020,9,20,"4fa7b334-ce0d-4e88-aaae-2e0c138d049e",NA,"3182134337"
32.255657,-110.93064,NA,"Columbidae","Zenaida macroura",2020,9,20,"4fa7b334-ce0d-4e88-aaae-2e0c138d049e",NA,"3181583363"
32.255657,-110.93064,1,"Emberizidae","Junco hyemalis",2020,10,23,"4fa7b334-ce0d-4e88-aaae-2e0c138d049e",NA,"3268281280"
32.255657,-110.93064,2,"Polioptilidae","Polioptila caerulea",2020,10,23,"4fa7b334-ce0d-4e88-aaae-2e0c138d049e",NA,"3264944310"
32.255695,-110.93419,4,"Emberizidae","Zonotrichia leucophrys",2020,11,14,"4fa7b334-ce0d-4e88-aaae-2e0c138d049e",NA,"3296193972"
32.255695,-110.93419,1,"Mimidae","Toxostoma curvirostre",2020,11,14,"4fa7b334-ce0d-4e88-aaae-2e0c138d049e",NA,"3293342083"
32.255695,-110.93419,3,"Emberizidae","Melozone aberti",2020,11,14,"4fa7b334-ce0d-4e88-aaae-2e0c138d049e",NA,"3298583827"
32.255695,-110.93419,2,"Cardinalidae","Cardinalis cardinalis",2020,11,14,"4fa7b334-ce0d-4e88-aaae-2e0c138d049e",NA,"3298751957"
32.255695,-110.93419,1,"Trochilidae","Calypte anna",2020,11,14,"4fa7b334-ce0d-4e88-aaae-2e0c138d049e",NA,"3206641756"
32.255695,-110.93419,5,"Columbidae","Columba livia",2020,11,14,"4fa7b334-ce0d-4e88-aaae-2e0c138d049e",NA,"3202859771"
32.255695,-110.93419,4,"Columbidae","Zenaida asiatica",2020,11,14,"4fa7b334-ce0d-4e88-aaae-2e0c138d049e",NA,"3207022727"
32.255695,-110.93419,5,"Fringillidae","Haemorhous mexicanus",2020,11,14,"4fa7b334-ce0d-4e88-aaae-2e0c138d049e",NA,"3204858888"
32.255695,-110.93419,2,"Remizidae","Auriparus flaviceps",2020,11,14,"4fa7b334-ce0d-4e88-aaae-2e0c138d049e",NA,"3207087041"
32.255695,-110.93419,3,"Picidae","Melanerpes uropygialis",2020,11,14,"4fa7b334-ce0d-4e88-aaae-2e0c138d049e",NA,"3210026880"
32.255695,-110.93419,1,"Strigidae","Bubo virginianus",2020,11,14,"4fa7b334-ce0d-4e88-aaae-2e0c138d049e",NA,"3199848642"
32.255917,-110.934586,10,"Passeridae","Passer domesticus",2020,12,31,"4fa7b334-ce0d-4e88-aaae-2e0c138d049e",NA,"3280040890"
32.255917,-110.934586,1,"Polioptilidae","Polioptila melanura",2020,12,31,"4fa7b334-ce0d-4e88-aaae-2e0c138d049e",NA,"3284722155"
32.255917,-110.934586,8,"Picidae","Melanerpes uropygialis",2020,12,31,"4fa7b334-ce0d-4e88-aaae-2e0c138d049e",NA,"3286976244"
32.255917,-110.934586,5,"Troglodytidae","Campylorhynchus brunneicapillus",2020,12,31,"4fa7b334-ce0d-4e88-aaae-2e0c138d049e",NA,"3294999479"
32.255917,-110.934586,1,"Accipitridae","Accipiter cooperii",2020,12,31,"4fa7b334-ce0d-4e88-aaae-2e0c138d049e",NA,"3279208300"
32.255917,-110.934586,4,"Remizidae","Auriparus flaviceps",2020,12,31,"4fa7b334-ce0d-4e88-aaae-2e0c138d049e",NA,"3280742112"
32.255917,-110.934586,1,"Accipitridae","Buteo jamaicensis",2020,12,31,"4fa7b334-ce0d-4e88-aaae-2e0c138d049e",NA,"3288270369"
32.255917,-110.934586,6,"Fringillidae","Spinus psaltria",2020,12,31,"4fa7b334-ce0d-4e88-aaae-2e0c138d049e",NA,"3295304288"
32.255917,-110.934586,3,"Mimidae","Toxostoma curvirostre",2020,12,31,"4fa7b334-ce0d-4e88-aaae-2e0c138d049e",NA,"3298348408"
32.255917,-110.934586,8,"Parulidae","Setophaga coronata",2020,12,31,"4fa7b334-ce0d-4e88-aaae-2e0c138d049e",NA,"3288535137"
32.255917,-110.934586,5,"Trochilidae","Calypte anna",2020,12,31,"4fa7b334-ce0d-4e88-aaae-2e0c138d049e",NA,"3287745034"
32.255917,-110.934586,3,"Trochilidae","Cynanthus latirostris",2020,12,31,"4fa7b334-ce0d-4e88-aaae-2e0c138d049e",NA,"3282598131"
32.255917,-110.934586,1,"Cuculidae","Geococcyx californianus",2020,12,31,"4fa7b334-ce0d-4e88-aaae-2e0c138d049e",NA,"3292082154"
32.255917,-110.934586,16,"Fringillidae","Haemorhous mexicanus",2020,12,31,"4fa7b334-ce0d-4e88-aaae-2e0c138d049e",NA,"3292740259"
32.255917,-110.934586,2,"Cardinalidae","Cardinalis cardinalis",2020,12,31,"4fa7b334-ce0d-4e88-aaae-2e0c138d049e",NA,"3294318207"
32.255917,-110.934586,3,"Sturnidae","Sturnus vulgaris",2020,12,31,"4fa7b334-ce0d-4e88-aaae-2e0c138d049e",NA,"3294439993"
32.255917,-110.934586,3,"Mimidae","Mimus polyglottos",2020,12,31,"4fa7b334-ce0d-4e88-aaae-2e0c138d049e",NA,"3289566283"
32.255917,-110.934586,20,"Columbidae","Zenaida macroura",2020,12,31,"4fa7b334-ce0d-4e88-aaae-2e0c138d049e",NA,"3293052364"
32.255917,-110.934586,1,"Emberizidae","Melozone aberti",2020,12,31,"4fa7b334-ce0d-4e88-aaae-2e0c138d049e",NA,"3297868365"
32.2552,-110.931526,6,"Passeridae","Passer domesticus",2019,3,1,"4fa7b334-ce0d-4e88-aaae-2e0c138d049e",NA,"2666790043"
32.2552,-110.931526,1,"Trochilidae","Calypte anna",2019,3,1,"4fa7b334-ce0d-4e88-aaae-2e0c138d049e",NA,"2658852084"
32.2552,-110.931526,1,"Columbidae","Columba livia",2019,3,1,"4fa7b334-ce0d-4e88-aaae-2e0c138d049e",NA,"2667646974"
32.2552,-110.931526,3,"Columbidae","Zenaida macroura",2019,3,1,"4fa7b334-ce0d-4e88-aaae-2e0c138d049e",NA,"2659766908"
32.2552,-110.931526,1,"Mimidae","Mimus polyglottos",2019,3,1,"4fa7b334-ce0d-4e88-aaae-2e0c138d049e",NA,"2672878856"
32.2552,-110.931526,1,"Picidae","Melanerpes uropygialis",2019,3,1,"4fa7b334-ce0d-4e88-aaae-2e0c138d049e",NA,"2675480947"
32.2552,-110.931526,1,"Falconidae","Falco columbarius",2019,3,1,"4fa7b334-ce0d-4e88-aaae-2e0c138d049e",NA,"2659799005"
32.2552,-110.931526,1,"Fringillidae","Haemorhous mexicanus",2019,3,1,"4fa7b334-ce0d-4e88-aaae-2e0c138d049e",NA,"2657139043"
32.2552,-110.931526,1,"Remizidae","Auriparus flaviceps",2019,3,1,"4fa7b334-ce0d-4e88-aaae-2e0c138d049e",NA,"2660006105"
32.2552,-110.931526,2,"Columbidae","Zenaida asiatica",2019,3,1,"4fa7b334-ce0d-4e88-aaae-2e0c138d049e",NA,"2670229032"
32.25547,-110.93168,3,"Columbidae","Zenaida asiatica",2019,5,22,"4fa7b334-ce0d-4e88-aaae-2e0c138d049e",NA,"2678116268"
32.25547,-110.93168,7,"Passeridae","Passer domesticus",2019,5,22,"4fa7b334-ce0d-4e88-aaae-2e0c138d049e",NA,"2691628191"
32.25547,-110.93168,2,"Parulidae","Leiothlypis luciae",2019,5,22,"4fa7b334-ce0d-4e88-aaae-2e0c138d049e",NA,"2679551307"
32.25547,-110.93168,2,"Mimidae","Mimus polyglottos",2019,5,22,"4fa7b334-ce0d-4e88-aaae-2e0c138d049e",NA,"2688602250"
32.25547,-110.93168,1,"Picidae","Melanerpes uropygialis",2019,5,22,"4fa7b334-ce0d-4e88-aaae-2e0c138d049e",NA,"2677919225"
32.25547,-110.93168,2,"Mimidae","Toxostoma curvirostre",2019,5,22,"4fa7b334-ce0d-4e88-aaae-2e0c138d049e",NA,"2679471960"
32.25547,-110.93168,1,"Columbidae","Zenaida macroura",2019,5,22,"4fa7b334-ce0d-4e88-aaae-2e0c138d049e",NA,"2676013284"
32.25547,-110.93168,1,"Fringillidae","Haemorhous mexicanus",2019,5,22,"4fa7b334-ce0d-4e88-aaae-2e0c138d049e",NA,"2691933207"
32.25547,-110.93168,1,"Columbidae","Streptopelia decaocto",2019,5,22,"4fa7b334-ce0d-4e88-aaae-2e0c138d049e",NA,"2677541203"
32.25547,-110.93168,3,"Remizidae","Auriparus flaviceps",2019,5,23,"4fa7b334-ce0d-4e88-aaae-2e0c138d049e",NA,"2677664538"
32.25547,-110.93168,5,"Columbidae","Zenaida asiatica",2019,5,23,"4fa7b334-ce0d-4e88-aaae-2e0c138d049e",NA,"2692870706"
32.25547,-110.93168,1,"Mimidae","Mimus polyglottos",2019,5,23,"4fa7b334-ce0d-4e88-aaae-2e0c138d049e",NA,"2679480767"
32.25547,-110.93168,1,"Picidae","Melanerpes uropygialis",2019,5,23,"4fa7b334-ce0d-4e88-aaae-2e0c138d049e",NA,"2678361755"
32.25547,-110.93168,1,"Fringillidae","Haemorhous mexicanus",2019,5,23,"4fa7b334-ce0d-4e88-aaae-2e0c138d049e",NA,"2696585932"
32.25547,-110.93168,2,"Columbidae","Zenaida macroura",2019,5,23,"4fa7b334-ce0d-4e88-aaae-2e0c138d049e",NA,"2694235875"
32.25547,-110.93168,20,"Passeridae","Passer domesticus",2019,5,23,"4fa7b334-ce0d-4e88-aaae-2e0c138d049e",NA,"2682988591"
32.25547,-110.93168,1,"Ptilogonatidae","Phainopepla nitens",2019,6,2,"4fa7b334-ce0d-4e88-aaae-2e0c138d049e",NA,"2696668515"
32.25547,-110.93168,3,"Fringillidae","Haemorhous mexicanus",2019,6,2,"4fa7b334-ce0d-4e88-aaae-2e0c138d049e",NA,"2689678545"
32.25547,-110.93168,2,"Columbidae","Zenaida macroura",2019,6,2,"4fa7b334-ce0d-4e88-aaae-2e0c138d049e",NA,"2680891439"
32.25547,-110.93168,1,"Mimidae","Mimus polyglottos",2019,6,2,"4fa7b334-ce0d-4e88-aaae-2e0c138d049e",NA,"2692263601"
32.25547,-110.93168,4,"Columbidae","Zenaida asiatica",2019,6,2,"4fa7b334-ce0d-4e88-aaae-2e0c138d049e",NA,"2689171444"
32.25547,-110.93168,7,"Passeridae","Passer domesticus",2019,6,2,"4fa7b334-ce0d-4e88-aaae-2e0c138d049e",NA,"2684067552"
32.25547,-110.93168,1,"Picidae","Melanerpes uropygialis",2019,6,2,"4fa7b334-ce0d-4e88-aaae-2e0c138d049e",NA,"2679816352"
32.25547,-110.93168,1,"Parulidae","Leiothlypis luciae",2019,6,2,"4fa7b334-ce0d-4e88-aaae-2e0c138d049e",NA,"2702019394"
32.25547,-110.93168,1,"Emberizidae","Melozone aberti",2019,6,2,"4fa7b334-ce0d-4e88-aaae-2e0c138d049e",NA,"2756457277"
32.25547,-110.93168,1,"Remizidae","Auriparus flaviceps",2019,6,2,"4fa7b334-ce0d-4e88-aaae-2e0c138d049e",NA,"2762571361"
32.256115,-110.93463,2,"Fringillidae","Spinus psaltria",2019,6,19,"4fa7b334-ce0d-4e88-aaae-2e0c138d049e",NA,"2686629366"
32.256115,-110.93463,2,"Remizidae","Auriparus flaviceps",2019,6,19,"4fa7b334-ce0d-4e88-aaae-2e0c138d049e",NA,"2696508337"
32.256115,-110.93463,2,"Fringillidae","Haemorhous mexicanus",2019,6,19,"4fa7b334-ce0d-4e88-aaae-2e0c138d049e",NA,"2683686537"
32.256115,-110.93463,2,"Trochilidae","Archilochus alexandri",2019,6,19,"4fa7b334-ce0d-4e88-aaae-2e0c138d049e",NA,"2695994386"
32.256115,-110.93463,2,"Parulidae","Leiothlypis luciae",2019,6,19,"4fa7b334-ce0d-4e88-aaae-2e0c138d049e",NA,"2685151201"
32.256115,-110.93463,2,"Columbidae","Zenaida asiatica",2019,6,19,"4fa7b334-ce0d-4e88-aaae-2e0c138d049e",NA,"2702777267"
32.256115,-110.93463,6,"Picidae","Melanerpes uropygialis",2019,6,19,"4fa7b334-ce0d-4e88-aaae-2e0c138d049e",NA,"2682790425"
32.256115,-110.93463,5,"Mimidae","Mimus polyglottos",2019,6,19,"4fa7b334-ce0d-4e88-aaae-2e0c138d049e",NA,"2686652427"
32.256115,-110.93463,2,"Emberizidae","Melozone aberti",2019,6,19,"4fa7b334-ce0d-4e88-aaae-2e0c138d049e",NA,"2695907586"
32.256115,-110.93463,1,"Trochilidae","Cynanthus latirostris",2019,7,18,"4fa7b334-ce0d-4e88-aaae-2e0c138d049e",NA,"2765993833"
32.256115,-110.93463,12,"Fringillidae","Haemorhous mexicanus",2019,7,18,"4fa7b334-ce0d-4e88-aaae-2e0c138d049e",NA,"2767728901"
32.256115,-110.93463,2,"Fringillidae","Spinus psaltria",2019,7,18,"4fa7b334-ce0d-4e88-aaae-2e0c138d049e",NA,"2768934940"
32.256115,-110.93463,1,"Accipitridae","Accipiter cooperii",2019,7,18,"4fa7b334-ce0d-4e88-aaae-2e0c138d049e",NA,"2764300098"
32.256115,-110.93463,2,"Parulidae","Leiothlypis luciae",2019,7,18,"4fa7b334-ce0d-4e88-aaae-2e0c138d049e",NA,"2770096988"
32.256115,-110.93463,3,"Columbidae","Streptopelia decaocto",2019,7,18,"4fa7b334-ce0d-4e88-aaae-2e0c138d049e",NA,"2767131664"
32.256115,-110.93463,25,"Passeridae","Passer domesticus",2019,7,18,"4fa7b334-ce0d-4e88-aaae-2e0c138d049e",NA,"2765094769"
32.256115,-110.93463,1,"Cardinalidae","Pheucticus melanocephalus",2019,7,18,"4fa7b334-ce0d-4e88-aaae-2e0c138d049e",NA,"2765380965"
32.256115,-110.93463,2,"Emberizidae","Melozone aberti",2019,7,18,"4fa7b334-ce0d-4e88-aaae-2e0c138d049e",NA,"2776077951"
32.256115,-110.93463,4,"Mimidae","Mimus polyglottos",2019,7,18,"4fa7b334-ce0d-4e88-aaae-2e0c138d049e",NA,"2774492947"
32.256115,-110.93463,1,"Cardinalidae","Cardinalis sinuatus",2019,7,18,"4fa7b334-ce0d-4e88-aaae-2e0c138d049e",NA,"2777799860"
32.256115,-110.93463,4,"Columbidae","Zenaida asiatica",2019,7,18,"4fa7b334-ce0d-4e88-aaae-2e0c138d049e",NA,"2776409933"
32.256115,-110.93463,6,"Columbidae","Zenaida macroura",2019,7,18,"4fa7b334-ce0d-4e88-aaae-2e0c138d049e",NA,"2774593934"
32.256115,-110.93463,2,"Columbidae","Columba livia",2019,7,18,"4fa7b334-ce0d-4e88-aaae-2e0c138d049e",NA,"2773501911"
32.256115,-110.93463,3,"Trochilidae","Calypte anna",2019,7,18,"4fa7b334-ce0d-4e88-aaae-2e0c138d049e",NA,"2776327889"
32.256115,-110.93463,4,"Remizidae","Auriparus flaviceps",2019,7,18,"4fa7b334-ce0d-4e88-aaae-2e0c138d049e",NA,"2781133816"
32.256115,-110.93463,2,"Tyrannidae","Myiarchus tyrannulus",2019,7,18,"4fa7b334-ce0d-4e88-aaae-2e0c138d049e",NA,"2789697822"
32.256115,-110.93463,4,"Picidae","Melanerpes uropygialis",2019,7,18,"4fa7b334-ce0d-4e88-aaae-2e0c138d049e",NA,"2789508745"
32.256115,-110.93463,1,"Parulidae","Leiothlypis luciae",2019,7,21,"4fa7b334-ce0d-4e88-aaae-2e0c138d049e",NA,"2689340148"
32.256874,-110.927956,2,"Tyrannidae","Myiarchus tyrannulus",2019,8,9,"4fa7b334-ce0d-4e88-aaae-2e0c138d049e",NA,"2748517961"
32.256874,-110.927956,1,"Accipitridae","Accipiter cooperii",2019,8,9,"4fa7b334-ce0d-4e88-aaae-2e0c138d049e",NA,"2754652006"
32.256874,-110.927956,2,"Fringillidae","Spinus psaltria",2019,8,9,"4fa7b334-ce0d-4e88-aaae-2e0c138d049e",NA,"2754253950"
32.256874,-110.927956,1,"Passeridae","Passer domesticus",2019,8,9,"4fa7b334-ce0d-4e88-aaae-2e0c138d049e",NA,"2764658077"
32.256874,-110.927956,1,"Mimidae","Toxostoma curvirostre",2019,8,9,"4fa7b334-ce0d-4e88-aaae-2e0c138d049e",NA,"2761635120"
32.256874,-110.927956,1,"Emberizidae","Melozone aberti",2019,8,9,"4fa7b334-ce0d-4e88-aaae-2e0c138d049e",NA,"2754056266"
32.256874,-110.927956,3,"Trochilidae","Cynanthus latirostris",2019,8,9,"4fa7b334-ce0d-4e88-aaae-2e0c138d049e",NA,"2746909406"
32.256874,-110.927956,1,"Columbidae","Zenaida asiatica",2019,8,9,"4fa7b334-ce0d-4e88-aaae-2e0c138d049e",NA,"2769329961"
32.256874,-110.927956,1,"Cardinalidae","Cardinalis cardinalis",2019,8,9,"4fa7b334-ce0d-4e88-aaae-2e0c138d049e",NA,"2757772981"
32.256115,-110.93463,1,"Parulidae","Setophaga nigrescens",2019,9,26,"4fa7b334-ce0d-4e88-aaae-2e0c138d049e",NA,"2797424507"
32.25495,-110.93064,2,"Trochilidae","Calypte anna",2019,12,22,"4fa7b334-ce0d-4e88-aaae-2e0c138d049e",NA,"2726719525"
32.25495,-110.93064,1,"Parulidae","Setophaga coronata",2019,12,22,"4fa7b334-ce0d-4e88-aaae-2e0c138d049e",NA,"2726447582"
32.25495,-110.93064,1,"Regulidae","Regulus calendula",2019,12,22,"4fa7b334-ce0d-4e88-aaae-2e0c138d049e",NA,"2787521475"
32.255657,-110.93064,1,"Troglodytidae","Campylorhynchus brunneicapillus",2018,2,17,"4fa7b334-ce0d-4e88-aaae-2e0c138d049e",NA,"2114553791"
32.255657,-110.93064,3,"Columbidae","Zenaida macroura",2018,2,17,"4fa7b334-ce0d-4e88-aaae-2e0c138d049e",NA,"2131083792"
32.255657,-110.93064,19,"Passeridae","Passer domesticus",2018,2,17,"4fa7b334-ce0d-4e88-aaae-2e0c138d049e",NA,"2128148591"
32.255657,-110.93064,8,"Fringillidae","Haemorhous mexicanus",2018,2,17,"4fa7b334-ce0d-4e88-aaae-2e0c138d049e",NA,"2128136104"
32.255657,-110.93064,1,"Parulidae","Setophaga coronata",2018,2,17,"4fa7b334-ce0d-4e88-aaae-2e0c138d049e",NA,"2128131339"
32.255657,-110.93064,1,"Accipitridae","Buteo jamaicensis",2018,2,17,"4fa7b334-ce0d-4e88-aaae-2e0c138d049e",NA,"2139284622"
32.255657,-110.93064,1,"Columbidae","Streptopelia decaocto",2018,2,17,"4fa7b334-ce0d-4e88-aaae-2e0c138d049e",NA,"2114560053"
32.255657,-110.93064,1,"Columbidae","Zenaida asiatica",2018,2,17,"4fa7b334-ce0d-4e88-aaae-2e0c138d049e",NA,"2114544724"
32.255657,-110.93064,14,"Columbidae","Columba livia",2018,2,17,"4fa7b334-ce0d-4e88-aaae-2e0c138d049e",NA,"2128141719"
32.255657,-110.93064,1,"Accipitridae","Accipiter cooperii",2018,2,17,"4fa7b334-ce0d-4e88-aaae-2e0c138d049e",NA,"2139274576"
32.255657,-110.93064,1,"Picidae","Melanerpes uropygialis",2018,2,17,"4fa7b334-ce0d-4e88-aaae-2e0c138d049e",NA,"2128154007"
32.255657,-110.93064,1,"Cardinalidae","Cardinalis cardinalis",2018,2,17,"4fa7b334-ce0d-4e88-aaae-2e0c138d049e",NA,"2128126902"
32.255657,-110.93064,1,"Emberizidae","Melozone aberti",2018,2,17,"4fa7b334-ce0d-4e88-aaae-2e0c138d049e",NA,"2128140266"
32.255657,-110.93064,2,"Emberizidae","Zonotrichia leucophrys",2018,2,17,"4fa7b334-ce0d-4e88-aaae-2e0c138d049e",NA,"2139274596"
32.255657,-110.93064,8,"Fringillidae","Spinus psaltria",2018,2,17,"4fa7b334-ce0d-4e88-aaae-2e0c138d049e",NA,"2131088001"
32.255657,-110.93064,2,"Trochilidae","Calypte anna",2018,2,17,"4fa7b334-ce0d-4e88-aaae-2e0c138d049e",NA,"2131085239"
32.255657,-110.93064,1,"Remizidae","Auriparus flaviceps",2018,2,17,"4fa7b334-ce0d-4e88-aaae-2e0c138d049e",NA,"2128147238"
32.255657,-110.93064,11,"Fringillidae","Spinus psaltria",2018,2,17,"4fa7b334-ce0d-4e88-aaae-2e0c138d049e",NA,"2128124918"
32.255657,-110.93064,21,"Passeridae","Passer domesticus",2018,2,17,"4fa7b334-ce0d-4e88-aaae-2e0c138d049e",NA,"2114539610"
32.255657,-110.93064,4,"Columbidae","Zenaida macroura",2018,2,17,"4fa7b334-ce0d-4e88-aaae-2e0c138d049e",NA,"2139280951"
32.255657,-110.93064,8,"Fringillidae","Haemorhous mexicanus",2018,2,17,"4fa7b334-ce0d-4e88-aaae-2e0c138d049e",NA,"2114538560"
32.255657,-110.93064,1,"Mimidae","Mimus polyglottos",2018,2,17,"4fa7b334-ce0d-4e88-aaae-2e0c138d049e",NA,"2139276566"
32.255657,-110.93064,1,"Picidae","Dryobates scalaris",2018,2,17,"4fa7b334-ce0d-4e88-aaae-2e0c138d049e",NA,"2131085078"
32.255657,-110.93064,1,"Mimidae","Toxostoma curvirostre",2018,2,17,"4fa7b334-ce0d-4e88-aaae-2e0c138d049e",NA,"2128144490"
32.255657,-110.93064,1,"Emberizidae","Melozone aberti",2018,2,17,"4fa7b334-ce0d-4e88-aaae-2e0c138d049e",NA,"2131092417"
32.255657,-110.93064,1,"Picidae","Melanerpes uropygialis",2018,2,17,"4fa7b334-ce0d-4e88-aaae-2e0c138d049e",NA,"2114530190"
32.255657,-110.93064,8,"Columbidae","Columba livia",2018,2,17,"4fa7b334-ce0d-4e88-aaae-2e0c138d049e",NA,"2139290123"
32.255657,-110.93064,2,"Trochilidae","Calypte anna",2018,2,17,"4fa7b334-ce0d-4e88-aaae-2e0c138d049e",NA,"2131084454"
32.255657,-110.93064,2,"Emberizidae","Zonotrichia leucophrys",2018,2,17,"4fa7b334-ce0d-4e88-aaae-2e0c138d049e",NA,"2131085188"
32.255657,-110.93064,1,"Remizidae","Auriparus flaviceps",2018,2,17,"4fa7b334-ce0d-4e88-aaae-2e0c138d049e",NA,"2114544561"
32.255657,-110.93064,1,"Mimidae","Toxostoma curvirostre",2018,2,17,"4fa7b334-ce0d-4e88-aaae-2e0c138d049e",NA,"2139284611"
32.2552,-110.931526,1,"Parulidae","Leiothlypis luciae",2018,3,9,"4fa7b334-ce0d-4e88-aaae-2e0c138d049e",NA,"2145065391"
32.2552,-110.931526,2,"Passeridae","Passer domesticus",2018,3,9,"4fa7b334-ce0d-4e88-aaae-2e0c138d049e",NA,"2145064151"
32.2552,-110.931526,7,"Columbidae","Zenaida macroura",2018,3,9,"4fa7b334-ce0d-4e88-aaae-2e0c138d049e",NA,"2145067019"
32.2552,-110.931526,2,"Trochilidae","Calypte anna",2018,3,9,"4fa7b334-ce0d-4e88-aaae-2e0c138d049e",NA,"2145069293"
32.2552,-110.931526,1,"Troglodytidae","Campylorhynchus brunneicapillus",2018,3,9,"4fa7b334-ce0d-4e88-aaae-2e0c138d049e",NA,"2133510791"
32.2552,-110.931526,2,"Columbidae","Zenaida asiatica",2018,3,9,"4fa7b334-ce0d-4e88-aaae-2e0c138d049e",NA,"2137392220"
32.2552,-110.931526,2,"Sturnidae","Sturnus vulgaris",2018,3,9,"4fa7b334-ce0d-4e88-aaae-2e0c138d049e",NA,"2133507822"
32.2552,-110.931526,2,"Mimidae","Mimus polyglottos",2018,3,9,"4fa7b334-ce0d-4e88-aaae-2e0c138d049e",NA,"2137398081"
32.2552,-110.931526,3,"Picidae","Melanerpes uropygialis",2018,3,9,"4fa7b334-ce0d-4e88-aaae-2e0c138d049e",NA,"2133520444"
32.2552,-110.931526,1,"Regulidae","Regulus calendula",2018,3,9,"4fa7b334-ce0d-4e88-aaae-2e0c138d049e",NA,"2120322334"
32.2552,-110.931526,3,"Parulidae","Setophaga coronata",2018,3,9,"4fa7b334-ce0d-4e88-aaae-2e0c138d049e",NA,"2120320078"
32.2552,-110.931526,1,"Remizidae","Auriparus flaviceps",2018,3,9,"4fa7b334-ce0d-4e88-aaae-2e0c138d049e",NA,"2133529554"
32.2552,-110.931526,2,"Columbidae","Streptopelia decaocto",2018,3,9,"4fa7b334-ce0d-4e88-aaae-2e0c138d049e",NA,"2120324105"
32.2552,-110.931526,1,"Accipitridae","Accipiter cooperii",2018,3,9,"4fa7b334-ce0d-4e88-aaae-2e0c138d049e",NA,"2120351873"
32.2552,-110.931526,1,"Mimidae","Toxostoma curvirostre",2018,3,9,"4fa7b334-ce0d-4e88-aaae-2e0c138d049e",NA,"2137390278"
32.2552,-110.931526,14,"Fringillidae","Haemorhous mexicanus",2018,3,9,"4fa7b334-ce0d-4e88-aaae-2e0c138d049e",NA,"2120330185"
32.2552,-110.931526,1,"Emberizidae","Zonotrichia leucophrys",2018,3,9,"4fa7b334-ce0d-4e88-aaae-2e0c138d049e",NA,"2133524433"
32.2552,-110.931526,4,"Fringillidae","Spinus psaltria",2018,3,9,"4fa7b334-ce0d-4e88-aaae-2e0c138d049e",NA,"2145069063"
32.2552,-110.931526,1,"Falconidae","Falco sparverius",2018,3,9,"4fa7b334-ce0d-4e88-aaae-2e0c138d049e",NA,"2120335796"
32.2552,-110.931526,2,"Columbidae","Columba livia",2018,3,9,"4fa7b334-ce0d-4e88-aaae-2e0c138d049e",NA,"2120320064"
32.255405,-110.92734,5,"Columbidae","Zenaida macroura",2018,3,31,"4fa7b334-ce0d-4e88-aaae-2e0c138d049e",NA,"2152512281"
32.255405,-110.92734,1,"Columbidae","Zenaida asiatica",2018,3,31,"4fa7b334-ce0d-4e88-aaae-2e0c138d049e",NA,"2144515795"
32.255405,-110.92734,1,"Mimidae","Mimus polyglottos",2018,3,31,"4fa7b334-ce0d-4e88-aaae-2e0c138d049e",NA,"2128127331"
32.255405,-110.92734,1,"Accipitridae","Accipiter striatus",2018,3,31,"4fa7b334-ce0d-4e88-aaae-2e0c138d049e",NA,"2144534109"
32.255405,-110.92734,3,"Fringillidae","Spinus psaltria",2018,3,31,"4fa7b334-ce0d-4e88-aaae-2e0c138d049e",NA,"2152533090"
32.255405,-110.92734,5,"Columbidae","Columba livia",2018,3,31,"4fa7b334-ce0d-4e88-aaae-2e0c138d049e",NA,"2144521666"
32.255405,-110.92734,2,"Remizidae","Auriparus flaviceps",2018,3,31,"4fa7b334-ce0d-4e88-aaae-2e0c138d049e",NA,"2140710374"
32.255405,-110.92734,10,"Fringillidae","Haemorhous mexicanus",2018,3,31,"4fa7b334-ce0d-4e88-aaae-2e0c138d049e",NA,"2152505989"
32.2552,-110.931526,1,"Corvidae","Corvus corax",2018,3,9,"4fa7b334-ce0d-4e88-aaae-2e0c138d049e",NA,"2120339409"
32.255405,-110.92734,5,"Columbidae","Zenaida macroura",2018,3,31,"4fa7b334-ce0d-4e88-aaae-2e0c138d049e",NA,"2153547757"
32.255405,-110.92734,1,"Columbidae","Zenaida asiatica",2018,3,31,"4fa7b334-ce0d-4e88-aaae-2e0c138d049e",NA,"2129412220"
32.255405,-110.92734,1,"Mimidae","Mimus polyglottos",2018,3,31,"4fa7b334-ce0d-4e88-aaae-2e0c138d049e",NA,"2129400036"
32.255405,-110.92734,1,"Accipitridae","Accipiter striatus",2018,3,31,"4fa7b334-ce0d-4e88-aaae-2e0c138d049e",NA,"2145750540"
32.255405,-110.92734,3,"Fringillidae","Spinus psaltria",2018,3,31,"4fa7b334-ce0d-4e88-aaae-2e0c138d049e",NA,"2145735286"
32.255405,-110.92734,5,"Columbidae","Columba livia",2018,3,31,"4fa7b334-ce0d-4e88-aaae-2e0c138d049e",NA,"2129433750"
32.255405,-110.92734,2,"Remizidae","Auriparus flaviceps",2018,3,31,"4fa7b334-ce0d-4e88-aaae-2e0c138d049e",NA,"2141966049"
32.255405,-110.92734,10,"Fringillidae","Haemorhous mexicanus",2018,3,31,"4fa7b334-ce0d-4e88-aaae-2e0c138d049e",NA,"2145739516"
32.255405,-110.92734,5,"Columbidae","Zenaida macroura",2018,3,31,"4fa7b334-ce0d-4e88-aaae-2e0c138d049e",NA,"2156125042"
32.255405,-110.92734,1,"Columbidae","Zenaida asiatica",2018,3,31,"4fa7b334-ce0d-4e88-aaae-2e0c138d049e",NA,"2156105949"
32.255405,-110.92734,1,"Mimidae","Mimus polyglottos",2018,3,31,"4fa7b334-ce0d-4e88-aaae-2e0c138d049e",NA,"2156116377"
32.255405,-110.92734,1,"Accipitridae","Accipiter striatus",2018,3,31,"4fa7b334-ce0d-4e88-aaae-2e0c138d049e",NA,"2144776484"
32.255405,-110.92734,3,"Fringillidae","Spinus psaltria",2018,3,31,"4fa7b334-ce0d-4e88-aaae-2e0c138d049e",NA,"2144773021"
32.255405,-110.92734,5,"Columbidae","Columba livia",2018,3,31,"4fa7b334-ce0d-4e88-aaae-2e0c138d049e",NA,"2144779232"
32.255405,-110.92734,2,"Remizidae","Auriparus flaviceps",2018,3,31,"4fa7b334-ce0d-4e88-aaae-2e0c138d049e",NA,"2132076307"
32.255405,-110.92734,10,"Fringillidae","Haemorhous mexicanus",2018,3,31,"4fa7b334-ce0d-4e88-aaae-2e0c138d049e",NA,"2148628953"
32.255405,-110.92734,5,"Columbidae","Zenaida macroura",2018,3,31,"4fa7b334-ce0d-4e88-aaae-2e0c138d049e",NA,"2209980722"
32.255405,-110.92734,1,"Columbidae","Zenaida asiatica",2018,3,31,"4fa7b334-ce0d-4e88-aaae-2e0c138d049e",NA,"2209991277"
32.255405,-110.92734,1,"Mimidae","Mimus polyglottos",2018,3,31,"4fa7b334-ce0d-4e88-aaae-2e0c138d049e",NA,"2209982878"
32.255405,-110.92734,1,"Accipitridae","Accipiter striatus",2018,3,31,"4fa7b334-ce0d-4e88-aaae-2e0c138d049e",NA,"2213102280"
32.255405,-110.92734,3,"Fringillidae","Spinus psaltria",2018,3,31,"4fa7b334-ce0d-4e88-aaae-2e0c138d049e",NA,"2209980322"
32.255405,-110.92734,5,"Columbidae","Columba livia",2018,3,31,"4fa7b334-ce0d-4e88-aaae-2e0c138d049e",NA,"2197848796"
32.255405,-110.92734,2,"Remizidae","Auriparus flaviceps",2018,3,31,"4fa7b334-ce0d-4e88-aaae-2e0c138d049e",NA,"2222161247"
32.255405,-110.92734,10,"Fringillidae","Haemorhous mexicanus",2018,3,31,"4fa7b334-ce0d-4e88-aaae-2e0c138d049e",NA,"2197829592"
32.251827,-110.93289,2,"Mimidae","Mimus polyglottos",2018,4,11,"4fa7b334-ce0d-4e88-aaae-2e0c138d049e",NA,"2156049820"
32.251827,-110.93289,3,"Passeridae","Passer domesticus",2018,4,11,"4fa7b334-ce0d-4e88-aaae-2e0c138d049e",NA,"2156047064"
32.251827,-110.93289,2,"Fringillidae","Spinus psaltria",2018,4,11,"4fa7b334-ce0d-4e88-aaae-2e0c138d049e",NA,"2132036871"
32.251827,-110.93289,1,"Trochilidae","Cynanthus latirostris",2018,4,11,"4fa7b334-ce0d-4e88-aaae-2e0c138d049e",NA,"2148525742"
32.251827,-110.93289,2,"Mimidae","Mimus polyglottos",2018,4,11,"4fa7b334-ce0d-4e88-aaae-2e0c138d049e",NA,"2148526038"
32.251827,-110.93289,3,"Passeridae","Passer domesticus",2018,4,11,"4fa7b334-ce0d-4e88-aaae-2e0c138d049e",NA,"2132041074"
32.251827,-110.93289,2,"Fringillidae","Spinus psaltria",2018,4,11,"4fa7b334-ce0d-4e88-aaae-2e0c138d049e",NA,"2144749357"
32.251827,-110.93289,1,"Trochilidae","Cynanthus latirostris",2018,4,11,"4fa7b334-ce0d-4e88-aaae-2e0c138d049e",NA,"2148527970"
32.25766,-110.926834,1,"Accipitridae","Buteo jamaicensis",2017,3,5,"4fa7b334-ce0d-4e88-aaae-2e0c138d049e",NA,"2044806627"
32.25766,-110.926834,3,"Columbidae","Columba livia",2017,3,5,"4fa7b334-ce0d-4e88-aaae-2e0c138d049e",NA,"2043955444"
32.25766,-110.926834,1,"Sturnidae","Sturnus vulgaris",2017,3,5,"4fa7b334-ce0d-4e88-aaae-2e0c138d049e",NA,"2035010851"
32.25766,-110.926834,1,"Accipitridae","Buteo jamaicensis",2017,3,5,"4fa7b334-ce0d-4e88-aaae-2e0c138d049e",NA,"2050050258"
32.25766,-110.926834,3,"Columbidae","Columba livia",2017,3,5,"4fa7b334-ce0d-4e88-aaae-2e0c138d049e",NA,"2035016260"
32.25766,-110.926834,1,"Sturnidae","Sturnus vulgaris",2017,3,5,"4fa7b334-ce0d-4e88-aaae-2e0c138d049e",NA,"2035020214"
32.25491,-110.93182,NA,"Accipitridae","Accipiter cooperii",2021,9,10,"50c9509d-22c7-4a22-a47d-8c48425ef4a7","iNaturalist research-grade observations","3384316429"
32.253778,-110.929754,NA,"Troglodytidae","Campylorhynchus brunneicapillus",2019,11,11,"50c9509d-22c7-4a22-a47d-8c48425ef4a7","iNaturalist research-grade observations","2456563558"
32.253887,-110.931619,NA,"Accipitridae","Accipiter cooperii",2017,10,9,"50c9509d-22c7-4a22-a47d-8c48425ef4a7","iNaturalist research-grade observations","1677282837"
