"decimalLatitude","decimalLongitude","individualCount","family","species","year","month","day","datasetKey","datasetName","gbifID"
32.167305,-110.77292,2,"Accipitridae","Buteo jamaicensis",2021,2,19,"4fa7b334-ce0d-4e88-aaae-2e0c138d049e",NA,"3506531944"
32.167305,-110.77292,1,"Falconidae","Falco sparverius",2021,2,19,"4fa7b334-ce0d-4e88-aaae-2e0c138d049e",NA,"3508222547"
32.170654,-110.77526,1,"Cuculidae","Geococcyx californianus",2021,3,18,"4fa7b334-ce0d-4e88-aaae-2e0c138d049e",NA,"3559246184"
32.170654,-110.77526,1,"Tyrannidae","Pyrocephalus rubinus",2021,3,18,"4fa7b334-ce0d-4e88-aaae-2e0c138d049e",NA,"3550121148"
32.167305,-110.77292,1,"Accipitridae","Buteo jamaicensis",2021,12,5,"4fa7b334-ce0d-4e88-aaae-2e0c138d049e",NA,"3586366860"
32.167305,-110.77292,13,"Columbidae","Columba livia",2021,12,5,"4fa7b334-ce0d-4e88-aaae-2e0c138d049e",NA,"3615399124"
32.167305,-110.77292,2,"Accipitridae","Buteo jamaicensis",2020,3,23,"4fa7b334-ce0d-4e88-aaae-2e0c138d049e",NA,"3219928770"
32.169685,-110.77346,25,"Icteridae","Quiscalus mexicanus",2020,4,6,"4fa7b334-ce0d-4e88-aaae-2e0c138d049e",NA,"3241503967"
32.169685,-110.77346,1,"Trochilidae","Archilochus alexandri",2020,4,6,"4fa7b334-ce0d-4e88-aaae-2e0c138d049e",NA,"3248225851"
32.169685,-110.77346,2,"Odontophoridae","Callipepla gambelii",2020,4,6,"4fa7b334-ce0d-4e88-aaae-2e0c138d049e",NA,"3234213805"
32.169685,-110.77346,25,"Sturnidae","Sturnus vulgaris",2020,4,6,"4fa7b334-ce0d-4e88-aaae-2e0c138d049e",NA,"3258263933"
32.169685,-110.77346,1,"Accipitridae","Buteo jamaicensis",2020,4,6,"4fa7b334-ce0d-4e88-aaae-2e0c138d049e",NA,"3253644908"
32.169685,-110.77346,4,"Columbidae","Zenaida macroura",2020,4,6,"4fa7b334-ce0d-4e88-aaae-2e0c138d049e",NA,"3244441927"
32.167305,-110.77292,1,"Cathartidae","Cathartes aura",2020,7,1,"4fa7b334-ce0d-4e88-aaae-2e0c138d049e",NA,"3253614971"
32.167305,-110.77292,2,"Cathartidae","Cathartes aura",2020,8,28,"4fa7b334-ce0d-4e88-aaae-2e0c138d049e",NA,"3193687575"
32.167305,-110.77292,1,"Cathartidae","Cathartes aura",2020,9,17,"4fa7b334-ce0d-4e88-aaae-2e0c138d049e",NA,"3254339788"
32.167305,-110.77292,30,"Columbidae","Columba livia",2020,10,22,"4fa7b334-ce0d-4e88-aaae-2e0c138d049e",NA,"3195538676"
32.167305,-110.77292,2,"Accipitridae","Buteo jamaicensis",2020,10,22,"4fa7b334-ce0d-4e88-aaae-2e0c138d049e",NA,"3192526785"
32.167305,-110.77292,1,"Accipitridae","Buteo jamaicensis",2020,12,2,"4fa7b334-ce0d-4e88-aaae-2e0c138d049e",NA,"3198321756"
32.167305,-110.77292,1,"Accipitridae","Buteo jamaicensis",2018,4,26,"4fa7b334-ce0d-4e88-aaae-2e0c138d049e",NA,"2139414524"
32.167305,-110.77292,1,"Accipitridae","Buteo jamaicensis",2018,6,5,"4fa7b334-ce0d-4e88-aaae-2e0c138d049e",NA,"2182892254"
32.167305,-110.77292,1,"Accipitridae","Buteo jamaicensis",2018,10,6,"4fa7b334-ce0d-4e88-aaae-2e0c138d049e",NA,"2204525617"
32.17612,-110.773675,NA,"Columbidae","Zenaida macroura",2021,5,17,"50c9509d-22c7-4a22-a47d-8c48425ef4a7","iNaturalist research-grade observations","3118203342"
32.175863,-110.773963,NA,"Tyrannidae","Sayornis saya",2021,7,8,"50c9509d-22c7-4a22-a47d-8c48425ef4a7","iNaturalist research-grade observations","3325902611"
