"decimalLatitude","decimalLongitude","individualCount","family","species","year","month","day","datasetKey","gbifID"
32.226322,-110.91551,1,"Columbidae","Zenaida macroura",2021,1,11,"4fa7b334-ce0d-4e88-aaae-2e0c138d049e","3619389992"
32.226322,-110.91551,1,"Remizidae","Auriparus flaviceps",2021,1,11,"4fa7b334-ce0d-4e88-aaae-2e0c138d049e","3616271693"
32.226322,-110.91551,1,"Fringillidae","Haemorhous mexicanus",2021,1,11,"4fa7b334-ce0d-4e88-aaae-2e0c138d049e","3621310662"
32.22424,-110.9146,5,"Icteridae","Quiscalus mexicanus",2021,9,7,"4fa7b334-ce0d-4e88-aaae-2e0c138d049e","3663456703"
32.22208,-110.91427,17,"Icteridae","Quiscalus mexicanus",2020,2,23,"4fa7b334-ce0d-4e88-aaae-2e0c138d049e","3147497558"
32.22208,-110.91427,4,"Columbidae","Zenaida macroura",2020,2,23,"4fa7b334-ce0d-4e88-aaae-2e0c138d049e","3136526564"
32.22341,-110.91437,4,"Mimidae","Mimus polyglottos",2020,9,11,"4fa7b334-ce0d-4e88-aaae-2e0c138d049e","3290306132"
32.22192,-110.9192,1,"Falconidae","Falco sparverius",2020,12,6,"4fa7b334-ce0d-4e88-aaae-2e0c138d049e","3297090896"
32.22192,-110.9192,1,"Tyrannidae","Pyrocephalus rubinus",2020,12,6,"4fa7b334-ce0d-4e88-aaae-2e0c138d049e","3300555850"
32.222054,-110.91776,1,"Icteridae","Quiscalus mexicanus",2019,4,26,"4fa7b334-ce0d-4e88-aaae-2e0c138d049e","2754100209"
32.223232,-110.91694,10,"Hirundinidae","Petrochelidon pyrrhonota",2019,6,4,"4fa7b334-ce0d-4e88-aaae-2e0c138d049e","2693696695"
32.222145,-110.91406,2,"Tyrannidae","Pyrocephalus rubinus",2019,7,30,"4fa7b334-ce0d-4e88-aaae-2e0c138d049e","2692849280"
32.222145,-110.91406,1,"Tyrannidae","Myiarchus tyrannulus",2019,7,30,"4fa7b334-ce0d-4e88-aaae-2e0c138d049e","2688464135"
32.224754,-110.91435,20,"Icteridae","Quiscalus mexicanus",2019,8,8,"4fa7b334-ce0d-4e88-aaae-2e0c138d049e","2769833426"
32.224754,-110.91435,1,"Columbidae","Streptopelia decaocto",2019,8,20,"4fa7b334-ce0d-4e88-aaae-2e0c138d049e","2780033085"
32.224754,-110.91435,2,"Columbidae","Columba livia",2019,8,20,"4fa7b334-ce0d-4e88-aaae-2e0c138d049e","2783654891"
32.222992,-110.91754,10,"Icteridae","Quiscalus mexicanus",2019,9,24,"4fa7b334-ce0d-4e88-aaae-2e0c138d049e","2769887090"
32.222992,-110.91754,8,"Columbidae","Columba livia",2019,9,24,"4fa7b334-ce0d-4e88-aaae-2e0c138d049e","2792961184"
32.222992,-110.91754,10,"Icteridae","Quiscalus mexicanus",2019,9,24,"4fa7b334-ce0d-4e88-aaae-2e0c138d049e","2782943183"
32.222992,-110.91754,8,"Columbidae","Columba livia",2019,9,24,"4fa7b334-ce0d-4e88-aaae-2e0c138d049e","2753855054"
