"decimalLatitude","decimalLongitude","individualCount","family","species","year","month","day","datasetKey","datasetName","gbifID"
32.262238,-110.956184,2,"Columbidae","Zenaida macroura",2021,1,1,"4fa7b334-ce0d-4e88-aaae-2e0c138d049e",NA,"3586168934"
32.262238,-110.956184,1,"Picidae","Melanerpes uropygialis",2021,1,1,"4fa7b334-ce0d-4e88-aaae-2e0c138d049e",NA,"3586335999"
32.262238,-110.956184,3,"Fringillidae","Haemorhous mexicanus",2021,1,1,"4fa7b334-ce0d-4e88-aaae-2e0c138d049e",NA,"3586249960"
32.262238,-110.956184,4,"Columbidae","Columba livia",2021,1,1,"4fa7b334-ce0d-4e88-aaae-2e0c138d049e",NA,"3586407005"
32.262238,-110.956184,2,"Columbidae","Columba livia",2021,1,5,"4fa7b334-ce0d-4e88-aaae-2e0c138d049e",NA,"3590486744"
32.262238,-110.956184,1,"Picidae","Melanerpes uropygialis",2021,1,5,"4fa7b334-ce0d-4e88-aaae-2e0c138d049e",NA,"3593264969"
32.262238,-110.956184,4,"Fringillidae","Haemorhous mexicanus",2021,1,5,"4fa7b334-ce0d-4e88-aaae-2e0c138d049e",NA,"3591062019"
32.262238,-110.956184,1,"Columbidae","Zenaida macroura",2021,1,5,"4fa7b334-ce0d-4e88-aaae-2e0c138d049e",NA,"3592214975"
32.262238,-110.956184,2,"Passeridae","Passer domesticus",2021,1,6,"4fa7b334-ce0d-4e88-aaae-2e0c138d049e",NA,"3676552592"
32.262238,-110.956184,1,"Picidae","Melanerpes uropygialis",2021,1,6,"4fa7b334-ce0d-4e88-aaae-2e0c138d049e",NA,"3680982440"
32.262238,-110.956184,1,"Mimidae","Toxostoma curvirostre",2021,1,6,"4fa7b334-ce0d-4e88-aaae-2e0c138d049e",NA,"3680300394"
32.262238,-110.956184,5,"Fringillidae","Haemorhous mexicanus",2021,1,6,"4fa7b334-ce0d-4e88-aaae-2e0c138d049e",NA,"3678698357"
32.262238,-110.956184,3,"Passeridae","Passer domesticus",2021,1,16,"4fa7b334-ce0d-4e88-aaae-2e0c138d049e",NA,"3593410193"
32.262238,-110.956184,2,"Picidae","Melanerpes uropygialis",2021,1,16,"4fa7b334-ce0d-4e88-aaae-2e0c138d049e",NA,"3591620720"
32.262238,-110.956184,4,"Columbidae","Zenaida macroura",2021,1,16,"4fa7b334-ce0d-4e88-aaae-2e0c138d049e",NA,"3594590153"
32.262238,-110.956184,1,"Mimidae","Toxostoma curvirostre",2021,1,16,"4fa7b334-ce0d-4e88-aaae-2e0c138d049e",NA,"3598128288"
32.262238,-110.956184,8,"Fringillidae","Haemorhous mexicanus",2021,1,16,"4fa7b334-ce0d-4e88-aaae-2e0c138d049e",NA,"3609109447"
32.262238,-110.956184,22,"Columbidae","Columba livia",2021,1,16,"4fa7b334-ce0d-4e88-aaae-2e0c138d049e",NA,"3605631553"
32.262238,-110.956184,11,"Fringillidae","Haemorhous mexicanus",2021,1,24,"4fa7b334-ce0d-4e88-aaae-2e0c138d049e",NA,"3591887002"
32.262238,-110.956184,4,"Columbidae","Zenaida macroura",2021,1,24,"4fa7b334-ce0d-4e88-aaae-2e0c138d049e",NA,"3593382114"
32.262238,-110.956184,16,"Passeridae","Passer domesticus",2021,1,24,"4fa7b334-ce0d-4e88-aaae-2e0c138d049e",NA,"3596589928"
32.262238,-110.956184,1,"Columbidae","Zenaida macroura",2021,1,27,"4fa7b334-ce0d-4e88-aaae-2e0c138d049e",NA,"3666620929"
32.262238,-110.956184,13,"Passeridae","Passer domesticus",2021,1,27,"4fa7b334-ce0d-4e88-aaae-2e0c138d049e",NA,"3668195015"
32.262238,-110.956184,11,"Fringillidae","Haemorhous mexicanus",2021,1,27,"4fa7b334-ce0d-4e88-aaae-2e0c138d049e",NA,"3669999850"
32.262238,-110.956184,1,"Trochilidae","Calypte anna",2021,1,27,"4fa7b334-ce0d-4e88-aaae-2e0c138d049e",NA,"3672510359"
32.262238,-110.956184,16,"Columbidae","Columba livia",2021,1,27,"4fa7b334-ce0d-4e88-aaae-2e0c138d049e",NA,"3677706789"
32.262238,-110.956184,1,"Trochilidae","Calypte anna",2021,2,3,"4fa7b334-ce0d-4e88-aaae-2e0c138d049e",NA,"3523461911"
32.262238,-110.956184,2,"Columbidae","Zenaida macroura",2021,2,3,"4fa7b334-ce0d-4e88-aaae-2e0c138d049e",NA,"3506820274"
32.262238,-110.956184,4,"Passeridae","Passer domesticus",2021,2,3,"4fa7b334-ce0d-4e88-aaae-2e0c138d049e",NA,"3505683790"
32.262238,-110.956184,1,"Troglodytidae","Thryomanes bewickii",2021,2,3,"4fa7b334-ce0d-4e88-aaae-2e0c138d049e",NA,"3506191087"
32.262238,-110.956184,4,"Columbidae","Columba livia",2021,2,3,"4fa7b334-ce0d-4e88-aaae-2e0c138d049e",NA,"3506377968"
32.262238,-110.956184,2,"Picidae","Melanerpes uropygialis",2021,2,3,"4fa7b334-ce0d-4e88-aaae-2e0c138d049e",NA,"3507736390"
32.262238,-110.956184,1,"Mimidae","Toxostoma curvirostre",2021,2,3,"4fa7b334-ce0d-4e88-aaae-2e0c138d049e",NA,"3508329232"
32.262238,-110.956184,6,"Fringillidae","Haemorhous mexicanus",2021,2,3,"4fa7b334-ce0d-4e88-aaae-2e0c138d049e",NA,"3510658667"
32.262104,-110.95638,1,"Trochilidae","Calypte anna",2021,2,15,"4fa7b334-ce0d-4e88-aaae-2e0c138d049e",NA,"3595087373"
32.262104,-110.95638,24,"Columbidae","Columba livia",2021,2,15,"4fa7b334-ce0d-4e88-aaae-2e0c138d049e",NA,"3596983277"
32.264084,-110.950745,1,"Strigidae","Bubo virginianus",2021,2,21,"4fa7b334-ce0d-4e88-aaae-2e0c138d049e",NA,"3509010095"
32.262238,-110.956184,1,"Tyrannidae","Pyrocephalus rubinus",2021,3,20,"4fa7b334-ce0d-4e88-aaae-2e0c138d049e",NA,"3613150076"
32.262238,-110.956184,2,"Remizidae","Auriparus flaviceps",2021,3,20,"4fa7b334-ce0d-4e88-aaae-2e0c138d049e",NA,"3614758830"
32.262238,-110.956184,11,"Passeridae","Passer domesticus",2021,3,20,"4fa7b334-ce0d-4e88-aaae-2e0c138d049e",NA,"3594304057"
32.262238,-110.956184,2,"Columbidae","Zenaida macroura",2021,3,20,"4fa7b334-ce0d-4e88-aaae-2e0c138d049e",NA,"3590815871"
32.262238,-110.956184,7,"Columbidae","Columba livia",2021,3,20,"4fa7b334-ce0d-4e88-aaae-2e0c138d049e",NA,"3619329567"
32.262238,-110.956184,6,"Fringillidae","Haemorhous mexicanus",2021,3,20,"4fa7b334-ce0d-4e88-aaae-2e0c138d049e",NA,"3597190822"
32.262238,-110.956184,2,"Picidae","Melanerpes uropygialis",2021,3,20,"4fa7b334-ce0d-4e88-aaae-2e0c138d049e",NA,"3599067675"
32.262238,-110.956184,1,"Tyrannidae","Pyrocephalus rubinus",2021,3,23,"4fa7b334-ce0d-4e88-aaae-2e0c138d049e",NA,"3531175081"
32.262238,-110.956184,1,"Picidae","Melanerpes uropygialis",2021,3,23,"4fa7b334-ce0d-4e88-aaae-2e0c138d049e",NA,"3530414564"
32.262238,-110.956184,1,"Columbidae","Zenaida macroura",2021,3,23,"4fa7b334-ce0d-4e88-aaae-2e0c138d049e",NA,"3547873057"
32.262238,-110.956184,8,"Passeridae","Passer domesticus",2021,3,23,"4fa7b334-ce0d-4e88-aaae-2e0c138d049e",NA,"3548753572"
32.262238,-110.956184,5,"Fringillidae","Haemorhous mexicanus",2021,3,23,"4fa7b334-ce0d-4e88-aaae-2e0c138d049e",NA,"3551208668"
32.262238,-110.956184,1,"Fringillidae","Spinus psaltria",2021,3,23,"4fa7b334-ce0d-4e88-aaae-2e0c138d049e",NA,"3560279311"
32.262238,-110.956184,2,"Remizidae","Auriparus flaviceps",2021,3,23,"4fa7b334-ce0d-4e88-aaae-2e0c138d049e",NA,"3560472755"
32.262238,-110.956184,1,"Polioptilidae","Polioptila melanura",2021,4,1,"4fa7b334-ce0d-4e88-aaae-2e0c138d049e",NA,"3621270669"
32.262238,-110.956184,6,"Columbidae","Columba livia",2021,4,1,"4fa7b334-ce0d-4e88-aaae-2e0c138d049e",NA,"3623664101"
32.262238,-110.956184,3,"Fringillidae","Haemorhous mexicanus",2021,4,1,"4fa7b334-ce0d-4e88-aaae-2e0c138d049e",NA,"3629582605"
32.258896,-110.945526,4,"Columbidae","Columba livia",2021,4,4,"4fa7b334-ce0d-4e88-aaae-2e0c138d049e",NA,"3534747980"
32.258896,-110.945526,1,"Sturnidae","Sturnus vulgaris",2021,4,4,"4fa7b334-ce0d-4e88-aaae-2e0c138d049e",NA,"3545003495"
32.258896,-110.945526,2,"Picidae","Melanerpes uropygialis",2021,4,4,"4fa7b334-ce0d-4e88-aaae-2e0c138d049e",NA,"3545547801"
32.258896,-110.945526,1,"Columbidae","Zenaida asiatica",2021,4,4,"4fa7b334-ce0d-4e88-aaae-2e0c138d049e",NA,"3512557162"
32.258896,-110.945526,3,"Columbidae","Zenaida macroura",2021,4,4,"4fa7b334-ce0d-4e88-aaae-2e0c138d049e",NA,"3511462006"
32.258896,-110.945526,5,"Columbidae","Columba livia",2021,4,8,"4fa7b334-ce0d-4e88-aaae-2e0c138d049e",NA,"3670751413"
32.258896,-110.945526,2,"Columbidae","Zenaida macroura",2021,4,8,"4fa7b334-ce0d-4e88-aaae-2e0c138d049e",NA,"3669562923"
32.258896,-110.945526,1,"Sturnidae","Sturnus vulgaris",2021,4,8,"4fa7b334-ce0d-4e88-aaae-2e0c138d049e",NA,"3671324285"
32.258896,-110.945526,1,"Fringillidae","Haemorhous mexicanus",2021,4,9,"4fa7b334-ce0d-4e88-aaae-2e0c138d049e",NA,"3530921006"
32.258896,-110.945526,2,"Columbidae","Zenaida macroura",2021,4,9,"4fa7b334-ce0d-4e88-aaae-2e0c138d049e",NA,"3533666418"
32.258896,-110.945526,3,"Columbidae","Columba livia",2021,4,9,"4fa7b334-ce0d-4e88-aaae-2e0c138d049e",NA,"3534560306"
32.258896,-110.945526,1,"Passeridae","Passer domesticus",2021,4,9,"4fa7b334-ce0d-4e88-aaae-2e0c138d049e",NA,"3532728482"
32.262238,-110.956184,4,"Fringillidae","Haemorhous mexicanus",2021,4,27,"4fa7b334-ce0d-4e88-aaae-2e0c138d049e",NA,"3674706186"
32.262238,-110.956184,1,"Columbidae","Columba livia",2021,4,27,"4fa7b334-ce0d-4e88-aaae-2e0c138d049e",NA,"3675820312"
32.262238,-110.956184,2,"Columbidae","Zenaida asiatica",2021,4,27,"4fa7b334-ce0d-4e88-aaae-2e0c138d049e",NA,"3680429938"
32.262238,-110.956184,1,"Icteridae","Quiscalus mexicanus",2021,4,27,"4fa7b334-ce0d-4e88-aaae-2e0c138d049e",NA,"3682507107"
32.262238,-110.956184,1,"Icteridae","Quiscalus mexicanus",2021,4,28,"4fa7b334-ce0d-4e88-aaae-2e0c138d049e",NA,"3602847446"
32.262238,-110.956184,8,"Fringillidae","Haemorhous mexicanus",2021,4,28,"4fa7b334-ce0d-4e88-aaae-2e0c138d049e",NA,"3605021595"
32.262238,-110.956184,1,"Mimidae","Toxostoma curvirostre",2021,4,28,"4fa7b334-ce0d-4e88-aaae-2e0c138d049e",NA,"3609693858"
32.262238,-110.956184,2,"Columbidae","Zenaida asiatica",2021,4,28,"4fa7b334-ce0d-4e88-aaae-2e0c138d049e",NA,"3609062726"
32.262238,-110.956184,2,"Passeridae","Passer domesticus",2021,4,28,"4fa7b334-ce0d-4e88-aaae-2e0c138d049e",NA,"3595035742"
32.262238,-110.956184,1,"Columbidae","Zenaida macroura",2021,4,28,"4fa7b334-ce0d-4e88-aaae-2e0c138d049e",NA,"3600503394"
32.262238,-110.956184,1,"Remizidae","Auriparus flaviceps",2021,10,18,"4fa7b334-ce0d-4e88-aaae-2e0c138d049e",NA,"3629483578"
32.262238,-110.956184,1,"Accipitridae","Accipiter cooperii",2021,10,18,"4fa7b334-ce0d-4e88-aaae-2e0c138d049e",NA,"3603486718"
32.262238,-110.956184,1,"Polioptilidae","Polioptila melanura",2021,10,18,"4fa7b334-ce0d-4e88-aaae-2e0c138d049e",NA,"3631363402"
32.262238,-110.956184,1,"Accipitridae","Buteo jamaicensis",2021,10,18,"4fa7b334-ce0d-4e88-aaae-2e0c138d049e",NA,"3625864350"
32.259396,-110.949066,1,"Trochilidae","Calypte anna",2021,11,23,"4fa7b334-ce0d-4e88-aaae-2e0c138d049e",NA,"3654382853"
32.259396,-110.949066,1,"Picidae","Melanerpes uropygialis",2021,11,23,"4fa7b334-ce0d-4e88-aaae-2e0c138d049e",NA,"3652259737"
32.259396,-110.949066,1,"Accipitridae","Accipiter cooperii",2021,11,23,"4fa7b334-ce0d-4e88-aaae-2e0c138d049e",NA,"3657616951"
32.259396,-110.949066,50,"Columbidae","Zenaida macroura",2021,11,23,"4fa7b334-ce0d-4e88-aaae-2e0c138d049e",NA,"3663962582"
32.259396,-110.949066,8,"Passeridae","Passer domesticus",2021,11,23,"4fa7b334-ce0d-4e88-aaae-2e0c138d049e",NA,"3658435740"
32.259396,-110.949066,4,"Fringillidae","Spinus psaltria",2021,11,23,"4fa7b334-ce0d-4e88-aaae-2e0c138d049e",NA,"3664442634"
32.261444,-110.94734,1,"Strigidae","Bubo virginianus",2021,12,24,"4fa7b334-ce0d-4e88-aaae-2e0c138d049e",NA,"3690583378"
32.262238,-110.956184,1,"Polioptilidae","Polioptila melanura",2021,12,28,"4fa7b334-ce0d-4e88-aaae-2e0c138d049e",NA,"3694023185"
32.262238,-110.956184,6,"Passeridae","Passer domesticus",2021,12,28,"4fa7b334-ce0d-4e88-aaae-2e0c138d049e",NA,"3694509228"
32.262238,-110.956184,4,"Columbidae","Columba livia",2021,12,28,"4fa7b334-ce0d-4e88-aaae-2e0c138d049e",NA,"3694899270"
32.262238,-110.956184,1,"Picidae","Melanerpes uropygialis",2021,12,28,"4fa7b334-ce0d-4e88-aaae-2e0c138d049e",NA,"3694975210"
32.262238,-110.956184,1,"Mimidae","Toxostoma curvirostre",2021,12,28,"4fa7b334-ce0d-4e88-aaae-2e0c138d049e",NA,"3693918403"
32.262238,-110.956184,1,"Columbidae","Zenaida macroura",2021,12,28,"4fa7b334-ce0d-4e88-aaae-2e0c138d049e",NA,"3694411187"
32.262238,-110.956184,2,"Picidae","Melanerpes uropygialis",2021,12,30,"4fa7b334-ce0d-4e88-aaae-2e0c138d049e",NA,"3586026588"
32.262238,-110.956184,8,"Columbidae","Columba livia",2021,12,30,"4fa7b334-ce0d-4e88-aaae-2e0c138d049e",NA,"3584939218"
32.262238,-110.956184,4,"Passeridae","Passer domesticus",2021,12,30,"4fa7b334-ce0d-4e88-aaae-2e0c138d049e",NA,"3582088066"
32.25917,-110.94488,3,"Remizidae","Auriparus flaviceps",2020,1,1,"4fa7b334-ce0d-4e88-aaae-2e0c138d049e",NA,"3216792677"
32.25917,-110.94488,2,"Accipitridae","Accipiter cooperii",2020,1,1,"4fa7b334-ce0d-4e88-aaae-2e0c138d049e",NA,"3216747692"
32.25917,-110.94488,4,"Sturnidae","Sturnus vulgaris",2020,1,1,"4fa7b334-ce0d-4e88-aaae-2e0c138d049e",NA,"3216809657"
32.25917,-110.94488,16,"Columbidae","Zenaida macroura",2020,1,1,"4fa7b334-ce0d-4e88-aaae-2e0c138d049e",NA,"3216721684"
32.25917,-110.94488,11,"Fringillidae","Haemorhous mexicanus",2020,1,1,"4fa7b334-ce0d-4e88-aaae-2e0c138d049e",NA,"3216909618"
32.25917,-110.94488,1,"Vireonidae","Vireo plumbeus",2020,1,1,"4fa7b334-ce0d-4e88-aaae-2e0c138d049e",NA,"3216883616"
32.25917,-110.94488,15,"Passeridae","Passer domesticus",2020,1,1,"4fa7b334-ce0d-4e88-aaae-2e0c138d049e",NA,"3216840624"
32.25917,-110.94488,97,"Columbidae","Columba livia",2020,1,1,"4fa7b334-ce0d-4e88-aaae-2e0c138d049e",NA,"3216846652"
32.25917,-110.94488,2,"Parulidae","Setophaga coronata",2020,1,1,"4fa7b334-ce0d-4e88-aaae-2e0c138d049e",NA,"3216743693"
32.25917,-110.94488,4,"Trochilidae","Calypte anna",2020,1,1,"4fa7b334-ce0d-4e88-aaae-2e0c138d049e",NA,"3216733685"
32.25917,-110.94488,2,"Mimidae","Toxostoma curvirostre",2020,1,1,"4fa7b334-ce0d-4e88-aaae-2e0c138d049e",NA,"3216825682"
32.25917,-110.94488,1,"Falconidae","Falco sparverius",2020,1,1,"4fa7b334-ce0d-4e88-aaae-2e0c138d049e",NA,"3216797704"
32.25917,-110.94488,4,"Picidae","Melanerpes uropygialis",2020,1,1,"4fa7b334-ce0d-4e88-aaae-2e0c138d049e",NA,"3216693707"
32.25917,-110.94488,1,"Ptilogonatidae","Phainopepla nitens",2020,1,1,"4fa7b334-ce0d-4e88-aaae-2e0c138d049e",NA,"3131972652"
32.25917,-110.94488,1,"Trochilidae","Calypte costae",2020,1,1,"4fa7b334-ce0d-4e88-aaae-2e0c138d049e",NA,"3132012658"
32.25917,-110.94488,3,"Fringillidae","Spinus psaltria",2020,1,1,"4fa7b334-ce0d-4e88-aaae-2e0c138d049e",NA,"3132036251"
32.25917,-110.94488,3,"Corvidae","Corvus corax",2020,1,1,"4fa7b334-ce0d-4e88-aaae-2e0c138d049e",NA,"3131951273"
32.262238,-110.956184,3,"Remizidae","Auriparus flaviceps",2020,1,2,"4fa7b334-ce0d-4e88-aaae-2e0c138d049e",NA,"3135070554"
32.262238,-110.956184,1,"Trochilidae","Calypte anna",2020,1,2,"4fa7b334-ce0d-4e88-aaae-2e0c138d049e",NA,"3141050502"
32.262238,-110.956184,4,"Columbidae","Zenaida macroura",2020,1,2,"4fa7b334-ce0d-4e88-aaae-2e0c138d049e",NA,"3138381596"
32.262238,-110.956184,1,"Troglodytidae","Campylorhynchus brunneicapillus",2020,1,2,"4fa7b334-ce0d-4e88-aaae-2e0c138d049e",NA,"3132249564"
32.262238,-110.956184,1,"Mimidae","Toxostoma curvirostre",2020,1,2,"4fa7b334-ce0d-4e88-aaae-2e0c138d049e",NA,"3138033545"
32.262238,-110.956184,1,"Picidae","Melanerpes uropygialis",2020,1,2,"4fa7b334-ce0d-4e88-aaae-2e0c138d049e",NA,"3144582525"
32.262238,-110.956184,16,"Passeridae","Passer domesticus",2020,1,2,"4fa7b334-ce0d-4e88-aaae-2e0c138d049e",NA,"3132147580"
32.262238,-110.956184,5,"Fringillidae","Haemorhous mexicanus",2020,1,2,"4fa7b334-ce0d-4e88-aaae-2e0c138d049e",NA,"3132605526"
32.262238,-110.956184,20,"Columbidae","Columba livia",2020,1,2,"4fa7b334-ce0d-4e88-aaae-2e0c138d049e",NA,"3132378560"
32.262238,-110.956184,6,"Fringillidae","Haemorhous mexicanus",2020,1,4,"4fa7b334-ce0d-4e88-aaae-2e0c138d049e",NA,"3224375452"
32.262238,-110.956184,9,"Columbidae","Columba livia",2020,1,4,"4fa7b334-ce0d-4e88-aaae-2e0c138d049e",NA,"3231320485"
32.262238,-110.956184,18,"Passeridae","Passer domesticus",2020,1,4,"4fa7b334-ce0d-4e88-aaae-2e0c138d049e",NA,"3228089473"
32.262238,-110.956184,1,"Trochilidae","Calypte anna",2020,1,4,"4fa7b334-ce0d-4e88-aaae-2e0c138d049e",NA,"3227396449"
32.262238,-110.956184,11,"Columbidae","Zenaida macroura",2020,1,4,"4fa7b334-ce0d-4e88-aaae-2e0c138d049e",NA,"3230408440"
32.262238,-110.956184,2,"Fringillidae","Spinus psaltria",2020,1,4,"4fa7b334-ce0d-4e88-aaae-2e0c138d049e",NA,"3219690476"
32.262238,-110.956184,1,"Fringillidae","Spinus psaltria",2020,2,2,"4fa7b334-ce0d-4e88-aaae-2e0c138d049e",NA,"3217545107"
32.262238,-110.956184,3,"Fringillidae","Haemorhous mexicanus",2020,2,2,"4fa7b334-ce0d-4e88-aaae-2e0c138d049e",NA,"3218662124"
32.262238,-110.956184,4,"Columbidae","Zenaida macroura",2020,2,2,"4fa7b334-ce0d-4e88-aaae-2e0c138d049e",NA,"3218201206"
32.262238,-110.956184,1,"Cardinalidae","Cardinalis sinuatus",2020,2,2,"4fa7b334-ce0d-4e88-aaae-2e0c138d049e",NA,"3219533246"
32.262238,-110.956184,10,"Passeridae","Passer domesticus",2020,2,2,"4fa7b334-ce0d-4e88-aaae-2e0c138d049e",NA,"3217759270"
32.262238,-110.956184,4,"Columbidae","Columba livia",2020,2,2,"4fa7b334-ce0d-4e88-aaae-2e0c138d049e",NA,"3242542154"
32.262238,-110.956184,2,"Fringillidae","Haemorhous mexicanus",2020,2,2,"4fa7b334-ce0d-4e88-aaae-2e0c138d049e",NA,"3259540323"
32.262238,-110.956184,2,"Fringillidae","Spinus psaltria",2020,2,2,"4fa7b334-ce0d-4e88-aaae-2e0c138d049e",NA,"3240971312"
32.262238,-110.956184,2,"Columbidae","Zenaida macroura",2020,2,2,"4fa7b334-ce0d-4e88-aaae-2e0c138d049e",NA,"3247627294"
32.262238,-110.956184,1,"Troglodytidae","Thryomanes bewickii",2020,2,2,"4fa7b334-ce0d-4e88-aaae-2e0c138d049e",NA,"3242542255"
32.262238,-110.956184,3,"Passeridae","Passer domesticus",2020,2,2,"4fa7b334-ce0d-4e88-aaae-2e0c138d049e",NA,"3246022258"
32.262238,-110.956184,3,"Fringillidae","Spinus psaltria",2020,2,21,"4fa7b334-ce0d-4e88-aaae-2e0c138d049e",NA,"3247394472"
32.262238,-110.956184,1,"Picidae","Melanerpes uropygialis",2020,2,21,"4fa7b334-ce0d-4e88-aaae-2e0c138d049e",NA,"3244219469"
32.262238,-110.956184,7,"Fringillidae","Haemorhous mexicanus",2020,2,21,"4fa7b334-ce0d-4e88-aaae-2e0c138d049e",NA,"3237101490"
32.262238,-110.956184,18,"Passeridae","Passer domesticus",2020,2,21,"4fa7b334-ce0d-4e88-aaae-2e0c138d049e",NA,"3234565448"
32.262238,-110.956184,5,"Columbidae","Zenaida macroura",2020,2,21,"4fa7b334-ce0d-4e88-aaae-2e0c138d049e",NA,"3235652471"
32.262238,-110.956184,8,"Columbidae","Columba livia",2020,2,21,"4fa7b334-ce0d-4e88-aaae-2e0c138d049e",NA,"3241859432"
32.262238,-110.956184,7,"Columbidae","Columba livia",2020,2,22,"4fa7b334-ce0d-4e88-aaae-2e0c138d049e",NA,"3136993958"
32.262238,-110.956184,2,"Fringillidae","Spinus psaltria",2020,2,22,"4fa7b334-ce0d-4e88-aaae-2e0c138d049e",NA,"3136451940"
32.262238,-110.956184,1,"Mimidae","Toxostoma curvirostre",2020,2,22,"4fa7b334-ce0d-4e88-aaae-2e0c138d049e",NA,"3135065960"
32.262238,-110.956184,1,"Picidae","Melanerpes uropygialis",2020,2,22,"4fa7b334-ce0d-4e88-aaae-2e0c138d049e",NA,"3145135989"
32.262238,-110.956184,3,"Passeridae","Passer domesticus",2020,2,22,"4fa7b334-ce0d-4e88-aaae-2e0c138d049e",NA,"3139316998"
32.262238,-110.956184,4,"Fringillidae","Haemorhous mexicanus",2020,2,22,"4fa7b334-ce0d-4e88-aaae-2e0c138d049e",NA,"3139005080"
32.262238,-110.956184,1,"Columbidae","Zenaida macroura",2020,2,22,"4fa7b334-ce0d-4e88-aaae-2e0c138d049e",NA,"3147357991"
32.262238,-110.956184,1,"Columbidae","Zenaida asiatica",2020,2,23,"4fa7b334-ce0d-4e88-aaae-2e0c138d049e",NA,"3218838415"
32.262238,-110.956184,4,"Fringillidae","Haemorhous mexicanus",2020,2,23,"4fa7b334-ce0d-4e88-aaae-2e0c138d049e",NA,"3226987381"
32.262238,-110.956184,2,"Fringillidae","Spinus psaltria",2020,2,23,"4fa7b334-ce0d-4e88-aaae-2e0c138d049e",NA,"3219040419"
32.262238,-110.956184,4,"Columbidae","Zenaida macroura",2020,2,23,"4fa7b334-ce0d-4e88-aaae-2e0c138d049e",NA,"3221565364"
32.262238,-110.956184,1,"Mimidae","Toxostoma curvirostre",2020,2,23,"4fa7b334-ce0d-4e88-aaae-2e0c138d049e",NA,"3220393314"
32.262238,-110.956184,2,"Columbidae","Columba livia",2020,2,23,"4fa7b334-ce0d-4e88-aaae-2e0c138d049e",NA,"3223210336"
32.262238,-110.956184,2,"Picidae","Melanerpes uropygialis",2020,2,23,"4fa7b334-ce0d-4e88-aaae-2e0c138d049e",NA,"3151353286"
32.262238,-110.956184,8,"Passeridae","Passer domesticus",2020,2,23,"4fa7b334-ce0d-4e88-aaae-2e0c138d049e",NA,"3146649345"
32.262238,-110.956184,1,"Columbidae","Zenaida macroura",2020,2,24,"4fa7b334-ce0d-4e88-aaae-2e0c138d049e",NA,"3136474095"
32.262238,-110.956184,2,"Fringillidae","Spinus psaltria",2020,2,24,"4fa7b334-ce0d-4e88-aaae-2e0c138d049e",NA,"3139230001"
32.262238,-110.956184,1,"Trochilidae","Calypte anna",2020,2,24,"4fa7b334-ce0d-4e88-aaae-2e0c138d049e",NA,"3146819087"
32.262238,-110.956184,7,"Passeridae","Passer domesticus",2020,2,24,"4fa7b334-ce0d-4e88-aaae-2e0c138d049e",NA,"3149574029"
32.262238,-110.956184,1,"Columbidae","Columba livia",2020,2,24,"4fa7b334-ce0d-4e88-aaae-2e0c138d049e",NA,"3136148034"
32.262238,-110.956184,3,"Fringillidae","Haemorhous mexicanus",2020,2,24,"4fa7b334-ce0d-4e88-aaae-2e0c138d049e",NA,"3137221069"
32.262238,-110.956184,2,"Mimidae","Toxostoma curvirostre",2020,2,24,"4fa7b334-ce0d-4e88-aaae-2e0c138d049e",NA,"3136722162"
32.262238,-110.956184,1,"Picidae","Melanerpes uropygialis",2020,2,24,"4fa7b334-ce0d-4e88-aaae-2e0c138d049e",NA,"3137040073"
32.262238,-110.956184,5,"Columbidae","Zenaida macroura",2020,2,27,"4fa7b334-ce0d-4e88-aaae-2e0c138d049e",NA,"3144157448"
32.262238,-110.956184,8,"Passeridae","Passer domesticus",2020,2,27,"4fa7b334-ce0d-4e88-aaae-2e0c138d049e",NA,"3138274381"
32.262238,-110.956184,4,"Fringillidae","Haemorhous mexicanus",2020,2,27,"4fa7b334-ce0d-4e88-aaae-2e0c138d049e",NA,"3138838506"
32.262238,-110.956184,8,"Columbidae","Columba livia",2020,2,27,"4fa7b334-ce0d-4e88-aaae-2e0c138d049e",NA,"3150833544"
32.262238,-110.956184,1,"Columbidae","Zenaida asiatica",2020,2,27,"4fa7b334-ce0d-4e88-aaae-2e0c138d049e",NA,"3154688600"
32.262238,-110.956184,4,"Fringillidae","Spinus psaltria",2020,2,27,"4fa7b334-ce0d-4e88-aaae-2e0c138d049e",NA,"3154746509"
32.262238,-110.956184,2,"Picidae","Melanerpes uropygialis",2020,2,27,"4fa7b334-ce0d-4e88-aaae-2e0c138d049e",NA,"3140369430"
32.262238,-110.956184,4,"Passeridae","Passer domesticus",2020,2,28,"4fa7b334-ce0d-4e88-aaae-2e0c138d049e",NA,"3224193926"
32.262238,-110.956184,2,"Columbidae","Columba livia",2020,2,28,"4fa7b334-ce0d-4e88-aaae-2e0c138d049e",NA,"3230130915"
32.262238,-110.956184,3,"Fringillidae","Haemorhous mexicanus",2020,2,28,"4fa7b334-ce0d-4e88-aaae-2e0c138d049e",NA,"3219748941"
32.262238,-110.956184,1,"Trochilidae","Calypte anna",2020,2,28,"4fa7b334-ce0d-4e88-aaae-2e0c138d049e",NA,"3220222990"
32.262238,-110.956184,1,"Columbidae","Zenaida asiatica",2020,2,28,"4fa7b334-ce0d-4e88-aaae-2e0c138d049e",NA,"3225086932"
32.262238,-110.956184,3,"Columbidae","Zenaida macroura",2020,2,28,"4fa7b334-ce0d-4e88-aaae-2e0c138d049e",NA,"3219047939"
32.262238,-110.956184,3,"Fringillidae","Spinus psaltria",2020,2,28,"4fa7b334-ce0d-4e88-aaae-2e0c138d049e",NA,"3137203840"
32.262238,-110.956184,1,"Fringillidae","Haemorhous mexicanus",2020,3,3,"4fa7b334-ce0d-4e88-aaae-2e0c138d049e",NA,"3153930277"
32.262238,-110.956184,2,"Columbidae","Zenaida macroura",2020,3,3,"4fa7b334-ce0d-4e88-aaae-2e0c138d049e",NA,"3140772252"
32.262238,-110.956184,5,"Columbidae","Columba livia",2020,3,3,"4fa7b334-ce0d-4e88-aaae-2e0c138d049e",NA,"3136784993"
32.262238,-110.956184,1,"Trochilidae","Calypte costae",2020,3,3,"4fa7b334-ce0d-4e88-aaae-2e0c138d049e",NA,"3138413984"
32.262238,-110.956184,2,"Fringillidae","Spinus psaltria",2020,3,8,"4fa7b334-ce0d-4e88-aaae-2e0c138d049e",NA,"3136699806"
32.262238,-110.956184,6,"Columbidae","Columba livia",2020,3,8,"4fa7b334-ce0d-4e88-aaae-2e0c138d049e",NA,"3139146789"
32.262238,-110.956184,1,"Mimidae","Toxostoma curvirostre",2020,3,8,"4fa7b334-ce0d-4e88-aaae-2e0c138d049e",NA,"3138129746"
32.262238,-110.956184,2,"Picidae","Melanerpes uropygialis",2020,3,8,"4fa7b334-ce0d-4e88-aaae-2e0c138d049e",NA,"3138197805"
32.262238,-110.956184,3,"Columbidae","Zenaida macroura",2020,3,8,"4fa7b334-ce0d-4e88-aaae-2e0c138d049e",NA,"3143218753"
32.262238,-110.956184,3,"Fringillidae","Haemorhous mexicanus",2020,3,8,"4fa7b334-ce0d-4e88-aaae-2e0c138d049e",NA,"3138757839"
32.262238,-110.956184,2,"Picidae","Melanerpes uropygialis",2020,3,11,"4fa7b334-ce0d-4e88-aaae-2e0c138d049e",NA,"3137912219"
32.262238,-110.956184,4,"Trochilidae","Calypte anna",2020,3,11,"4fa7b334-ce0d-4e88-aaae-2e0c138d049e",NA,"3140547204"
32.262238,-110.956184,1,"Polioptilidae","Polioptila melanura",2020,3,11,"4fa7b334-ce0d-4e88-aaae-2e0c138d049e",NA,"3136964196"
32.262238,-110.956184,7,"Fringillidae","Haemorhous mexicanus",2020,3,11,"4fa7b334-ce0d-4e88-aaae-2e0c138d049e",NA,"3144534154"
32.262238,-110.956184,4,"Mimidae","Toxostoma curvirostre",2020,3,11,"4fa7b334-ce0d-4e88-aaae-2e0c138d049e",NA,"3142475210"
32.262238,-110.956184,1,"Columbidae","Zenaida asiatica",2020,3,11,"4fa7b334-ce0d-4e88-aaae-2e0c138d049e",NA,"3139733279"
32.262238,-110.956184,10,"Columbidae","Columba livia",2020,3,11,"4fa7b334-ce0d-4e88-aaae-2e0c138d049e",NA,"3154561298"
32.262238,-110.956184,6,"Columbidae","Zenaida macroura",2020,3,11,"4fa7b334-ce0d-4e88-aaae-2e0c138d049e",NA,"3158498323"
32.262238,-110.956184,17,"Passeridae","Passer domesticus",2020,3,11,"4fa7b334-ce0d-4e88-aaae-2e0c138d049e",NA,"3155250396"
32.262238,-110.956184,5,"Columbidae","Zenaida macroura",2020,3,15,"4fa7b334-ce0d-4e88-aaae-2e0c138d049e",NA,"3157991437"
32.262238,-110.956184,1,"Fringillidae","Haemorhous mexicanus",2020,3,15,"4fa7b334-ce0d-4e88-aaae-2e0c138d049e",NA,"3137767511"
32.262238,-110.956184,1,"Trochilidae","Calypte anna",2020,3,15,"4fa7b334-ce0d-4e88-aaae-2e0c138d049e",NA,"3156579486"
32.262238,-110.956184,6,"Passeridae","Passer domesticus",2020,3,15,"4fa7b334-ce0d-4e88-aaae-2e0c138d049e",NA,"3149843459"
32.262238,-110.956184,6,"Columbidae","Columba livia",2020,3,15,"4fa7b334-ce0d-4e88-aaae-2e0c138d049e",NA,"3137580415"
32.262238,-110.956184,2,"Fringillidae","Haemorhous mexicanus",2020,3,17,"4fa7b334-ce0d-4e88-aaae-2e0c138d049e",NA,"3159675442"
32.262238,-110.956184,2,"Columbidae","Zenaida macroura",2020,3,17,"4fa7b334-ce0d-4e88-aaae-2e0c138d049e",NA,"3147957619"
32.262238,-110.956184,6,"Columbidae","Columba livia",2020,3,17,"4fa7b334-ce0d-4e88-aaae-2e0c138d049e",NA,"3145272642"
32.262238,-110.956184,1,"Mimidae","Toxostoma curvirostre",2020,3,17,"4fa7b334-ce0d-4e88-aaae-2e0c138d049e",NA,"3153294678"
32.262238,-110.956184,9,"Passeridae","Passer domesticus",2020,3,17,"4fa7b334-ce0d-4e88-aaae-2e0c138d049e",NA,"3140110667"
32.262238,-110.956184,1,"Trochilidae","Calypte anna",2020,3,18,"4fa7b334-ce0d-4e88-aaae-2e0c138d049e",NA,"3142627810"
32.262238,-110.956184,2,"Accipitridae","Accipiter cooperii",2020,3,18,"4fa7b334-ce0d-4e88-aaae-2e0c138d049e",NA,"3138267762"
32.262238,-110.956184,18,"Passeridae","Passer domesticus",2020,3,18,"4fa7b334-ce0d-4e88-aaae-2e0c138d049e",NA,"3147290801"
32.262238,-110.956184,5,"Columbidae","Columba livia",2020,3,18,"4fa7b334-ce0d-4e88-aaae-2e0c138d049e",NA,"3140960778"
32.262238,-110.956184,2,"Picidae","Melanerpes uropygialis",2020,3,18,"4fa7b334-ce0d-4e88-aaae-2e0c138d049e",NA,"3141445740"
32.262238,-110.956184,8,"Columbidae","Zenaida macroura",2020,3,18,"4fa7b334-ce0d-4e88-aaae-2e0c138d049e",NA,"3139148736"
32.262238,-110.956184,3,"Remizidae","Auriparus flaviceps",2020,3,18,"4fa7b334-ce0d-4e88-aaae-2e0c138d049e",NA,"3160121899"
32.262238,-110.956184,6,"Fringillidae","Haemorhous mexicanus",2020,3,18,"4fa7b334-ce0d-4e88-aaae-2e0c138d049e",NA,"3157335875"
32.262238,-110.956184,1,"Picidae","Melanerpes uropygialis",2020,3,20,"4fa7b334-ce0d-4e88-aaae-2e0c138d049e",NA,"3138222909"
32.262238,-110.956184,1,"Columbidae","Streptopelia decaocto",2020,3,20,"4fa7b334-ce0d-4e88-aaae-2e0c138d049e",NA,"3158491843"
32.262238,-110.956184,1,"Remizidae","Auriparus flaviceps",2020,3,20,"4fa7b334-ce0d-4e88-aaae-2e0c138d049e",NA,"3151789830"
32.262238,-110.956184,2,"Columbidae","Zenaida macroura",2020,3,20,"4fa7b334-ce0d-4e88-aaae-2e0c138d049e",NA,"3137733949"
32.262238,-110.956184,4,"Fringillidae","Haemorhous mexicanus",2020,3,20,"4fa7b334-ce0d-4e88-aaae-2e0c138d049e",NA,"3152842825"
32.262238,-110.956184,4,"Fringillidae","Spinus psaltria",2020,3,20,"4fa7b334-ce0d-4e88-aaae-2e0c138d049e",NA,"3160399933"
32.262238,-110.956184,16,"Passeridae","Passer domesticus",2020,3,20,"4fa7b334-ce0d-4e88-aaae-2e0c138d049e",NA,"3274001130"
32.262238,-110.956184,1,"Columbidae","Columba livia",2020,3,20,"4fa7b334-ce0d-4e88-aaae-2e0c138d049e",NA,"3219613880"
32.262238,-110.956184,1,"Columbidae","Streptopelia decaocto",2020,3,22,"4fa7b334-ce0d-4e88-aaae-2e0c138d049e",NA,"3156312125"
32.262238,-110.956184,2,"Accipitridae","Accipiter cooperii",2020,3,22,"4fa7b334-ce0d-4e88-aaae-2e0c138d049e",NA,"3154898139"
32.262238,-110.956184,4,"Trochilidae","Calypte anna",2020,3,22,"4fa7b334-ce0d-4e88-aaae-2e0c138d049e",NA,"3138333199"
32.262238,-110.956184,14,"Columbidae","Zenaida macroura",2020,3,22,"4fa7b334-ce0d-4e88-aaae-2e0c138d049e",NA,"3144730202"
32.262238,-110.956184,19,"Columbidae","Columba livia",2020,3,22,"4fa7b334-ce0d-4e88-aaae-2e0c138d049e",NA,"3143782060"
32.262238,-110.956184,2,"Mimidae","Toxostoma curvirostre",2020,3,22,"4fa7b334-ce0d-4e88-aaae-2e0c138d049e",NA,"3140105067"
32.262238,-110.956184,8,"Fringillidae","Haemorhous mexicanus",2020,3,22,"4fa7b334-ce0d-4e88-aaae-2e0c138d049e",NA,"3144249103"
32.262238,-110.956184,3,"Picidae","Melanerpes uropygialis",2020,3,22,"4fa7b334-ce0d-4e88-aaae-2e0c138d049e",NA,"3139684041"
32.262238,-110.956184,4,"Fringillidae","Spinus psaltria",2020,3,22,"4fa7b334-ce0d-4e88-aaae-2e0c138d049e",NA,"3148406036"
32.262238,-110.956184,4,"Remizidae","Auriparus flaviceps",2020,3,22,"4fa7b334-ce0d-4e88-aaae-2e0c138d049e",NA,"3141346926"
32.262238,-110.956184,22,"Passeridae","Passer domesticus",2020,3,22,"4fa7b334-ce0d-4e88-aaae-2e0c138d049e",NA,"3142178011"
32.262238,-110.956184,1,"Polioptilidae","Polioptila melanura",2020,3,25,"4fa7b334-ce0d-4e88-aaae-2e0c138d049e",NA,"3144842669"
32.262238,-110.956184,2,"Mimidae","Toxostoma curvirostre",2020,3,25,"4fa7b334-ce0d-4e88-aaae-2e0c138d049e",NA,"3150618592"
32.262238,-110.956184,1,"Columbidae","Zenaida asiatica",2020,3,25,"4fa7b334-ce0d-4e88-aaae-2e0c138d049e",NA,"3158565553"
32.262238,-110.956184,2,"Columbidae","Streptopelia decaocto",2020,3,25,"4fa7b334-ce0d-4e88-aaae-2e0c138d049e",NA,"3152108575"
32.262238,-110.956184,4,"Fringillidae","Haemorhous mexicanus",2020,3,25,"4fa7b334-ce0d-4e88-aaae-2e0c138d049e",NA,"3157082609"
32.262238,-110.956184,11,"Columbidae","Zenaida macroura",2020,3,25,"4fa7b334-ce0d-4e88-aaae-2e0c138d049e",NA,"3155673627"
32.262238,-110.956184,7,"Passeridae","Passer domesticus",2020,3,25,"4fa7b334-ce0d-4e88-aaae-2e0c138d049e",NA,"3138778689"
32.262238,-110.956184,1,"Mimidae","Mimus polyglottos",2020,3,25,"4fa7b334-ce0d-4e88-aaae-2e0c138d049e",NA,"3145538705"
32.262238,-110.956184,2,"Fringillidae","Spinus psaltria",2020,3,25,"4fa7b334-ce0d-4e88-aaae-2e0c138d049e",NA,"3144423557"
32.25767,-110.94778,1,"Emberizidae","Spizella breweri",2020,3,26,"4fa7b334-ce0d-4e88-aaae-2e0c138d049e",NA,"3272237946"
32.262238,-110.956184,7,"Passeridae","Passer domesticus",2020,4,16,"4fa7b334-ce0d-4e88-aaae-2e0c138d049e",NA,"3144288981"
32.262238,-110.956184,1,"Picidae","Melanerpes uropygialis",2020,4,16,"4fa7b334-ce0d-4e88-aaae-2e0c138d049e",NA,"3144629037"
32.262238,-110.956184,1,"Mimidae","Toxostoma curvirostre",2020,4,16,"4fa7b334-ce0d-4e88-aaae-2e0c138d049e",NA,"3150815962"
32.262238,-110.956184,1,"Emberizidae","Peucaea carpalis",2020,4,16,"4fa7b334-ce0d-4e88-aaae-2e0c138d049e",NA,"3145383054"
32.262238,-110.956184,2,"Columbidae","Zenaida asiatica",2020,4,16,"4fa7b334-ce0d-4e88-aaae-2e0c138d049e",NA,"3152472967"
32.262238,-110.956184,3,"Fringillidae","Haemorhous mexicanus",2020,4,16,"4fa7b334-ce0d-4e88-aaae-2e0c138d049e",NA,"3148718973"
32.262238,-110.956184,1,"Columbidae","Zenaida macroura",2020,4,16,"4fa7b334-ce0d-4e88-aaae-2e0c138d049e",NA,"3144472979"
32.262238,-110.956184,1,"Fringillidae","Haemorhous mexicanus",2020,4,28,"4fa7b334-ce0d-4e88-aaae-2e0c138d049e",NA,"3232436968"
32.262238,-110.956184,2,"Passeridae","Passer domesticus",2020,4,28,"4fa7b334-ce0d-4e88-aaae-2e0c138d049e",NA,"3226592868"
32.262238,-110.956184,2,"Columbidae","Columba livia",2020,4,28,"4fa7b334-ce0d-4e88-aaae-2e0c138d049e",NA,"3244482952"
32.262238,-110.956184,1,"Parulidae","Leiothlypis luciae",2020,4,28,"4fa7b334-ce0d-4e88-aaae-2e0c138d049e",NA,"3239848906"
32.262238,-110.956184,1,"Columbidae","Zenaida asiatica",2020,4,28,"4fa7b334-ce0d-4e88-aaae-2e0c138d049e",NA,"3235572822"
32.262238,-110.956184,1,"Falconidae","Falco sparverius",2020,5,3,"4fa7b334-ce0d-4e88-aaae-2e0c138d049e",NA,"3235642502"
32.262238,-110.956184,3,"Fringillidae","Haemorhous mexicanus",2020,5,3,"4fa7b334-ce0d-4e88-aaae-2e0c138d049e",NA,"3241229558"
32.262238,-110.956184,2,"Columbidae","Zenaida asiatica",2020,5,3,"4fa7b334-ce0d-4e88-aaae-2e0c138d049e",NA,"3248716681"
32.262238,-110.956184,2,"Columbidae","Zenaida macroura",2020,5,3,"4fa7b334-ce0d-4e88-aaae-2e0c138d049e",NA,"3239175759"
32.262238,-110.956184,1,"Columbidae","Columba livia",2020,5,3,"4fa7b334-ce0d-4e88-aaae-2e0c138d049e",NA,"3247379379"
32.264084,-110.950745,2,"Picidae","Melanerpes uropygialis",2020,8,23,"4fa7b334-ce0d-4e88-aaae-2e0c138d049e",NA,"3294022236"
32.26424,-110.95079,1,"Trochilidae","Cynanthus latirostris",2020,8,24,"4fa7b334-ce0d-4e88-aaae-2e0c138d049e",NA,"3298498692"
32.262238,-110.956184,1,"Trochilidae","Calypte anna",2020,10,25,"4fa7b334-ce0d-4e88-aaae-2e0c138d049e",NA,"3200953427"
32.262238,-110.956184,1,"Picidae","Melanerpes uropygialis",2020,10,25,"4fa7b334-ce0d-4e88-aaae-2e0c138d049e",NA,"3202489252"
32.262238,-110.956184,4,"Columbidae","Columba livia",2020,10,25,"4fa7b334-ce0d-4e88-aaae-2e0c138d049e",NA,"3207553187"
32.262238,-110.956184,11,"Passeridae","Passer domesticus",2020,10,25,"4fa7b334-ce0d-4e88-aaae-2e0c138d049e",NA,"3190854346"
32.262238,-110.956184,2,"Fringillidae","Spinus psaltria",2020,10,25,"4fa7b334-ce0d-4e88-aaae-2e0c138d049e",NA,"3190537454"
32.262238,-110.956184,1,"Mimidae","Toxostoma curvirostre",2020,10,25,"4fa7b334-ce0d-4e88-aaae-2e0c138d049e",NA,"3186246218"
32.262238,-110.956184,7,"Fringillidae","Haemorhous mexicanus",2020,10,25,"4fa7b334-ce0d-4e88-aaae-2e0c138d049e",NA,"3208761384"
32.262238,-110.956184,1,"Picidae","Melanerpes uropygialis",2020,10,27,"4fa7b334-ce0d-4e88-aaae-2e0c138d049e",NA,"3295825112"
32.262238,-110.956184,1,"Falconidae","Falco sparverius",2020,10,27,"4fa7b334-ce0d-4e88-aaae-2e0c138d049e",NA,"3295418074"
32.262238,-110.956184,1,"Trochilidae","Calypte anna",2020,10,27,"4fa7b334-ce0d-4e88-aaae-2e0c138d049e",NA,"3285807135"
32.262238,-110.956184,22,"Fringillidae","Haemorhous mexicanus",2020,10,27,"4fa7b334-ce0d-4e88-aaae-2e0c138d049e",NA,"3292521994"
32.262238,-110.956184,3,"Passeridae","Passer domesticus",2020,10,27,"4fa7b334-ce0d-4e88-aaae-2e0c138d049e",NA,"3292996948"
32.262238,-110.956184,30,"Columbidae","Columba livia",2020,10,27,"4fa7b334-ce0d-4e88-aaae-2e0c138d049e",NA,"3272292362"
32.262238,-110.956184,20,"Fringillidae","Haemorhous mexicanus",2020,10,27,"4fa7b334-ce0d-4e88-aaae-2e0c138d049e",NA,"3271990482"
32.262238,-110.956184,1,"Trochilidae","Calypte anna",2020,10,27,"4fa7b334-ce0d-4e88-aaae-2e0c138d049e",NA,"3271679420"
32.262238,-110.956184,1,"Accipitridae","Accipiter cooperii",2020,10,27,"4fa7b334-ce0d-4e88-aaae-2e0c138d049e",NA,"3256963714"
32.262238,-110.956184,1,"Cardinalidae","Cardinalis sinuatus",2020,10,27,"4fa7b334-ce0d-4e88-aaae-2e0c138d049e",NA,"3274303515"
32.262238,-110.956184,4,"Columbidae","Zenaida macroura",2020,10,27,"4fa7b334-ce0d-4e88-aaae-2e0c138d049e",NA,"3266758397"
32.262238,-110.956184,6,"Fringillidae","Haemorhous mexicanus",2020,11,3,"4fa7b334-ce0d-4e88-aaae-2e0c138d049e",NA,"3202590508"
32.262238,-110.956184,1,"Picidae","Melanerpes uropygialis",2020,11,3,"4fa7b334-ce0d-4e88-aaae-2e0c138d049e",NA,"3204259327"
32.262238,-110.956184,1,"Trochilidae","Calypte anna",2020,11,3,"4fa7b334-ce0d-4e88-aaae-2e0c138d049e",NA,"3208754271"
32.262238,-110.956184,1,"Columbidae","Columba livia",2020,11,3,"4fa7b334-ce0d-4e88-aaae-2e0c138d049e",NA,"3199591227"
32.262238,-110.956184,7,"Passeridae","Passer domesticus",2020,11,5,"4fa7b334-ce0d-4e88-aaae-2e0c138d049e",NA,"3189399776"
32.262238,-110.956184,1,"Picidae","Melanerpes uropygialis",2020,11,5,"4fa7b334-ce0d-4e88-aaae-2e0c138d049e",NA,"3211334704"
32.262238,-110.956184,2,"Remizidae","Auriparus flaviceps",2020,11,5,"4fa7b334-ce0d-4e88-aaae-2e0c138d049e",NA,"3189840937"
32.262238,-110.956184,11,"Fringillidae","Haemorhous mexicanus",2020,11,5,"4fa7b334-ce0d-4e88-aaae-2e0c138d049e",NA,"3193009850"
32.262238,-110.956184,19,"Columbidae","Columba livia",2020,11,5,"4fa7b334-ce0d-4e88-aaae-2e0c138d049e",NA,"3188833888"
32.262238,-110.956184,2,"Columbidae","Zenaida macroura",2020,11,5,"4fa7b334-ce0d-4e88-aaae-2e0c138d049e",NA,"3198343736"
32.262238,-110.956184,1,"Trochilidae","Calypte anna",2020,11,9,"4fa7b334-ce0d-4e88-aaae-2e0c138d049e",NA,"3263404571"
32.262238,-110.956184,6,"Fringillidae","Haemorhous mexicanus",2020,11,9,"4fa7b334-ce0d-4e88-aaae-2e0c138d049e",NA,"3268936440"
32.262238,-110.956184,2,"Remizidae","Auriparus flaviceps",2020,11,9,"4fa7b334-ce0d-4e88-aaae-2e0c138d049e",NA,"3277875313"
32.262238,-110.956184,8,"Columbidae","Zenaida macroura",2020,11,9,"4fa7b334-ce0d-4e88-aaae-2e0c138d049e",NA,"3271124571"
32.262238,-110.956184,3,"Picidae","Melanerpes uropygialis",2020,11,9,"4fa7b334-ce0d-4e88-aaae-2e0c138d049e",NA,"3281901329"
32.262238,-110.956184,1,"Accipitridae","Accipiter cooperii",2020,11,9,"4fa7b334-ce0d-4e88-aaae-2e0c138d049e",NA,"3280564400"
32.262238,-110.956184,4,"Passeridae","Passer domesticus",2020,11,9,"4fa7b334-ce0d-4e88-aaae-2e0c138d049e",NA,"3287760366"
32.262238,-110.956184,6,"Columbidae","Columba livia",2020,11,9,"4fa7b334-ce0d-4e88-aaae-2e0c138d049e",NA,"3292475605"
32.262238,-110.956184,1,"Mimidae","Toxostoma curvirostre",2020,11,9,"4fa7b334-ce0d-4e88-aaae-2e0c138d049e",NA,"3288406474"
32.262238,-110.956184,1,"Falconidae","Falco sparverius",2020,11,10,"4fa7b334-ce0d-4e88-aaae-2e0c138d049e",NA,"3193498050"
32.262238,-110.956184,3,"Passeridae","Passer domesticus",2020,11,10,"4fa7b334-ce0d-4e88-aaae-2e0c138d049e",NA,"3257908006"
32.262238,-110.956184,1,"Trochilidae","Calypte anna",2020,11,10,"4fa7b334-ce0d-4e88-aaae-2e0c138d049e",NA,"3293990399"
32.262238,-110.956184,11,"Fringillidae","Haemorhous mexicanus",2020,11,10,"4fa7b334-ce0d-4e88-aaae-2e0c138d049e",NA,"3298589540"
32.262238,-110.956184,1,"Columbidae","Zenaida macroura",2020,11,11,"4fa7b334-ce0d-4e88-aaae-2e0c138d049e",NA,"3282162377"
32.262238,-110.956184,6,"Fringillidae","Haemorhous mexicanus",2020,11,11,"4fa7b334-ce0d-4e88-aaae-2e0c138d049e",NA,"3281289544"
32.262238,-110.956184,8,"Passeridae","Passer domesticus",2020,11,11,"4fa7b334-ce0d-4e88-aaae-2e0c138d049e",NA,"3275876506"
32.262238,-110.956184,1,"Trochilidae","Calypte anna",2020,11,11,"4fa7b334-ce0d-4e88-aaae-2e0c138d049e",NA,"3286893271"
32.262238,-110.956184,1,"Picidae","Melanerpes uropygialis",2020,11,11,"4fa7b334-ce0d-4e88-aaae-2e0c138d049e",NA,"3275821575"
32.262238,-110.956184,20,"Columbidae","Columba livia",2020,11,11,"4fa7b334-ce0d-4e88-aaae-2e0c138d049e",NA,"3276778619"
32.262238,-110.956184,1,"Trochilidae","Calypte anna",2020,11,12,"4fa7b334-ce0d-4e88-aaae-2e0c138d049e",NA,"3279474188"
32.262238,-110.956184,1,"Troglodytidae","Troglodytes aedon",2020,11,12,"4fa7b334-ce0d-4e88-aaae-2e0c138d049e",NA,"3274307186"
32.262238,-110.956184,7,"Passeridae","Passer domesticus",2020,11,12,"4fa7b334-ce0d-4e88-aaae-2e0c138d049e",NA,"3263744187"
32.262238,-110.956184,1,"Picidae","Melanerpes uropygialis",2020,11,12,"4fa7b334-ce0d-4e88-aaae-2e0c138d049e",NA,"3267177258"
32.262238,-110.956184,4,"Fringillidae","Haemorhous mexicanus",2020,11,12,"4fa7b334-ce0d-4e88-aaae-2e0c138d049e",NA,"3266136212"
32.262238,-110.956184,19,"Columbidae","Columba livia",2020,11,13,"4fa7b334-ce0d-4e88-aaae-2e0c138d049e",NA,"3204262727"
32.262238,-110.956184,2,"Mimidae","Toxostoma curvirostre",2020,11,13,"4fa7b334-ce0d-4e88-aaae-2e0c138d049e",NA,"3206075518"
32.262238,-110.956184,2,"Columbidae","Zenaida macroura",2020,11,13,"4fa7b334-ce0d-4e88-aaae-2e0c138d049e",NA,"3187740804"
32.262238,-110.956184,1,"Picidae","Melanerpes uropygialis",2020,11,13,"4fa7b334-ce0d-4e88-aaae-2e0c138d049e",NA,"3194837578"
32.262238,-110.956184,3,"Fringillidae","Haemorhous mexicanus",2020,11,13,"4fa7b334-ce0d-4e88-aaae-2e0c138d049e",NA,"3194437710"
32.262238,-110.956184,1,"Picidae","Melanerpes uropygialis",2020,11,14,"4fa7b334-ce0d-4e88-aaae-2e0c138d049e",NA,"3199073256"
32.262238,-110.956184,4,"Fringillidae","Haemorhous mexicanus",2020,11,14,"4fa7b334-ce0d-4e88-aaae-2e0c138d049e",NA,"3191954321"
32.262238,-110.956184,1,"Columbidae","Zenaida macroura",2020,11,14,"4fa7b334-ce0d-4e88-aaae-2e0c138d049e",NA,"3213046272"
32.262238,-110.956184,3,"Passeridae","Passer domesticus",2020,11,14,"4fa7b334-ce0d-4e88-aaae-2e0c138d049e",NA,"3215471249"
32.262238,-110.956184,6,"Columbidae","Columba livia",2020,11,14,"4fa7b334-ce0d-4e88-aaae-2e0c138d049e",NA,"3214997315"
32.262238,-110.956184,2,"Picidae","Melanerpes uropygialis",2020,11,16,"4fa7b334-ce0d-4e88-aaae-2e0c138d049e",NA,"3206431964"
32.262238,-110.956184,3,"Passeridae","Passer domesticus",2020,11,16,"4fa7b334-ce0d-4e88-aaae-2e0c138d049e",NA,"3195237777"
32.262238,-110.956184,2,"Columbidae","Columba livia",2020,11,16,"4fa7b334-ce0d-4e88-aaae-2e0c138d049e",NA,"3193744766"
32.262238,-110.956184,1,"Remizidae","Auriparus flaviceps",2020,11,16,"4fa7b334-ce0d-4e88-aaae-2e0c138d049e",NA,"3197040717"
32.262238,-110.956184,7,"Fringillidae","Haemorhous mexicanus",2020,11,16,"4fa7b334-ce0d-4e88-aaae-2e0c138d049e",NA,"3194933876"
32.262238,-110.956184,2,"Trochilidae","Calypte anna",2020,11,16,"4fa7b334-ce0d-4e88-aaae-2e0c138d049e",NA,"3195587651"
32.262238,-110.956184,2,"Columbidae","Columba livia",2020,11,17,"4fa7b334-ce0d-4e88-aaae-2e0c138d049e",NA,"3280238481"
32.262238,-110.956184,2,"Passeridae","Passer domesticus",2020,11,17,"4fa7b334-ce0d-4e88-aaae-2e0c138d049e",NA,"3290291434"
32.262238,-110.956184,2,"Mimidae","Toxostoma curvirostre",2020,11,17,"4fa7b334-ce0d-4e88-aaae-2e0c138d049e",NA,"3290406423"
32.262238,-110.956184,5,"Fringillidae","Haemorhous mexicanus",2020,11,17,"4fa7b334-ce0d-4e88-aaae-2e0c138d049e",NA,"3267749332"
32.262238,-110.956184,2,"Fringillidae","Haemorhous mexicanus",2020,11,18,"4fa7b334-ce0d-4e88-aaae-2e0c138d049e",NA,"3209227832"
32.262238,-110.956184,1,"Remizidae","Auriparus flaviceps",2020,11,18,"4fa7b334-ce0d-4e88-aaae-2e0c138d049e",NA,"3208624638"
32.262238,-110.956184,1,"Picidae","Melanerpes uropygialis",2020,11,18,"4fa7b334-ce0d-4e88-aaae-2e0c138d049e",NA,"3193935721"
32.262238,-110.956184,7,"Passeridae","Passer domesticus",2020,11,18,"4fa7b334-ce0d-4e88-aaae-2e0c138d049e",NA,"3198070768"
32.262238,-110.956184,17,"Columbidae","Columba livia",2020,11,18,"4fa7b334-ce0d-4e88-aaae-2e0c138d049e",NA,"3197378691"
32.262238,-110.956184,2,"Mimidae","Toxostoma curvirostre",2020,11,19,"4fa7b334-ce0d-4e88-aaae-2e0c138d049e",NA,"3260164818"
32.262238,-110.956184,5,"Fringillidae","Haemorhous mexicanus",2020,11,19,"4fa7b334-ce0d-4e88-aaae-2e0c138d049e",NA,"3285300970"
32.262238,-110.956184,1,"Remizidae","Auriparus flaviceps",2020,11,19,"4fa7b334-ce0d-4e88-aaae-2e0c138d049e",NA,"3277822766"
32.262238,-110.956184,5,"Passeridae","Passer domesticus",2020,11,19,"4fa7b334-ce0d-4e88-aaae-2e0c138d049e",NA,"3257269555"
32.262238,-110.956184,7,"Columbidae","Columba livia",2020,11,19,"4fa7b334-ce0d-4e88-aaae-2e0c138d049e",NA,"3263949721"
32.262238,-110.956184,4,"Columbidae","Zenaida macroura",2020,11,19,"4fa7b334-ce0d-4e88-aaae-2e0c138d049e",NA,"3211650021"
32.262238,-110.956184,12,"Columbidae","Zenaida macroura",2020,11,20,"4fa7b334-ce0d-4e88-aaae-2e0c138d049e",NA,"3206522469"
32.262238,-110.956184,1,"Trochilidae","Calypte anna",2020,11,20,"4fa7b334-ce0d-4e88-aaae-2e0c138d049e",NA,"3207716340"
32.262238,-110.956184,28,"Passeridae","Passer domesticus",2020,11,20,"4fa7b334-ce0d-4e88-aaae-2e0c138d049e",NA,"3195289776"
32.262238,-110.956184,17,"Fringillidae","Haemorhous mexicanus",2020,11,20,"4fa7b334-ce0d-4e88-aaae-2e0c138d049e",NA,"3215851822"
32.262238,-110.956184,1,"Remizidae","Auriparus flaviceps",2020,11,20,"4fa7b334-ce0d-4e88-aaae-2e0c138d049e",NA,"3192683697"
32.262238,-110.956184,1,"Picidae","Melanerpes uropygialis",2020,11,20,"4fa7b334-ce0d-4e88-aaae-2e0c138d049e",NA,"3199191638"
32.262238,-110.956184,8,"Columbidae","Columba livia",2020,11,20,"4fa7b334-ce0d-4e88-aaae-2e0c138d049e",NA,"3198016446"
32.262104,-110.95638,1,"Accipitridae","Accipiter cooperii",2020,11,20,"4fa7b334-ce0d-4e88-aaae-2e0c138d049e",NA,"3277627681"
32.262104,-110.95638,1,"Columbidae","Zenaida macroura",2020,11,20,"4fa7b334-ce0d-4e88-aaae-2e0c138d049e",NA,"3286118674"
32.262104,-110.95638,2,"Picidae","Melanerpes uropygialis",2020,11,20,"4fa7b334-ce0d-4e88-aaae-2e0c138d049e",NA,"3301196037"
32.262104,-110.95638,19,"Fringillidae","Haemorhous mexicanus",2020,11,20,"4fa7b334-ce0d-4e88-aaae-2e0c138d049e",NA,"3283283400"
32.262104,-110.95638,20,"Columbidae","Columba livia",2020,11,20,"4fa7b334-ce0d-4e88-aaae-2e0c138d049e",NA,"3282605542"
32.262238,-110.956184,1,"Trochilidae","Calypte anna",2020,11,22,"4fa7b334-ce0d-4e88-aaae-2e0c138d049e",NA,"3292051170"
32.262238,-110.956184,4,"Passeridae","Passer domesticus",2020,11,22,"4fa7b334-ce0d-4e88-aaae-2e0c138d049e",NA,"3272478102"
32.262238,-110.956184,1,"Picidae","Melanerpes uropygialis",2020,11,22,"4fa7b334-ce0d-4e88-aaae-2e0c138d049e",NA,"3274296916"
32.262238,-110.956184,7,"Fringillidae","Haemorhous mexicanus",2020,11,22,"4fa7b334-ce0d-4e88-aaae-2e0c138d049e",NA,"3282984167"
32.262238,-110.956184,4,"Columbidae","Columba livia",2020,11,22,"4fa7b334-ce0d-4e88-aaae-2e0c138d049e",NA,"3275623040"
32.262238,-110.956184,2,"Columbidae","Zenaida macroura",2020,11,22,"4fa7b334-ce0d-4e88-aaae-2e0c138d049e",NA,"3296515096"
32.262238,-110.956184,1,"Trochilidae","Calypte anna",2020,11,23,"4fa7b334-ce0d-4e88-aaae-2e0c138d049e",NA,"3298718352"
32.262238,-110.956184,3,"Passeridae","Passer domesticus",2020,11,23,"4fa7b334-ce0d-4e88-aaae-2e0c138d049e",NA,"3291690093"
32.262238,-110.956184,7,"Columbidae","Zenaida macroura",2020,11,23,"4fa7b334-ce0d-4e88-aaae-2e0c138d049e",NA,"3293523348"
32.262238,-110.956184,6,"Fringillidae","Haemorhous mexicanus",2020,11,23,"4fa7b334-ce0d-4e88-aaae-2e0c138d049e",NA,"3295346293"
32.262238,-110.956184,44,"Columbidae","Columba livia",2020,11,23,"4fa7b334-ce0d-4e88-aaae-2e0c138d049e",NA,"3289383382"
32.262238,-110.956184,3,"Columbidae","Zenaida macroura",2020,11,24,"4fa7b334-ce0d-4e88-aaae-2e0c138d049e",NA,"3259476205"
32.262238,-110.956184,2,"Picidae","Melanerpes uropygialis",2020,11,24,"4fa7b334-ce0d-4e88-aaae-2e0c138d049e",NA,"3265740027"
32.262238,-110.956184,4,"Fringillidae","Haemorhous mexicanus",2020,11,24,"4fa7b334-ce0d-4e88-aaae-2e0c138d049e",NA,"3282194961"
32.262238,-110.956184,2,"Columbidae","Columba livia",2020,11,24,"4fa7b334-ce0d-4e88-aaae-2e0c138d049e",NA,"3267925068"
32.262238,-110.956184,1,"Trochilidae","Calypte anna",2020,11,24,"4fa7b334-ce0d-4e88-aaae-2e0c138d049e",NA,"3262723165"
32.262238,-110.956184,4,"Fringillidae","Haemorhous mexicanus",2020,11,25,"4fa7b334-ce0d-4e88-aaae-2e0c138d049e",NA,"3199124583"
32.262238,-110.956184,1,"Remizidae","Auriparus flaviceps",2020,11,25,"4fa7b334-ce0d-4e88-aaae-2e0c138d049e",NA,"3196694602"
32.262238,-110.956184,1,"Columbidae","Zenaida macroura",2020,11,25,"4fa7b334-ce0d-4e88-aaae-2e0c138d049e",NA,"3211706766"
32.262238,-110.956184,2,"Passeridae","Passer domesticus",2020,11,25,"4fa7b334-ce0d-4e88-aaae-2e0c138d049e",NA,"3207878864"
32.262238,-110.956184,2,"Mimidae","Toxostoma curvirostre",2020,11,25,"4fa7b334-ce0d-4e88-aaae-2e0c138d049e",NA,"3202204820"
32.262238,-110.956184,1,"Picidae","Melanerpes uropygialis",2020,11,25,"4fa7b334-ce0d-4e88-aaae-2e0c138d049e",NA,"3212034840"
32.262238,-110.956184,2,"Trochilidae","Calypte anna",2020,11,25,"4fa7b334-ce0d-4e88-aaae-2e0c138d049e",NA,"3212948764"
32.262238,-110.956184,1,"Picidae","Melanerpes uropygialis",2020,11,29,"4fa7b334-ce0d-4e88-aaae-2e0c138d049e",NA,"3269803235"
32.262238,-110.956184,3,"Fringillidae","Haemorhous mexicanus",2020,11,29,"4fa7b334-ce0d-4e88-aaae-2e0c138d049e",NA,"3271204161"
32.262238,-110.956184,1,"Passeridae","Passer domesticus",2020,11,29,"4fa7b334-ce0d-4e88-aaae-2e0c138d049e",NA,"3281926174"
32.262238,-110.956184,1,"Columbidae","Zenaida macroura",2020,11,29,"4fa7b334-ce0d-4e88-aaae-2e0c138d049e",NA,"3277217166"
32.262238,-110.956184,6,"Columbidae","Columba livia",2020,11,29,"4fa7b334-ce0d-4e88-aaae-2e0c138d049e",NA,"3266917222"
32.262238,-110.956184,5,"Passeridae","Passer domesticus",2020,12,1,"4fa7b334-ce0d-4e88-aaae-2e0c138d049e",NA,"3204620229"
32.262238,-110.956184,1,"Columbidae","Streptopelia decaocto",2020,12,1,"4fa7b334-ce0d-4e88-aaae-2e0c138d049e",NA,"3210014265"
32.262238,-110.956184,3,"Picidae","Melanerpes uropygialis",2020,12,1,"4fa7b334-ce0d-4e88-aaae-2e0c138d049e",NA,"3210853220"
32.262238,-110.956184,2,"Fringillidae","Haemorhous mexicanus",2020,12,1,"4fa7b334-ce0d-4e88-aaae-2e0c138d049e",NA,"3196863274"
32.262238,-110.956184,2,"Columbidae","Zenaida macroura",2020,12,1,"4fa7b334-ce0d-4e88-aaae-2e0c138d049e",NA,"3198852308"
32.262238,-110.956184,4,"Fringillidae","Haemorhous mexicanus",2020,12,5,"4fa7b334-ce0d-4e88-aaae-2e0c138d049e",NA,"3290261338"
32.262238,-110.956184,1,"Columbidae","Zenaida macroura",2020,12,5,"4fa7b334-ce0d-4e88-aaae-2e0c138d049e",NA,"3290143318"
32.262238,-110.956184,2,"Passeridae","Passer domesticus",2020,12,5,"4fa7b334-ce0d-4e88-aaae-2e0c138d049e",NA,"3292743171"
32.262238,-110.956184,1,"Trochilidae","Calypte anna",2020,12,5,"4fa7b334-ce0d-4e88-aaae-2e0c138d049e",NA,"3296785257"
32.262238,-110.956184,2,"Picidae","Melanerpes uropygialis",2020,12,6,"4fa7b334-ce0d-4e88-aaae-2e0c138d049e",NA,"3199143886"
32.262238,-110.956184,1,"Mimidae","Toxostoma curvirostre",2020,12,6,"4fa7b334-ce0d-4e88-aaae-2e0c138d049e",NA,"3198131012"
32.262238,-110.956184,5,"Fringillidae","Haemorhous mexicanus",2020,12,6,"4fa7b334-ce0d-4e88-aaae-2e0c138d049e",NA,"3207292141"
32.262238,-110.956184,6,"Columbidae","Columba livia",2020,12,6,"4fa7b334-ce0d-4e88-aaae-2e0c138d049e",NA,"3211590947"
32.262238,-110.956184,3,"Columbidae","Zenaida macroura",2020,12,6,"4fa7b334-ce0d-4e88-aaae-2e0c138d049e",NA,"3204850754"
32.262238,-110.956184,1,"Ptilogonatidae","Phainopepla nitens",2020,12,7,"4fa7b334-ce0d-4e88-aaae-2e0c138d049e",NA,"3194692279"
32.262238,-110.956184,2,"Fringillidae","Haemorhous mexicanus",2020,12,15,"4fa7b334-ce0d-4e88-aaae-2e0c138d049e",NA,"3263349074"
32.262238,-110.956184,7,"Columbidae","Columba livia",2020,12,15,"4fa7b334-ce0d-4e88-aaae-2e0c138d049e",NA,"3263824048"
32.262238,-110.956184,1,"Mimidae","Toxostoma curvirostre",2020,12,15,"4fa7b334-ce0d-4e88-aaae-2e0c138d049e",NA,"3299859232"
32.262238,-110.956184,2,"Columbidae","Zenaida macroura",2020,12,15,"4fa7b334-ce0d-4e88-aaae-2e0c138d049e",NA,"3268252893"
32.262238,-110.956184,6,"Passeridae","Passer domesticus",2020,12,15,"4fa7b334-ce0d-4e88-aaae-2e0c138d049e",NA,"3264908825"
32.262238,-110.956184,1,"Picidae","Melanerpes uropygialis",2020,12,17,"4fa7b334-ce0d-4e88-aaae-2e0c138d049e",NA,"3274004240"
32.262238,-110.956184,3,"Fringillidae","Haemorhous mexicanus",2020,12,17,"4fa7b334-ce0d-4e88-aaae-2e0c138d049e",NA,"3276844187"
32.262238,-110.956184,17,"Columbidae","Columba livia",2020,12,17,"4fa7b334-ce0d-4e88-aaae-2e0c138d049e",NA,"3269043367"
32.262238,-110.956184,3,"Columbidae","Zenaida macroura",2020,12,17,"4fa7b334-ce0d-4e88-aaae-2e0c138d049e",NA,"3264515263"
32.262238,-110.956184,3,"Fringillidae","Haemorhous mexicanus",2020,12,28,"4fa7b334-ce0d-4e88-aaae-2e0c138d049e",NA,"3285337490"
32.262238,-110.956184,13,"Passeridae","Passer domesticus",2020,12,28,"4fa7b334-ce0d-4e88-aaae-2e0c138d049e",NA,"3293569484"
32.262238,-110.956184,3,"Columbidae","Zenaida macroura",2020,12,31,"4fa7b334-ce0d-4e88-aaae-2e0c138d049e",NA,"3215414138"
32.262238,-110.956184,1,"Picidae","Melanerpes uropygialis",2020,12,31,"4fa7b334-ce0d-4e88-aaae-2e0c138d049e",NA,"3203071325"
32.262238,-110.956184,7,"Fringillidae","Haemorhous mexicanus",2020,12,31,"4fa7b334-ce0d-4e88-aaae-2e0c138d049e",NA,"3215635169"
32.262238,-110.956184,2,"Mimidae","Toxostoma curvirostre",2020,12,31,"4fa7b334-ce0d-4e88-aaae-2e0c138d049e",NA,"3215933313"
32.262238,-110.956184,3,"Passeridae","Passer domesticus",2020,12,31,"4fa7b334-ce0d-4e88-aaae-2e0c138d049e",NA,"3205971164"
32.262035,-110.94655,50,"Columbidae","Zenaida macroura",2019,1,17,"4fa7b334-ce0d-4e88-aaae-2e0c138d049e",NA,"2747588056"
32.262035,-110.94655,50,"Passeridae","Passer domesticus",2019,1,17,"4fa7b334-ce0d-4e88-aaae-2e0c138d049e",NA,"2740334003"
32.262035,-110.94655,10,"Odontophoridae","Callipepla gambelii",2019,1,17,"4fa7b334-ce0d-4e88-aaae-2e0c138d049e",NA,"2740573069"
32.262035,-110.94655,1,"Trochilidae","Calypte anna",2019,1,17,"4fa7b334-ce0d-4e88-aaae-2e0c138d049e",NA,"2745395001"
32.262035,-110.94655,50,"Columbidae","Zenaida macroura",2019,1,17,"4fa7b334-ce0d-4e88-aaae-2e0c138d049e",NA,"2743996145"
32.262035,-110.94655,50,"Passeridae","Passer domesticus",2019,1,17,"4fa7b334-ce0d-4e88-aaae-2e0c138d049e",NA,"2743098145"
32.262035,-110.94655,10,"Odontophoridae","Callipepla gambelii",2019,1,17,"4fa7b334-ce0d-4e88-aaae-2e0c138d049e",NA,"2745808111"
32.2621,-110.952614,1,"Cardinalidae","Piranga ludoviciana",2019,5,21,"4fa7b334-ce0d-4e88-aaae-2e0c138d049e",NA,"2677439254"
32.262238,-110.956184,2,"Picidae","Melanerpes uropygialis",2019,11,6,"4fa7b334-ce0d-4e88-aaae-2e0c138d049e",NA,"2722904592"
32.262238,-110.956184,4,"Fringillidae","Haemorhous mexicanus",2019,11,6,"4fa7b334-ce0d-4e88-aaae-2e0c138d049e",NA,"2703971536"
32.262238,-110.956184,20,"Columbidae","Columba livia",2019,11,6,"4fa7b334-ce0d-4e88-aaae-2e0c138d049e",NA,"2708602626"
32.262238,-110.956184,7,"Passeridae","Passer domesticus",2019,11,6,"4fa7b334-ce0d-4e88-aaae-2e0c138d049e",NA,"2706291600"
32.262238,-110.956184,1,"Remizidae","Auriparus flaviceps",2019,11,6,"4fa7b334-ce0d-4e88-aaae-2e0c138d049e",NA,"2708260616"
32.262238,-110.956184,15,"Columbidae","Columba livia",2019,11,6,"4fa7b334-ce0d-4e88-aaae-2e0c138d049e",NA,"2706697595"
32.262238,-110.956184,1,"Fringillidae","Haemorhous mexicanus",2019,11,6,"4fa7b334-ce0d-4e88-aaae-2e0c138d049e",NA,"2718202603"
32.262238,-110.956184,1,"Mimidae","Toxostoma curvirostre",2019,11,6,"4fa7b334-ce0d-4e88-aaae-2e0c138d049e",NA,"2703811590"
32.262238,-110.956184,2,"Picidae","Melanerpes uropygialis",2019,11,6,"4fa7b334-ce0d-4e88-aaae-2e0c138d049e",NA,"2707078536"
32.262238,-110.956184,1,"Remizidae","Auriparus flaviceps",2019,11,7,"4fa7b334-ce0d-4e88-aaae-2e0c138d049e",NA,"2784914946"
32.262238,-110.956184,5,"Passeridae","Passer domesticus",2019,11,7,"4fa7b334-ce0d-4e88-aaae-2e0c138d049e",NA,"2785185806"
32.262238,-110.956184,2,"Picidae","Melanerpes uropygialis",2019,11,7,"4fa7b334-ce0d-4e88-aaae-2e0c138d049e",NA,"2780215020"
32.262238,-110.956184,15,"Fringillidae","Haemorhous mexicanus",2019,11,7,"4fa7b334-ce0d-4e88-aaae-2e0c138d049e",NA,"2777982715"
32.262238,-110.956184,1,"Mimidae","Toxostoma curvirostre",2019,11,7,"4fa7b334-ce0d-4e88-aaae-2e0c138d049e",NA,"2788666967"
32.262238,-110.956184,7,"Columbidae","Columba livia",2019,11,7,"4fa7b334-ce0d-4e88-aaae-2e0c138d049e",NA,"2709711932"
32.262238,-110.956184,1,"Troglodytidae","Campylorhynchus brunneicapillus",2019,11,7,"4fa7b334-ce0d-4e88-aaae-2e0c138d049e",NA,"2794476579"
32.262238,-110.956184,26,"Columbidae","Columba livia",2019,11,7,"4fa7b334-ce0d-4e88-aaae-2e0c138d049e",NA,"2793220667"
32.262238,-110.956184,34,"Passeridae","Passer domesticus",2019,11,7,"4fa7b334-ce0d-4e88-aaae-2e0c138d049e",NA,"2776519609"
32.262238,-110.956184,7,"Fringillidae","Haemorhous mexicanus",2019,11,7,"4fa7b334-ce0d-4e88-aaae-2e0c138d049e",NA,"2779850522"
32.262238,-110.956184,1,"Columbidae","Zenaida macroura",2019,11,7,"4fa7b334-ce0d-4e88-aaae-2e0c138d049e",NA,"2766990563"
32.262238,-110.956184,3,"Picidae","Melanerpes uropygialis",2019,11,8,"4fa7b334-ce0d-4e88-aaae-2e0c138d049e",NA,"2793525449"
32.262238,-110.956184,2,"Troglodytidae","Campylorhynchus brunneicapillus",2019,11,8,"4fa7b334-ce0d-4e88-aaae-2e0c138d049e",NA,"2791668485"
32.262238,-110.956184,7,"Fringillidae","Haemorhous mexicanus",2019,11,8,"4fa7b334-ce0d-4e88-aaae-2e0c138d049e",NA,"2781970413"
32.262238,-110.956184,20,"Columbidae","Columba livia",2019,11,8,"4fa7b334-ce0d-4e88-aaae-2e0c138d049e",NA,"2783755455"
32.262238,-110.956184,1,"Mimidae","Toxostoma curvirostre",2019,11,8,"4fa7b334-ce0d-4e88-aaae-2e0c138d049e",NA,"2787781527"
32.262238,-110.956184,13,"Passeridae","Passer domesticus",2019,11,8,"4fa7b334-ce0d-4e88-aaae-2e0c138d049e",NA,"2788831422"
32.262238,-110.956184,1,"Cardinalidae","Cardinalis cardinalis",2019,11,8,"4fa7b334-ce0d-4e88-aaae-2e0c138d049e",NA,"2707407732"
32.262238,-110.956184,22,"Columbidae","Columba livia",2019,11,9,"4fa7b334-ce0d-4e88-aaae-2e0c138d049e",NA,"2707492533"
32.262238,-110.956184,1,"Mimidae","Toxostoma curvirostre",2019,11,9,"4fa7b334-ce0d-4e88-aaae-2e0c138d049e",NA,"2707929618"
32.262238,-110.956184,17,"Passeridae","Passer domesticus",2019,11,9,"4fa7b334-ce0d-4e88-aaae-2e0c138d049e",NA,"2701353725"
32.262238,-110.956184,3,"Picidae","Melanerpes uropygialis",2019,11,9,"4fa7b334-ce0d-4e88-aaae-2e0c138d049e",NA,"2721569585"
32.262238,-110.956184,1,"Cardinalidae","Cardinalis cardinalis",2019,11,9,"4fa7b334-ce0d-4e88-aaae-2e0c138d049e",NA,"2716976671"
32.262238,-110.956184,6,"Fringillidae","Haemorhous mexicanus",2019,11,9,"4fa7b334-ce0d-4e88-aaae-2e0c138d049e",NA,"2703196477"
32.262238,-110.956184,1,"Polioptilidae","Polioptila melanura",2019,11,10,"4fa7b334-ce0d-4e88-aaae-2e0c138d049e",NA,"2720601141"
32.262238,-110.956184,3,"Fringillidae","Haemorhous mexicanus",2019,11,10,"4fa7b334-ce0d-4e88-aaae-2e0c138d049e",NA,"2704543156"
32.262238,-110.956184,8,"Passeridae","Passer domesticus",2019,11,10,"4fa7b334-ce0d-4e88-aaae-2e0c138d049e",NA,"2721813120"
32.262238,-110.956184,18,"Columbidae","Columba livia",2019,11,10,"4fa7b334-ce0d-4e88-aaae-2e0c138d049e",NA,"2702921990"
32.262238,-110.956184,3,"Picidae","Melanerpes uropygialis",2019,11,10,"4fa7b334-ce0d-4e88-aaae-2e0c138d049e",NA,"2709254382"
32.262238,-110.956184,1,"Troglodytidae","Campylorhynchus brunneicapillus",2019,11,10,"4fa7b334-ce0d-4e88-aaae-2e0c138d049e",NA,"2719981579"
32.262238,-110.956184,1,"Mimidae","Toxostoma curvirostre",2019,11,10,"4fa7b334-ce0d-4e88-aaae-2e0c138d049e",NA,"2725048343"
32.262238,-110.956184,5,"Fringillidae","Haemorhous mexicanus",2019,11,10,"4fa7b334-ce0d-4e88-aaae-2e0c138d049e",NA,"2724383418"
32.262238,-110.956184,9,"Columbidae","Columba livia",2019,11,10,"4fa7b334-ce0d-4e88-aaae-2e0c138d049e",NA,"2707705661"
32.262238,-110.956184,22,"Passeridae","Passer domesticus",2019,11,10,"4fa7b334-ce0d-4e88-aaae-2e0c138d049e",NA,"2707921404"
32.262238,-110.956184,2,"Columbidae","Streptopelia decaocto",2019,11,10,"4fa7b334-ce0d-4e88-aaae-2e0c138d049e",NA,"2704685313"
32.262238,-110.956184,1,"Picidae","Melanerpes uropygialis",2019,11,11,"4fa7b334-ce0d-4e88-aaae-2e0c138d049e",NA,"2705795119"
32.262238,-110.956184,45,"Passeridae","Passer domesticus",2019,11,11,"4fa7b334-ce0d-4e88-aaae-2e0c138d049e",NA,"2717956748"
32.262238,-110.956184,23,"Columbidae","Columba livia",2019,11,11,"4fa7b334-ce0d-4e88-aaae-2e0c138d049e",NA,"2706881840"
32.262238,-110.956184,11,"Fringillidae","Haemorhous mexicanus",2019,11,11,"4fa7b334-ce0d-4e88-aaae-2e0c138d049e",NA,"2708917692"
32.262238,-110.956184,1,"Mimidae","Toxostoma curvirostre",2019,11,11,"4fa7b334-ce0d-4e88-aaae-2e0c138d049e",NA,"2710967794"
32.262238,-110.956184,5,"Fringillidae","Haemorhous mexicanus",2019,11,12,"4fa7b334-ce0d-4e88-aaae-2e0c138d049e",NA,"2762620418"
32.262238,-110.956184,20,"Columbidae","Columba livia",2019,11,12,"4fa7b334-ce0d-4e88-aaae-2e0c138d049e",NA,"2769103463"
32.262238,-110.956184,28,"Passeridae","Passer domesticus",2019,11,12,"4fa7b334-ce0d-4e88-aaae-2e0c138d049e",NA,"2769282440"
32.262238,-110.956184,1,"Cardinalidae","Cardinalis sinuatus",2019,11,12,"4fa7b334-ce0d-4e88-aaae-2e0c138d049e",NA,"2779141549"
32.262238,-110.956184,23,"Passeridae","Passer domesticus",2019,11,13,"4fa7b334-ce0d-4e88-aaae-2e0c138d049e",NA,"2725918946"
32.262238,-110.956184,7,"Fringillidae","Haemorhous mexicanus",2019,11,13,"4fa7b334-ce0d-4e88-aaae-2e0c138d049e",NA,"2723908961"
32.262238,-110.956184,15,"Columbidae","Columba livia",2019,11,13,"4fa7b334-ce0d-4e88-aaae-2e0c138d049e",NA,"2708232977"
32.262238,-110.956184,1,"Trochilidae","Calypte anna",2019,11,13,"4fa7b334-ce0d-4e88-aaae-2e0c138d049e",NA,"2710664064"
32.262238,-110.956184,1,"Cardinalidae","Cardinalis sinuatus",2019,11,13,"4fa7b334-ce0d-4e88-aaae-2e0c138d049e",NA,"2706784903"
32.262238,-110.956184,2,"Picidae","Melanerpes uropygialis",2019,11,13,"4fa7b334-ce0d-4e88-aaae-2e0c138d049e",NA,"2787314123"
32.262238,-110.956184,2,"Mimidae","Toxostoma curvirostre",2019,11,13,"4fa7b334-ce0d-4e88-aaae-2e0c138d049e",NA,"2789057304"
32.262238,-110.956184,1,"Troglodytidae","Campylorhynchus brunneicapillus",2019,11,13,"4fa7b334-ce0d-4e88-aaae-2e0c138d049e",NA,"2787222306"
32.262238,-110.956184,21,"Columbidae","Columba livia",2019,11,14,"4fa7b334-ce0d-4e88-aaae-2e0c138d049e",NA,"2721043850"
32.262238,-110.956184,1,"Emberizidae","Melozone aberti",2019,11,14,"4fa7b334-ce0d-4e88-aaae-2e0c138d049e",NA,"2705946741"
32.262238,-110.956184,5,"Fringillidae","Haemorhous mexicanus",2019,11,14,"4fa7b334-ce0d-4e88-aaae-2e0c138d049e",NA,"2723477743"
32.262238,-110.956184,19,"Passeridae","Passer domesticus",2019,11,14,"4fa7b334-ce0d-4e88-aaae-2e0c138d049e",NA,"2708126833"
32.262238,-110.956184,1,"Accipitridae","Accipiter cooperii",2019,11,15,"4fa7b334-ce0d-4e88-aaae-2e0c138d049e",NA,"2707146917"
32.262238,-110.956184,2,"Picidae","Melanerpes uropygialis",2019,11,15,"4fa7b334-ce0d-4e88-aaae-2e0c138d049e",NA,"2722968025"
32.262238,-110.956184,11,"Columbidae","Zenaida macroura",2019,11,19,"4fa7b334-ce0d-4e88-aaae-2e0c138d049e",NA,"2795479457"
32.262238,-110.956184,4,"Fringillidae","Haemorhous mexicanus",2019,11,19,"4fa7b334-ce0d-4e88-aaae-2e0c138d049e",NA,"2787236387"
32.262238,-110.956184,3,"Picidae","Melanerpes uropygialis",2019,11,19,"4fa7b334-ce0d-4e88-aaae-2e0c138d049e",NA,"2798937322"
32.262238,-110.956184,23,"Passeridae","Passer domesticus",2019,11,19,"4fa7b334-ce0d-4e88-aaae-2e0c138d049e",NA,"2791682502"
32.262238,-110.956184,24,"Columbidae","Columba livia",2019,11,19,"4fa7b334-ce0d-4e88-aaae-2e0c138d049e",NA,"2790313672"
32.262238,-110.956184,1,"Emberizidae","Melozone aberti",2019,11,19,"4fa7b334-ce0d-4e88-aaae-2e0c138d049e",NA,"2790043501"
32.260475,-110.94936,1,"Sturnidae","Sturnus vulgaris",2019,11,22,"4fa7b334-ce0d-4e88-aaae-2e0c138d049e",NA,"2786774916"
32.260475,-110.94936,1,"Tyrannidae","Pyrocephalus rubinus",2019,11,22,"4fa7b334-ce0d-4e88-aaae-2e0c138d049e",NA,"2783717795"
32.260475,-110.94936,2,"Accipitridae","Accipiter cooperii",2019,11,22,"4fa7b334-ce0d-4e88-aaae-2e0c138d049e",NA,"2779033684"
32.260475,-110.94936,5,"Parulidae","Setophaga coronata",2019,11,22,"4fa7b334-ce0d-4e88-aaae-2e0c138d049e",NA,"2776136609"
32.260475,-110.94936,1,"Mimidae","Mimus polyglottos",2019,11,22,"4fa7b334-ce0d-4e88-aaae-2e0c138d049e",NA,"2784742565"
32.260475,-110.94936,1,"Fringillidae","Spinus psaltria",2019,11,22,"4fa7b334-ce0d-4e88-aaae-2e0c138d049e",NA,"2774868422"
32.260475,-110.94936,30,"Columbidae","Columba livia",2019,11,22,"4fa7b334-ce0d-4e88-aaae-2e0c138d049e",NA,"2772111618"
32.260475,-110.94936,125,"Columbidae","Zenaida macroura",2019,11,22,"4fa7b334-ce0d-4e88-aaae-2e0c138d049e",NA,"2783621424"
32.260475,-110.94936,250,"Passeridae","Passer domesticus",2019,11,22,"4fa7b334-ce0d-4e88-aaae-2e0c138d049e",NA,"2766757596"
32.260475,-110.94936,2,"Accipitridae","Buteo jamaicensis",2019,11,22,"4fa7b334-ce0d-4e88-aaae-2e0c138d049e",NA,"2794649655"
32.260475,-110.94936,5,"Remizidae","Auriparus flaviceps",2019,11,22,"4fa7b334-ce0d-4e88-aaae-2e0c138d049e",NA,"2792941671"
32.260475,-110.94936,1,"Picidae","Melanerpes uropygialis",2019,11,22,"4fa7b334-ce0d-4e88-aaae-2e0c138d049e",NA,"2783774599"
32.260475,-110.94936,1,"Trochilidae","Calypte anna",2019,11,22,"4fa7b334-ce0d-4e88-aaae-2e0c138d049e",NA,"2797959739"
32.260548,-110.949295,1,"Fringillidae","Haemorhous mexicanus",2019,11,22,"4fa7b334-ce0d-4e88-aaae-2e0c138d049e",NA,"2778517757"
32.260548,-110.949295,1,"Corvidae","Corvus corax",2019,11,22,"4fa7b334-ce0d-4e88-aaae-2e0c138d049e",NA,"2784314765"
32.260548,-110.949295,1,"Trochilidae","Calypte anna",2019,11,22,"4fa7b334-ce0d-4e88-aaae-2e0c138d049e",NA,"2763473562"
32.260475,-110.94936,50,"Fringillidae","Haemorhous mexicanus",2019,11,22,"4fa7b334-ce0d-4e88-aaae-2e0c138d049e",NA,"2797638320"
32.262238,-110.956184,1,"Picidae","Melanerpes uropygialis",2019,11,30,"4fa7b334-ce0d-4e88-aaae-2e0c138d049e",NA,"2788320095"
32.262238,-110.956184,1,"Trochilidae","Calypte anna",2019,11,30,"4fa7b334-ce0d-4e88-aaae-2e0c138d049e",NA,"2777681027"
32.262238,-110.956184,7,"Columbidae","Zenaida macroura",2019,11,30,"4fa7b334-ce0d-4e88-aaae-2e0c138d049e",NA,"2778499960"
32.262238,-110.956184,13,"Passeridae","Passer domesticus",2019,11,30,"4fa7b334-ce0d-4e88-aaae-2e0c138d049e",NA,"2790082044"
32.262238,-110.956184,12,"Columbidae","Columba livia",2019,11,30,"4fa7b334-ce0d-4e88-aaae-2e0c138d049e",NA,"2768477226"
32.262238,-110.956184,1,"Troglodytidae","Campylorhynchus brunneicapillus",2019,11,30,"4fa7b334-ce0d-4e88-aaae-2e0c138d049e",NA,"2779617113"
32.262238,-110.956184,2,"Fringillidae","Haemorhous mexicanus",2019,11,30,"4fa7b334-ce0d-4e88-aaae-2e0c138d049e",NA,"2764682944"
32.262238,-110.956184,1,"Accipitridae","Accipiter striatus",2019,11,30,"4fa7b334-ce0d-4e88-aaae-2e0c138d049e",NA,"2789632896"
32.262318,-110.95625,3,"Passeridae","Passer domesticus",2019,12,1,"4fa7b334-ce0d-4e88-aaae-2e0c138d049e",NA,"2794490441"
32.262318,-110.95625,2,"Columbidae","Zenaida macroura",2019,12,1,"4fa7b334-ce0d-4e88-aaae-2e0c138d049e",NA,"2791646359"
32.262318,-110.95625,1,"Remizidae","Auriparus flaviceps",2019,12,1,"4fa7b334-ce0d-4e88-aaae-2e0c138d049e",NA,"2792747439"
32.262318,-110.95625,34,"Columbidae","Columba livia",2019,12,1,"4fa7b334-ce0d-4e88-aaae-2e0c138d049e",NA,"2801290377"
32.262318,-110.95625,1,"Trochilidae","Calypte anna",2019,12,1,"4fa7b334-ce0d-4e88-aaae-2e0c138d049e",NA,"2794935467"
32.262238,-110.956184,14,"Columbidae","Columba livia",2019,12,7,"4fa7b334-ce0d-4e88-aaae-2e0c138d049e",NA,"2711282935"
32.262238,-110.956184,6,"Fringillidae","Haemorhous mexicanus",2019,12,7,"4fa7b334-ce0d-4e88-aaae-2e0c138d049e",NA,"2721262604"
32.262238,-110.956184,2,"Trochilidae","Calypte anna",2019,12,7,"4fa7b334-ce0d-4e88-aaae-2e0c138d049e",NA,"2708526632"
32.262238,-110.956184,1,"Fringillidae","Spinus psaltria",2019,12,7,"4fa7b334-ce0d-4e88-aaae-2e0c138d049e",NA,"2711103313"
32.262238,-110.956184,2,"Trochilidae","Calypte anna",2019,12,7,"4fa7b334-ce0d-4e88-aaae-2e0c138d049e",NA,"2723372132"
32.262238,-110.956184,1,"Parulidae","Setophaga coronata",2019,12,7,"4fa7b334-ce0d-4e88-aaae-2e0c138d049e",NA,"2720134206"
32.262238,-110.956184,1,"Columbidae","Zenaida macroura",2019,12,7,"4fa7b334-ce0d-4e88-aaae-2e0c138d049e",NA,"2707331047"
32.25917,-110.94488,1,"Picidae","Melanerpes uropygialis",2019,12,27,"4fa7b334-ce0d-4e88-aaae-2e0c138d049e",NA,"2798341400"
32.25917,-110.94488,1,"Columbidae","Columba livia",2019,12,27,"4fa7b334-ce0d-4e88-aaae-2e0c138d049e",NA,"2796850588"
32.25917,-110.94488,1,"Trochilidae","Cynanthus latirostris",2019,12,27,"4fa7b334-ce0d-4e88-aaae-2e0c138d049e",NA,"2796761517"
32.25917,-110.94488,1,"Remizidae","Auriparus flaviceps",2019,12,27,"4fa7b334-ce0d-4e88-aaae-2e0c138d049e",NA,"2793867413"
32.25917,-110.94488,3,"Columbidae","Zenaida macroura",2019,12,27,"4fa7b334-ce0d-4e88-aaae-2e0c138d049e",NA,"2794719405"
32.25917,-110.94488,7,"Passeridae","Passer domesticus",2019,12,28,"4fa7b334-ce0d-4e88-aaae-2e0c138d049e",NA,"2726224118"
32.25917,-110.94488,33,"Columbidae","Columba livia",2019,12,28,"4fa7b334-ce0d-4e88-aaae-2e0c138d049e",NA,"2715399989"
32.25917,-110.94488,3,"Picidae","Melanerpes uropygialis",2019,12,28,"4fa7b334-ce0d-4e88-aaae-2e0c138d049e",NA,"2717880024"
32.25917,-110.94488,6,"Sturnidae","Sturnus vulgaris",2019,12,28,"4fa7b334-ce0d-4e88-aaae-2e0c138d049e",NA,"2714989967"
32.25917,-110.94488,2,"Remizidae","Auriparus flaviceps",2019,12,28,"4fa7b334-ce0d-4e88-aaae-2e0c138d049e",NA,"2713119831"
32.25917,-110.94488,23,"Columbidae","Zenaida macroura",2019,12,28,"4fa7b334-ce0d-4e88-aaae-2e0c138d049e",NA,"2713763896"
32.25917,-110.94488,4,"Fringillidae","Haemorhous mexicanus",2019,12,28,"4fa7b334-ce0d-4e88-aaae-2e0c138d049e",NA,"2724359735"
32.25917,-110.94488,2,"Parulidae","Setophaga coronata",2019,12,28,"4fa7b334-ce0d-4e88-aaae-2e0c138d049e",NA,"2712109026"
32.25917,-110.94488,1,"Falconidae","Falco sparverius",2019,12,29,"4fa7b334-ce0d-4e88-aaae-2e0c138d049e",NA,"2711721194"
32.25917,-110.94488,1,"Accipitridae","Accipiter cooperii",2019,12,29,"4fa7b334-ce0d-4e88-aaae-2e0c138d049e",NA,"2714450935"
32.25917,-110.94488,1,"Mimidae","Mimus polyglottos",2019,12,31,"4fa7b334-ce0d-4e88-aaae-2e0c138d049e",NA,"2795867706"
32.25917,-110.94488,3,"Accipitridae","Accipiter cooperii",2019,12,31,"4fa7b334-ce0d-4e88-aaae-2e0c138d049e",NA,"2788608593"
32.25917,-110.94488,11,"Fringillidae","Haemorhous mexicanus",2019,12,31,"4fa7b334-ce0d-4e88-aaae-2e0c138d049e",NA,"2790772647"
32.25917,-110.94488,3,"Remizidae","Auriparus flaviceps",2019,12,31,"4fa7b334-ce0d-4e88-aaae-2e0c138d049e",NA,"2793130749"
32.25917,-110.94488,29,"Columbidae","Zenaida macroura",2019,12,31,"4fa7b334-ce0d-4e88-aaae-2e0c138d049e",NA,"2794007620"
32.25917,-110.94488,9,"Passeridae","Passer domesticus",2019,12,31,"4fa7b334-ce0d-4e88-aaae-2e0c138d049e",NA,"2800485577"
32.25917,-110.94488,1,"Parulidae","Setophaga coronata",2019,12,31,"4fa7b334-ce0d-4e88-aaae-2e0c138d049e",NA,"2785491370"
32.25917,-110.94488,57,"Columbidae","Columba livia",2019,12,31,"4fa7b334-ce0d-4e88-aaae-2e0c138d049e",NA,"2799990396"
32.25917,-110.94488,1,"Falconidae","Falco sparverius",2019,12,31,"4fa7b334-ce0d-4e88-aaae-2e0c138d049e",NA,"2792437488"
32.25917,-110.94488,4,"Trochilidae","Calypte anna",2019,12,31,"4fa7b334-ce0d-4e88-aaae-2e0c138d049e",NA,"2792964581"
32.25917,-110.94488,4,"Picidae","Melanerpes uropygialis",2019,12,31,"4fa7b334-ce0d-4e88-aaae-2e0c138d049e",NA,"2793933757"
32.263557,-110.946846,3,"Passeridae","Passer domesticus",2018,1,10,"4fa7b334-ce0d-4e88-aaae-2e0c138d049e",NA,"2127894303"
32.263557,-110.946846,2,"Fringillidae","Haemorhous mexicanus",2018,1,10,"4fa7b334-ce0d-4e88-aaae-2e0c138d049e",NA,"2117834731"
32.263557,-110.946846,5,"Columbidae","Zenaida macroura",2018,1,10,"4fa7b334-ce0d-4e88-aaae-2e0c138d049e",NA,"2127866376"
32.263557,-110.946846,1,"Remizidae","Auriparus flaviceps",2018,1,10,"4fa7b334-ce0d-4e88-aaae-2e0c138d049e",NA,"2127866974"
32.263557,-110.946846,1,"Picidae","Melanerpes uropygialis",2018,1,10,"4fa7b334-ce0d-4e88-aaae-2e0c138d049e",NA,"2117839775"
32.263557,-110.946846,1,"Fringillidae","Haemorhous mexicanus",2018,1,10,"4fa7b334-ce0d-4e88-aaae-2e0c138d049e",NA,"2104553376"
32.263557,-110.946846,3,"Columbidae","Zenaida macroura",2018,1,10,"4fa7b334-ce0d-4e88-aaae-2e0c138d049e",NA,"2104621470"
32.263557,-110.946846,7,"Fringillidae","Loxia curvirostra",2018,1,10,"4fa7b334-ce0d-4e88-aaae-2e0c138d049e",NA,"2104620004"
32.264107,-110.94899,8,"Passeridae","Passer domesticus",2018,8,15,"4fa7b334-ce0d-4e88-aaae-2e0c138d049e",NA,"2190214320"
32.264107,-110.94899,5,"Columbidae","Zenaida asiatica",2018,8,15,"4fa7b334-ce0d-4e88-aaae-2e0c138d049e",NA,"2190204286"
32.264107,-110.94899,2,"Trochilidae","Cynanthus latirostris",2018,8,15,"4fa7b334-ce0d-4e88-aaae-2e0c138d049e",NA,"2178718135"
32.264107,-110.94899,1,"Cardinalidae","Cardinalis sinuatus",2018,8,15,"4fa7b334-ce0d-4e88-aaae-2e0c138d049e",NA,"2202378363"
32.264107,-110.94899,2,"Remizidae","Auriparus flaviceps",2018,8,15,"4fa7b334-ce0d-4e88-aaae-2e0c138d049e",NA,"2202377672"
32.264107,-110.94899,4,"Fringillidae","Spinus psaltria",2018,8,15,"4fa7b334-ce0d-4e88-aaae-2e0c138d049e",NA,"2194626670"
32.264107,-110.94899,2,"Scolopacidae","Numenius americanus",2018,8,15,"4fa7b334-ce0d-4e88-aaae-2e0c138d049e",NA,"2202378149"
32.262035,-110.94655,25,"Passeridae","Passer domesticus",2017,10,11,"4fa7b334-ce0d-4e88-aaae-2e0c138d049e",NA,"2086212670"
32.262035,-110.94655,25,"Columbidae","Zenaida macroura",2017,10,11,"4fa7b334-ce0d-4e88-aaae-2e0c138d049e",NA,"2086212680"
32.262035,-110.94655,1,"Accipitridae","Accipiter cooperii",2017,10,11,"4fa7b334-ce0d-4e88-aaae-2e0c138d049e",NA,"2097542325"
32.262035,-110.94655,5,"Odontophoridae","Callipepla gambelii",2017,10,11,"4fa7b334-ce0d-4e88-aaae-2e0c138d049e",NA,"2098217702"
32.262035,-110.94655,1,"Fringillidae","Haemorhous mexicanus",2017,10,11,"4fa7b334-ce0d-4e88-aaae-2e0c138d049e",NA,"2104896984"
32.262035,-110.94655,1,"Vireonidae","Vireo bellii",2017,10,11,"4fa7b334-ce0d-4e88-aaae-2e0c138d049e",NA,"2097535094"
32.262035,-110.94655,1,"Picidae","Melanerpes uropygialis",2017,10,11,"4fa7b334-ce0d-4e88-aaae-2e0c138d049e",NA,"2086203947"
32.262035,-110.94655,8,"Columbidae","Columba livia",2017,10,11,"4fa7b334-ce0d-4e88-aaae-2e0c138d049e",NA,"2104892710"
32.262035,-110.94655,25,"Passeridae","Passer domesticus",2017,10,11,"4fa7b334-ce0d-4e88-aaae-2e0c138d049e",NA,"2098220814"
32.262035,-110.94655,25,"Columbidae","Zenaida macroura",2017,10,11,"4fa7b334-ce0d-4e88-aaae-2e0c138d049e",NA,"2086206498"
32.262035,-110.94655,1,"Accipitridae","Accipiter cooperii",2017,10,11,"4fa7b334-ce0d-4e88-aaae-2e0c138d049e",NA,"2086198764"
32.262035,-110.94655,5,"Odontophoridae","Callipepla gambelii",2017,10,11,"4fa7b334-ce0d-4e88-aaae-2e0c138d049e",NA,"2104897631"
32.262035,-110.94655,1,"Fringillidae","Haemorhous mexicanus",2017,10,11,"4fa7b334-ce0d-4e88-aaae-2e0c138d049e",NA,"2097538126"
32.262035,-110.94655,1,"Vireonidae","Vireo bellii",2017,10,11,"4fa7b334-ce0d-4e88-aaae-2e0c138d049e",NA,"2098234593"
32.262035,-110.94655,1,"Picidae","Melanerpes uropygialis",2017,10,11,"4fa7b334-ce0d-4e88-aaae-2e0c138d049e",NA,"2097532426"
32.262035,-110.94655,8,"Columbidae","Columba livia",2017,10,11,"4fa7b334-ce0d-4e88-aaae-2e0c138d049e",NA,"2086201630"
32.263764,-110.953129,NA,"Remizidae","Auriparus flaviceps",2020,3,9,"50c9509d-22c7-4a22-a47d-8c48425ef4a7","iNaturalist research-grade observations","2580237752"
32.263764,-110.953129,NA,"Passeridae","Passer domesticus",2020,3,9,"50c9509d-22c7-4a22-a47d-8c48425ef4a7","iNaturalist research-grade observations","2580240761"
32.263764,-110.953129,NA,"Remizidae","Auriparus flaviceps",2020,3,9,"50c9509d-22c7-4a22-a47d-8c48425ef4a7","iNaturalist research-grade observations","2580208743"
32.263764,-110.953129,NA,"Remizidae","Auriparus flaviceps",2020,3,9,"50c9509d-22c7-4a22-a47d-8c48425ef4a7","iNaturalist research-grade observations","2580232781"
32.263764,-110.953129,NA,"Trochilidae","Calypte anna",2020,3,9,"50c9509d-22c7-4a22-a47d-8c48425ef4a7","iNaturalist research-grade observations","2580261739"
32.263764,-110.953129,NA,"Fringillidae","Haemorhous mexicanus",2020,3,9,"50c9509d-22c7-4a22-a47d-8c48425ef4a7","iNaturalist research-grade observations","2580268767"
32.263764,-110.953129,NA,"Trochilidae","Calypte anna",2020,3,9,"50c9509d-22c7-4a22-a47d-8c48425ef4a7","iNaturalist research-grade observations","2580256736"
32.263764,-110.953129,NA,"Remizidae","Auriparus flaviceps",2020,3,9,"50c9509d-22c7-4a22-a47d-8c48425ef4a7","iNaturalist research-grade observations","2580246729"
32.263764,-110.953129,NA,"Remizidae","Auriparus flaviceps",2020,3,9,"50c9509d-22c7-4a22-a47d-8c48425ef4a7","iNaturalist research-grade observations","2580258766"
32.263764,-110.953129,NA,"Trochilidae","Calypte anna",2020,3,9,"50c9509d-22c7-4a22-a47d-8c48425ef4a7","iNaturalist research-grade observations","2580255791"
32.263764,-110.953129,NA,"Remizidae","Auriparus flaviceps",2020,3,9,"50c9509d-22c7-4a22-a47d-8c48425ef4a7","iNaturalist research-grade observations","2580076464"
32.263764,-110.953129,NA,"Fringillidae","Haemorhous mexicanus",2020,3,9,"50c9509d-22c7-4a22-a47d-8c48425ef4a7","iNaturalist research-grade observations","2580115543"
32.261815,-110.953993,NA,"Mimidae","Toxostoma curvirostre",2020,3,11,"50c9509d-22c7-4a22-a47d-8c48425ef4a7","iNaturalist research-grade observations","2596066065"
32.261815,-110.953993,NA,"Fringillidae","Haemorhous mexicanus",2020,3,11,"50c9509d-22c7-4a22-a47d-8c48425ef4a7","iNaturalist research-grade observations","2633990517"
32.261815,-110.953993,NA,"Remizidae","Auriparus flaviceps",2020,3,11,"50c9509d-22c7-4a22-a47d-8c48425ef4a7","iNaturalist research-grade observations","2580081469"
32.261815,-110.953993,NA,"Remizidae","Auriparus flaviceps",2020,3,11,"50c9509d-22c7-4a22-a47d-8c48425ef4a7","iNaturalist research-grade observations","3902003391"
32.261815,-110.953993,NA,"Remizidae","Auriparus flaviceps",2020,3,11,"50c9509d-22c7-4a22-a47d-8c48425ef4a7","iNaturalist research-grade observations","2580132573"
32.261815,-110.953993,NA,"Columbidae","Zenaida macroura",2020,3,10,"50c9509d-22c7-4a22-a47d-8c48425ef4a7","iNaturalist research-grade observations","2580091563"
32.261815,-110.953993,NA,"Fringillidae","Haemorhous mexicanus",2020,3,10,"50c9509d-22c7-4a22-a47d-8c48425ef4a7","iNaturalist research-grade observations","2580234765"
32.261815,-110.953993,NA,"Trochilidae","Calypte anna",2020,3,10,"50c9509d-22c7-4a22-a47d-8c48425ef4a7","iNaturalist research-grade observations","2580207828"
32.261815,-110.953993,NA,"Columbidae","Zenaida asiatica",2020,3,10,"50c9509d-22c7-4a22-a47d-8c48425ef4a7","iNaturalist research-grade observations","2580194749"
32.261815,-110.953993,NA,"Fringillidae","Spinus psaltria",2020,3,10,"50c9509d-22c7-4a22-a47d-8c48425ef4a7","iNaturalist research-grade observations","2580238770"
32.261815,-110.953993,NA,"Picidae","Melanerpes uropygialis",2020,3,10,"50c9509d-22c7-4a22-a47d-8c48425ef4a7","iNaturalist research-grade observations","2580241751"
32.261815,-110.953993,NA,"Fringillidae","Haemorhous mexicanus",2020,3,10,"50c9509d-22c7-4a22-a47d-8c48425ef4a7","iNaturalist research-grade observations","2580267772"
32.261815,-110.953993,NA,"Fringillidae","Spinus psaltria",2020,3,10,"50c9509d-22c7-4a22-a47d-8c48425ef4a7","iNaturalist research-grade observations","2580245760"
32.261815,-110.953993,NA,"Picidae","Melanerpes uropygialis",2020,3,10,"50c9509d-22c7-4a22-a47d-8c48425ef4a7","iNaturalist research-grade observations","2580247726"
32.261815,-110.953993,NA,"Fringillidae","Spinus psaltria",2020,3,10,"50c9509d-22c7-4a22-a47d-8c48425ef4a7","iNaturalist research-grade observations","2580262735"
32.261815,-110.953993,NA,"Fringillidae","Spinus psaltria",2020,3,10,"50c9509d-22c7-4a22-a47d-8c48425ef4a7","iNaturalist research-grade observations","2580115546"
32.261815,-110.953993,NA,"Fringillidae","Spinus psaltria",2020,3,10,"50c9509d-22c7-4a22-a47d-8c48425ef4a7","iNaturalist research-grade observations","2580136569"
32.261815,-110.953993,NA,"Columbidae","Zenaida asiatica",2020,3,10,"50c9509d-22c7-4a22-a47d-8c48425ef4a7","iNaturalist research-grade observations","2580131564"
32.261815,-110.953993,NA,"Remizidae","Auriparus flaviceps",2020,3,10,"50c9509d-22c7-4a22-a47d-8c48425ef4a7","iNaturalist research-grade observations","2580101570"
32.258888,-110.948059,NA,"Accipitridae","Accipiter cooperii",2018,5,24,"50c9509d-22c7-4a22-a47d-8c48425ef4a7","iNaturalist research-grade observations","1847599178"
