"decimalLatitude","decimalLongitude","individualCount","family","species","year","month","day","datasetKey","gbifID"
32.130535,-110.87511,3,"Columbidae","Zenaida macroura",2021,4,25,"4fa7b334-ce0d-4e88-aaae-2e0c138d049e","3598601322"
32.130535,-110.87511,1,"Troglodytidae","Campylorhynchus brunneicapillus",2021,4,25,"4fa7b334-ce0d-4e88-aaae-2e0c138d049e","3594898720"
32.130535,-110.87511,1,"Picidae","Melanerpes uropygialis",2021,4,25,"4fa7b334-ce0d-4e88-aaae-2e0c138d049e","3594038877"
32.130535,-110.87511,5,"Sturnidae","Sturnus vulgaris",2021,4,25,"4fa7b334-ce0d-4e88-aaae-2e0c138d049e","3592901786"
32.130535,-110.87511,2,"Mimidae","Mimus polyglottos",2021,4,25,"4fa7b334-ce0d-4e88-aaae-2e0c138d049e","3605716272"
32.130535,-110.87511,5,"Passeridae","Passer domesticus",2021,4,25,"4fa7b334-ce0d-4e88-aaae-2e0c138d049e","3628043165"
32.130535,-110.87511,2,"Columbidae","Streptopelia decaocto",2021,4,25,"4fa7b334-ce0d-4e88-aaae-2e0c138d049e","3618219010"
32.130535,-110.87511,3,"Columbidae","Zenaida macroura",2021,4,25,"4fa7b334-ce0d-4e88-aaae-2e0c138d049e","3518984867"
32.130535,-110.87511,1,"Troglodytidae","Campylorhynchus brunneicapillus",2021,4,25,"4fa7b334-ce0d-4e88-aaae-2e0c138d049e","3519026505"
32.130535,-110.87511,1,"Picidae","Melanerpes uropygialis",2021,4,25,"4fa7b334-ce0d-4e88-aaae-2e0c138d049e","3518374608"
32.130535,-110.87511,5,"Sturnidae","Sturnus vulgaris",2021,4,25,"4fa7b334-ce0d-4e88-aaae-2e0c138d049e","3519776528"
32.130535,-110.87511,2,"Mimidae","Mimus polyglottos",2021,4,25,"4fa7b334-ce0d-4e88-aaae-2e0c138d049e","3524786217"
32.130535,-110.87511,5,"Passeridae","Passer domesticus",2021,4,25,"4fa7b334-ce0d-4e88-aaae-2e0c138d049e","3524864239"
32.130535,-110.87511,2,"Columbidae","Streptopelia decaocto",2021,4,25,"4fa7b334-ce0d-4e88-aaae-2e0c138d049e","3523490305"
32.130535,-110.87511,1,"Columbidae","Zenaida macroura",2020,5,13,"4fa7b334-ce0d-4e88-aaae-2e0c138d049e","3285268784"
32.130535,-110.87511,1,"Tyrannidae","Myiarchus cinerascens",2020,5,13,"4fa7b334-ce0d-4e88-aaae-2e0c138d049e","3268038801"
32.130535,-110.87511,5,"Fringillidae","Haemorhous mexicanus",2020,5,13,"4fa7b334-ce0d-4e88-aaae-2e0c138d049e","3277432687"
32.130535,-110.87511,3,"Sturnidae","Sturnus vulgaris",2020,5,13,"4fa7b334-ce0d-4e88-aaae-2e0c138d049e","3279691622"
32.130535,-110.87511,2,"Icteridae","Quiscalus mexicanus",2020,5,13,"4fa7b334-ce0d-4e88-aaae-2e0c138d049e","3275453680"
32.130535,-110.87511,10,"Passeridae","Passer domesticus",2020,5,13,"4fa7b334-ce0d-4e88-aaae-2e0c138d049e","3290170704"
32.130535,-110.87511,1,"Parulidae","Setophaga petechia",2020,5,13,"4fa7b334-ce0d-4e88-aaae-2e0c138d049e","3287374850"
32.130535,-110.87511,1,"Columbidae","Zenaida macroura",2020,5,13,"4fa7b334-ce0d-4e88-aaae-2e0c138d049e","3175755808"
32.130535,-110.87511,1,"Tyrannidae","Myiarchus cinerascens",2020,5,13,"4fa7b334-ce0d-4e88-aaae-2e0c138d049e","3176646669"
32.130535,-110.87511,5,"Fringillidae","Haemorhous mexicanus",2020,5,13,"4fa7b334-ce0d-4e88-aaae-2e0c138d049e","3184782686"
32.130535,-110.87511,3,"Sturnidae","Sturnus vulgaris",2020,5,13,"4fa7b334-ce0d-4e88-aaae-2e0c138d049e","3166616714"
32.130535,-110.87511,2,"Icteridae","Quiscalus mexicanus",2020,5,13,"4fa7b334-ce0d-4e88-aaae-2e0c138d049e","3169263609"
32.130535,-110.87511,10,"Passeridae","Passer domesticus",2020,5,13,"4fa7b334-ce0d-4e88-aaae-2e0c138d049e","3179204867"
32.130535,-110.87511,1,"Parulidae","Setophaga petechia",2020,5,13,"4fa7b334-ce0d-4e88-aaae-2e0c138d049e","3176902712"
32.134182,-110.87581,1,"Accipitridae","Accipiter cooperii",2020,10,17,"4fa7b334-ce0d-4e88-aaae-2e0c138d049e","3295265206"
32.134144,-110.887245,1,"Accipitridae","Buteo jamaicensis",2019,2,8,"4fa7b334-ce0d-4e88-aaae-2e0c138d049e","2750627577"
32.134,-110.8844,1,"Icteridae","Icterus cucullatus",2019,6,7,"4fa7b334-ce0d-4e88-aaae-2e0c138d049e","2704278184"
32.134144,-110.887245,22,"Columbidae","Columba livia",2019,7,17,"4fa7b334-ce0d-4e88-aaae-2e0c138d049e","2768870881"
32.134144,-110.887245,2,"Accipitridae","Buteo jamaicensis",2019,7,17,"4fa7b334-ce0d-4e88-aaae-2e0c138d049e","2774052819"
32.126827,-110.87528,2,"Passeridae","Passer domesticus",2019,8,12,"4fa7b334-ce0d-4e88-aaae-2e0c138d049e","2762940604"
32.126827,-110.87528,2,"Sturnidae","Sturnus vulgaris",2019,8,12,"4fa7b334-ce0d-4e88-aaae-2e0c138d049e","2757477519"
32.126827,-110.87528,100,"Icteridae","Quiscalus mexicanus",2019,8,12,"4fa7b334-ce0d-4e88-aaae-2e0c138d049e","2756417507"
32.126827,-110.87528,25,"Columbidae","Columba livia",2019,8,12,"4fa7b334-ce0d-4e88-aaae-2e0c138d049e","2776030463"
32.126827,-110.87528,6,"Columbidae","Streptopelia decaocto",2019,8,12,"4fa7b334-ce0d-4e88-aaae-2e0c138d049e","2752130552"
32.126827,-110.87528,2,"Icteridae","Molothrus ater",2019,8,12,"4fa7b334-ce0d-4e88-aaae-2e0c138d049e","2775023583"
32.126827,-110.87528,1,"Passeridae","Passer domesticus",2019,8,12,"4fa7b334-ce0d-4e88-aaae-2e0c138d049e","2788591241"
32.126827,-110.87528,25,"Columbidae","Columba livia",2019,8,12,"4fa7b334-ce0d-4e88-aaae-2e0c138d049e","2780313043"
32.126827,-110.87528,5,"Columbidae","Streptopelia decaocto",2019,8,12,"4fa7b334-ce0d-4e88-aaae-2e0c138d049e","2782121197"
32.126827,-110.87528,100,"Icteridae","Quiscalus mexicanus",2019,8,12,"4fa7b334-ce0d-4e88-aaae-2e0c138d049e","2787404054"
32.126827,-110.87528,1,"Columbidae","Zenaida asiatica",2019,8,12,"4fa7b334-ce0d-4e88-aaae-2e0c138d049e","2786711133"
32.126827,-110.87528,3,"Columbidae","Zenaida macroura",2019,8,12,"4fa7b334-ce0d-4e88-aaae-2e0c138d049e","2785446096"
32.126827,-110.87528,2,"Icteridae","Molothrus aeneus",2019,8,12,"4fa7b334-ce0d-4e88-aaae-2e0c138d049e","2783639127"
32.126827,-110.87528,1,"Icteridae","Molothrus ater",2019,8,12,"4fa7b334-ce0d-4e88-aaae-2e0c138d049e","2788128035"
32.126827,-110.87528,3,"Fringillidae","Haemorhous mexicanus",2019,8,12,"4fa7b334-ce0d-4e88-aaae-2e0c138d049e","2786080121"
32.126827,-110.87528,30,"Corvidae","Corvus corax",2019,8,12,"4fa7b334-ce0d-4e88-aaae-2e0c138d049e","2785797005"
32.126827,-110.87528,100,"Icteridae","Quiscalus mexicanus",2019,8,12,"4fa7b334-ce0d-4e88-aaae-2e0c138d049e","2690316272"
32.126827,-110.87528,25,"Columbidae","Columba livia",2019,8,12,"4fa7b334-ce0d-4e88-aaae-2e0c138d049e","2693213242"
32.126827,-110.87528,6,"Columbidae","Zenaida macroura",2019,8,12,"4fa7b334-ce0d-4e88-aaae-2e0c138d049e","2689362232"
32.126827,-110.87528,4,"Sturnidae","Sturnus vulgaris",2019,8,12,"4fa7b334-ce0d-4e88-aaae-2e0c138d049e","2706005278"
32.126827,-110.87528,3,"Fringillidae","Haemorhous mexicanus",2019,8,12,"4fa7b334-ce0d-4e88-aaae-2e0c138d049e","2690225324"
32.126827,-110.87528,1,"Icteridae","Molothrus aeneus",2019,8,12,"4fa7b334-ce0d-4e88-aaae-2e0c138d049e","2706605383"
32.126827,-110.87528,1,"Mimidae","Mimus polyglottos",2019,8,12,"4fa7b334-ce0d-4e88-aaae-2e0c138d049e","2714874132"
32.126827,-110.87528,3,"Columbidae","Streptopelia decaocto",2019,8,12,"4fa7b334-ce0d-4e88-aaae-2e0c138d049e","2692494128"
32.131237,-110.87665,2,"Odontophoridae","Callipepla gambelii",2018,1,30,"4fa7b334-ce0d-4e88-aaae-2e0c138d049e","2136731019"
32.131237,-110.87665,1,"Trochilidae","Calypte anna",2018,1,30,"4fa7b334-ce0d-4e88-aaae-2e0c138d049e","2136729324"
32.132206,-110.87745,6,"Emberizidae","Zonotrichia leucophrys",2018,12,22,"4fa7b334-ce0d-4e88-aaae-2e0c138d049e","2214286406"
32.132206,-110.87745,2,"Polioptilidae","Polioptila melanura",2018,12,22,"4fa7b334-ce0d-4e88-aaae-2e0c138d049e","2214292314"
32.132206,-110.87745,2,"Mimidae","Toxostoma curvirostre",2018,12,22,"4fa7b334-ce0d-4e88-aaae-2e0c138d049e","2227425983"
32.132206,-110.87745,10,"Odontophoridae","Callipepla gambelii",2018,12,22,"4fa7b334-ce0d-4e88-aaae-2e0c138d049e","2214276985"
32.132206,-110.87745,25,"Columbidae","Zenaida macroura",2018,12,22,"4fa7b334-ce0d-4e88-aaae-2e0c138d049e","2232460527"
32.132206,-110.87745,24,"Icteridae","Quiscalus mexicanus",2018,12,22,"4fa7b334-ce0d-4e88-aaae-2e0c138d049e","2214283292"
32.132206,-110.87745,5,"Columbidae","Streptopelia decaocto",2018,12,22,"4fa7b334-ce0d-4e88-aaae-2e0c138d049e","2224483463"
32.132206,-110.87745,1,"Trochilidae","Calypte anna",2018,12,22,"4fa7b334-ce0d-4e88-aaae-2e0c138d049e","2224498140"
32.132206,-110.87745,13,"Fringillidae","Haemorhous mexicanus",2018,12,22,"4fa7b334-ce0d-4e88-aaae-2e0c138d049e","2224504873"
32.132206,-110.87745,3,"Cardinalidae","Cardinalis cardinalis",2018,12,22,"4fa7b334-ce0d-4e88-aaae-2e0c138d049e","2232460796"
32.132206,-110.87745,3,"Emberizidae","Melozone aberti",2018,12,22,"4fa7b334-ce0d-4e88-aaae-2e0c138d049e","2214324366"
32.132206,-110.87745,1,"Emberizidae","Peucaea carpalis",2018,12,22,"4fa7b334-ce0d-4e88-aaae-2e0c138d049e","2232460424"
32.132206,-110.87745,2,"Trochilidae","Cynanthus latirostris",2018,12,22,"4fa7b334-ce0d-4e88-aaae-2e0c138d049e","2224504865"
32.132206,-110.87745,1,"Ardeidae","Ardea alba",2018,12,22,"4fa7b334-ce0d-4e88-aaae-2e0c138d049e","2224517161"
32.132206,-110.87745,5,"Troglodytidae","Campylorhynchus brunneicapillus",2018,12,22,"4fa7b334-ce0d-4e88-aaae-2e0c138d049e","2214285835"
32.132206,-110.87745,24,"Columbidae","Columba livia",2018,12,22,"4fa7b334-ce0d-4e88-aaae-2e0c138d049e","2232460911"
32.132206,-110.87745,1,"Accipitridae","Buteo jamaicensis",2018,12,22,"4fa7b334-ce0d-4e88-aaae-2e0c138d049e","2214279449"
32.132206,-110.87745,6,"Passeridae","Passer domesticus",2018,12,22,"4fa7b334-ce0d-4e88-aaae-2e0c138d049e","2232458527"
32.134144,-110.887245,2,"Accipitridae","Buteo jamaicensis",2017,1,3,"4fa7b334-ce0d-4e88-aaae-2e0c138d049e","2033159579"
32.129543,-110.88167,1,"Cathartidae","Coragyps atratus",2017,9,5,"4fa7b334-ce0d-4e88-aaae-2e0c138d049e","2096638802"
