"decimalLatitude","decimalLongitude","individualCount","family","species","year","month","day","datasetKey","datasetName","gbifID"
32.264954,-110.93012,1,"Accipitridae","Parabuteo unicinctus",2021,1,1,"4fa7b334-ce0d-4e88-aaae-2e0c138d049e",NA,"3584436786"
32.26714,-110.93136,1,"Mimidae","Toxostoma curvirostre",2021,1,3,"4fa7b334-ce0d-4e88-aaae-2e0c138d049e",NA,"3504551567"
32.26714,-110.93136,2,"Trochilidae","Calypte anna",2021,1,3,"4fa7b334-ce0d-4e88-aaae-2e0c138d049e",NA,"3504809463"
32.26714,-110.93136,3,"Ptilogonatidae","Phainopepla nitens",2021,1,3,"4fa7b334-ce0d-4e88-aaae-2e0c138d049e",NA,"3507319338"
32.26714,-110.93136,1,"Parulidae","Setophaga coronata",2021,1,3,"4fa7b334-ce0d-4e88-aaae-2e0c138d049e",NA,"3510315082"
32.26714,-110.93136,1,"Cardinalidae","Cardinalis cardinalis",2021,1,3,"4fa7b334-ce0d-4e88-aaae-2e0c138d049e",NA,"3513874850"
32.26714,-110.93136,6,"Emberizidae","Zonotrichia leucophrys",2021,1,3,"4fa7b334-ce0d-4e88-aaae-2e0c138d049e",NA,"3516314548"
32.26714,-110.93136,4,"Fringillidae","Haemorhous mexicanus",2021,1,3,"4fa7b334-ce0d-4e88-aaae-2e0c138d049e",NA,"3505087129"
32.26714,-110.93136,1,"Remizidae","Auriparus flaviceps",2021,1,3,"4fa7b334-ce0d-4e88-aaae-2e0c138d049e",NA,"3504679359"
32.264954,-110.93012,2,"Accipitridae","Parabuteo unicinctus",2021,1,12,"4fa7b334-ce0d-4e88-aaae-2e0c138d049e",NA,"3511426722"
32.26656,-110.93047,4,"Emberizidae","Melozone aberti",2021,2,13,"4fa7b334-ce0d-4e88-aaae-2e0c138d049e",NA,"3598470404"
32.26656,-110.93047,1,"Parulidae","Leiothlypis celata",2021,2,13,"4fa7b334-ce0d-4e88-aaae-2e0c138d049e",NA,"3590211509"
32.26656,-110.93047,5,"Mimidae","Mimus polyglottos",2021,2,13,"4fa7b334-ce0d-4e88-aaae-2e0c138d049e",NA,"3590658850"
32.26656,-110.93047,6,"Sturnidae","Sturnus vulgaris",2021,2,13,"4fa7b334-ce0d-4e88-aaae-2e0c138d049e",NA,"3590456788"
32.26656,-110.93047,10,"Emberizidae","Zonotrichia leucophrys",2021,2,13,"4fa7b334-ce0d-4e88-aaae-2e0c138d049e",NA,"3590268242"
32.26656,-110.93047,9,"Fringillidae","Haemorhous mexicanus",2021,2,13,"4fa7b334-ce0d-4e88-aaae-2e0c138d049e",NA,"3589597178"
32.26656,-110.93047,2,"Accipitridae","Parabuteo unicinctus",2021,2,13,"4fa7b334-ce0d-4e88-aaae-2e0c138d049e",NA,"3594949519"
32.26656,-110.93047,10,"Columbidae","Zenaida macroura",2021,2,13,"4fa7b334-ce0d-4e88-aaae-2e0c138d049e",NA,"3591899344"
32.26656,-110.93047,6,"Passeridae","Passer domesticus",2021,2,13,"4fa7b334-ce0d-4e88-aaae-2e0c138d049e",NA,"3596039609"
32.26656,-110.93047,2,"Cardinalidae","Cardinalis cardinalis",2021,2,13,"4fa7b334-ce0d-4e88-aaae-2e0c138d049e",NA,"3628053756"
32.26656,-110.93047,1,"Vireonidae","Vireo plumbeus",2021,2,13,"4fa7b334-ce0d-4e88-aaae-2e0c138d049e",NA,"3624198080"
32.26656,-110.93047,2,"Picidae","Melanerpes uropygialis",2021,2,13,"4fa7b334-ce0d-4e88-aaae-2e0c138d049e",NA,"3615119713"
32.26656,-110.93047,4,"Parulidae","Setophaga coronata",2021,2,13,"4fa7b334-ce0d-4e88-aaae-2e0c138d049e",NA,"3615314323"
32.26656,-110.93047,2,"Trochilidae","Calypte anna",2021,2,13,"4fa7b334-ce0d-4e88-aaae-2e0c138d049e",NA,"3609933093"
32.26656,-110.93047,2,"Trochilidae","Cynanthus latirostris",2021,2,13,"4fa7b334-ce0d-4e88-aaae-2e0c138d049e",NA,"3604587885"
32.26656,-110.93047,1,"Tyrannidae","Pyrocephalus rubinus",2021,2,13,"4fa7b334-ce0d-4e88-aaae-2e0c138d049e",NA,"3601890490"
32.26656,-110.93047,2,"Columbidae","Zenaida asiatica",2021,2,13,"4fa7b334-ce0d-4e88-aaae-2e0c138d049e",NA,"3604054772"
32.26656,-110.93047,4,"Fringillidae","Spinus psaltria",2021,2,13,"4fa7b334-ce0d-4e88-aaae-2e0c138d049e",NA,"3591127818"
32.26656,-110.93047,1,"Remizidae","Auriparus flaviceps",2021,2,13,"4fa7b334-ce0d-4e88-aaae-2e0c138d049e",NA,"3592836133"
32.26656,-110.93047,1,"Turdidae","Catharus guttatus",2021,2,13,"4fa7b334-ce0d-4e88-aaae-2e0c138d049e",NA,"3596625134"
32.26714,-110.93136,8,"Bombycillidae","Bombycilla cedrorum",2021,3,18,"4fa7b334-ce0d-4e88-aaae-2e0c138d049e",NA,"3511532503"
32.264954,-110.93012,1,"Accipitridae","Parabuteo unicinctus",2021,3,21,"4fa7b334-ce0d-4e88-aaae-2e0c138d049e",NA,"3558809517"
32.264954,-110.93012,5,"Columbidae","Columba livia",2021,3,21,"4fa7b334-ce0d-4e88-aaae-2e0c138d049e",NA,"3565426190"
32.26714,-110.93136,1,"Fringillidae","Haemorhous mexicanus",2021,4,16,"4fa7b334-ce0d-4e88-aaae-2e0c138d049e",NA,"3635364223"
32.26714,-110.93136,1,"Cardinalidae","Cardinalis cardinalis",2021,4,16,"4fa7b334-ce0d-4e88-aaae-2e0c138d049e",NA,"3646635027"
32.26714,-110.93136,1,"Fringillidae","Spinus psaltria",2021,4,16,"4fa7b334-ce0d-4e88-aaae-2e0c138d049e",NA,"3647751019"
32.26714,-110.93136,1,"Remizidae","Auriparus flaviceps",2021,4,16,"4fa7b334-ce0d-4e88-aaae-2e0c138d049e",NA,"3651242743"
32.26714,-110.93136,1,"Mimidae","Mimus polyglottos",2021,4,16,"4fa7b334-ce0d-4e88-aaae-2e0c138d049e",NA,"3650355621"
32.26714,-110.93136,1,"Passeridae","Passer domesticus",2021,4,16,"4fa7b334-ce0d-4e88-aaae-2e0c138d049e",NA,"3655134358"
32.26714,-110.93136,1,"Ptilogonatidae","Phainopepla nitens",2021,4,16,"4fa7b334-ce0d-4e88-aaae-2e0c138d049e",NA,"3621205866"
32.26714,-110.93136,1,"Emberizidae","Melozone aberti",2021,4,16,"4fa7b334-ce0d-4e88-aaae-2e0c138d049e",NA,"3624798164"
32.26714,-110.93136,1,"Sturnidae","Sturnus vulgaris",2021,4,16,"4fa7b334-ce0d-4e88-aaae-2e0c138d049e",NA,"3633438217"
32.26714,-110.93136,1,"Parulidae","Leiothlypis luciae",2021,4,16,"4fa7b334-ce0d-4e88-aaae-2e0c138d049e",NA,"3630591042"
32.268845,-110.93059,3,"Strigidae","Bubo virginianus",2021,4,18,"4fa7b334-ce0d-4e88-aaae-2e0c138d049e",NA,"3514160092"
32.268845,-110.93059,3,"Strigidae","Bubo virginianus",2021,4,18,"4fa7b334-ce0d-4e88-aaae-2e0c138d049e",NA,"3522467617"
32.268845,-110.93059,3,"Strigidae","Bubo virginianus",2021,4,18,"4fa7b334-ce0d-4e88-aaae-2e0c138d049e",NA,"3675278867"
32.267204,-110.930984,1,"Trochilidae","Cynanthus latirostris",2021,4,29,"4fa7b334-ce0d-4e88-aaae-2e0c138d049e",NA,"3630254764"
32.267204,-110.930984,1,"Trochilidae","Archilochus alexandri",2021,4,29,"4fa7b334-ce0d-4e88-aaae-2e0c138d049e",NA,"3620138781"
32.267204,-110.930984,1,"Trochilidae","Calypte anna",2021,4,29,"4fa7b334-ce0d-4e88-aaae-2e0c138d049e",NA,"3630609528"
32.267105,-110.93089,1,"Charadriidae","Charadrius vociferus",2021,5,22,"4fa7b334-ce0d-4e88-aaae-2e0c138d049e",NA,"3635879446"
32.267105,-110.93089,1,"Columbidae","Streptopelia decaocto",2021,5,22,"4fa7b334-ce0d-4e88-aaae-2e0c138d049e",NA,"3640390177"
32.267105,-110.93089,4,"Strigidae","Bubo virginianus",2021,5,22,"4fa7b334-ce0d-4e88-aaae-2e0c138d049e",NA,"3634298104"
32.267105,-110.93089,1,"Tyrannidae","Tyrannus verticalis",2021,5,22,"4fa7b334-ce0d-4e88-aaae-2e0c138d049e",NA,"3639259857"
32.267105,-110.93089,1,"Cuculidae","Geococcyx californianus",2021,5,22,"4fa7b334-ce0d-4e88-aaae-2e0c138d049e",NA,"3633395064"
32.267105,-110.93089,2,"Parulidae","Leiothlypis luciae",2021,5,22,"4fa7b334-ce0d-4e88-aaae-2e0c138d049e",NA,"3639228133"
32.267105,-110.93089,1,"Troglodytidae","Campylorhynchus brunneicapillus",2021,5,22,"4fa7b334-ce0d-4e88-aaae-2e0c138d049e",NA,"3675874173"
32.267105,-110.93089,1,"Columbidae","Columba livia",2021,5,22,"4fa7b334-ce0d-4e88-aaae-2e0c138d049e",NA,"3674765282"
32.268845,-110.93059,10,"Caprimulgidae","Chordeiles acutipennis",2021,5,27,"4fa7b334-ce0d-4e88-aaae-2e0c138d049e",NA,"3569131859"
32.268845,-110.93059,1,"Trochilidae","Cynanthus latirostris",2021,8,28,"4fa7b334-ce0d-4e88-aaae-2e0c138d049e",NA,"3601852227"
32.268845,-110.93059,1,"Fringillidae","Spinus psaltria",2021,8,28,"4fa7b334-ce0d-4e88-aaae-2e0c138d049e",NA,"3602548113"
32.268845,-110.93059,2,"Columbidae","Zenaida macroura",2021,8,28,"4fa7b334-ce0d-4e88-aaae-2e0c138d049e",NA,"3608769085"
32.268845,-110.93059,1,"Trochilidae","Archilochus alexandri",2021,8,28,"4fa7b334-ce0d-4e88-aaae-2e0c138d049e",NA,"3596986355"
32.268845,-110.93059,1,"Accipitridae","Parabuteo unicinctus",2021,8,28,"4fa7b334-ce0d-4e88-aaae-2e0c138d049e",NA,"3604712459"
32.268845,-110.93059,1,"Trochilidae","Calypte anna",2021,8,28,"4fa7b334-ce0d-4e88-aaae-2e0c138d049e",NA,"3606834464"
32.268845,-110.93059,1,"Corvidae","Corvus corax",2021,8,28,"4fa7b334-ce0d-4e88-aaae-2e0c138d049e",NA,"3607369987"
32.268845,-110.93059,1,"Emberizidae","Spizella passerina",2021,8,28,"4fa7b334-ce0d-4e88-aaae-2e0c138d049e",NA,"3618358398"
32.268845,-110.93059,2,"Columbidae","Streptopelia decaocto",2021,8,28,"4fa7b334-ce0d-4e88-aaae-2e0c138d049e",NA,"3606447180"
32.268845,-110.93059,1,"Columbidae","Zenaida asiatica",2021,8,28,"4fa7b334-ce0d-4e88-aaae-2e0c138d049e",NA,"3602083101"
32.268845,-110.93059,1,"Trochilidae","Calypte costae",2021,8,28,"4fa7b334-ce0d-4e88-aaae-2e0c138d049e",NA,"3601573549"
32.268845,-110.93059,2,"Fringillidae","Haemorhous mexicanus",2021,8,28,"4fa7b334-ce0d-4e88-aaae-2e0c138d049e",NA,"3600936007"
32.268845,-110.93059,3,"Passeridae","Passer domesticus",2021,8,28,"4fa7b334-ce0d-4e88-aaae-2e0c138d049e",NA,"3604182944"
32.268845,-110.93059,2,"Columbidae","Columba livia",2021,8,28,"4fa7b334-ce0d-4e88-aaae-2e0c138d049e",NA,"3600559023"
32.268845,-110.93059,3,"Mimidae","Mimus polyglottos",2021,9,14,"4fa7b334-ce0d-4e88-aaae-2e0c138d049e",NA,"3547750276"
32.268845,-110.93059,5,"Fringillidae","Haemorhous mexicanus",2021,9,14,"4fa7b334-ce0d-4e88-aaae-2e0c138d049e",NA,"3537165890"
32.268845,-110.93059,1,"Vireonidae","Vireo cassinii",2021,9,14,"4fa7b334-ce0d-4e88-aaae-2e0c138d049e",NA,"3628292913"
32.268845,-110.93059,2,"Accipitridae","Parabuteo unicinctus",2021,9,14,"4fa7b334-ce0d-4e88-aaae-2e0c138d049e",NA,"3631513512"
32.268845,-110.93059,2,"Fringillidae","Spinus psaltria",2021,9,14,"4fa7b334-ce0d-4e88-aaae-2e0c138d049e",NA,"3617205384"
32.268845,-110.93059,1,"Trochilidae","Cynanthus latirostris",2021,9,14,"4fa7b334-ce0d-4e88-aaae-2e0c138d049e",NA,"3618927839"
32.268845,-110.93059,2,"Picidae","Melanerpes uropygialis",2021,9,14,"4fa7b334-ce0d-4e88-aaae-2e0c138d049e",NA,"3614172184"
32.268845,-110.93059,1,"Cathartidae","Cathartes aura",2021,9,14,"4fa7b334-ce0d-4e88-aaae-2e0c138d049e",NA,"3607125963"
32.268845,-110.93059,9,"Columbidae","Zenaida macroura",2021,9,14,"4fa7b334-ce0d-4e88-aaae-2e0c138d049e",NA,"3606925936"
32.268845,-110.93059,2,"Remizidae","Auriparus flaviceps",2021,9,14,"4fa7b334-ce0d-4e88-aaae-2e0c138d049e",NA,"3606322185"
32.268845,-110.93059,4,"Passeridae","Passer domesticus",2021,9,14,"4fa7b334-ce0d-4e88-aaae-2e0c138d049e",NA,"3602351496"
32.268845,-110.93059,1,"Accipitridae","Parabuteo unicinctus",2021,10,26,"4fa7b334-ce0d-4e88-aaae-2e0c138d049e",NA,"3694267788"
32.268845,-110.93059,1,"Accipitridae","Parabuteo unicinctus",2021,10,26,"4fa7b334-ce0d-4e88-aaae-2e0c138d049e",NA,"3694564157"
32.267204,-110.930984,1,"Parulidae","Setophaga nigrescens",2021,12,2,"4fa7b334-ce0d-4e88-aaae-2e0c138d049e",NA,"3633729906"
32.267204,-110.930984,1,"Regulidae","Regulus calendula",2021,12,2,"4fa7b334-ce0d-4e88-aaae-2e0c138d049e",NA,"3643622059"
32.268845,-110.93059,2,"Tyrannidae","Pyrocephalus rubinus",2021,12,11,"4fa7b334-ce0d-4e88-aaae-2e0c138d049e",NA,"3689915811"
32.268845,-110.93059,16,"Columbidae","Zenaida macroura",2021,12,11,"4fa7b334-ce0d-4e88-aaae-2e0c138d049e",NA,"3691179620"
32.268845,-110.93059,3,"Mimidae","Mimus polyglottos",2021,12,11,"4fa7b334-ce0d-4e88-aaae-2e0c138d049e",NA,"3693665519"
32.268845,-110.93059,1,"Emberizidae","Zonotrichia leucophrys",2021,12,11,"4fa7b334-ce0d-4e88-aaae-2e0c138d049e",NA,"3694206232"
32.268845,-110.93059,3,"Emberizidae","Melozone aberti",2021,12,11,"4fa7b334-ce0d-4e88-aaae-2e0c138d049e",NA,"3694768250"
32.268845,-110.93059,132,"Columbidae","Zenaida macroura",2021,12,14,"4fa7b334-ce0d-4e88-aaae-2e0c138d049e",NA,"3603719760"
32.268845,-110.93059,2,"Remizidae","Auriparus flaviceps",2021,12,14,"4fa7b334-ce0d-4e88-aaae-2e0c138d049e",NA,"3551257769"
32.268845,-110.93059,1,"Ptilogonatidae","Phainopepla nitens",2021,12,14,"4fa7b334-ce0d-4e88-aaae-2e0c138d049e",NA,"3550194851"
32.268845,-110.93059,6,"Picidae","Melanerpes uropygialis",2021,12,14,"4fa7b334-ce0d-4e88-aaae-2e0c138d049e",NA,"3554228263"
32.268845,-110.93059,1,"Tyrannidae","Contopus pertinax",2021,12,14,"4fa7b334-ce0d-4e88-aaae-2e0c138d049e",NA,"3539990196"
32.268845,-110.93059,2,"Regulidae","Regulus calendula",2021,12,14,"4fa7b334-ce0d-4e88-aaae-2e0c138d049e",NA,"3581489561"
32.268845,-110.93059,1,"Passeridae","Passer domesticus",2021,12,14,"4fa7b334-ce0d-4e88-aaae-2e0c138d049e",NA,"3572411032"
32.268845,-110.93059,7,"Mimidae","Mimus polyglottos",2021,12,14,"4fa7b334-ce0d-4e88-aaae-2e0c138d049e",NA,"3571379639"
32.268845,-110.93059,14,"Fringillidae","Spinus psaltria",2021,12,14,"4fa7b334-ce0d-4e88-aaae-2e0c138d049e",NA,"3558325543"
32.268845,-110.93059,2,"Corvidae","Corvus corax",2021,12,14,"4fa7b334-ce0d-4e88-aaae-2e0c138d049e",NA,"3558722804"
32.268845,-110.93059,14,"Fringillidae","Haemorhous mexicanus",2021,12,14,"4fa7b334-ce0d-4e88-aaae-2e0c138d049e",NA,"3553285873"
32.268845,-110.93059,7,"Trochilidae","Calypte anna",2021,12,14,"4fa7b334-ce0d-4e88-aaae-2e0c138d049e",NA,"3551199761"
32.268845,-110.93059,1,"Trochilidae","Cynanthus latirostris",2021,12,14,"4fa7b334-ce0d-4e88-aaae-2e0c138d049e",NA,"3544424819"
32.268845,-110.93059,5,"Columbidae","Columba livia",2021,12,14,"4fa7b334-ce0d-4e88-aaae-2e0c138d049e",NA,"3551844234"
32.268845,-110.93059,3,"Emberizidae","Zonotrichia leucophrys",2021,12,14,"4fa7b334-ce0d-4e88-aaae-2e0c138d049e",NA,"3581988644"
32.268845,-110.93059,1,"Columbidae","Streptopelia decaocto",2021,12,14,"4fa7b334-ce0d-4e88-aaae-2e0c138d049e",NA,"3579400488"
32.268845,-110.93059,2,"Emberizidae","Melozone aberti",2021,12,14,"4fa7b334-ce0d-4e88-aaae-2e0c138d049e",NA,"3569105941"
32.268845,-110.93059,13,"Parulidae","Setophaga coronata",2021,12,14,"4fa7b334-ce0d-4e88-aaae-2e0c138d049e",NA,"3564501525"
32.268845,-110.93059,4,"Tyrannidae","Pyrocephalus rubinus",2021,12,14,"4fa7b334-ce0d-4e88-aaae-2e0c138d049e",NA,"3565773478"
32.268845,-110.93059,1,"Picidae","Dryobates scalaris",2021,12,14,"4fa7b334-ce0d-4e88-aaae-2e0c138d049e",NA,"3562193955"
32.268845,-110.93059,1,"Cardinalidae","Cardinalis cardinalis",2021,12,14,"4fa7b334-ce0d-4e88-aaae-2e0c138d049e",NA,"3563703329"
32.268845,-110.93059,6,"Sturnidae","Sturnus vulgaris",2021,12,14,"4fa7b334-ce0d-4e88-aaae-2e0c138d049e",NA,"3555795739"
32.268845,-110.93059,2,"Accipitridae","Accipiter cooperii",2021,12,14,"4fa7b334-ce0d-4e88-aaae-2e0c138d049e",NA,"3556355565"
32.268845,-110.93059,132,"Columbidae","Zenaida macroura",2021,12,14,"4fa7b334-ce0d-4e88-aaae-2e0c138d049e",NA,"3585721183"
32.268845,-110.93059,2,"Remizidae","Auriparus flaviceps",2021,12,14,"4fa7b334-ce0d-4e88-aaae-2e0c138d049e",NA,"3585983534"
32.268845,-110.93059,1,"Ptilogonatidae","Phainopepla nitens",2021,12,14,"4fa7b334-ce0d-4e88-aaae-2e0c138d049e",NA,"3561479538"
32.268845,-110.93059,6,"Picidae","Melanerpes uropygialis",2021,12,14,"4fa7b334-ce0d-4e88-aaae-2e0c138d049e",NA,"3563338702"
32.268845,-110.93059,1,"Tyrannidae","Contopus pertinax",2021,12,14,"4fa7b334-ce0d-4e88-aaae-2e0c138d049e",NA,"3569673559"
32.268845,-110.93059,2,"Regulidae","Regulus calendula",2021,12,14,"4fa7b334-ce0d-4e88-aaae-2e0c138d049e",NA,"3572375311"
32.268845,-110.93059,1,"Passeridae","Passer domesticus",2021,12,14,"4fa7b334-ce0d-4e88-aaae-2e0c138d049e",NA,"3577103220"
32.268845,-110.93059,7,"Mimidae","Mimus polyglottos",2021,12,14,"4fa7b334-ce0d-4e88-aaae-2e0c138d049e",NA,"3579520125"
32.268845,-110.93059,14,"Fringillidae","Spinus psaltria",2021,12,14,"4fa7b334-ce0d-4e88-aaae-2e0c138d049e",NA,"3581458414"
32.268845,-110.93059,2,"Corvidae","Corvus corax",2021,12,14,"4fa7b334-ce0d-4e88-aaae-2e0c138d049e",NA,"3580328228"
32.268845,-110.93059,14,"Fringillidae","Haemorhous mexicanus",2021,12,14,"4fa7b334-ce0d-4e88-aaae-2e0c138d049e",NA,"3584852232"
32.268845,-110.93059,7,"Trochilidae","Calypte anna",2021,12,14,"4fa7b334-ce0d-4e88-aaae-2e0c138d049e",NA,"3557676692"
32.268845,-110.93059,1,"Trochilidae","Cynanthus latirostris",2021,12,14,"4fa7b334-ce0d-4e88-aaae-2e0c138d049e",NA,"3562349738"
32.268845,-110.93059,5,"Columbidae","Columba livia",2021,12,14,"4fa7b334-ce0d-4e88-aaae-2e0c138d049e",NA,"3560551993"
32.268845,-110.93059,3,"Emberizidae","Zonotrichia leucophrys",2021,12,14,"4fa7b334-ce0d-4e88-aaae-2e0c138d049e",NA,"3575402048"
32.268845,-110.93059,1,"Columbidae","Streptopelia decaocto",2021,12,14,"4fa7b334-ce0d-4e88-aaae-2e0c138d049e",NA,"3573588793"
32.268845,-110.93059,2,"Emberizidae","Melozone aberti",2021,12,14,"4fa7b334-ce0d-4e88-aaae-2e0c138d049e",NA,"3574952652"
32.268845,-110.93059,13,"Parulidae","Setophaga coronata",2021,12,14,"4fa7b334-ce0d-4e88-aaae-2e0c138d049e",NA,"3579220359"
32.268845,-110.93059,4,"Tyrannidae","Pyrocephalus rubinus",2021,12,14,"4fa7b334-ce0d-4e88-aaae-2e0c138d049e",NA,"3573094662"
32.268845,-110.93059,1,"Picidae","Dryobates scalaris",2021,12,14,"4fa7b334-ce0d-4e88-aaae-2e0c138d049e",NA,"3583462824"
32.268845,-110.93059,1,"Cardinalidae","Cardinalis cardinalis",2021,12,14,"4fa7b334-ce0d-4e88-aaae-2e0c138d049e",NA,"3583988572"
32.268845,-110.93059,6,"Sturnidae","Sturnus vulgaris",2021,12,14,"4fa7b334-ce0d-4e88-aaae-2e0c138d049e",NA,"3549541717"
32.268845,-110.93059,2,"Accipitridae","Accipiter cooperii",2021,12,14,"4fa7b334-ce0d-4e88-aaae-2e0c138d049e",NA,"3559551757"
32.268845,-110.93059,132,"Columbidae","Zenaida macroura",2021,12,14,"4fa7b334-ce0d-4e88-aaae-2e0c138d049e",NA,"3611117755"
32.268845,-110.93059,2,"Remizidae","Auriparus flaviceps",2021,12,14,"4fa7b334-ce0d-4e88-aaae-2e0c138d049e",NA,"3617031425"
32.268845,-110.93059,1,"Ptilogonatidae","Phainopepla nitens",2021,12,14,"4fa7b334-ce0d-4e88-aaae-2e0c138d049e",NA,"3634449948"
32.268845,-110.93059,6,"Picidae","Melanerpes uropygialis",2021,12,14,"4fa7b334-ce0d-4e88-aaae-2e0c138d049e",NA,"3629875575"
32.268845,-110.93059,1,"Tyrannidae","Contopus pertinax",2021,12,14,"4fa7b334-ce0d-4e88-aaae-2e0c138d049e",NA,"3630041574"
32.268845,-110.93059,2,"Regulidae","Regulus calendula",2021,12,14,"4fa7b334-ce0d-4e88-aaae-2e0c138d049e",NA,"3624533949"
32.268845,-110.93059,1,"Passeridae","Passer domesticus",2021,12,14,"4fa7b334-ce0d-4e88-aaae-2e0c138d049e",NA,"3622092518"
32.268845,-110.93059,7,"Mimidae","Mimus polyglottos",2021,12,14,"4fa7b334-ce0d-4e88-aaae-2e0c138d049e",NA,"3614748865"
32.268845,-110.93059,14,"Fringillidae","Spinus psaltria",2021,12,14,"4fa7b334-ce0d-4e88-aaae-2e0c138d049e",NA,"3621492859"
32.268845,-110.93059,2,"Corvidae","Corvus corax",2021,12,14,"4fa7b334-ce0d-4e88-aaae-2e0c138d049e",NA,"3617199018"
32.268845,-110.93059,14,"Fringillidae","Haemorhous mexicanus",2021,12,14,"4fa7b334-ce0d-4e88-aaae-2e0c138d049e",NA,"3618495904"
32.268845,-110.93059,7,"Trochilidae","Calypte anna",2021,12,14,"4fa7b334-ce0d-4e88-aaae-2e0c138d049e",NA,"3642475644"
32.268845,-110.93059,1,"Trochilidae","Cynanthus latirostris",2021,12,14,"4fa7b334-ce0d-4e88-aaae-2e0c138d049e",NA,"3647820027"
32.268845,-110.93059,5,"Columbidae","Columba livia",2021,12,14,"4fa7b334-ce0d-4e88-aaae-2e0c138d049e",NA,"3640457630"
32.268845,-110.93059,3,"Emberizidae","Zonotrichia leucophrys",2021,12,14,"4fa7b334-ce0d-4e88-aaae-2e0c138d049e",NA,"3633163816"
32.268845,-110.93059,1,"Columbidae","Streptopelia decaocto",2021,12,14,"4fa7b334-ce0d-4e88-aaae-2e0c138d049e",NA,"3633654963"
32.268845,-110.93059,2,"Emberizidae","Melozone aberti",2021,12,14,"4fa7b334-ce0d-4e88-aaae-2e0c138d049e",NA,"3624556529"
32.268845,-110.93059,13,"Parulidae","Setophaga coronata",2021,12,14,"4fa7b334-ce0d-4e88-aaae-2e0c138d049e",NA,"3630125000"
32.268845,-110.93059,4,"Tyrannidae","Pyrocephalus rubinus",2021,12,14,"4fa7b334-ce0d-4e88-aaae-2e0c138d049e",NA,"3620221911"
32.268845,-110.93059,1,"Picidae","Dryobates scalaris",2021,12,14,"4fa7b334-ce0d-4e88-aaae-2e0c138d049e",NA,"3621273947"
32.268845,-110.93059,1,"Cardinalidae","Cardinalis cardinalis",2021,12,14,"4fa7b334-ce0d-4e88-aaae-2e0c138d049e",NA,"3632918176"
32.268845,-110.93059,6,"Sturnidae","Sturnus vulgaris",2021,12,14,"4fa7b334-ce0d-4e88-aaae-2e0c138d049e",NA,"3649799445"
32.268845,-110.93059,2,"Accipitridae","Accipiter cooperii",2021,12,14,"4fa7b334-ce0d-4e88-aaae-2e0c138d049e",NA,"3645862474"
32.268845,-110.93059,132,"Columbidae","Zenaida macroura",2021,12,14,"4fa7b334-ce0d-4e88-aaae-2e0c138d049e",NA,"3559353230"
32.268845,-110.93059,2,"Remizidae","Auriparus flaviceps",2021,12,14,"4fa7b334-ce0d-4e88-aaae-2e0c138d049e",NA,"3553236265"
32.268845,-110.93059,1,"Ptilogonatidae","Phainopepla nitens",2021,12,14,"4fa7b334-ce0d-4e88-aaae-2e0c138d049e",NA,"3563134514"
32.268845,-110.93059,6,"Picidae","Melanerpes uropygialis",2021,12,14,"4fa7b334-ce0d-4e88-aaae-2e0c138d049e",NA,"3576531200"
32.268845,-110.93059,1,"Tyrannidae","Contopus pertinax",2021,12,14,"4fa7b334-ce0d-4e88-aaae-2e0c138d049e",NA,"3577463946"
32.268845,-110.93059,2,"Regulidae","Regulus calendula",2021,12,14,"4fa7b334-ce0d-4e88-aaae-2e0c138d049e",NA,"3579394120"
32.268845,-110.93059,1,"Passeridae","Passer domesticus",2021,12,14,"4fa7b334-ce0d-4e88-aaae-2e0c138d049e",NA,"3578602538"
32.268845,-110.93059,7,"Mimidae","Mimus polyglottos",2021,12,14,"4fa7b334-ce0d-4e88-aaae-2e0c138d049e",NA,"3581589945"
32.268845,-110.93059,14,"Fringillidae","Spinus psaltria",2021,12,14,"4fa7b334-ce0d-4e88-aaae-2e0c138d049e",NA,"3579199503"
32.268845,-110.93059,2,"Corvidae","Corvus corax",2021,12,14,"4fa7b334-ce0d-4e88-aaae-2e0c138d049e",NA,"3554957422"
32.268845,-110.93059,14,"Fringillidae","Haemorhous mexicanus",2021,12,14,"4fa7b334-ce0d-4e88-aaae-2e0c138d049e",NA,"3561479879"
32.268845,-110.93059,7,"Trochilidae","Calypte anna",2021,12,14,"4fa7b334-ce0d-4e88-aaae-2e0c138d049e",NA,"3563339033"
32.268845,-110.93059,1,"Trochilidae","Cynanthus latirostris",2021,12,14,"4fa7b334-ce0d-4e88-aaae-2e0c138d049e",NA,"3569673880"
32.268845,-110.93059,5,"Columbidae","Columba livia",2021,12,14,"4fa7b334-ce0d-4e88-aaae-2e0c138d049e",NA,"3572375614"
32.268845,-110.93059,3,"Emberizidae","Zonotrichia leucophrys",2021,12,14,"4fa7b334-ce0d-4e88-aaae-2e0c138d049e",NA,"3577252504"
32.268845,-110.93059,1,"Columbidae","Streptopelia decaocto",2021,12,14,"4fa7b334-ce0d-4e88-aaae-2e0c138d049e",NA,"3579668386"
32.268845,-110.93059,2,"Emberizidae","Melozone aberti",2021,12,14,"4fa7b334-ce0d-4e88-aaae-2e0c138d049e",NA,"3581458655"
32.268845,-110.93059,13,"Parulidae","Setophaga coronata",2021,12,14,"4fa7b334-ce0d-4e88-aaae-2e0c138d049e",NA,"3580449432"
32.268845,-110.93059,4,"Tyrannidae","Pyrocephalus rubinus",2021,12,14,"4fa7b334-ce0d-4e88-aaae-2e0c138d049e",NA,"3554690530"
32.268845,-110.93059,1,"Picidae","Dryobates scalaris",2021,12,14,"4fa7b334-ce0d-4e88-aaae-2e0c138d049e",NA,"3559209431"
32.268845,-110.93059,1,"Cardinalidae","Cardinalis cardinalis",2021,12,14,"4fa7b334-ce0d-4e88-aaae-2e0c138d049e",NA,"3557677031"
32.268845,-110.93059,6,"Sturnidae","Sturnus vulgaris",2021,12,14,"4fa7b334-ce0d-4e88-aaae-2e0c138d049e",NA,"3562350075"
32.268845,-110.93059,2,"Accipitridae","Accipiter cooperii",2021,12,14,"4fa7b334-ce0d-4e88-aaae-2e0c138d049e",NA,"3560797317"
32.267204,-110.930984,2,"Picidae","Melanerpes uropygialis",2021,12,17,"4fa7b334-ce0d-4e88-aaae-2e0c138d049e",NA,"3582245828"
32.267204,-110.930984,1,"Tyrannidae","Contopus pertinax",2021,12,17,"4fa7b334-ce0d-4e88-aaae-2e0c138d049e",NA,"3583477560"
32.267204,-110.930984,6,"Fringillidae","Haemorhous mexicanus",2021,12,17,"4fa7b334-ce0d-4e88-aaae-2e0c138d049e",NA,"3559318650"
32.267204,-110.930984,10,"Columbidae","Zenaida macroura",2021,12,17,"4fa7b334-ce0d-4e88-aaae-2e0c138d049e",NA,"3561599699"
32.268845,-110.93059,4,"Fringillidae","Haemorhous mexicanus",2020,2,16,"4fa7b334-ce0d-4e88-aaae-2e0c138d049e",NA,"3225052733"
32.268845,-110.93059,3,"Trochilidae","Calypte anna",2020,2,16,"4fa7b334-ce0d-4e88-aaae-2e0c138d049e",NA,"3226034726"
32.268845,-110.93059,4,"Fringillidae","Spinus psaltria",2020,2,16,"4fa7b334-ce0d-4e88-aaae-2e0c138d049e",NA,"3234631810"
32.268845,-110.93059,3,"Picidae","Melanerpes uropygialis",2020,2,16,"4fa7b334-ce0d-4e88-aaae-2e0c138d049e",NA,"3222239691"
32.268845,-110.93059,1,"Accipitridae","Accipiter cooperii",2020,2,16,"4fa7b334-ce0d-4e88-aaae-2e0c138d049e",NA,"3221917700"
32.268845,-110.93059,9,"Columbidae","Zenaida macroura",2020,2,16,"4fa7b334-ce0d-4e88-aaae-2e0c138d049e",NA,"3226891627"
32.268845,-110.93059,3,"Remizidae","Auriparus flaviceps",2020,2,16,"4fa7b334-ce0d-4e88-aaae-2e0c138d049e",NA,"3235921657"
32.268845,-110.93059,1,"Accipitridae","Parabuteo unicinctus",2020,2,16,"4fa7b334-ce0d-4e88-aaae-2e0c138d049e",NA,"3232864196"
32.268845,-110.93059,1,"Accipitridae","Accipiter striatus",2020,2,19,"4fa7b334-ce0d-4e88-aaae-2e0c138d049e",NA,"3222493244"
32.268845,-110.93059,1,"Cardinalidae","Piranga ludoviciana",2020,4,20,"4fa7b334-ce0d-4e88-aaae-2e0c138d049e",NA,"3192631632"
32.268845,-110.93059,1,"Caprimulgidae","Chordeiles acutipennis",2020,6,26,"4fa7b334-ce0d-4e88-aaae-2e0c138d049e",NA,"3185978515"
32.268845,-110.93059,2,"Accipitridae","Parabuteo unicinctus",2020,7,9,"4fa7b334-ce0d-4e88-aaae-2e0c138d049e",NA,"3272933810"
32.268845,-110.93059,1,"Mimidae","Mimus polyglottos",2020,8,12,"4fa7b334-ce0d-4e88-aaae-2e0c138d049e",NA,"3277859443"
32.268845,-110.93059,1,"Fringillidae","Haemorhous mexicanus",2020,8,12,"4fa7b334-ce0d-4e88-aaae-2e0c138d049e",NA,"3275323395"
32.268845,-110.93059,1,"Fringillidae","Spinus psaltria",2020,8,12,"4fa7b334-ce0d-4e88-aaae-2e0c138d049e",NA,"3284469461"
32.26708,-110.931366,1,"Icteridae","Quiscalus mexicanus",2020,8,13,"4fa7b334-ce0d-4e88-aaae-2e0c138d049e",NA,"3190134606"
32.26708,-110.931366,1,"Mimidae","Mimus polyglottos",2020,8,13,"4fa7b334-ce0d-4e88-aaae-2e0c138d049e",NA,"3194771609"
32.26708,-110.931366,1,"Columbidae","Zenaida macroura",2020,8,13,"4fa7b334-ce0d-4e88-aaae-2e0c138d049e",NA,"3194811593"
32.26708,-110.931366,1,"Icteridae","Molothrus aeneus",2020,8,13,"4fa7b334-ce0d-4e88-aaae-2e0c138d049e",NA,"3177569719"
32.26708,-110.931366,1,"Columbidae","Zenaida asiatica",2020,8,13,"4fa7b334-ce0d-4e88-aaae-2e0c138d049e",NA,"3177651892"
32.26708,-110.931366,1,"Emberizidae","Melozone aberti",2020,8,13,"4fa7b334-ce0d-4e88-aaae-2e0c138d049e",NA,"3188345776"
32.26708,-110.931366,1,"Picidae","Melanerpes uropygialis",2020,8,13,"4fa7b334-ce0d-4e88-aaae-2e0c138d049e",NA,"3182359867"
32.26708,-110.931366,1,"Passeridae","Passer domesticus",2020,8,13,"4fa7b334-ce0d-4e88-aaae-2e0c138d049e",NA,"3183905721"
32.26708,-110.931366,1,"Fringillidae","Spinus psaltria",2020,8,13,"4fa7b334-ce0d-4e88-aaae-2e0c138d049e",NA,"3184896663"
32.26708,-110.931366,1,"Cardinalidae","Cardinalis cardinalis",2020,8,13,"4fa7b334-ce0d-4e88-aaae-2e0c138d049e",NA,"3186792607"
32.26708,-110.931366,1,"Odontophoridae","Callipepla gambelii",2020,8,13,"4fa7b334-ce0d-4e88-aaae-2e0c138d049e",NA,"3193963592"
32.26708,-110.931366,1,"Accipitridae","Accipiter cooperii",2020,8,13,"4fa7b334-ce0d-4e88-aaae-2e0c138d049e",NA,"3187288789"
32.26708,-110.931366,1,"Fringillidae","Haemorhous mexicanus",2020,8,13,"4fa7b334-ce0d-4e88-aaae-2e0c138d049e",NA,"3172885689"
32.26708,-110.931366,1,"Accipitridae","Parabuteo unicinctus",2020,8,13,"4fa7b334-ce0d-4e88-aaae-2e0c138d049e",NA,"3177053878"
32.26708,-110.931366,1,"Cardinalidae","Pheucticus melanocephalus",2020,8,13,"4fa7b334-ce0d-4e88-aaae-2e0c138d049e",NA,"3176450701"
32.26708,-110.931366,1,"Cardinalidae","Piranga ludoviciana",2020,8,13,"4fa7b334-ce0d-4e88-aaae-2e0c138d049e",NA,"3174147716"
32.26708,-110.931366,1,"Tyrannidae","Pyrocephalus rubinus",2020,8,13,"4fa7b334-ce0d-4e88-aaae-2e0c138d049e",NA,"3179676591"
32.26708,-110.931366,1,"Corvidae","Corvus corax",2020,8,13,"4fa7b334-ce0d-4e88-aaae-2e0c138d049e",NA,"3256383582"
32.268845,-110.93059,1,"Accipitridae","Parabuteo unicinctus",2020,8,9,"4fa7b334-ce0d-4e88-aaae-2e0c138d049e",NA,"3241746836"
32.268845,-110.93059,2,"Accipitridae","Parabuteo unicinctus",2020,8,16,"4fa7b334-ce0d-4e88-aaae-2e0c138d049e",NA,"3176212661"
32.268845,-110.93059,1,"Parulidae","Myioborus pictus",2020,9,1,"4fa7b334-ce0d-4e88-aaae-2e0c138d049e",NA,"3280683118"
32.26708,-110.931366,1,"Tyrannidae","Empidonax difficilis",2020,9,9,"4fa7b334-ce0d-4e88-aaae-2e0c138d049e",NA,"3300694070"
32.26708,-110.931366,1,"Cardinalidae","Cardinalis cardinalis",2020,9,9,"4fa7b334-ce0d-4e88-aaae-2e0c138d049e",NA,"3182976080"
32.26714,-110.93136,1,"Picidae","Sphyrapicus nuchalis",2020,9,25,"4fa7b334-ce0d-4e88-aaae-2e0c138d049e",NA,"3256227002"
32.26708,-110.931366,1,"Emberizidae","Junco hyemalis",2020,10,31,"4fa7b334-ce0d-4e88-aaae-2e0c138d049e",NA,"3205782801"
32.268845,-110.93059,7,"Tyrannidae","Pyrocephalus rubinus",2020,12,15,"4fa7b334-ce0d-4e88-aaae-2e0c138d049e",NA,"3298080953"
32.268845,-110.93059,3,"Columbidae","Columba livia",2020,12,15,"4fa7b334-ce0d-4e88-aaae-2e0c138d049e",NA,"3212769654"
32.268845,-110.93059,29,"Fringillidae","Spinus psaltria",2020,12,15,"4fa7b334-ce0d-4e88-aaae-2e0c138d049e",NA,"3206050456"
32.268845,-110.93059,2,"Accipitridae","Accipiter cooperii",2020,12,15,"4fa7b334-ce0d-4e88-aaae-2e0c138d049e",NA,"3194884366"
32.268845,-110.93059,4,"Picidae","Melanerpes uropygialis",2020,12,15,"4fa7b334-ce0d-4e88-aaae-2e0c138d049e",NA,"3214143221"
32.268845,-110.93059,8,"Remizidae","Auriparus flaviceps",2020,12,15,"4fa7b334-ce0d-4e88-aaae-2e0c138d049e",NA,"3207286472"
32.268845,-110.93059,1,"Cardinalidae","Cardinalis cardinalis",2020,12,15,"4fa7b334-ce0d-4e88-aaae-2e0c138d049e",NA,"3201796786"
32.268845,-110.93059,1,"Picidae","Dryobates scalaris",2020,12,15,"4fa7b334-ce0d-4e88-aaae-2e0c138d049e",NA,"3212941701"
32.268845,-110.93059,39,"Emberizidae","Zonotrichia leucophrys",2020,12,15,"4fa7b334-ce0d-4e88-aaae-2e0c138d049e",NA,"3210751577"
32.268845,-110.93059,17,"Passeridae","Passer domesticus",2020,12,15,"4fa7b334-ce0d-4e88-aaae-2e0c138d049e",NA,"3199575803"
32.268845,-110.93059,1,"Picidae","Colaptes auratus",2020,12,15,"4fa7b334-ce0d-4e88-aaae-2e0c138d049e",NA,"3198733905"
32.268845,-110.93059,45,"Columbidae","Zenaida macroura",2020,12,15,"4fa7b334-ce0d-4e88-aaae-2e0c138d049e",NA,"3212789782"
32.268845,-110.93059,1,"Corvidae","Corvus corax",2020,12,15,"4fa7b334-ce0d-4e88-aaae-2e0c138d049e",NA,"3203717901"
32.268845,-110.93059,5,"Emberizidae","Melozone aberti",2020,12,15,"4fa7b334-ce0d-4e88-aaae-2e0c138d049e",NA,"3205969637"
32.268845,-110.93059,2,"Trochilidae","Cynanthus latirostris",2020,12,15,"4fa7b334-ce0d-4e88-aaae-2e0c138d049e",NA,"3203734813"
32.268845,-110.93059,1,"Ptilogonatidae","Phainopepla nitens",2020,12,15,"4fa7b334-ce0d-4e88-aaae-2e0c138d049e",NA,"3212839891"
32.268845,-110.93059,31,"Fringillidae","Haemorhous mexicanus",2020,12,15,"4fa7b334-ce0d-4e88-aaae-2e0c138d049e",NA,"3213696855"
32.268845,-110.93059,3,"Trochilidae","Calypte anna",2020,12,15,"4fa7b334-ce0d-4e88-aaae-2e0c138d049e",NA,"3204431878"
32.268845,-110.93059,6,"Parulidae","Setophaga coronata",2020,12,15,"4fa7b334-ce0d-4e88-aaae-2e0c138d049e",NA,"3201275763"
32.268845,-110.93059,18,"Emberizidae","Zonotrichia leucophrys",2020,12,15,"4fa7b334-ce0d-4e88-aaae-2e0c138d049e",NA,"3272095809"
32.268845,-110.93059,1,"Emberizidae","Spizella passerina",2020,12,15,"4fa7b334-ce0d-4e88-aaae-2e0c138d049e",NA,"3272481907"
32.268845,-110.93059,2,"Emberizidae","Melozone aberti",2020,12,15,"4fa7b334-ce0d-4e88-aaae-2e0c138d049e",NA,"3274085872"
32.268845,-110.93059,1,"Tyrannidae","Pyrocephalus rubinus",2020,12,15,"4fa7b334-ce0d-4e88-aaae-2e0c138d049e",NA,"3283939798"
32.268845,-110.93059,1,"Turdidae","Sialia mexicana",2020,12,15,"4fa7b334-ce0d-4e88-aaae-2e0c138d049e",NA,"3279627842"
32.268845,-110.93059,4,"Fringillidae","Haemorhous mexicanus",2020,12,15,"4fa7b334-ce0d-4e88-aaae-2e0c138d049e",NA,"3269778906"
32.268845,-110.93059,1,"Fringillidae","Spinus psaltria",2020,12,15,"4fa7b334-ce0d-4e88-aaae-2e0c138d049e",NA,"3273082939"
32.268845,-110.93059,1,"Vireonidae","Vireo plumbeus",2020,12,15,"4fa7b334-ce0d-4e88-aaae-2e0c138d049e",NA,"3271895888"
32.268845,-110.93059,2,"Mimidae","Mimus polyglottos",2020,12,15,"4fa7b334-ce0d-4e88-aaae-2e0c138d049e",NA,"3280064837"
32.268845,-110.93059,5,"Parulidae","Setophaga coronata",2020,12,15,"4fa7b334-ce0d-4e88-aaae-2e0c138d049e",NA,"3300942210"
32.268845,-110.93059,1,"Accipitridae","Accipiter cooperii",2019,2,12,"4fa7b334-ce0d-4e88-aaae-2e0c138d049e",NA,"2728652669"
32.268845,-110.93059,1,"Falconidae","Falco mexicanus",2019,2,12,"4fa7b334-ce0d-4e88-aaae-2e0c138d049e",NA,"2742531789"
32.268845,-110.93059,3,"Ptilogonatidae","Phainopepla nitens",2019,3,25,"4fa7b334-ce0d-4e88-aaae-2e0c138d049e",NA,"2739026590"
32.268845,-110.93059,NA,"Columbidae","Columba livia",2019,3,25,"4fa7b334-ce0d-4e88-aaae-2e0c138d049e",NA,"2757819720"
32.268845,-110.93059,1,"Polioptilidae","Polioptila melanura",2019,3,25,"4fa7b334-ce0d-4e88-aaae-2e0c138d049e",NA,"2664207737"
32.268845,-110.93059,2,"Tyrannidae","Pyrocephalus rubinus",2019,3,27,"4fa7b334-ce0d-4e88-aaae-2e0c138d049e",NA,"2675036026"
32.268845,-110.93059,2,"Trochilidae","Calypte anna",2019,3,27,"4fa7b334-ce0d-4e88-aaae-2e0c138d049e",NA,"2663021073"
32.268845,-110.93059,1,"Accipitridae","Parabuteo unicinctus",2019,4,28,"4fa7b334-ce0d-4e88-aaae-2e0c138d049e",NA,"2681699750"
32.268845,-110.93059,1,"Accipitridae","Parabuteo unicinctus",2019,4,28,"4fa7b334-ce0d-4e88-aaae-2e0c138d049e",NA,"2669491877"
32.268845,-110.93059,2,"Mimidae","Mimus polyglottos",2019,12,17,"4fa7b334-ce0d-4e88-aaae-2e0c138d049e",NA,"2714006317"
32.268845,-110.93059,1,"Tyrannidae","Contopus pertinax",2019,12,17,"4fa7b334-ce0d-4e88-aaae-2e0c138d049e",NA,"2706386223"
32.268845,-110.93059,1,"Trochilidae","Calypte anna",2019,12,17,"4fa7b334-ce0d-4e88-aaae-2e0c138d049e",NA,"2724008241"
32.268845,-110.93059,8,"Sturnidae","Sturnus vulgaris",2019,12,17,"4fa7b334-ce0d-4e88-aaae-2e0c138d049e",NA,"2720972074"
32.268845,-110.93059,1,"Vireonidae","Vireo huttoni",2019,12,17,"4fa7b334-ce0d-4e88-aaae-2e0c138d049e",NA,"2708929137"
32.268845,-110.93059,4,"Picidae","Melanerpes uropygialis",2019,12,17,"4fa7b334-ce0d-4e88-aaae-2e0c138d049e",NA,"2710843148"
32.268845,-110.93059,12,"Fringillidae","Spinus psaltria",2019,12,17,"4fa7b334-ce0d-4e88-aaae-2e0c138d049e",NA,"2710256360"
32.268845,-110.93059,30,"Columbidae","Zenaida macroura",2019,12,17,"4fa7b334-ce0d-4e88-aaae-2e0c138d049e",NA,"2714975439"
32.268845,-110.93059,1,"Tyrannidae","Pyrocephalus rubinus",2019,12,17,"4fa7b334-ce0d-4e88-aaae-2e0c138d049e",NA,"2722900310"
32.268845,-110.93059,1,"Regulidae","Regulus calendula",2019,12,17,"4fa7b334-ce0d-4e88-aaae-2e0c138d049e",NA,"2726417461"
32.268845,-110.93059,4,"Remizidae","Auriparus flaviceps",2019,12,17,"4fa7b334-ce0d-4e88-aaae-2e0c138d049e",NA,"2725959215"
32.268845,-110.93059,1,"Accipitridae","Accipiter striatus",2019,12,17,"4fa7b334-ce0d-4e88-aaae-2e0c138d049e",NA,"3216839519"
32.268845,-110.93059,10,"Fringillidae","Haemorhous mexicanus",2019,12,17,"4fa7b334-ce0d-4e88-aaae-2e0c138d049e",NA,"2712424151"
32.268845,-110.93059,2,"Emberizidae","Zonotrichia leucophrys",2019,12,17,"4fa7b334-ce0d-4e88-aaae-2e0c138d049e",NA,"2715271234"
32.268845,-110.93059,3,"Passeridae","Passer domesticus",2019,12,17,"4fa7b334-ce0d-4e88-aaae-2e0c138d049e",NA,"2712250017"
32.268845,-110.93059,2,"Trochilidae","Cynanthus latirostris",2019,12,17,"4fa7b334-ce0d-4e88-aaae-2e0c138d049e",NA,"2708076920"
32.268845,-110.93059,2,"Parulidae","Setophaga coronata",2019,12,17,"4fa7b334-ce0d-4e88-aaae-2e0c138d049e",NA,"2712229352"
32.268845,-110.93059,3,"Emberizidae","Melozone aberti",2019,12,17,"4fa7b334-ce0d-4e88-aaae-2e0c138d049e",NA,"2711537464"
32.268845,-110.93059,1,"Accipitridae","Accipiter cooperii",2019,12,17,"4fa7b334-ce0d-4e88-aaae-2e0c138d049e",NA,"2725045664"
32.268845,-110.93059,2,"Accipitridae","Buteo jamaicensis",2019,12,17,"4fa7b334-ce0d-4e88-aaae-2e0c138d049e",NA,"2723711493"
32.268845,-110.93059,4,"Columbidae","Zenaida macroura",2019,12,17,"4fa7b334-ce0d-4e88-aaae-2e0c138d049e",NA,"2716538901"
32.268845,-110.93059,1,"Trochilidae","Calypte anna",2019,12,17,"4fa7b334-ce0d-4e88-aaae-2e0c138d049e",NA,"2713574707"
32.268845,-110.93059,1,"Tyrannidae","Pyrocephalus rubinus",2019,12,17,"4fa7b334-ce0d-4e88-aaae-2e0c138d049e",NA,"2712068906"
32.268845,-110.93059,1,"Picidae","Dryobates scalaris",2019,12,17,"4fa7b334-ce0d-4e88-aaae-2e0c138d049e",NA,"2712144690"
32.268845,-110.93059,1,"Mimidae","Mimus polyglottos",2019,12,17,"4fa7b334-ce0d-4e88-aaae-2e0c138d049e",NA,"2714639721"
32.268845,-110.93059,1,"Remizidae","Auriparus flaviceps",2019,12,17,"4fa7b334-ce0d-4e88-aaae-2e0c138d049e",NA,"2724205636"
32.268845,-110.93059,2,"Emberizidae","Melozone aberti",2019,12,17,"4fa7b334-ce0d-4e88-aaae-2e0c138d049e",NA,"2725556762"
32.268845,-110.93059,2,"Parulidae","Setophaga coronata",2019,12,17,"4fa7b334-ce0d-4e88-aaae-2e0c138d049e",NA,"2722645811"
32.268845,-110.93059,6,"Fringillidae","Haemorhous mexicanus",2019,12,17,"4fa7b334-ce0d-4e88-aaae-2e0c138d049e",NA,"2712983975"
32.268845,-110.93059,2,"Accipitridae","Buteo jamaicensis",2019,12,17,"4fa7b334-ce0d-4e88-aaae-2e0c138d049e",NA,"2713219790"
32.268845,-110.93059,1,"Picidae","Melanerpes uropygialis",2019,12,17,"4fa7b334-ce0d-4e88-aaae-2e0c138d049e",NA,"2713518929"
32.268845,-110.93059,2,"Regulidae","Regulus calendula",2019,12,17,"4fa7b334-ce0d-4e88-aaae-2e0c138d049e",NA,"2710121837"
32.268845,-110.93059,2,"Accipitridae","Parabuteo unicinctus",2019,12,23,"4fa7b334-ce0d-4e88-aaae-2e0c138d049e",NA,"2712869144"
32.26656,-110.93047,5,"Columbidae","Zenaida macroura",2018,3,16,"4fa7b334-ce0d-4e88-aaae-2e0c138d049e",NA,"2122566557"
32.26656,-110.93047,1,"Mimidae","Mimus polyglottos",2018,3,16,"4fa7b334-ce0d-4e88-aaae-2e0c138d049e",NA,"2139802112"
32.26656,-110.93047,5,"Fringillidae","Haemorhous mexicanus",2018,3,16,"4fa7b334-ce0d-4e88-aaae-2e0c138d049e",NA,"2139806414"
32.26656,-110.93047,1,"Accipitridae","Accipiter cooperii",2018,3,16,"4fa7b334-ce0d-4e88-aaae-2e0c138d049e",NA,"2135480159"
32.26656,-110.93047,1,"Fringillidae","Loxia curvirostra",2018,3,16,"4fa7b334-ce0d-4e88-aaae-2e0c138d049e",NA,"2135479118"
32.26656,-110.93047,1,"Ptilogonatidae","Phainopepla nitens",2018,3,16,"4fa7b334-ce0d-4e88-aaae-2e0c138d049e",NA,"2135483111"
32.26656,-110.93047,4,"Sturnidae","Sturnus vulgaris",2018,3,16,"4fa7b334-ce0d-4e88-aaae-2e0c138d049e",NA,"2135462871"
32.26656,-110.93047,3,"Emberizidae","Zonotrichia leucophrys",2018,3,16,"4fa7b334-ce0d-4e88-aaae-2e0c138d049e",NA,"2146886115"
32.26656,-110.93047,1,"Picidae","Colaptes auratus",2018,3,16,"4fa7b334-ce0d-4e88-aaae-2e0c138d049e",NA,"2135480181"
32.26656,-110.93047,1,"Picidae","Melanerpes uropygialis",2018,3,16,"4fa7b334-ce0d-4e88-aaae-2e0c138d049e",NA,"2122555727"
32.26656,-110.93047,10,"Passeridae","Passer domesticus",2018,3,16,"4fa7b334-ce0d-4e88-aaae-2e0c138d049e",NA,"2135480580"
32.26656,-110.93047,1,"Columbidae","Zenaida asiatica",2018,3,16,"4fa7b334-ce0d-4e88-aaae-2e0c138d049e",NA,"2146886132"
32.26656,-110.93047,1,"Columbidae","Streptopelia decaocto",2018,3,16,"4fa7b334-ce0d-4e88-aaae-2e0c138d049e",NA,"2139796312"
32.26656,-110.93047,1,"Parulidae","Setophaga coronata",2018,3,16,"4fa7b334-ce0d-4e88-aaae-2e0c138d049e",NA,"2146890976"
32.268845,-110.93059,4,"Emberizidae","Melozone aberti",2018,12,18,"4fa7b334-ce0d-4e88-aaae-2e0c138d049e",NA,"2213473073"
32.268845,-110.93059,2,"Passeridae","Passer domesticus",2018,12,18,"4fa7b334-ce0d-4e88-aaae-2e0c138d049e",NA,"2213487907"
32.268845,-110.93059,7,"Fringillidae","Haemorhous mexicanus",2018,12,18,"4fa7b334-ce0d-4e88-aaae-2e0c138d049e",NA,"2213464690"
32.268845,-110.93059,2,"Picidae","Melanerpes uropygialis",2018,12,18,"4fa7b334-ce0d-4e88-aaae-2e0c138d049e",NA,"2213467058"
32.268845,-110.93059,1,"Falconidae","Falco sparverius",2018,12,18,"4fa7b334-ce0d-4e88-aaae-2e0c138d049e",NA,"2226808090"
32.268845,-110.93059,4,"Parulidae","Setophaga coronata",2018,12,18,"4fa7b334-ce0d-4e88-aaae-2e0c138d049e",NA,"2213485576"
32.268845,-110.93059,2,"Regulidae","Regulus calendula",2018,12,18,"4fa7b334-ce0d-4e88-aaae-2e0c138d049e",NA,"2223856840"
32.268845,-110.93059,3,"Picidae","Dryobates scalaris",2018,12,18,"4fa7b334-ce0d-4e88-aaae-2e0c138d049e",NA,"2226830713"
32.268845,-110.93059,3,"Mimidae","Mimus polyglottos",2018,12,18,"4fa7b334-ce0d-4e88-aaae-2e0c138d049e",NA,"2226841197"
32.268845,-110.93059,1,"Sturnidae","Sturnus vulgaris",2018,12,18,"4fa7b334-ce0d-4e88-aaae-2e0c138d049e",NA,"2226832726"
32.268845,-110.93059,5,"Fringillidae","Spinus psaltria",2018,12,18,"4fa7b334-ce0d-4e88-aaae-2e0c138d049e",NA,"2223833893"
32.268845,-110.93059,4,"Trochilidae","Calypte anna",2018,12,18,"4fa7b334-ce0d-4e88-aaae-2e0c138d049e",NA,"2223829365"
32.268845,-110.93059,8,"Columbidae","Zenaida macroura",2018,12,18,"4fa7b334-ce0d-4e88-aaae-2e0c138d049e",NA,"2226831036"
32.268845,-110.93059,1,"Tyrannidae","Pyrocephalus rubinus",2018,12,18,"4fa7b334-ce0d-4e88-aaae-2e0c138d049e",NA,"2213489195"
32.268845,-110.93059,4,"Remizidae","Auriparus flaviceps",2018,12,18,"4fa7b334-ce0d-4e88-aaae-2e0c138d049e",NA,"2213469849"
32.268845,-110.93059,1,"Sittidae","Sitta canadensis",2018,12,18,"4fa7b334-ce0d-4e88-aaae-2e0c138d049e",NA,"2213478090"
32.268845,-110.93059,4,"Remizidae","Auriparus flaviceps",2018,12,18,"4fa7b334-ce0d-4e88-aaae-2e0c138d049e",NA,"2223832482"
32.268845,-110.93059,1,"Tyrannidae","Sayornis saya",2018,12,18,"4fa7b334-ce0d-4e88-aaae-2e0c138d049e",NA,"2232230507"
32.268845,-110.93059,1,"Sturnidae","Sturnus vulgaris",2018,12,18,"4fa7b334-ce0d-4e88-aaae-2e0c138d049e",NA,"2226833384"
32.268845,-110.93059,1,"Picidae","Colaptes auratus",2018,12,18,"4fa7b334-ce0d-4e88-aaae-2e0c138d049e",NA,"2223837233"
32.268845,-110.93059,2,"Tyrannidae","Pyrocephalus rubinus",2018,12,18,"4fa7b334-ce0d-4e88-aaae-2e0c138d049e",NA,"2223860568"
32.268845,-110.93059,2,"Regulidae","Regulus calendula",2018,12,18,"4fa7b334-ce0d-4e88-aaae-2e0c138d049e",NA,"2223844890"
32.268845,-110.93059,3,"Picidae","Melanerpes uropygialis",2018,12,18,"4fa7b334-ce0d-4e88-aaae-2e0c138d049e",NA,"2213472655"
32.268845,-110.93059,2,"Mimidae","Mimus polyglottos",2018,12,18,"4fa7b334-ce0d-4e88-aaae-2e0c138d049e",NA,"2226829759"
32.268845,-110.93059,1,"Trochilidae","Calypte anna",2018,12,18,"4fa7b334-ce0d-4e88-aaae-2e0c138d049e",NA,"2213482265"
32.268845,-110.93059,2,"Fringillidae","Spinus psaltria",2018,12,18,"4fa7b334-ce0d-4e88-aaae-2e0c138d049e",NA,"2223842887"
32.268845,-110.93059,1,"Accipitridae","Accipiter cooperii",2018,12,18,"4fa7b334-ce0d-4e88-aaae-2e0c138d049e",NA,"2232230515"
32.268845,-110.93059,1,"Columbidae","Columba livia",2018,12,18,"4fa7b334-ce0d-4e88-aaae-2e0c138d049e",NA,"2213469134"
32.268845,-110.93059,5,"Passeridae","Passer domesticus",2018,12,18,"4fa7b334-ce0d-4e88-aaae-2e0c138d049e",NA,"2226822738"
32.268845,-110.93059,4,"Emberizidae","Melozone aberti",2018,12,18,"4fa7b334-ce0d-4e88-aaae-2e0c138d049e",NA,"2232230517"
32.268845,-110.93059,3,"Picidae","Dryobates scalaris",2018,12,18,"4fa7b334-ce0d-4e88-aaae-2e0c138d049e",NA,"2226830717"
32.268845,-110.93059,7,"Fringillidae","Haemorhous mexicanus",2018,12,18,"4fa7b334-ce0d-4e88-aaae-2e0c138d049e",NA,"2223846121"
32.268845,-110.93059,5,"Fringillidae","Spinus psaltria",2017,1,30,"4fa7b334-ce0d-4e88-aaae-2e0c138d049e",NA,"2031046917"
32.268845,-110.93059,5,"Picidae","Melanerpes uropygialis",2017,1,30,"4fa7b334-ce0d-4e88-aaae-2e0c138d049e",NA,"2031047194"
32.268845,-110.93059,10,"Passeridae","Passer domesticus",2017,1,30,"4fa7b334-ce0d-4e88-aaae-2e0c138d049e",NA,"2036055277"
32.268845,-110.93059,2,"Trochilidae","Calypte anna",2017,1,30,"4fa7b334-ce0d-4e88-aaae-2e0c138d049e",NA,"2031046519"
32.268845,-110.93059,1,"Accipitridae","Accipiter cooperii",2017,1,30,"4fa7b334-ce0d-4e88-aaae-2e0c138d049e",NA,"2037801393"
32.268845,-110.93059,10,"Columbidae","Zenaida macroura",2017,1,30,"4fa7b334-ce0d-4e88-aaae-2e0c138d049e",NA,"2031044659"
32.268845,-110.93059,1,"Tyrannidae","Pyrocephalus rubinus",2017,1,30,"4fa7b334-ce0d-4e88-aaae-2e0c138d049e",NA,"2042300155"
32.268845,-110.93059,1,"Accipitridae","Buteo jamaicensis",2017,1,30,"4fa7b334-ce0d-4e88-aaae-2e0c138d049e",NA,"2037804988"
32.268845,-110.93059,20,"Columbidae","Columba livia",2017,1,30,"4fa7b334-ce0d-4e88-aaae-2e0c138d049e",NA,"2042301156"
32.268845,-110.93059,2,"Remizidae","Auriparus flaviceps",2017,1,30,"4fa7b334-ce0d-4e88-aaae-2e0c138d049e",NA,"2031044341"
32.268845,-110.93059,1,"Mimidae","Toxostoma curvirostre",2017,1,30,"4fa7b334-ce0d-4e88-aaae-2e0c138d049e",NA,"2031046902"
32.268845,-110.93059,1,"Accipitridae","Parabuteo unicinctus",2017,1,30,"4fa7b334-ce0d-4e88-aaae-2e0c138d049e",NA,"2037806122"
32.268845,-110.93059,3,"Ptilogonatidae","Phainopepla nitens",2017,1,30,"4fa7b334-ce0d-4e88-aaae-2e0c138d049e",NA,"2042304002"
32.268845,-110.93059,2,"Corvidae","Corvus corax",2017,1,30,"4fa7b334-ce0d-4e88-aaae-2e0c138d049e",NA,"2037802875"
32.268845,-110.93059,10,"Fringillidae","Haemorhous mexicanus",2017,1,30,"4fa7b334-ce0d-4e88-aaae-2e0c138d049e",NA,"2036044370"
32.266598,-110.93059,4,"Accipitridae","Parabuteo unicinctus",2017,7,4,"4fa7b334-ce0d-4e88-aaae-2e0c138d049e",NA,"2067134532"
32.266598,-110.93059,1,"Tyrannidae","Pyrocephalus rubinus",2017,7,4,"4fa7b334-ce0d-4e88-aaae-2e0c138d049e",NA,"2079570412"
32.266598,-110.93059,2,"Picidae","Melanerpes uropygialis",2017,7,4,"4fa7b334-ce0d-4e88-aaae-2e0c138d049e",NA,"2079076360"
32.266598,-110.93059,2,"Mimidae","Mimus polyglottos",2017,7,4,"4fa7b334-ce0d-4e88-aaae-2e0c138d049e",NA,"2084782065"
32.266598,-110.93059,8,"Columbidae","Zenaida macroura",2017,7,4,"4fa7b334-ce0d-4e88-aaae-2e0c138d049e",NA,"2084791626"
32.266598,-110.93059,10,"Sturnidae","Sturnus vulgaris",2017,7,4,"4fa7b334-ce0d-4e88-aaae-2e0c138d049e",NA,"2079577188"
32.266598,-110.93059,2,"Emberizidae","Melozone aberti",2017,7,4,"4fa7b334-ce0d-4e88-aaae-2e0c138d049e",NA,"2079082447"
32.266598,-110.93059,5,"Fringillidae","Spinus psaltria",2017,7,4,"4fa7b334-ce0d-4e88-aaae-2e0c138d049e",NA,"2084784640"
32.266598,-110.93059,4,"Passeridae","Passer domesticus",2017,7,4,"4fa7b334-ce0d-4e88-aaae-2e0c138d049e",NA,"2084775186"
32.266598,-110.93059,8,"Columbidae","Zenaida asiatica",2017,7,4,"4fa7b334-ce0d-4e88-aaae-2e0c138d049e",NA,"2084778967"
32.266598,-110.93059,1,"Trochilidae","Calypte anna",2017,7,4,"4fa7b334-ce0d-4e88-aaae-2e0c138d049e",NA,"2079076345"
32.268845,-110.93059,2,"Accipitridae","Buteo jamaicensis",2017,11,2,"4fa7b334-ce0d-4e88-aaae-2e0c138d049e",NA,"2110039298"
32.268845,-110.93059,1,"Corvidae","Corvus corax",2017,11,2,"4fa7b334-ce0d-4e88-aaae-2e0c138d049e",NA,"2102937719"
32.268845,-110.93059,1,"Columbidae","Zenaida macroura",2017,11,2,"4fa7b334-ce0d-4e88-aaae-2e0c138d049e",NA,"2110054861"
32.268845,-110.93059,2,"Corvidae","Corvus corax",2017,12,14,"4fa7b334-ce0d-4e88-aaae-2e0c138d049e",NA,"2112112068"
32.268845,-110.93059,4,"Emberizidae","Melozone aberti",2017,12,14,"4fa7b334-ce0d-4e88-aaae-2e0c138d049e",NA,"2111476730"
32.268845,-110.93059,6,"Sturnidae","Sturnus vulgaris",2017,12,14,"4fa7b334-ce0d-4e88-aaae-2e0c138d049e",NA,"2098786711"
32.268845,-110.93059,5,"Remizidae","Auriparus flaviceps",2017,12,14,"4fa7b334-ce0d-4e88-aaae-2e0c138d049e",NA,"2098748831"
32.268845,-110.93059,50,"Emberizidae","Zonotrichia leucophrys",2017,12,14,"4fa7b334-ce0d-4e88-aaae-2e0c138d049e",NA,"2098768874"
32.268845,-110.93059,80,"Columbidae","Zenaida macroura",2017,12,14,"4fa7b334-ce0d-4e88-aaae-2e0c138d049e",NA,"2111485633"
32.268845,-110.93059,1,"Mimidae","Toxostoma curvirostre",2017,12,14,"4fa7b334-ce0d-4e88-aaae-2e0c138d049e",NA,"2098781112"
32.268845,-110.93059,5,"Picidae","Melanerpes uropygialis",2017,12,14,"4fa7b334-ce0d-4e88-aaae-2e0c138d049e",NA,"2120657175"
32.268845,-110.93059,1,"Picidae","Colaptes auratus",2017,12,14,"4fa7b334-ce0d-4e88-aaae-2e0c138d049e",NA,"2111472944"
32.268845,-110.93059,2,"Columbidae","Streptopelia decaocto",2017,12,14,"4fa7b334-ce0d-4e88-aaae-2e0c138d049e",NA,"2111470945"
32.268845,-110.93059,12,"Passeridae","Passer domesticus",2017,12,14,"4fa7b334-ce0d-4e88-aaae-2e0c138d049e",NA,"2120662338"
32.268845,-110.93059,12,"Fringillidae","Spinus psaltria",2017,12,14,"4fa7b334-ce0d-4e88-aaae-2e0c138d049e",NA,"2112124291"
32.268845,-110.93059,2,"Ptilogonatidae","Phainopepla nitens",2017,12,14,"4fa7b334-ce0d-4e88-aaae-2e0c138d049e",NA,"2098753514"
32.268845,-110.93059,7,"Tyrannidae","Pyrocephalus rubinus",2017,12,14,"4fa7b334-ce0d-4e88-aaae-2e0c138d049e",NA,"2112132982"
32.268845,-110.93059,1,"Picidae","Sphyrapicus nuchalis",2017,12,14,"4fa7b334-ce0d-4e88-aaae-2e0c138d049e",NA,"2120680115"
32.268845,-110.93059,25,"Parulidae","Setophaga coronata",2017,12,14,"4fa7b334-ce0d-4e88-aaae-2e0c138d049e",NA,"2111483427"
32.268845,-110.93059,7,"Mimidae","Mimus polyglottos",2017,12,14,"4fa7b334-ce0d-4e88-aaae-2e0c138d049e",NA,"2098760893"
32.268845,-110.93059,2,"Accipitridae","Accipiter cooperii",2017,12,14,"4fa7b334-ce0d-4e88-aaae-2e0c138d049e",NA,"2112123199"
32.268845,-110.93059,2,"Cardinalidae","Cardinalis cardinalis",2017,12,14,"4fa7b334-ce0d-4e88-aaae-2e0c138d049e",NA,"2112106349"
32.268845,-110.93059,1,"Vireonidae","Vireo plumbeus",2017,12,14,"4fa7b334-ce0d-4e88-aaae-2e0c138d049e",NA,"2120649086"
32.268845,-110.93059,1,"Trochilidae","Calypte costae",2017,12,14,"4fa7b334-ce0d-4e88-aaae-2e0c138d049e",NA,"2120660063"
32.268845,-110.93059,10,"Trochilidae","Calypte anna",2017,12,14,"4fa7b334-ce0d-4e88-aaae-2e0c138d049e",NA,"2120653530"
32.268845,-110.93059,1,"Regulidae","Regulus calendula",2017,12,14,"4fa7b334-ce0d-4e88-aaae-2e0c138d049e",NA,"2111467316"
32.268845,-110.93059,18,"Fringillidae","Haemorhous mexicanus",2017,12,14,"4fa7b334-ce0d-4e88-aaae-2e0c138d049e",NA,"2120657184"
32.268845,-110.93059,2,"Picidae","Dryobates scalaris",2017,12,14,"4fa7b334-ce0d-4e88-aaae-2e0c138d049e",NA,"2111476915"
32.268845,-110.93059,1,"Sittidae","Sitta canadensis",2017,12,14,"4fa7b334-ce0d-4e88-aaae-2e0c138d049e",NA,"2098746595"
32.268845,-110.93059,10,"Fringillidae","Loxia curvirostra",2017,12,14,"4fa7b334-ce0d-4e88-aaae-2e0c138d049e",NA,"2120650488"
32.268845,-110.93059,20,"Fringillidae","Haemorhous mexicanus",2017,12,23,"4fa7b334-ce0d-4e88-aaae-2e0c138d049e",NA,"2112863547"
32.268845,-110.93059,3,"Cardinalidae","Cardinalis cardinalis",2017,12,23,"4fa7b334-ce0d-4e88-aaae-2e0c138d049e",NA,"2112866802"
32.268845,-110.93059,1,"Accipitridae","Parabuteo unicinctus",2017,12,23,"4fa7b334-ce0d-4e88-aaae-2e0c138d049e",NA,"2112853240"
32.268845,-110.93059,1,"Turdidae","Sialia mexicana",2017,12,23,"4fa7b334-ce0d-4e88-aaae-2e0c138d049e",NA,"2122220788"
32.268845,-110.93059,1,"Trochilidae","Calypte costae",2017,12,23,"4fa7b334-ce0d-4e88-aaae-2e0c138d049e",NA,"2099903747"
32.268845,-110.93059,6,"Fringillidae","Spinus psaltria",2017,12,23,"4fa7b334-ce0d-4e88-aaae-2e0c138d049e",NA,"2112863977"
32.268845,-110.93059,2,"Mimidae","Mimus polyglottos",2017,12,23,"4fa7b334-ce0d-4e88-aaae-2e0c138d049e",NA,"2099913608"
32.268845,-110.93059,4,"Accipitridae","Accipiter cooperii",2017,12,23,"4fa7b334-ce0d-4e88-aaae-2e0c138d049e",NA,"2113586942"
32.268845,-110.93059,4,"Columbidae","Columba livia",2017,12,23,"4fa7b334-ce0d-4e88-aaae-2e0c138d049e",NA,"2112856365"
32.268845,-110.93059,3,"Sturnidae","Sturnus vulgaris",2017,12,23,"4fa7b334-ce0d-4e88-aaae-2e0c138d049e",NA,"2122201182"
32.268845,-110.93059,1,"Regulidae","Regulus calendula",2017,12,23,"4fa7b334-ce0d-4e88-aaae-2e0c138d049e",NA,"2113600323"
32.268845,-110.93059,4,"Ptilogonatidae","Phainopepla nitens",2017,12,23,"4fa7b334-ce0d-4e88-aaae-2e0c138d049e",NA,"2112855919"
32.268845,-110.93059,1,"Accipitridae","Accipiter striatus",2017,12,23,"4fa7b334-ce0d-4e88-aaae-2e0c138d049e",NA,"2099901686"
32.268845,-110.93059,1,"Fringillidae","Loxia curvirostra",2017,12,23,"4fa7b334-ce0d-4e88-aaae-2e0c138d049e",NA,"2099899050"
32.268845,-110.93059,12,"Parulidae","Setophaga coronata",2017,12,23,"4fa7b334-ce0d-4e88-aaae-2e0c138d049e",NA,"2113594178"
32.268845,-110.93059,6,"Picidae","Melanerpes uropygialis",2017,12,23,"4fa7b334-ce0d-4e88-aaae-2e0c138d049e",NA,"2099914928"
32.268845,-110.93059,40,"Columbidae","Zenaida macroura",2017,12,23,"4fa7b334-ce0d-4e88-aaae-2e0c138d049e",NA,"2099903286"
32.268845,-110.93059,8,"Passeridae","Passer domesticus",2017,12,23,"4fa7b334-ce0d-4e88-aaae-2e0c138d049e",NA,"2112853216"
32.268845,-110.93059,2,"Emberizidae","Zonotrichia leucophrys",2017,12,23,"4fa7b334-ce0d-4e88-aaae-2e0c138d049e",NA,"2112846260"
32.268845,-110.93059,2,"Emberizidae","Melozone aberti",2017,12,29,"4fa7b334-ce0d-4e88-aaae-2e0c138d049e",NA,"2123433325"
32.268845,-110.93059,1,"Mimidae","Mimus polyglottos",2017,12,29,"4fa7b334-ce0d-4e88-aaae-2e0c138d049e",NA,"2114865709"
32.268845,-110.93059,2,"Sittidae","Sitta canadensis",2017,12,29,"4fa7b334-ce0d-4e88-aaae-2e0c138d049e",NA,"2101152164"
32.268845,-110.93059,1,"Trochilidae","Calypte costae",2017,12,29,"4fa7b334-ce0d-4e88-aaae-2e0c138d049e",NA,"2114165315"
32.268845,-110.93059,18,"Fringillidae","Loxia curvirostra",2017,12,29,"4fa7b334-ce0d-4e88-aaae-2e0c138d049e",NA,"2114180727"
32.268845,-110.93059,2,"Columbidae","Zenaida macroura",2017,12,29,"4fa7b334-ce0d-4e88-aaae-2e0c138d049e",NA,"2123398692"
32.268845,-110.93059,14,"Fringillidae","Haemorhous mexicanus",2017,12,29,"4fa7b334-ce0d-4e88-aaae-2e0c138d049e",NA,"2101163500"
32.268845,-110.93059,1,"Trochilidae","Calypte anna",2017,12,29,"4fa7b334-ce0d-4e88-aaae-2e0c138d049e",NA,"2123402596"
32.268845,-110.93059,8,"Fringillidae","Spinus psaltria",2017,12,29,"4fa7b334-ce0d-4e88-aaae-2e0c138d049e",NA,"2114161817"
32.266765,-110.927887,NA,"Accipitridae","Accipiter cooperii",2020,7,2,"50c9509d-22c7-4a22-a47d-8c48425ef4a7","iNaturalist research-grade observations","2814284514"
