"decimalLatitude","decimalLongitude","individualCount","family","species","year","month","day","datasetKey","datasetName","gbifID"
32.256687,-111.01256,10,"Columbidae","Zenaida macroura",2017,3,31,"4fa7b334-ce0d-4e88-aaae-2e0c138d049e",NA,"2050845275"
32.256687,-111.01256,12,"Fringillidae","Haemorhous mexicanus",2017,3,31,"4fa7b334-ce0d-4e88-aaae-2e0c138d049e",NA,"2050848123"
32.256687,-111.01256,1,"Trochilidae","Archilochus alexandri",2017,3,31,"4fa7b334-ce0d-4e88-aaae-2e0c138d049e",NA,"2041375296"
32.256687,-111.01256,1,"Picidae","Melanerpes uropygialis",2017,3,31,"4fa7b334-ce0d-4e88-aaae-2e0c138d049e",NA,"2052114705"
32.256687,-111.01256,3,"Remizidae","Auriparus flaviceps",2017,3,31,"4fa7b334-ce0d-4e88-aaae-2e0c138d049e",NA,"2052115019"
32.256687,-111.01256,2,"Emberizidae","Melozone aberti",2017,3,31,"4fa7b334-ce0d-4e88-aaae-2e0c138d049e",NA,"2050838912"
32.256687,-111.01256,2,"Tyrannidae","Pyrocephalus rubinus",2017,3,31,"4fa7b334-ce0d-4e88-aaae-2e0c138d049e",NA,"2052109938"
32.256687,-111.01256,3,"Columbidae","Streptopelia decaocto",2017,3,31,"4fa7b334-ce0d-4e88-aaae-2e0c138d049e",NA,"2050834381"
32.256687,-111.01256,1,"Tyrannidae","Myiarchus cinerascens",2017,3,31,"4fa7b334-ce0d-4e88-aaae-2e0c138d049e",NA,"2041383760"
32.256687,-111.01256,1,"Emberizidae","Zonotrichia leucophrys",2017,3,31,"4fa7b334-ce0d-4e88-aaae-2e0c138d049e",NA,"2052109932"
32.256309,-111.015469,NA,"Parulidae","Leiothlypis celata",2020,2,23,"50c9509d-22c7-4a22-a47d-8c48425ef4a7","iNaturalist research-grade observations","2574162110"
32.257885,-111.014382,NA,"Fringillidae","Spinus psaltria",2018,2,15,"50c9509d-22c7-4a22-a47d-8c48425ef4a7","iNaturalist research-grade observations","1831193663"
32.257876,-111.014417,NA,"Fringillidae","Spinus psaltria",2018,3,9,"50c9509d-22c7-4a22-a47d-8c48425ef4a7","iNaturalist research-grade observations","1836605040"
32.257419,-111.012792,NA,"Columbidae","Zenaida macroura",2017,4,6,"50c9509d-22c7-4a22-a47d-8c48425ef4a7","iNaturalist research-grade observations","1457617443"
32.25607,-111.012183,NA,"Columbidae","Zenaida macroura",2017,4,10,"50c9509d-22c7-4a22-a47d-8c48425ef4a7","iNaturalist research-grade observations","1457631925"
32.253464,-111.012052,NA,"Columbidae","Zenaida macroura",2017,4,10,"50c9509d-22c7-4a22-a47d-8c48425ef4a7","iNaturalist research-grade observations","1457634688"
32.256729,-111.012717,NA,"Columbidae","Streptopelia decaocto",2017,4,10,"50c9509d-22c7-4a22-a47d-8c48425ef4a7","iNaturalist research-grade observations","1457634664"
32.255813,-111.012125,NA,"Columbidae","Zenaida macroura",2017,4,10,"50c9509d-22c7-4a22-a47d-8c48425ef4a7","iNaturalist research-grade observations","1457634704"
32.25474,-111.012159,NA,"Columbidae","Zenaida macroura",2017,4,10,"50c9509d-22c7-4a22-a47d-8c48425ef4a7","iNaturalist research-grade observations","1457634733"
32.255519,-111.012039,NA,"Passeridae","Passer domesticus",2017,4,10,"50c9509d-22c7-4a22-a47d-8c48425ef4a7","iNaturalist research-grade observations","1457635328"
32.255223,-111.01421,NA,"Columbidae","Zenaida asiatica",2017,4,21,"50c9509d-22c7-4a22-a47d-8c48425ef4a7","iNaturalist research-grade observations","1500300789"
32.25545,-111.01205,NA,"Columbidae","Columba livia",2017,5,18,"50c9509d-22c7-4a22-a47d-8c48425ef4a7","iNaturalist research-grade observations","1562958519"
32.254745,-111.012149,NA,"Columbidae","Zenaida asiatica",2017,7,18,"50c9509d-22c7-4a22-a47d-8c48425ef4a7","iNaturalist research-grade observations","1580512528"
32.253479,-111.012154,NA,"Columbidae","Zenaida asiatica",2017,7,18,"50c9509d-22c7-4a22-a47d-8c48425ef4a7","iNaturalist research-grade observations","1580512494"
32.255705,-111.014633,NA,"Columbidae","Zenaida asiatica",2017,7,18,"50c9509d-22c7-4a22-a47d-8c48425ef4a7","iNaturalist research-grade observations","1580512430"
32.25626,-111.016579,NA,"Columbidae","Zenaida macroura",2017,7,18,"50c9509d-22c7-4a22-a47d-8c48425ef4a7","iNaturalist research-grade observations","1580512566"
32.257769,-111.017073,NA,"Picidae","Melanerpes uropygialis",2017,7,18,"50c9509d-22c7-4a22-a47d-8c48425ef4a7","iNaturalist research-grade observations","1580512513"
32.256263,-111.012859,NA,"Accipitridae","Accipiter striatus",2017,11,27,"50c9509d-22c7-4a22-a47d-8c48425ef4a7","iNaturalist research-grade observations","1703219621"
32.257915,-111.014072,NA,"Fringillidae","Haemorhous mexicanus",2017,12,13,"50c9509d-22c7-4a22-a47d-8c48425ef4a7","iNaturalist research-grade observations","1802690680"
32.257925,-111.01438,NA,"Picidae","Melanerpes uropygialis",2017,12,13,"50c9509d-22c7-4a22-a47d-8c48425ef4a7","iNaturalist research-grade observations","1802690682"
