"decimalLatitude","decimalLongitude","individualCount","family","species","year","month","day","datasetKey","datasetName","gbifID","lifeStage"
32.19421,-110.928955,NA,"Emberizidae","Melozone aberti",2017,4,23,"4fa7b334-ce0d-4e88-aaae-2e0c138d049e",NA,"2790522125",NA
32.19421,-110.928955,NA,"Trochilidae","Calypte anna",2017,4,23,"4fa7b334-ce0d-4e88-aaae-2e0c138d049e",NA,"2778848088",NA
32.19421,-110.928955,NA,"Trochilidae","Cynanthus latirostris",2017,4,23,"4fa7b334-ce0d-4e88-aaae-2e0c138d049e",NA,"2785652320",NA
32.19421,-110.928955,NA,"Mimidae","Toxostoma curvirostre",2017,4,23,"4fa7b334-ce0d-4e88-aaae-2e0c138d049e",NA,"2789582195",NA
32.19421,-110.928955,NA,"Picidae","Melanerpes uropygialis",2017,4,23,"4fa7b334-ce0d-4e88-aaae-2e0c138d049e",NA,"2778205347",NA
32.19421,-110.928955,NA,"Icteridae","Quiscalus mexicanus",2017,4,23,"4fa7b334-ce0d-4e88-aaae-2e0c138d049e",NA,"2789985304",NA
32.19421,-110.928955,NA,"Cuculidae","Geococcyx californianus",2017,4,23,"4fa7b334-ce0d-4e88-aaae-2e0c138d049e",NA,"2791764986",NA
32.19421,-110.928955,NA,"Fringillidae","Haemorhous mexicanus",2017,4,23,"4fa7b334-ce0d-4e88-aaae-2e0c138d049e",NA,"2790393040",NA
32.19421,-110.928955,NA,"Passeridae","Passer domesticus",2017,4,23,"4fa7b334-ce0d-4e88-aaae-2e0c138d049e",NA,"2787008299",NA
32.19421,-110.928955,NA,"Columbidae","Zenaida macroura",2017,4,23,"4fa7b334-ce0d-4e88-aaae-2e0c138d049e",NA,"2791540428",NA
32.19421,-110.928955,NA,"Hirundinidae","Tachycineta bicolor",2017,4,23,"4fa7b334-ce0d-4e88-aaae-2e0c138d049e",NA,"2794121443",NA
32.19421,-110.928955,NA,"Remizidae","Auriparus flaviceps",2017,4,23,"4fa7b334-ce0d-4e88-aaae-2e0c138d049e",NA,"2800112224",NA
32.19421,-110.928955,NA,"Tyrannidae","Pyrocephalus rubinus",2017,4,23,"4fa7b334-ce0d-4e88-aaae-2e0c138d049e",NA,"2785986171",NA
32.19421,-110.928955,NA,"Columbidae","Zenaida asiatica",2017,4,23,"4fa7b334-ce0d-4e88-aaae-2e0c138d049e",NA,"2786693142",NA
32.19421,-110.928955,NA,"Emberizidae","Melozone aberti",2017,4,23,"4fa7b334-ce0d-4e88-aaae-2e0c138d049e",NA,"2717259395",NA
32.19421,-110.928955,NA,"Trochilidae","Calypte anna",2017,4,23,"4fa7b334-ce0d-4e88-aaae-2e0c138d049e",NA,"2726173195",NA
32.19421,-110.928955,NA,"Trochilidae","Cynanthus latirostris",2017,4,23,"4fa7b334-ce0d-4e88-aaae-2e0c138d049e",NA,"2726984432",NA
32.19421,-110.928955,NA,"Mimidae","Toxostoma curvirostre",2017,4,23,"4fa7b334-ce0d-4e88-aaae-2e0c138d049e",NA,"2725780342",NA
32.19421,-110.928955,NA,"Picidae","Melanerpes uropygialis",2017,4,23,"4fa7b334-ce0d-4e88-aaae-2e0c138d049e",NA,"2718815613",NA
32.19421,-110.928955,NA,"Icteridae","Quiscalus mexicanus",2017,4,23,"4fa7b334-ce0d-4e88-aaae-2e0c138d049e",NA,"2718206309",NA
32.19421,-110.928955,NA,"Cuculidae","Geococcyx californianus",2017,4,23,"4fa7b334-ce0d-4e88-aaae-2e0c138d049e",NA,"2715028299",NA
32.19421,-110.928955,NA,"Fringillidae","Haemorhous mexicanus",2017,4,23,"4fa7b334-ce0d-4e88-aaae-2e0c138d049e",NA,"2726296103",NA
32.19421,-110.928955,NA,"Passeridae","Passer domesticus",2017,4,23,"4fa7b334-ce0d-4e88-aaae-2e0c138d049e",NA,"2724684189",NA
32.19421,-110.928955,NA,"Columbidae","Zenaida macroura",2017,4,23,"4fa7b334-ce0d-4e88-aaae-2e0c138d049e",NA,"2721595398",NA
32.19421,-110.928955,NA,"Hirundinidae","Tachycineta bicolor",2017,4,23,"4fa7b334-ce0d-4e88-aaae-2e0c138d049e",NA,"2718123357",NA
32.19421,-110.928955,NA,"Remizidae","Auriparus flaviceps",2017,4,23,"4fa7b334-ce0d-4e88-aaae-2e0c138d049e",NA,"2724795877",NA
32.19421,-110.928955,NA,"Tyrannidae","Pyrocephalus rubinus",2017,4,23,"4fa7b334-ce0d-4e88-aaae-2e0c138d049e",NA,"2716537109",NA
32.19421,-110.928955,NA,"Columbidae","Zenaida asiatica",2017,4,23,"4fa7b334-ce0d-4e88-aaae-2e0c138d049e",NA,"2719969113",NA
32.20498,-110.944773,NA,"Passeridae","Passer domesticus",2021,9,20,"50c9509d-22c7-4a22-a47d-8c48425ef4a7","iNaturalist research-grade observations","3384376661","Adult"
32.203304,-110.936367,NA,"Accipitridae","Buteo jamaicensis",2017,11,21,"50c9509d-22c7-4a22-a47d-8c48425ef4a7","iNaturalist research-grade observations","1703193143",NA
