"decimalLatitude","decimalLongitude","individualCount","family","species","year","month","day","datasetKey","datasetName","gbifID"
32.215237,-110.90869,4,"Columbidae","Zenaida macroura",2021,8,7,"4fa7b334-ce0d-4e88-aaae-2e0c138d049e",NA,"3624639346"
32.215237,-110.90869,6,"Columbidae","Columba livia",2021,8,7,"4fa7b334-ce0d-4e88-aaae-2e0c138d049e",NA,"3622763357"
32.215237,-110.90869,5,"Passeridae","Passer domesticus",2021,8,7,"4fa7b334-ce0d-4e88-aaae-2e0c138d049e",NA,"3625793456"
32.215237,-110.90869,3,"Trochilidae","Calypte anna",2021,8,7,"4fa7b334-ce0d-4e88-aaae-2e0c138d049e",NA,"3620276114"
32.215237,-110.90869,2,"Fringillidae","Spinus psaltria",2021,8,7,"4fa7b334-ce0d-4e88-aaae-2e0c138d049e",NA,"3613170286"
32.215237,-110.90869,6,"Columbidae","Zenaida asiatica",2021,8,7,"4fa7b334-ce0d-4e88-aaae-2e0c138d049e",NA,"3615761980"
32.215237,-110.90869,1,"Tyrannidae","Pyrocephalus rubinus",2021,8,7,"4fa7b334-ce0d-4e88-aaae-2e0c138d049e",NA,"3656621432"
32.215237,-110.90869,1,"Tyrannidae","Pyrocephalus rubinus",2021,8,7,"4fa7b334-ce0d-4e88-aaae-2e0c138d049e",NA,"3656183908"
32.214924,-110.9077,1,"Trochilidae","Cynanthus latirostris",2021,8,10,"4fa7b334-ce0d-4e88-aaae-2e0c138d049e",NA,"3617973976"
32.215,-110.90932,1,"Columbidae","Streptopelia decaocto",2021,8,10,"4fa7b334-ce0d-4e88-aaae-2e0c138d049e",NA,"3656050248"
32.215,-110.90932,3,"Columbidae","Zenaida macroura",2021,8,10,"4fa7b334-ce0d-4e88-aaae-2e0c138d049e",NA,"3653140303"
32.215,-110.90932,3,"Mimidae","Toxostoma curvirostre",2021,8,10,"4fa7b334-ce0d-4e88-aaae-2e0c138d049e",NA,"3656906010"
32.215,-110.90932,1,"Columbidae","Zenaida asiatica",2021,8,10,"4fa7b334-ce0d-4e88-aaae-2e0c138d049e",NA,"3637580246"
32.215,-110.90932,2,"Remizidae","Auriparus flaviceps",2021,8,10,"4fa7b334-ce0d-4e88-aaae-2e0c138d049e",NA,"3633652992"
32.215,-110.90932,8,"Passeridae","Passer domesticus",2021,8,10,"4fa7b334-ce0d-4e88-aaae-2e0c138d049e",NA,"3632897992"
32.215042,-110.90803,1,"Picidae","Melanerpes uropygialis",2021,8,11,"4fa7b334-ce0d-4e88-aaae-2e0c138d049e",NA,"3571987231"
32.215042,-110.90803,2,"Trochilidae","Cynanthus latirostris",2021,8,11,"4fa7b334-ce0d-4e88-aaae-2e0c138d049e",NA,"3574070074"
32.215042,-110.90803,1,"Trochilidae","Archilochus alexandri",2021,8,11,"4fa7b334-ce0d-4e88-aaae-2e0c138d049e",NA,"3577232306"
32.215042,-110.90803,4,"Fringillidae","Haemorhous mexicanus",2021,8,11,"4fa7b334-ce0d-4e88-aaae-2e0c138d049e",NA,"3580438417"
32.215042,-110.90803,1,"Mimidae","Toxostoma curvirostre",2021,8,11,"4fa7b334-ce0d-4e88-aaae-2e0c138d049e",NA,"3568514686"
32.215042,-110.90803,1,"Cuculidae","Geococcyx californianus",2021,8,11,"4fa7b334-ce0d-4e88-aaae-2e0c138d049e",NA,"3664653496"
32.215374,-110.90811,1,"Columbidae","Zenaida asiatica",2021,8,11,"4fa7b334-ce0d-4e88-aaae-2e0c138d049e",NA,"3571668374"
32.215374,-110.90811,2,"Fringillidae","Haemorhous mexicanus",2021,8,11,"4fa7b334-ce0d-4e88-aaae-2e0c138d049e",NA,"3684659490"
32.215374,-110.90811,2,"Fringillidae","Haemorhous mexicanus",2021,8,11,"4fa7b334-ce0d-4e88-aaae-2e0c138d049e",NA,"3547562890"
32.215225,-110.90794,3,"Fringillidae","Haemorhous mexicanus",2021,8,11,"4fa7b334-ce0d-4e88-aaae-2e0c138d049e",NA,"3573963611"
32.215225,-110.90794,1,"Cathartidae","Cathartes aura",2021,8,11,"4fa7b334-ce0d-4e88-aaae-2e0c138d049e",NA,"3576991158"
32.215225,-110.90794,3,"Fringillidae","Haemorhous mexicanus",2021,8,11,"4fa7b334-ce0d-4e88-aaae-2e0c138d049e",NA,"3575316074"
32.215225,-110.90794,1,"Cathartidae","Cathartes aura",2021,8,11,"4fa7b334-ce0d-4e88-aaae-2e0c138d049e",NA,"3564972585"
32.215374,-110.90811,3,"Passeridae","Passer domesticus",2021,8,11,"4fa7b334-ce0d-4e88-aaae-2e0c138d049e",NA,"3579357599"
32.214893,-110.90786,2,"Fringillidae","Spinus psaltria",2021,8,11,"4fa7b334-ce0d-4e88-aaae-2e0c138d049e",NA,"3560684531"
32.214893,-110.90786,3,"Trochilidae","Cynanthus latirostris",2021,8,11,"4fa7b334-ce0d-4e88-aaae-2e0c138d049e",NA,"3560826415"
32.214893,-110.90786,6,"Columbidae","Columba livia",2021,8,11,"4fa7b334-ce0d-4e88-aaae-2e0c138d049e",NA,"3570221133"
32.214893,-110.90786,2,"Fringillidae","Spinus psaltria",2021,8,11,"4fa7b334-ce0d-4e88-aaae-2e0c138d049e",NA,"3571660097"
32.214893,-110.90786,3,"Trochilidae","Cynanthus latirostris",2021,8,11,"4fa7b334-ce0d-4e88-aaae-2e0c138d049e",NA,"3537130775"
32.214893,-110.90786,6,"Columbidae","Columba livia",2021,8,11,"4fa7b334-ce0d-4e88-aaae-2e0c138d049e",NA,"3536449787"
32.21541,-110.90928,2,"Corvidae","Corvus corax",2021,8,11,"4fa7b334-ce0d-4e88-aaae-2e0c138d049e",NA,"3580024100"
32.21541,-110.90928,4,"Fringillidae","Haemorhous mexicanus",2021,8,11,"4fa7b334-ce0d-4e88-aaae-2e0c138d049e",NA,"3578258893"
32.21541,-110.90928,1,"Cardinalidae","Cardinalis cardinalis",2021,8,11,"4fa7b334-ce0d-4e88-aaae-2e0c138d049e",NA,"3579827156"
32.21541,-110.90928,20,"Columbidae","Columba livia",2021,8,11,"4fa7b334-ce0d-4e88-aaae-2e0c138d049e",NA,"3568740669"
32.21541,-110.90928,2,"Picidae","Melanerpes uropygialis",2021,8,11,"4fa7b334-ce0d-4e88-aaae-2e0c138d049e",NA,"3564119233"
32.21541,-110.90928,1,"Passeridae","Passer domesticus",2021,8,11,"4fa7b334-ce0d-4e88-aaae-2e0c138d049e",NA,"3562748980"
32.21541,-110.90928,5,"Columbidae","Zenaida macroura",2021,8,11,"4fa7b334-ce0d-4e88-aaae-2e0c138d049e",NA,"3567077584"
32.21541,-110.90928,7,"Columbidae","Zenaida asiatica",2021,8,11,"4fa7b334-ce0d-4e88-aaae-2e0c138d049e",NA,"3558812814"
32.21541,-110.90928,1,"Tyrannidae","Pyrocephalus rubinus",2021,8,11,"4fa7b334-ce0d-4e88-aaae-2e0c138d049e",NA,"3687990813"
32.21477,-110.90691,1,"Corvidae","Corvus corax",2021,8,11,"4fa7b334-ce0d-4e88-aaae-2e0c138d049e",NA,"3575502538"
32.21477,-110.90691,2,"Emberizidae","Melozone aberti",2021,8,11,"4fa7b334-ce0d-4e88-aaae-2e0c138d049e",NA,"3573257285"
32.21454,-110.90663,1,"Fringillidae","Spinus psaltria",2021,8,11,"4fa7b334-ce0d-4e88-aaae-2e0c138d049e",NA,"3667326258"
32.21454,-110.90663,4,"Passeridae","Passer domesticus",2021,8,11,"4fa7b334-ce0d-4e88-aaae-2e0c138d049e",NA,"3665678386"
32.21454,-110.90663,1,"Hirundinidae","Hirundo rustica",2021,8,11,"4fa7b334-ce0d-4e88-aaae-2e0c138d049e",NA,"3668939540"
32.21454,-110.90663,3,"Columbidae","Zenaida asiatica",2021,8,11,"4fa7b334-ce0d-4e88-aaae-2e0c138d049e",NA,"3670457978"
32.21454,-110.90663,2,"Corvidae","Corvus corax",2021,8,11,"4fa7b334-ce0d-4e88-aaae-2e0c138d049e",NA,"3662133796"
32.21541,-110.90928,2,"Corvidae","Corvus corax",2021,8,11,"4fa7b334-ce0d-4e88-aaae-2e0c138d049e",NA,"3544145452"
32.21541,-110.90928,4,"Fringillidae","Haemorhous mexicanus",2021,8,11,"4fa7b334-ce0d-4e88-aaae-2e0c138d049e",NA,"3578259037"
32.21541,-110.90928,1,"Cardinalidae","Cardinalis cardinalis",2021,8,11,"4fa7b334-ce0d-4e88-aaae-2e0c138d049e",NA,"3580387304"
32.21541,-110.90928,20,"Columbidae","Columba livia",2021,8,11,"4fa7b334-ce0d-4e88-aaae-2e0c138d049e",NA,"3568740807"
32.21541,-110.90928,2,"Picidae","Melanerpes uropygialis",2021,8,11,"4fa7b334-ce0d-4e88-aaae-2e0c138d049e",NA,"3564322368"
32.21541,-110.90928,1,"Passeridae","Passer domesticus",2021,8,11,"4fa7b334-ce0d-4e88-aaae-2e0c138d049e",NA,"3562749099"
32.21541,-110.90928,5,"Columbidae","Zenaida macroura",2021,8,11,"4fa7b334-ce0d-4e88-aaae-2e0c138d049e",NA,"3567077684"
32.21541,-110.90928,7,"Columbidae","Zenaida asiatica",2021,8,11,"4fa7b334-ce0d-4e88-aaae-2e0c138d049e",NA,"3558812905"
32.21541,-110.90928,1,"Tyrannidae","Pyrocephalus rubinus",2021,8,11,"4fa7b334-ce0d-4e88-aaae-2e0c138d049e",NA,"3563048107"
32.214622,-110.90704,3,"Columbidae","Zenaida asiatica",2021,8,11,"4fa7b334-ce0d-4e88-aaae-2e0c138d049e",NA,"3640797406"
32.214622,-110.90704,2,"Mimidae","Toxostoma curvirostre",2021,8,11,"4fa7b334-ce0d-4e88-aaae-2e0c138d049e",NA,"3637258592"
32.214622,-110.90704,3,"Columbidae","Zenaida asiatica",2021,8,11,"4fa7b334-ce0d-4e88-aaae-2e0c138d049e",NA,"3665102478"
32.214622,-110.90704,2,"Mimidae","Toxostoma curvirostre",2021,8,11,"4fa7b334-ce0d-4e88-aaae-2e0c138d049e",NA,"3648994993"
32.21541,-110.90928,2,"Corvidae","Corvus corax",2021,8,11,"4fa7b334-ce0d-4e88-aaae-2e0c138d049e",NA,"3635905628"
32.21541,-110.90928,4,"Fringillidae","Haemorhous mexicanus",2021,8,11,"4fa7b334-ce0d-4e88-aaae-2e0c138d049e",NA,"3645859263"
32.21541,-110.90928,1,"Cardinalidae","Cardinalis cardinalis",2021,8,11,"4fa7b334-ce0d-4e88-aaae-2e0c138d049e",NA,"3641483747"
32.21541,-110.90928,20,"Columbidae","Columba livia",2021,8,11,"4fa7b334-ce0d-4e88-aaae-2e0c138d049e",NA,"3630017768"
32.21541,-110.90928,2,"Picidae","Melanerpes uropygialis",2021,8,11,"4fa7b334-ce0d-4e88-aaae-2e0c138d049e",NA,"3633402358"
32.21541,-110.90928,1,"Passeridae","Passer domesticus",2021,8,11,"4fa7b334-ce0d-4e88-aaae-2e0c138d049e",NA,"3635392200"
32.21541,-110.90928,5,"Columbidae","Zenaida macroura",2021,8,11,"4fa7b334-ce0d-4e88-aaae-2e0c138d049e",NA,"3634503113"
32.21541,-110.90928,7,"Columbidae","Zenaida asiatica",2021,8,11,"4fa7b334-ce0d-4e88-aaae-2e0c138d049e",NA,"3631260457"
32.21541,-110.90928,1,"Tyrannidae","Pyrocephalus rubinus",2021,8,11,"4fa7b334-ce0d-4e88-aaae-2e0c138d049e",NA,"3641099149"
32.214954,-110.90763,1,"Picidae","Melanerpes uropygialis",2021,8,11,"4fa7b334-ce0d-4e88-aaae-2e0c138d049e",NA,"3616184259"
32.214954,-110.90763,1,"Trochilidae","Cynanthus latirostris",2021,8,11,"4fa7b334-ce0d-4e88-aaae-2e0c138d049e",NA,"3636730347"
32.21541,-110.90928,2,"Corvidae","Corvus corax",2021,8,11,"4fa7b334-ce0d-4e88-aaae-2e0c138d049e",NA,"3619099927"
32.21541,-110.90928,4,"Fringillidae","Haemorhous mexicanus",2021,8,11,"4fa7b334-ce0d-4e88-aaae-2e0c138d049e",NA,"3630017967"
32.21541,-110.90928,1,"Cardinalidae","Cardinalis cardinalis",2021,8,11,"4fa7b334-ce0d-4e88-aaae-2e0c138d049e",NA,"3622730173"
32.21541,-110.90928,20,"Columbidae","Columba livia",2021,8,11,"4fa7b334-ce0d-4e88-aaae-2e0c138d049e",NA,"3607850547"
32.21541,-110.90928,2,"Picidae","Melanerpes uropygialis",2021,8,11,"4fa7b334-ce0d-4e88-aaae-2e0c138d049e",NA,"3603314410"
32.21541,-110.90928,1,"Passeridae","Passer domesticus",2021,8,11,"4fa7b334-ce0d-4e88-aaae-2e0c138d049e",NA,"3603649369"
32.21541,-110.90928,5,"Columbidae","Zenaida macroura",2021,8,11,"4fa7b334-ce0d-4e88-aaae-2e0c138d049e",NA,"3613323558"
32.21541,-110.90928,7,"Columbidae","Zenaida asiatica",2021,8,11,"4fa7b334-ce0d-4e88-aaae-2e0c138d049e",NA,"3611537086"
32.21541,-110.90928,1,"Tyrannidae","Pyrocephalus rubinus",2021,8,11,"4fa7b334-ce0d-4e88-aaae-2e0c138d049e",NA,"3620291977"
32.214954,-110.90763,2,"Vireonidae","Vireo bellii",2021,8,11,"4fa7b334-ce0d-4e88-aaae-2e0c138d049e",NA,"3683486449"
32.214954,-110.90763,1,"Mimidae","Toxostoma curvirostre",2021,8,11,"4fa7b334-ce0d-4e88-aaae-2e0c138d049e",NA,"3689008089"
32.214954,-110.90763,4,"Passeridae","Passer domesticus",2021,8,11,"4fa7b334-ce0d-4e88-aaae-2e0c138d049e",NA,"3683572520"
32.214954,-110.90763,1,"Remizidae","Auriparus flaviceps",2021,8,11,"4fa7b334-ce0d-4e88-aaae-2e0c138d049e",NA,"3688226240"
32.215374,-110.90811,1,"Trochilidae","Cynanthus latirostris",2021,8,12,"4fa7b334-ce0d-4e88-aaae-2e0c138d049e",NA,"3574606111"
32.215374,-110.90811,1,"Trochilidae","Cynanthus latirostris",2021,8,12,"4fa7b334-ce0d-4e88-aaae-2e0c138d049e",NA,"3635626433"
32.215374,-110.90811,2,"Columbidae","Zenaida macroura",2021,8,12,"4fa7b334-ce0d-4e88-aaae-2e0c138d049e",NA,"3568223454"
32.215374,-110.90811,1,"Columbidae","Streptopelia decaocto",2021,8,12,"4fa7b334-ce0d-4e88-aaae-2e0c138d049e",NA,"3571669229"
32.215374,-110.90811,2,"Columbidae","Zenaida macroura",2021,8,12,"4fa7b334-ce0d-4e88-aaae-2e0c138d049e",NA,"3691367815"
32.215374,-110.90811,1,"Columbidae","Streptopelia decaocto",2021,8,12,"4fa7b334-ce0d-4e88-aaae-2e0c138d049e",NA,"3690736170"
32.214867,-110.907234,4,"Columbidae","Zenaida macroura",2021,8,12,"4fa7b334-ce0d-4e88-aaae-2e0c138d049e",NA,"3536207353"
32.214867,-110.907234,2,"Accipitridae","Buteo jamaicensis",2021,8,12,"4fa7b334-ce0d-4e88-aaae-2e0c138d049e",NA,"3537955927"
32.214867,-110.907234,2,"Tyrannidae","Pyrocephalus rubinus",2021,8,12,"4fa7b334-ce0d-4e88-aaae-2e0c138d049e",NA,"3534467587"
32.215,-110.90932,1,"Columbidae","Streptopelia decaocto",2021,8,10,"4fa7b334-ce0d-4e88-aaae-2e0c138d049e",NA,"3577448374"
32.215,-110.90932,3,"Columbidae","Zenaida macroura",2021,8,10,"4fa7b334-ce0d-4e88-aaae-2e0c138d049e",NA,"3580137037"
32.215,-110.90932,3,"Mimidae","Toxostoma curvirostre",2021,8,10,"4fa7b334-ce0d-4e88-aaae-2e0c138d049e",NA,"3580150815"
32.215,-110.90932,1,"Columbidae","Zenaida asiatica",2021,8,10,"4fa7b334-ce0d-4e88-aaae-2e0c138d049e",NA,"3543608248"
32.215,-110.90932,2,"Remizidae","Auriparus flaviceps",2021,8,10,"4fa7b334-ce0d-4e88-aaae-2e0c138d049e",NA,"3551986121"
32.215,-110.90932,8,"Passeridae","Passer domesticus",2021,8,10,"4fa7b334-ce0d-4e88-aaae-2e0c138d049e",NA,"3554624989"
32.215393,-110.9075,8,"Columbidae","Zenaida macroura",2021,8,12,"4fa7b334-ce0d-4e88-aaae-2e0c138d049e",NA,"3637799457"
32.215393,-110.9075,1,"Accipitridae","Buteo albonotatus",2021,8,12,"4fa7b334-ce0d-4e88-aaae-2e0c138d049e",NA,"3633653232"
32.215393,-110.9075,4,"Columbidae","Zenaida asiatica",2021,8,12,"4fa7b334-ce0d-4e88-aaae-2e0c138d049e",NA,"3632898268"
32.215393,-110.9075,2,"Fringillidae","Haemorhous mexicanus",2021,8,12,"4fa7b334-ce0d-4e88-aaae-2e0c138d049e",NA,"3638853730"
32.215393,-110.9075,4,"Columbidae","Streptopelia decaocto",2021,8,12,"4fa7b334-ce0d-4e88-aaae-2e0c138d049e",NA,"3641359840"
32.215393,-110.9075,1,"Accipitridae","Accipiter cooperii",2021,8,12,"4fa7b334-ce0d-4e88-aaae-2e0c138d049e",NA,"3651297907"
32.214603,-110.90735,2,"Accipitridae","Accipiter cooperii",2021,8,12,"4fa7b334-ce0d-4e88-aaae-2e0c138d049e",NA,"3617501789"
32.214603,-110.90735,1,"Tyrannidae","Myiarchus tyrannulus",2021,8,12,"4fa7b334-ce0d-4e88-aaae-2e0c138d049e",NA,"3626927733"
32.214603,-110.90735,12,"Columbidae","Zenaida asiatica",2021,8,12,"4fa7b334-ce0d-4e88-aaae-2e0c138d049e",NA,"3613887721"
32.214603,-110.90735,5,"Columbidae","Zenaida macroura",2021,8,12,"4fa7b334-ce0d-4e88-aaae-2e0c138d049e",NA,"3651086460"
32.214603,-110.90735,1,"Trochilidae","Calypte anna",2021,8,12,"4fa7b334-ce0d-4e88-aaae-2e0c138d049e",NA,"3629258868"
32.214603,-110.90735,1,"Trochilidae","Cynanthus latirostris",2021,8,12,"4fa7b334-ce0d-4e88-aaae-2e0c138d049e",NA,"3629823768"
32.214603,-110.90735,22,"Fringillidae","Haemorhous mexicanus",2021,8,12,"4fa7b334-ce0d-4e88-aaae-2e0c138d049e",NA,"3636730526"
32.214603,-110.90735,2,"Passeridae","Passer domesticus",2021,8,12,"4fa7b334-ce0d-4e88-aaae-2e0c138d049e",NA,"3636942014"
32.214603,-110.90735,2,"Picidae","Melanerpes uropygialis",2021,8,12,"4fa7b334-ce0d-4e88-aaae-2e0c138d049e",NA,"3602456660"
32.214603,-110.90735,1,"Mimidae","Toxostoma curvirostre",2021,8,12,"4fa7b334-ce0d-4e88-aaae-2e0c138d049e",NA,"3612672379"
32.214603,-110.90735,2,"Accipitridae","Accipiter cooperii",2021,8,12,"4fa7b334-ce0d-4e88-aaae-2e0c138d049e",NA,"3566695352"
32.214603,-110.90735,1,"Tyrannidae","Myiarchus tyrannulus",2021,8,12,"4fa7b334-ce0d-4e88-aaae-2e0c138d049e",NA,"3578061857"
32.214603,-110.90735,12,"Columbidae","Zenaida asiatica",2021,8,12,"4fa7b334-ce0d-4e88-aaae-2e0c138d049e",NA,"3577927827"
32.214603,-110.90735,5,"Columbidae","Zenaida macroura",2021,8,12,"4fa7b334-ce0d-4e88-aaae-2e0c138d049e",NA,"3581164852"
32.214603,-110.90735,1,"Trochilidae","Calypte anna",2021,8,12,"4fa7b334-ce0d-4e88-aaae-2e0c138d049e",NA,"3575470256"
32.214603,-110.90735,1,"Trochilidae","Cynanthus latirostris",2021,8,12,"4fa7b334-ce0d-4e88-aaae-2e0c138d049e",NA,"3570053953"
32.214603,-110.90735,22,"Fringillidae","Haemorhous mexicanus",2021,8,12,"4fa7b334-ce0d-4e88-aaae-2e0c138d049e",NA,"3569253512"
32.214603,-110.90735,2,"Passeridae","Passer domesticus",2021,8,12,"4fa7b334-ce0d-4e88-aaae-2e0c138d049e",NA,"3564141127"
32.214603,-110.90735,2,"Picidae","Melanerpes uropygialis",2021,8,12,"4fa7b334-ce0d-4e88-aaae-2e0c138d049e",NA,"3568739238"
32.214603,-110.90735,1,"Mimidae","Toxostoma curvirostre",2021,8,12,"4fa7b334-ce0d-4e88-aaae-2e0c138d049e",NA,"3572909946"
32.214603,-110.90735,2,"Accipitridae","Accipiter cooperii",2021,8,12,"4fa7b334-ce0d-4e88-aaae-2e0c138d049e",NA,"3557927790"
32.214603,-110.90735,1,"Tyrannidae","Myiarchus tyrannulus",2021,8,12,"4fa7b334-ce0d-4e88-aaae-2e0c138d049e",NA,"3569654343"
32.214603,-110.90735,12,"Columbidae","Zenaida asiatica",2021,8,12,"4fa7b334-ce0d-4e88-aaae-2e0c138d049e",NA,"3564715579"
32.214603,-110.90735,5,"Columbidae","Zenaida macroura",2021,8,12,"4fa7b334-ce0d-4e88-aaae-2e0c138d049e",NA,"3567499960"
32.214603,-110.90735,1,"Trochilidae","Calypte anna",2021,8,12,"4fa7b334-ce0d-4e88-aaae-2e0c138d049e",NA,"3573478908"
32.214603,-110.90735,1,"Trochilidae","Cynanthus latirostris",2021,8,12,"4fa7b334-ce0d-4e88-aaae-2e0c138d049e",NA,"3535517570"
32.214603,-110.90735,22,"Fringillidae","Haemorhous mexicanus",2021,8,12,"4fa7b334-ce0d-4e88-aaae-2e0c138d049e",NA,"3540085679"
32.214603,-110.90735,2,"Passeridae","Passer domesticus",2021,8,12,"4fa7b334-ce0d-4e88-aaae-2e0c138d049e",NA,"3542536529"
32.214603,-110.90735,2,"Picidae","Melanerpes uropygialis",2021,8,12,"4fa7b334-ce0d-4e88-aaae-2e0c138d049e",NA,"3543608265"
32.214603,-110.90735,1,"Mimidae","Toxostoma curvirostre",2021,8,12,"4fa7b334-ce0d-4e88-aaae-2e0c138d049e",NA,"3551986139"
32.215225,-110.90794,3,"Fringillidae","Haemorhous mexicanus",2021,8,12,"4fa7b334-ce0d-4e88-aaae-2e0c138d049e",NA,"3570379974"
32.215225,-110.90794,3,"Fringillidae","Haemorhous mexicanus",2021,8,12,"4fa7b334-ce0d-4e88-aaae-2e0c138d049e",NA,"3652559262"
32.215374,-110.90811,1,"Strigidae","Bubo virginianus",2021,8,13,"4fa7b334-ce0d-4e88-aaae-2e0c138d049e",NA,"3550479789"
32.214603,-110.90735,2,"Accipitridae","Accipiter cooperii",2021,8,12,"4fa7b334-ce0d-4e88-aaae-2e0c138d049e",NA,"3649243700"
32.214603,-110.90735,1,"Tyrannidae","Myiarchus tyrannulus",2021,8,12,"4fa7b334-ce0d-4e88-aaae-2e0c138d049e",NA,"3654283376"
32.214603,-110.90735,12,"Columbidae","Zenaida asiatica",2021,8,12,"4fa7b334-ce0d-4e88-aaae-2e0c138d049e",NA,"3658249386"
32.214603,-110.90735,5,"Columbidae","Zenaida macroura",2021,8,12,"4fa7b334-ce0d-4e88-aaae-2e0c138d049e",NA,"3655334374"
32.214603,-110.90735,1,"Trochilidae","Calypte anna",2021,8,12,"4fa7b334-ce0d-4e88-aaae-2e0c138d049e",NA,"3647363815"
32.214603,-110.90735,1,"Trochilidae","Cynanthus latirostris",2021,8,12,"4fa7b334-ce0d-4e88-aaae-2e0c138d049e",NA,"3656988270"
32.214603,-110.90735,22,"Fringillidae","Haemorhous mexicanus",2021,8,12,"4fa7b334-ce0d-4e88-aaae-2e0c138d049e",NA,"3652409861"
32.214603,-110.90735,2,"Passeridae","Passer domesticus",2021,8,12,"4fa7b334-ce0d-4e88-aaae-2e0c138d049e",NA,"3649143172"
32.214603,-110.90735,2,"Picidae","Melanerpes uropygialis",2021,8,12,"4fa7b334-ce0d-4e88-aaae-2e0c138d049e",NA,"3655318908"
32.214603,-110.90735,1,"Mimidae","Toxostoma curvirostre",2021,8,12,"4fa7b334-ce0d-4e88-aaae-2e0c138d049e",NA,"3660153619"
32.215385,-110.90845,2,"Picidae","Melanerpes uropygialis",2021,8,13,"4fa7b334-ce0d-4e88-aaae-2e0c138d049e",NA,"3617429414"
32.215927,-110.90816,1,"Fringillidae","Haemorhous mexicanus",2021,8,13,"4fa7b334-ce0d-4e88-aaae-2e0c138d049e",NA,"3621131404"
32.215927,-110.90816,3,"Remizidae","Auriparus flaviceps",2021,8,13,"4fa7b334-ce0d-4e88-aaae-2e0c138d049e",NA,"3652692719"
32.215927,-110.90816,1,"Trochilidae","Calypte anna",2021,8,13,"4fa7b334-ce0d-4e88-aaae-2e0c138d049e",NA,"3621957082"
32.215927,-110.90816,3,"Fringillidae","Spinus psaltria",2021,8,13,"4fa7b334-ce0d-4e88-aaae-2e0c138d049e",NA,"3629794826"
32.215927,-110.90816,1,"Fringillidae","Haemorhous mexicanus",2021,8,13,"4fa7b334-ce0d-4e88-aaae-2e0c138d049e",NA,"3641663635"
32.215927,-110.90816,3,"Remizidae","Auriparus flaviceps",2021,8,13,"4fa7b334-ce0d-4e88-aaae-2e0c138d049e",NA,"3649077533"
32.215927,-110.90816,1,"Trochilidae","Calypte anna",2021,8,13,"4fa7b334-ce0d-4e88-aaae-2e0c138d049e",NA,"3649327346"
32.215927,-110.90816,3,"Fringillidae","Spinus psaltria",2021,8,13,"4fa7b334-ce0d-4e88-aaae-2e0c138d049e",NA,"3660153849"
32.214603,-110.90735,1,"Fringillidae","Haemorhous mexicanus",2021,8,13,"4fa7b334-ce0d-4e88-aaae-2e0c138d049e",NA,"3665189733"
32.214603,-110.90735,1,"Remizidae","Auriparus flaviceps",2021,8,13,"4fa7b334-ce0d-4e88-aaae-2e0c138d049e",NA,"3649196701"
32.215225,-110.90794,1,"Accipitridae","Accipiter cooperii",2021,8,13,"4fa7b334-ce0d-4e88-aaae-2e0c138d049e",NA,"3580244796"
32.215225,-110.90794,1,"Columbidae","Columba livia",2021,8,13,"4fa7b334-ce0d-4e88-aaae-2e0c138d049e",NA,"3580271561"
32.215225,-110.90794,1,"Accipitridae","Accipiter cooperii",2021,8,13,"4fa7b334-ce0d-4e88-aaae-2e0c138d049e",NA,"3578554305"
32.215225,-110.90794,1,"Columbidae","Columba livia",2021,8,13,"4fa7b334-ce0d-4e88-aaae-2e0c138d049e",NA,"3580529504"
32.21525,-110.90825,2,"Columbidae","Zenaida asiatica",2021,8,13,"4fa7b334-ce0d-4e88-aaae-2e0c138d049e",NA,"3664838371"
32.21525,-110.90825,2,"Cathartidae","Cathartes aura",2021,8,13,"4fa7b334-ce0d-4e88-aaae-2e0c138d049e",NA,"3663290178"
32.21525,-110.90825,2,"Columbidae","Zenaida macroura",2021,8,13,"4fa7b334-ce0d-4e88-aaae-2e0c138d049e",NA,"3665189800"
32.21525,-110.90825,3,"Columbidae","Columba livia",2021,8,13,"4fa7b334-ce0d-4e88-aaae-2e0c138d049e",NA,"3663808828"
32.215927,-110.90816,1,"Fringillidae","Haemorhous mexicanus",2021,8,13,"4fa7b334-ce0d-4e88-aaae-2e0c138d049e",NA,"3577684690"
32.215927,-110.90816,3,"Remizidae","Auriparus flaviceps",2021,8,13,"4fa7b334-ce0d-4e88-aaae-2e0c138d049e",NA,"3569574183"
32.215927,-110.90816,1,"Trochilidae","Calypte anna",2021,8,13,"4fa7b334-ce0d-4e88-aaae-2e0c138d049e",NA,"3575253501"
32.215927,-110.90816,3,"Fringillidae","Spinus psaltria",2021,8,13,"4fa7b334-ce0d-4e88-aaae-2e0c138d049e",NA,"3566243456"
32.215557,-110.908394,1,"Picidae","Melanerpes uropygialis",2021,8,14,"4fa7b334-ce0d-4e88-aaae-2e0c138d049e",NA,"3575748029"
32.215557,-110.908394,5,"Columbidae","Columba livia",2021,8,14,"4fa7b334-ce0d-4e88-aaae-2e0c138d049e",NA,"3574258340"
32.215225,-110.90794,3,"Fringillidae","Haemorhous mexicanus",2021,8,14,"4fa7b334-ce0d-4e88-aaae-2e0c138d049e",NA,"3691859138"
32.215225,-110.90794,1,"Trochilidae","Calypte anna",2021,8,14,"4fa7b334-ce0d-4e88-aaae-2e0c138d049e",NA,"3692798848"
32.215225,-110.90794,3,"Fringillidae","Haemorhous mexicanus",2021,8,14,"4fa7b334-ce0d-4e88-aaae-2e0c138d049e",NA,"3693606325"
32.215225,-110.90794,1,"Trochilidae","Calypte anna",2021,8,14,"4fa7b334-ce0d-4e88-aaae-2e0c138d049e",NA,"3692924858"
32.214504,-110.907745,1,"Accipitridae","Buteo jamaicensis",2021,8,14,"4fa7b334-ce0d-4e88-aaae-2e0c138d049e",NA,"3541521281"
32.214504,-110.907745,6,"Fringillidae","Haemorhous mexicanus",2021,8,14,"4fa7b334-ce0d-4e88-aaae-2e0c138d049e",NA,"3539603289"
32.214504,-110.907745,35,"Columbidae","Columba livia",2021,8,14,"4fa7b334-ce0d-4e88-aaae-2e0c138d049e",NA,"3555479258"
32.214504,-110.907745,1,"Tyrannidae","Myiarchus tyrannulus",2021,8,14,"4fa7b334-ce0d-4e88-aaae-2e0c138d049e",NA,"3558160998"
32.214504,-110.907745,15,"Columbidae","Zenaida asiatica",2021,8,14,"4fa7b334-ce0d-4e88-aaae-2e0c138d049e",NA,"3569858684"
32.214504,-110.907745,1,"Accipitridae","Accipiter cooperii",2021,8,14,"4fa7b334-ce0d-4e88-aaae-2e0c138d049e",NA,"3564957020"
32.214504,-110.907745,7,"Columbidae","Zenaida macroura",2021,8,14,"4fa7b334-ce0d-4e88-aaae-2e0c138d049e",NA,"3567975480"
32.214504,-110.907745,1,"Accipitridae","Buteo jamaicensis",2021,8,14,"4fa7b334-ce0d-4e88-aaae-2e0c138d049e",NA,"3575645462"
32.214504,-110.907745,6,"Fringillidae","Haemorhous mexicanus",2021,8,14,"4fa7b334-ce0d-4e88-aaae-2e0c138d049e",NA,"3578887197"
32.214504,-110.907745,35,"Columbidae","Columba livia",2021,8,14,"4fa7b334-ce0d-4e88-aaae-2e0c138d049e",NA,"3576941729"
32.214504,-110.907745,1,"Tyrannidae","Myiarchus tyrannulus",2021,8,14,"4fa7b334-ce0d-4e88-aaae-2e0c138d049e",NA,"3568755849"
32.214504,-110.907745,15,"Columbidae","Zenaida asiatica",2021,8,14,"4fa7b334-ce0d-4e88-aaae-2e0c138d049e",NA,"3540399499"
32.214504,-110.907745,1,"Accipitridae","Accipiter cooperii",2021,8,14,"4fa7b334-ce0d-4e88-aaae-2e0c138d049e",NA,"3552787297"
32.214504,-110.907745,7,"Columbidae","Zenaida macroura",2021,8,14,"4fa7b334-ce0d-4e88-aaae-2e0c138d049e",NA,"3563228004"
32.214504,-110.907745,1,"Accipitridae","Buteo jamaicensis",2021,8,14,"4fa7b334-ce0d-4e88-aaae-2e0c138d049e",NA,"3576289792"
32.214504,-110.907745,6,"Fringillidae","Haemorhous mexicanus",2021,8,14,"4fa7b334-ce0d-4e88-aaae-2e0c138d049e",NA,"3580476528"
32.214504,-110.907745,35,"Columbidae","Columba livia",2021,8,14,"4fa7b334-ce0d-4e88-aaae-2e0c138d049e",NA,"3575908568"
32.214504,-110.907745,1,"Tyrannidae","Myiarchus tyrannulus",2021,8,14,"4fa7b334-ce0d-4e88-aaae-2e0c138d049e",NA,"3551045247"
32.214504,-110.907745,15,"Columbidae","Zenaida asiatica",2021,8,14,"4fa7b334-ce0d-4e88-aaae-2e0c138d049e",NA,"3560474052"
32.214504,-110.907745,1,"Accipitridae","Accipiter cooperii",2021,8,14,"4fa7b334-ce0d-4e88-aaae-2e0c138d049e",NA,"3567071795"
32.214504,-110.907745,7,"Columbidae","Zenaida macroura",2021,8,14,"4fa7b334-ce0d-4e88-aaae-2e0c138d049e",NA,"3567752112"
32.214504,-110.907745,1,"Accipitridae","Buteo jamaicensis",2021,8,14,"4fa7b334-ce0d-4e88-aaae-2e0c138d049e",NA,"3564957138"
32.214504,-110.907745,6,"Fringillidae","Haemorhous mexicanus",2021,8,14,"4fa7b334-ce0d-4e88-aaae-2e0c138d049e",NA,"3567975591"
32.214504,-110.907745,35,"Columbidae","Columba livia",2021,8,14,"4fa7b334-ce0d-4e88-aaae-2e0c138d049e",NA,"3533706961"
32.214504,-110.907745,1,"Tyrannidae","Myiarchus tyrannulus",2021,8,14,"4fa7b334-ce0d-4e88-aaae-2e0c138d049e",NA,"3535518108"
32.214504,-110.907745,15,"Columbidae","Zenaida asiatica",2021,8,14,"4fa7b334-ce0d-4e88-aaae-2e0c138d049e",NA,"3540351309"
32.214504,-110.907745,1,"Accipitridae","Accipiter cooperii",2021,8,14,"4fa7b334-ce0d-4e88-aaae-2e0c138d049e",NA,"3542537294"
32.214504,-110.907745,7,"Columbidae","Zenaida macroura",2021,8,14,"4fa7b334-ce0d-4e88-aaae-2e0c138d049e",NA,"3543892175"
32.215473,-110.907486,1,"Trochilidae","Calypte anna",2021,8,14,"4fa7b334-ce0d-4e88-aaae-2e0c138d049e",NA,"3653558347"
32.214867,-110.907234,1,"Trochilidae","Archilochus alexandri",2021,8,15,"4fa7b334-ce0d-4e88-aaae-2e0c138d049e",NA,"3556790961"
32.214867,-110.907234,3,"Fringillidae","Spinus psaltria",2021,8,15,"4fa7b334-ce0d-4e88-aaae-2e0c138d049e",NA,"3571783858"
32.214867,-110.907234,4,"Columbidae","Zenaida macroura",2021,8,15,"4fa7b334-ce0d-4e88-aaae-2e0c138d049e",NA,"3627296526"
32.214867,-110.907234,1,"Columbidae","Streptopelia decaocto",2021,8,15,"4fa7b334-ce0d-4e88-aaae-2e0c138d049e",NA,"3666768205"
32.215225,-110.90794,2,"Columbidae","Columba livia",2021,8,16,"4fa7b334-ce0d-4e88-aaae-2e0c138d049e",NA,"3636237464"
32.215374,-110.90811,1,"Strigidae","Bubo virginianus",2021,8,13,"4fa7b334-ce0d-4e88-aaae-2e0c138d049e",NA,"3692011000"
32.215374,-110.90811,1,"Columbidae","Zenaida asiatica",2021,8,11,"4fa7b334-ce0d-4e88-aaae-2e0c138d049e",NA,"3655347925"
32.215374,-110.90811,3,"Passeridae","Passer domesticus",2021,8,11,"4fa7b334-ce0d-4e88-aaae-2e0c138d049e",NA,"3651397229"
32.215557,-110.908394,5,"Passeridae","Passer domesticus",2021,8,14,"4fa7b334-ce0d-4e88-aaae-2e0c138d049e",NA,"3614186867"
32.215004,-110.90898,2,"Columbidae","Zenaida macroura",2020,3,5,"4fa7b334-ce0d-4e88-aaae-2e0c138d049e",NA,"3137835125"
32.214478,-110.907005,2,"Tyrannidae","Pyrocephalus rubinus",2019,3,7,"4fa7b334-ce0d-4e88-aaae-2e0c138d049e",NA,"2661705427"
32.215385,-110.90826,1,"Falconidae","Falco peregrinus",2019,3,22,"4fa7b334-ce0d-4e88-aaae-2e0c138d049e",NA,"2744015079"
32.215366,-110.90817,20,"Columbidae","Columba livia",2019,5,10,"4fa7b334-ce0d-4e88-aaae-2e0c138d049e",NA,"2770057891"
32.215366,-110.90817,1,"Mimidae","Mimus polyglottos",2019,5,10,"4fa7b334-ce0d-4e88-aaae-2e0c138d049e",NA,"2756353110"
32.215366,-110.90817,1,"Tyrannidae","Pyrocephalus rubinus",2019,5,10,"4fa7b334-ce0d-4e88-aaae-2e0c138d049e",NA,"2754462152"
32.215366,-110.90817,4,"Fringillidae","Haemorhous mexicanus",2019,5,10,"4fa7b334-ce0d-4e88-aaae-2e0c138d049e",NA,"2758668952"
32.215366,-110.90817,3,"Columbidae","Zenaida macroura",2019,5,10,"4fa7b334-ce0d-4e88-aaae-2e0c138d049e",NA,"2754588938"
32.215366,-110.90817,1,"Passeridae","Passer domesticus",2019,5,10,"4fa7b334-ce0d-4e88-aaae-2e0c138d049e",NA,"2759129000"
32.215366,-110.90817,6,"Columbidae","Zenaida asiatica",2019,5,10,"4fa7b334-ce0d-4e88-aaae-2e0c138d049e",NA,"2752867164"
32.215366,-110.90817,20,"Columbidae","Columba livia",2019,5,10,"4fa7b334-ce0d-4e88-aaae-2e0c138d049e",NA,"2675768933"
32.215366,-110.90817,1,"Mimidae","Mimus polyglottos",2019,5,10,"4fa7b334-ce0d-4e88-aaae-2e0c138d049e",NA,"2692670030"
32.215366,-110.90817,1,"Tyrannidae","Pyrocephalus rubinus",2019,5,10,"4fa7b334-ce0d-4e88-aaae-2e0c138d049e",NA,"2735957351"
32.215366,-110.90817,4,"Fringillidae","Haemorhous mexicanus",2019,5,10,"4fa7b334-ce0d-4e88-aaae-2e0c138d049e",NA,"2740360331"
32.215366,-110.90817,3,"Columbidae","Zenaida macroura",2019,5,10,"4fa7b334-ce0d-4e88-aaae-2e0c138d049e",NA,"2734038189"
32.215366,-110.90817,1,"Passeridae","Passer domesticus",2019,5,10,"4fa7b334-ce0d-4e88-aaae-2e0c138d049e",NA,"2737217322"
32.215366,-110.90817,6,"Columbidae","Zenaida asiatica",2019,5,10,"4fa7b334-ce0d-4e88-aaae-2e0c138d049e",NA,"2751299189"
32.214394,-110.904785,2,"Accipitridae","Accipiter cooperii",2019,7,21,"4fa7b334-ce0d-4e88-aaae-2e0c138d049e",NA,"2766163979"
32.214394,-110.904785,6,"Fringillidae","Haemorhous mexicanus",2019,7,21,"4fa7b334-ce0d-4e88-aaae-2e0c138d049e",NA,"2760048830"
32.214394,-110.904785,5,"Mimidae","Mimus polyglottos",2019,7,21,"4fa7b334-ce0d-4e88-aaae-2e0c138d049e",NA,"2781626700"
32.214394,-110.904785,13,"Passeridae","Passer domesticus",2019,7,21,"4fa7b334-ce0d-4e88-aaae-2e0c138d049e",NA,"2759743879"
32.214394,-110.904785,3,"Troglodytidae","Campylorhynchus brunneicapillus",2019,7,21,"4fa7b334-ce0d-4e88-aaae-2e0c138d049e",NA,"2766720913"
32.214394,-110.904785,44,"Columbidae","Zenaida asiatica",2019,7,21,"4fa7b334-ce0d-4e88-aaae-2e0c138d049e",NA,"2765223646"
32.215366,-110.9086,2,"Columbidae","Columba livia",2019,8,6,"4fa7b334-ce0d-4e88-aaae-2e0c138d049e",NA,"2703432562"
32.215366,-110.9086,2,"Columbidae","Streptopelia decaocto",2019,8,6,"4fa7b334-ce0d-4e88-aaae-2e0c138d049e",NA,"2692266401"
32.215366,-110.9086,2,"Remizidae","Auriparus flaviceps",2019,8,6,"4fa7b334-ce0d-4e88-aaae-2e0c138d049e",NA,"2711051458"
32.215366,-110.9086,2,"Columbidae","Zenaida asiatica",2019,8,6,"4fa7b334-ce0d-4e88-aaae-2e0c138d049e",NA,"2689612628"
32.215366,-110.9086,4,"Fringillidae","Spinus psaltria",2019,8,6,"4fa7b334-ce0d-4e88-aaae-2e0c138d049e",NA,"2693717647"
32.21504,-110.90668,3,"Columbidae","Columba livia",2019,8,6,"4fa7b334-ce0d-4e88-aaae-2e0c138d049e",NA,"2747266789"
32.21504,-110.90668,2,"Icteridae","Quiscalus mexicanus",2019,8,6,"4fa7b334-ce0d-4e88-aaae-2e0c138d049e",NA,"2776292822"
32.21504,-110.90668,1,"Columbidae","Zenaida asiatica",2019,8,6,"4fa7b334-ce0d-4e88-aaae-2e0c138d049e",NA,"2748661708"
32.214806,-110.9072,1,"Columbidae","Columba livia",2019,8,6,"4fa7b334-ce0d-4e88-aaae-2e0c138d049e",NA,"2692542032"
32.214806,-110.9072,6,"Columbidae","Zenaida asiatica",2019,8,6,"4fa7b334-ce0d-4e88-aaae-2e0c138d049e",NA,"2690708911"
32.214806,-110.9072,2,"Columbidae","Zenaida macroura",2019,8,6,"4fa7b334-ce0d-4e88-aaae-2e0c138d049e",NA,"2693489921"
32.214806,-110.9072,1,"Mimidae","Toxostoma curvirostre",2019,8,6,"4fa7b334-ce0d-4e88-aaae-2e0c138d049e",NA,"2707263924"
32.21504,-110.90668,1,"Picidae","Melanerpes uropygialis",2019,8,7,"4fa7b334-ce0d-4e88-aaae-2e0c138d049e",NA,"2690283232"
32.21504,-110.90668,2,"Columbidae","Zenaida asiatica",2019,8,7,"4fa7b334-ce0d-4e88-aaae-2e0c138d049e",NA,"2703717397"
32.21504,-110.90668,2,"Cathartidae","Cathartes aura",2019,8,7,"4fa7b334-ce0d-4e88-aaae-2e0c138d049e",NA,"2692123163"
32.21504,-110.90668,4,"Passeridae","Passer domesticus",2019,8,7,"4fa7b334-ce0d-4e88-aaae-2e0c138d049e",NA,"2711662319"
32.21443,-110.90621,2,"Columbidae","Zenaida macroura",2019,8,7,"4fa7b334-ce0d-4e88-aaae-2e0c138d049e",NA,"2791908022"
32.21443,-110.90621,18,"Passeridae","Passer domesticus",2019,8,7,"4fa7b334-ce0d-4e88-aaae-2e0c138d049e",NA,"2786900083"
32.21443,-110.90621,2,"Tyrannidae","Pyrocephalus rubinus",2019,8,7,"4fa7b334-ce0d-4e88-aaae-2e0c138d049e",NA,"2792836204"
32.21443,-110.90621,2,"Picidae","Melanerpes uropygialis",2019,8,7,"4fa7b334-ce0d-4e88-aaae-2e0c138d049e",NA,"2792919100"
32.21443,-110.90621,3,"Tyrannidae","Tyrannus vociferans",2019,8,7,"4fa7b334-ce0d-4e88-aaae-2e0c138d049e",NA,"2714085180"
32.21443,-110.90621,25,"Fringillidae","Haemorhous mexicanus",2019,8,7,"4fa7b334-ce0d-4e88-aaae-2e0c138d049e",NA,"2691727201"
32.21443,-110.90621,1,"Cathartidae","Cathartes aura",2019,8,7,"4fa7b334-ce0d-4e88-aaae-2e0c138d049e",NA,"2691670195"
32.21443,-110.90621,15,"Columbidae","Zenaida asiatica",2019,8,7,"4fa7b334-ce0d-4e88-aaae-2e0c138d049e",NA,"2687356155"
32.21443,-110.90621,1,"Mimidae","Toxostoma curvirostre",2019,8,7,"4fa7b334-ce0d-4e88-aaae-2e0c138d049e",NA,"2767840321"
32.21443,-110.90621,1,"Icteridae","Quiscalus mexicanus",2019,8,7,"4fa7b334-ce0d-4e88-aaae-2e0c138d049e",NA,"2703405772"
32.21443,-110.90621,1,"Mimidae","Mimus polyglottos",2019,8,8,"4fa7b334-ce0d-4e88-aaae-2e0c138d049e",NA,"2778617564"
32.21443,-110.90621,3,"Fringillidae","Haemorhous mexicanus",2019,8,8,"4fa7b334-ce0d-4e88-aaae-2e0c138d049e",NA,"2772991599"
32.21443,-110.90621,2,"Hirundinidae","Hirundo rustica",2019,8,8,"4fa7b334-ce0d-4e88-aaae-2e0c138d049e",NA,"2791763478"
32.21443,-110.90621,1,"Picidae","Melanerpes uropygialis",2019,8,8,"4fa7b334-ce0d-4e88-aaae-2e0c138d049e",NA,"2791585417"
32.21443,-110.90621,2,"Passeridae","Passer domesticus",2019,8,8,"4fa7b334-ce0d-4e88-aaae-2e0c138d049e",NA,"2785481408"
32.21443,-110.90621,2,"Columbidae","Columba livia",2019,8,8,"4fa7b334-ce0d-4e88-aaae-2e0c138d049e",NA,"2792502633"
32.21443,-110.90621,7,"Columbidae","Zenaida asiatica",2019,8,8,"4fa7b334-ce0d-4e88-aaae-2e0c138d049e",NA,"2776501562"
32.21488,-110.908,1,"Trochilidae","Calypte anna",2019,8,8,"4fa7b334-ce0d-4e88-aaae-2e0c138d049e",NA,"2691962762"
32.214558,-110.90809,1,"Picidae","Melanerpes uropygialis",2019,8,10,"4fa7b334-ce0d-4e88-aaae-2e0c138d049e",NA,"2759073667"
32.214558,-110.90809,3,"Columbidae","Columba livia",2019,8,10,"4fa7b334-ce0d-4e88-aaae-2e0c138d049e",NA,"2768609854"
32.214558,-110.90809,1,"Trochilidae","Cynanthus latirostris",2019,8,10,"4fa7b334-ce0d-4e88-aaae-2e0c138d049e",NA,"2750024926"
32.214558,-110.90809,6,"Columbidae","Zenaida macroura",2019,8,10,"4fa7b334-ce0d-4e88-aaae-2e0c138d049e",NA,"2784695165"
32.214558,-110.90809,5,"Columbidae","Zenaida asiatica",2019,8,10,"4fa7b334-ce0d-4e88-aaae-2e0c138d049e",NA,"2783359221"
32.214558,-110.90809,1,"Mimidae","Toxostoma curvirostre",2019,8,10,"4fa7b334-ce0d-4e88-aaae-2e0c138d049e",NA,"2762748180"
32.214558,-110.90809,3,"Fringillidae","Spinus psaltria",2019,8,10,"4fa7b334-ce0d-4e88-aaae-2e0c138d049e",NA,"2766459099"
32.214558,-110.90809,2,"Fringillidae","Haemorhous mexicanus",2019,8,10,"4fa7b334-ce0d-4e88-aaae-2e0c138d049e",NA,"2752778198"
32.214558,-110.90809,3,"Hirundinidae","Hirundo rustica",2019,8,10,"4fa7b334-ce0d-4e88-aaae-2e0c138d049e",NA,"2766422110"
32.214558,-110.90809,2,"Remizidae","Auriparus flaviceps",2019,8,10,"4fa7b334-ce0d-4e88-aaae-2e0c138d049e",NA,"2763660117"
32.214558,-110.90809,5,"Passeridae","Passer domesticus",2019,8,10,"4fa7b334-ce0d-4e88-aaae-2e0c138d049e",NA,"2767131133"
32.214558,-110.90809,1,"Picidae","Melanerpes uropygialis",2019,8,10,"4fa7b334-ce0d-4e88-aaae-2e0c138d049e",NA,"2786286366"
32.214558,-110.90809,3,"Columbidae","Columba livia",2019,8,10,"4fa7b334-ce0d-4e88-aaae-2e0c138d049e",NA,"2703535529"
32.214558,-110.90809,1,"Trochilidae","Cynanthus latirostris",2019,8,10,"4fa7b334-ce0d-4e88-aaae-2e0c138d049e",NA,"2690561513"
32.214558,-110.90809,6,"Columbidae","Zenaida macroura",2019,8,10,"4fa7b334-ce0d-4e88-aaae-2e0c138d049e",NA,"2693446482"
32.214558,-110.90809,5,"Columbidae","Zenaida asiatica",2019,8,10,"4fa7b334-ce0d-4e88-aaae-2e0c138d049e",NA,"2689593469"
32.214558,-110.90809,1,"Mimidae","Toxostoma curvirostre",2019,8,10,"4fa7b334-ce0d-4e88-aaae-2e0c138d049e",NA,"2706263516"
32.214558,-110.90809,3,"Fringillidae","Spinus psaltria",2019,8,10,"4fa7b334-ce0d-4e88-aaae-2e0c138d049e",NA,"2690225561"
32.214558,-110.90809,2,"Fringillidae","Haemorhous mexicanus",2019,8,10,"4fa7b334-ce0d-4e88-aaae-2e0c138d049e",NA,"2706605617"
32.214558,-110.90809,3,"Hirundinidae","Hirundo rustica",2019,8,10,"4fa7b334-ce0d-4e88-aaae-2e0c138d049e",NA,"2715112369"
32.214558,-110.90809,2,"Remizidae","Auriparus flaviceps",2019,8,10,"4fa7b334-ce0d-4e88-aaae-2e0c138d049e",NA,"2692733373"
32.214558,-110.90809,5,"Passeridae","Passer domesticus",2019,8,10,"4fa7b334-ce0d-4e88-aaae-2e0c138d049e",NA,"2692726375"
32.215355,-110.90806,1,"Picidae","Melanerpes uropygialis",2019,8,11,"4fa7b334-ce0d-4e88-aaae-2e0c138d049e",NA,"2765682033"
32.215355,-110.90806,8,"Fringillidae","Haemorhous mexicanus",2019,8,11,"4fa7b334-ce0d-4e88-aaae-2e0c138d049e",NA,"2743824939"
32.215355,-110.90806,1,"Accipitridae","Accipiter cooperii",2019,8,11,"4fa7b334-ce0d-4e88-aaae-2e0c138d049e",NA,"2746962983"
32.215355,-110.90806,1,"Trochilidae","Calypte anna",2019,8,11,"4fa7b334-ce0d-4e88-aaae-2e0c138d049e",NA,"2764672806"
32.215355,-110.90806,2,"Corvidae","Corvus corax",2019,8,11,"4fa7b334-ce0d-4e88-aaae-2e0c138d049e",NA,"2763610900"
32.215355,-110.90806,28,"Passeridae","Passer domesticus",2019,8,11,"4fa7b334-ce0d-4e88-aaae-2e0c138d049e",NA,"2788800945"
32.215355,-110.90806,2,"Mimidae","Toxostoma curvirostre",2019,8,11,"4fa7b334-ce0d-4e88-aaae-2e0c138d049e",NA,"2745389816"
32.215355,-110.90806,22,"Sturnidae","Sturnus vulgaris",2019,8,11,"4fa7b334-ce0d-4e88-aaae-2e0c138d049e",NA,"2777628835"
32.215355,-110.90806,18,"Columbidae","Zenaida asiatica",2019,8,11,"4fa7b334-ce0d-4e88-aaae-2e0c138d049e",NA,"2761995739"
32.215355,-110.90806,5,"Columbidae","Zenaida macroura",2019,8,11,"4fa7b334-ce0d-4e88-aaae-2e0c138d049e",NA,"2749507786"
32.215355,-110.90806,1,"Cathartidae","Cathartes aura",2019,8,11,"4fa7b334-ce0d-4e88-aaae-2e0c138d049e",NA,"2745661929"
32.215355,-110.90806,1,"Columbidae","Streptopelia decaocto",2019,8,11,"4fa7b334-ce0d-4e88-aaae-2e0c138d049e",NA,"2754485846"
32.215355,-110.90806,4,"Trochilidae","Cynanthus latirostris",2019,8,11,"4fa7b334-ce0d-4e88-aaae-2e0c138d049e",NA,"2776565951"
32.214806,-110.9072,1,"Columbidae","Columba livia",2019,8,6,"4fa7b334-ce0d-4e88-aaae-2e0c138d049e",NA,"2795515331"
32.214806,-110.9072,6,"Columbidae","Zenaida asiatica",2019,8,6,"4fa7b334-ce0d-4e88-aaae-2e0c138d049e",NA,"2800800331"
32.214806,-110.9072,2,"Columbidae","Zenaida macroura",2019,8,6,"4fa7b334-ce0d-4e88-aaae-2e0c138d049e",NA,"2794748251"
32.214806,-110.9072,1,"Mimidae","Toxostoma curvirostre",2019,8,6,"4fa7b334-ce0d-4e88-aaae-2e0c138d049e",NA,"2789466143"
32.214806,-110.9072,1,"Columbidae","Columba livia",2019,8,6,"4fa7b334-ce0d-4e88-aaae-2e0c138d049e",NA,"2747378325"
32.214806,-110.9072,6,"Columbidae","Zenaida asiatica",2019,8,6,"4fa7b334-ce0d-4e88-aaae-2e0c138d049e",NA,"2749069320"
32.214806,-110.9072,2,"Columbidae","Zenaida macroura",2019,8,6,"4fa7b334-ce0d-4e88-aaae-2e0c138d049e",NA,"2746191283"
32.214806,-110.9072,1,"Mimidae","Toxostoma curvirostre",2019,8,6,"4fa7b334-ce0d-4e88-aaae-2e0c138d049e",NA,"2765475175"
32.21548,-110.90762,1,"Parulidae","Setophaga coronata",2018,1,22,"4fa7b334-ce0d-4e88-aaae-2e0c138d049e",NA,"2107272805"
32.21548,-110.90762,2,"Trochilidae","Calypte anna",2018,1,22,"4fa7b334-ce0d-4e88-aaae-2e0c138d049e",NA,"2121540701"
32.214645,-110.90674,1,"Tyrannidae","Pyrocephalus rubinus",2018,8,3,"4fa7b334-ce0d-4e88-aaae-2e0c138d049e",NA,"2176174072"
32.214645,-110.90674,1,"Columbidae","Zenaida asiatica",2018,8,3,"4fa7b334-ce0d-4e88-aaae-2e0c138d049e",NA,"2199295019"
32.214645,-110.90674,2,"Fringillidae","Haemorhous mexicanus",2018,8,3,"4fa7b334-ce0d-4e88-aaae-2e0c138d049e",NA,"2199292911"
32.214645,-110.90674,1,"Remizidae","Auriparus flaviceps",2018,8,3,"4fa7b334-ce0d-4e88-aaae-2e0c138d049e",NA,"2187557139"
32.214645,-110.90674,1,"Fringillidae","Spinus psaltria",2018,8,3,"4fa7b334-ce0d-4e88-aaae-2e0c138d049e",NA,"2187555342"
32.214645,-110.90674,1,"Picidae","Melanerpes uropygialis",2018,8,3,"4fa7b334-ce0d-4e88-aaae-2e0c138d049e",NA,"2187556524"
32.214645,-110.90674,1,"Trochilidae","Cynanthus latirostris",2018,8,3,"4fa7b334-ce0d-4e88-aaae-2e0c138d049e",NA,"2191505768"
32.214645,-110.90674,8,"Passeridae","Passer domesticus",2018,8,3,"4fa7b334-ce0d-4e88-aaae-2e0c138d049e",NA,"2187552496"
32.214645,-110.90674,5,"Columbidae","Columba livia",2018,8,3,"4fa7b334-ce0d-4e88-aaae-2e0c138d049e",NA,"2191515185"
32.21546,-110.90767,2,"Hirundinidae","Hirundo rustica",2018,8,3,"4fa7b334-ce0d-4e88-aaae-2e0c138d049e",NA,"2187589099"
32.21546,-110.90767,2,"Columbidae","Zenaida macroura",2018,8,3,"4fa7b334-ce0d-4e88-aaae-2e0c138d049e",NA,"2176144756"
32.21546,-110.90767,6,"Passeridae","Passer domesticus",2018,8,3,"4fa7b334-ce0d-4e88-aaae-2e0c138d049e",NA,"2191574796"
32.21546,-110.90767,1,"Columbidae","Columba livia",2018,8,3,"4fa7b334-ce0d-4e88-aaae-2e0c138d049e",NA,"2191571033"
32.21546,-110.90767,1,"Remizidae","Auriparus flaviceps",2018,8,3,"4fa7b334-ce0d-4e88-aaae-2e0c138d049e",NA,"2187588024"
32.21546,-110.90767,4,"Columbidae","Zenaida asiatica",2018,8,3,"4fa7b334-ce0d-4e88-aaae-2e0c138d049e",NA,"2191582190"
32.21546,-110.90767,1,"Trochilidae","Cynanthus latirostris",2018,8,3,"4fa7b334-ce0d-4e88-aaae-2e0c138d049e",NA,"2187596152"
32.21546,-110.90767,2,"Fringillidae","Haemorhous mexicanus",2018,8,3,"4fa7b334-ce0d-4e88-aaae-2e0c138d049e",NA,"2187594874"
32.215626,-110.90743,4,"Columbidae","Columba livia",2018,8,3,"4fa7b334-ce0d-4e88-aaae-2e0c138d049e",NA,"2191620721"
32.215626,-110.90743,1,"Odontophoridae","Callipepla gambelii",2018,8,3,"4fa7b334-ce0d-4e88-aaae-2e0c138d049e",NA,"2176268381"
32.215626,-110.90743,8,"Hirundinidae","Hirundo rustica",2018,8,3,"4fa7b334-ce0d-4e88-aaae-2e0c138d049e",NA,"2176231656"
32.215626,-110.90743,1,"Accipitridae","Accipiter cooperii",2018,8,3,"4fa7b334-ce0d-4e88-aaae-2e0c138d049e",NA,"2176230867"
32.215626,-110.90743,1,"Picidae","Melanerpes uropygialis",2018,8,3,"4fa7b334-ce0d-4e88-aaae-2e0c138d049e",NA,"2199484279"
32.215626,-110.90743,3,"Mimidae","Mimus polyglottos",2018,8,3,"4fa7b334-ce0d-4e88-aaae-2e0c138d049e",NA,"2187654163"
32.215626,-110.90743,22,"Fringillidae","Haemorhous mexicanus",2018,8,3,"4fa7b334-ce0d-4e88-aaae-2e0c138d049e",NA,"2199490474"
32.215626,-110.90743,2,"Fringillidae","Spinus psaltria",2018,8,3,"4fa7b334-ce0d-4e88-aaae-2e0c138d049e",NA,"2199477119"
32.215626,-110.90743,4,"Passeridae","Passer domesticus",2018,8,3,"4fa7b334-ce0d-4e88-aaae-2e0c138d049e",NA,"2176231631"
32.215626,-110.90743,2,"Columbidae","Zenaida macroura",2018,8,3,"4fa7b334-ce0d-4e88-aaae-2e0c138d049e",NA,"2199476812"
32.215626,-110.90743,1,"Remizidae","Auriparus flaviceps",2018,8,3,"4fa7b334-ce0d-4e88-aaae-2e0c138d049e",NA,"2176230815"
32.215626,-110.90743,24,"Columbidae","Zenaida asiatica",2018,8,3,"4fa7b334-ce0d-4e88-aaae-2e0c138d049e",NA,"2176232799"
32.215282,-110.90808,8,"Passeridae","Passer domesticus",2018,8,3,"4fa7b334-ce0d-4e88-aaae-2e0c138d049e",NA,"2187723226"
32.215282,-110.90808,1,"Trochilidae","Cynanthus latirostris",2018,8,3,"4fa7b334-ce0d-4e88-aaae-2e0c138d049e",NA,"2191688843"
32.215282,-110.90808,3,"Fringillidae","Haemorhous mexicanus",2018,8,3,"4fa7b334-ce0d-4e88-aaae-2e0c138d049e",NA,"2187722254"
32.215282,-110.90808,2,"Remizidae","Auriparus flaviceps",2018,8,3,"4fa7b334-ce0d-4e88-aaae-2e0c138d049e",NA,"2191696507"
32.21546,-110.90767,1,"Mimidae","Mimus polyglottos",2018,8,4,"4fa7b334-ce0d-4e88-aaae-2e0c138d049e",NA,"2176482983"
32.21546,-110.90767,10,"Passeridae","Passer domesticus",2018,8,4,"4fa7b334-ce0d-4e88-aaae-2e0c138d049e",NA,"2199834095"
32.21546,-110.90767,2,"Picidae","Melanerpes uropygialis",2018,8,4,"4fa7b334-ce0d-4e88-aaae-2e0c138d049e",NA,"2191868113"
32.21546,-110.90767,2,"Tyrannidae","Pyrocephalus rubinus",2018,8,4,"4fa7b334-ce0d-4e88-aaae-2e0c138d049e",NA,"2191868839"
32.21546,-110.90767,1,"Trochilidae","Cynanthus latirostris",2018,8,4,"4fa7b334-ce0d-4e88-aaae-2e0c138d049e",NA,"2199827988"
32.21546,-110.90767,1,"Columbidae","Streptopelia decaocto",2018,8,4,"4fa7b334-ce0d-4e88-aaae-2e0c138d049e",NA,"2176454856"
32.21546,-110.90824,10,"Fringillidae","Haemorhous mexicanus",2018,8,8,"4fa7b334-ce0d-4e88-aaae-2e0c138d049e",NA,"2192980952"
32.21546,-110.90824,1,"Fringillidae","Spinus psaltria",2018,8,8,"4fa7b334-ce0d-4e88-aaae-2e0c138d049e",NA,"2201006541"
32.21546,-110.90824,2,"Columbidae","Streptopelia decaocto",2018,8,9,"4fa7b334-ce0d-4e88-aaae-2e0c138d049e",NA,"2193091782"
32.21546,-110.90824,15,"Columbidae","Columba livia",2018,8,9,"4fa7b334-ce0d-4e88-aaae-2e0c138d049e",NA,"2193091362"
32.21546,-110.90824,1,"Tyrannidae","Pyrocephalus rubinus",2018,8,9,"4fa7b334-ce0d-4e88-aaae-2e0c138d049e",NA,"2177642838"
32.21546,-110.90824,1,"Hirundinidae","Hirundo rustica",2018,8,9,"4fa7b334-ce0d-4e88-aaae-2e0c138d049e",NA,"2201162256"
32.21546,-110.90824,2,"Passeridae","Passer domesticus",2018,8,9,"4fa7b334-ce0d-4e88-aaae-2e0c138d049e",NA,"2177645630"
32.21546,-110.90824,1,"Falconidae","Falco peregrinus",2018,8,9,"4fa7b334-ce0d-4e88-aaae-2e0c138d049e",NA,"2193092419"
32.21546,-110.90824,1,"Mimidae","Toxostoma curvirostre",2018,8,9,"4fa7b334-ce0d-4e88-aaae-2e0c138d049e",NA,"2177650478"
32.21546,-110.90824,1,"Trochilidae","Cynanthus latirostris",2018,8,9,"4fa7b334-ce0d-4e88-aaae-2e0c138d049e",NA,"2177646507"
32.21546,-110.90824,1,"Trochilidae","Archilochus alexandri",2018,8,9,"4fa7b334-ce0d-4e88-aaae-2e0c138d049e",NA,"2201167566"
32.21546,-110.90824,1,"Mimidae","Mimus polyglottos",2018,8,9,"4fa7b334-ce0d-4e88-aaae-2e0c138d049e",NA,"2201168491"
32.214394,-110.90793,10,"Odontophoridae","Callipepla gambelii",2018,8,10,"4fa7b334-ce0d-4e88-aaae-2e0c138d049e",NA,"2189140192"
32.215218,-110.90872,1,"Picidae","Melanerpes uropygialis",2018,8,9,"4fa7b334-ce0d-4e88-aaae-2e0c138d049e",NA,"2189162455"
32.215218,-110.90872,4,"Columbidae","Zenaida asiatica",2018,8,9,"4fa7b334-ce0d-4e88-aaae-2e0c138d049e",NA,"2193373771"
32.215218,-110.90872,6,"Columbidae","Columba livia",2018,8,9,"4fa7b334-ce0d-4e88-aaae-2e0c138d049e",NA,"2189147018"
32.215218,-110.90872,1,"Mimidae","Mimus polyglottos",2018,8,9,"4fa7b334-ce0d-4e88-aaae-2e0c138d049e",NA,"2177794802"
32.215218,-110.90872,1,"Hirundinidae","Hirundo rustica",2018,8,9,"4fa7b334-ce0d-4e88-aaae-2e0c138d049e",NA,"2193384328"
32.215218,-110.90872,6,"Passeridae","Passer domesticus",2018,8,9,"4fa7b334-ce0d-4e88-aaae-2e0c138d049e",NA,"2189147891"
32.215218,-110.90872,1,"Columbidae","Zenaida macroura",2018,8,9,"4fa7b334-ce0d-4e88-aaae-2e0c138d049e",NA,"2193367960"
32.215218,-110.90872,1,"Tyrannidae","Pyrocephalus rubinus",2018,8,9,"4fa7b334-ce0d-4e88-aaae-2e0c138d049e",NA,"2201351790"
32.215218,-110.90872,1,"Troglodytidae","Campylorhynchus brunneicapillus",2018,8,9,"4fa7b334-ce0d-4e88-aaae-2e0c138d049e",NA,"2201350899"
32.215218,-110.90872,1,"Picidae","Melanerpes uropygialis",2018,8,9,"4fa7b334-ce0d-4e88-aaae-2e0c138d049e",NA,"2189148583"
32.215218,-110.90872,4,"Columbidae","Zenaida asiatica",2018,8,9,"4fa7b334-ce0d-4e88-aaae-2e0c138d049e",NA,"2193383949"
32.215218,-110.90872,6,"Columbidae","Columba livia",2018,8,9,"4fa7b334-ce0d-4e88-aaae-2e0c138d049e",NA,"2189147671"
32.215218,-110.90872,1,"Mimidae","Mimus polyglottos",2018,8,9,"4fa7b334-ce0d-4e88-aaae-2e0c138d049e",NA,"2193378369"
32.215218,-110.90872,1,"Hirundinidae","Hirundo rustica",2018,8,9,"4fa7b334-ce0d-4e88-aaae-2e0c138d049e",NA,"2177806386"
32.215218,-110.90872,6,"Passeridae","Passer domesticus",2018,8,9,"4fa7b334-ce0d-4e88-aaae-2e0c138d049e",NA,"2201358472"
32.215218,-110.90872,1,"Columbidae","Zenaida macroura",2018,8,9,"4fa7b334-ce0d-4e88-aaae-2e0c138d049e",NA,"2201360042"
32.215218,-110.90872,1,"Tyrannidae","Pyrocephalus rubinus",2018,8,9,"4fa7b334-ce0d-4e88-aaae-2e0c138d049e",NA,"2177816956"
32.215218,-110.90872,1,"Troglodytidae","Campylorhynchus brunneicapillus",2018,8,9,"4fa7b334-ce0d-4e88-aaae-2e0c138d049e",NA,"2177817034"
32.21534,-110.90871,1,"Trochilidae","Selasphorus rufus",2018,8,8,"4fa7b334-ce0d-4e88-aaae-2e0c138d049e",NA,"2189256389"
32.21534,-110.90871,1,"Trochilidae","Cynanthus latirostris",2018,8,8,"4fa7b334-ce0d-4e88-aaae-2e0c138d049e",NA,"2189259865"
32.21534,-110.90871,8,"Passeridae","Passer domesticus",2018,8,8,"4fa7b334-ce0d-4e88-aaae-2e0c138d049e",NA,"2177920371"
32.21534,-110.90871,2,"Icteridae","Icterus cucullatus",2018,8,8,"4fa7b334-ce0d-4e88-aaae-2e0c138d049e",NA,"2177926585"
32.21534,-110.90871,4,"Columbidae","Columba livia",2018,8,8,"4fa7b334-ce0d-4e88-aaae-2e0c138d049e",NA,"2193527462"
32.21534,-110.90871,1,"Columbidae","Zenaida macroura",2018,8,8,"4fa7b334-ce0d-4e88-aaae-2e0c138d049e",NA,"2193543022"
32.21534,-110.90871,2,"Columbidae","Zenaida asiatica",2018,8,8,"4fa7b334-ce0d-4e88-aaae-2e0c138d049e",NA,"2177932159"
32.214394,-110.90793,10,"Odontophoridae","Callipepla gambelii",2018,8,10,"4fa7b334-ce0d-4e88-aaae-2e0c138d049e",NA,"2178228380"
32.215782,-110.90752,1,"Parulidae","Setophaga coronata",2018,12,16,"4fa7b334-ce0d-4e88-aaae-2e0c138d049e",NA,"2226312049"
32.215782,-110.90752,1,"Mimidae","Mimus polyglottos",2018,12,16,"4fa7b334-ce0d-4e88-aaae-2e0c138d049e",NA,"2212902294"
32.215782,-110.90752,5,"Fringillidae","Haemorhous mexicanus",2018,12,16,"4fa7b334-ce0d-4e88-aaae-2e0c138d049e",NA,"2223360271"
32.215782,-110.90752,1,"Accipitridae","Buteo jamaicensis",2018,12,16,"4fa7b334-ce0d-4e88-aaae-2e0c138d049e",NA,"2232066436"
32.215782,-110.90752,1,"Trochilidae","Calypte anna",2018,12,16,"4fa7b334-ce0d-4e88-aaae-2e0c138d049e",NA,"2232066434"
32.215782,-110.90752,1,"Sturnidae","Sturnus vulgaris",2018,12,16,"4fa7b334-ce0d-4e88-aaae-2e0c138d049e",NA,"2232066345"
32.215782,-110.90752,1,"Troglodytidae","Campylorhynchus brunneicapillus",2018,12,16,"4fa7b334-ce0d-4e88-aaae-2e0c138d049e",NA,"2226306560"
32.215782,-110.90752,1,"Picidae","Melanerpes uropygialis",2018,12,16,"4fa7b334-ce0d-4e88-aaae-2e0c138d049e",NA,"2223355066"
32.215782,-110.90752,1,"Remizidae","Auriparus flaviceps",2018,12,16,"4fa7b334-ce0d-4e88-aaae-2e0c138d049e",NA,"2223358016"
32.215782,-110.90752,4,"Odontophoridae","Callipepla gambelii",2018,12,16,"4fa7b334-ce0d-4e88-aaae-2e0c138d049e",NA,"2212903245"
32.214447,-110.90839,1,"Tyrannidae","Pyrocephalus rubinus",2018,12,27,"4fa7b334-ce0d-4e88-aaae-2e0c138d049e",NA,"2232940531"
32.214447,-110.90839,2,"Icteridae","Quiscalus mexicanus",2018,12,27,"4fa7b334-ce0d-4e88-aaae-2e0c138d049e",NA,"2216037215"
32.214447,-110.90839,1,"Picidae","Melanerpes uropygialis",2018,12,28,"4fa7b334-ce0d-4e88-aaae-2e0c138d049e",NA,"2232940441"
32.214447,-110.90839,4,"Fringillidae","Haemorhous mexicanus",2018,12,28,"4fa7b334-ce0d-4e88-aaae-2e0c138d049e",NA,"2216029133"
32.21526,-110.90862,NA,"Mimidae","Mimus polyglottos",2017,6,29,"4fa7b334-ce0d-4e88-aaae-2e0c138d049e",NA,"3295056283"
32.21526,-110.90862,NA,"Columbidae","Columba livia",2017,6,29,"4fa7b334-ce0d-4e88-aaae-2e0c138d049e",NA,"3291226382"
32.21526,-110.90862,NA,"Columbidae","Zenaida asiatica",2017,6,30,"4fa7b334-ce0d-4e88-aaae-2e0c138d049e",NA,"3281173428"
32.21526,-110.90862,NA,"Passeridae","Passer domesticus",2017,6,30,"4fa7b334-ce0d-4e88-aaae-2e0c138d049e",NA,"3278126426"
32.21526,-110.90862,NA,"Columbidae","Zenaida macroura",2017,6,30,"4fa7b334-ce0d-4e88-aaae-2e0c138d049e",NA,"3277545485"
32.214954,-110.90859,1,"Trochilidae","Cynanthus latirostris",2017,7,26,"4fa7b334-ce0d-4e88-aaae-2e0c138d049e",NA,"2082879054"
32.214954,-110.90859,6,"Columbidae","Zenaida macroura",2017,7,26,"4fa7b334-ce0d-4e88-aaae-2e0c138d049e",NA,"2070902831"
32.214954,-110.90859,2,"Sturnidae","Sturnus vulgaris",2017,7,26,"4fa7b334-ce0d-4e88-aaae-2e0c138d049e",NA,"2088561329"
32.214954,-110.90859,24,"Fringillidae","Haemorhous mexicanus",2017,7,26,"4fa7b334-ce0d-4e88-aaae-2e0c138d049e",NA,"2088575397"
32.214954,-110.90859,3,"Columbidae","Zenaida asiatica",2017,7,26,"4fa7b334-ce0d-4e88-aaae-2e0c138d049e",NA,"2082388288"
32.214954,-110.90859,1,"Columbidae","Streptopelia decaocto",2017,7,26,"4fa7b334-ce0d-4e88-aaae-2e0c138d049e",NA,"2070911696"
32.214954,-110.90859,2,"Columbidae","Columba livia",2017,7,26,"4fa7b334-ce0d-4e88-aaae-2e0c138d049e",NA,"2070900993"
32.214954,-110.90859,3,"Picidae","Melanerpes uropygialis",2017,7,26,"4fa7b334-ce0d-4e88-aaae-2e0c138d049e",NA,"2070902253"
32.214954,-110.90859,1,"Mimidae","Mimus polyglottos",2017,7,26,"4fa7b334-ce0d-4e88-aaae-2e0c138d049e",NA,"2088567723"
32.215077,-110.907807,NA,"Columbidae","Zenaida asiatica",2021,8,11,"50c9509d-22c7-4a22-a47d-8c48425ef4a7","iNaturalist research-grade observations","3337545231"
32.2146,-110.906215,NA,"Fringillidae","Haemorhous mexicanus",2021,8,11,"50c9509d-22c7-4a22-a47d-8c48425ef4a7","iNaturalist research-grade observations","3338021624"
32.21476,-110.907127,NA,"Rallidae","Gallinula chloropus",2021,8,14,"50c9509d-22c7-4a22-a47d-8c48425ef4a7","iNaturalist research-grade observations","3338045764"
32.214722,-110.907032,NA,"Columbidae","Zenaida asiatica",2021,8,16,"50c9509d-22c7-4a22-a47d-8c48425ef4a7","iNaturalist research-grade observations","3337707674"
32.21498,-110.907873,NA,"Columbidae","Zenaida asiatica",2018,4,9,"50c9509d-22c7-4a22-a47d-8c48425ef4a7","iNaturalist research-grade observations","1838034824"
