"decimalLatitude","decimalLongitude","individualCount","family","species","year","month","day","datasetKey","gbifID"
32.25077,-110.829414,2,"Icteridae","Euphagus cyanocephalus",2019,11,8,"4fa7b334-ce0d-4e88-aaae-2e0c138d049e","2797625719"
32.25077,-110.829414,1,"Accipitridae","Buteo jamaicensis",2019,11,8,"4fa7b334-ce0d-4e88-aaae-2e0c138d049e","2798058731"
32.25077,-110.829414,1,"Tyrannidae","Sayornis nigricans",2019,11,8,"4fa7b334-ce0d-4e88-aaae-2e0c138d049e","2799172612"
32.25077,-110.829414,8,"Mimidae","Mimus polyglottos",2019,11,8,"4fa7b334-ce0d-4e88-aaae-2e0c138d049e","2801069808"
32.25077,-110.829414,1,"Troglodytidae","Campylorhynchus brunneicapillus",2019,11,8,"4fa7b334-ce0d-4e88-aaae-2e0c138d049e","2800956532"
