"decimalLatitude","decimalLongitude","individualCount","family","species","year","month","day","datasetKey","gbifID"
32.253315,-110.82511,1,"Trochilidae","Cynanthus latirostris",2020,6,22,"4fa7b334-ce0d-4e88-aaae-2e0c138d049e","3287784736"
32.251644,-110.82597,1,"Pandionidae","Pandion haliaetus",2020,10,6,"4fa7b334-ce0d-4e88-aaae-2e0c138d049e","3251713278"
32.253315,-110.82512,1,"Fringillidae","Spinus psaltria",2019,5,25,"4fa7b334-ce0d-4e88-aaae-2e0c138d049e","2681346207"
32.25298,-110.82516,1,"Trochilidae","Cynanthus latirostris",2019,6,1,"4fa7b334-ce0d-4e88-aaae-2e0c138d049e","2766516192"
32.25298,-110.82516,1,"Trochilidae","Cynanthus latirostris",2019,6,1,"4fa7b334-ce0d-4e88-aaae-2e0c138d049e","2767912177"
