"decimalLatitude","decimalLongitude","individualCount","family","species","year","month","day","datasetKey","datasetName","gbifID","lifeStage"
32.230034,-110.86998,1,"Falconidae","Falco sparverius",2021,3,7,"4fa7b334-ce0d-4e88-aaae-2e0c138d049e",NA,"3671609547",NA
32.23062,-110.87043,1,"Accipitridae","Parabuteo unicinctus",2021,3,20,"4fa7b334-ce0d-4e88-aaae-2e0c138d049e",NA,"3671547005",NA
32.230034,-110.86998,1,"Tyrannidae","Myiarchus tyrannulus",2021,5,8,"4fa7b334-ce0d-4e88-aaae-2e0c138d049e",NA,"3624123151",NA
32.22913,-110.87529,1,"Falconidae","Falco sparverius",2020,12,8,"4fa7b334-ce0d-4e88-aaae-2e0c138d049e",NA,"3212346376",NA
32.233135,-110.87524,1,"Vireonidae","Vireo plumbeus",2019,12,21,"4fa7b334-ce0d-4e88-aaae-2e0c138d049e",NA,"2792155809",NA
32.233135,-110.87524,1,"Vireonidae","Vireo plumbeus",2019,12,21,"4fa7b334-ce0d-4e88-aaae-2e0c138d049e",NA,"2793086714",NA
32.23565,-110.87474,1,"Passeridae","Passer domesticus",2019,12,29,"4fa7b334-ce0d-4e88-aaae-2e0c138d049e",NA,"2711569765",NA
32.230034,-110.86998,2,"Trochilidae","Calypte anna",2017,1,20,"4fa7b334-ce0d-4e88-aaae-2e0c138d049e",NA,"2040025553",NA
32.230034,-110.86998,1,"Accipitridae","Accipiter cooperii",2017,2,5,"4fa7b334-ce0d-4e88-aaae-2e0c138d049e",NA,"2042906448",NA
32.23611,-110.87548,1,"Corvidae","Corvus corax",2017,12,6,"4fa7b334-ce0d-4e88-aaae-2e0c138d049e",NA,"2118465409",NA
32.23611,-110.87548,700,"Columbidae","Columba livia",2017,12,6,"4fa7b334-ce0d-4e88-aaae-2e0c138d049e",NA,"2097151277",NA
32.235485,-110.87316,NA,"Parulidae","Leiothlypis luciae",2021,4,30,"50c9509d-22c7-4a22-a47d-8c48425ef4a7","iNaturalist research-grade observations","3112558784",NA
32.232936,-110.872097,NA,"Fringillidae","Haemorhous mexicanus",2019,9,22,"50c9509d-22c7-4a22-a47d-8c48425ef4a7","iNaturalist research-grade observations","3067682198",NA
32.23293,-110.872081,NA,"Passeridae","Passer domesticus",2019,9,30,"50c9509d-22c7-4a22-a47d-8c48425ef4a7","iNaturalist research-grade observations","3067913160","Adult"
32.23552,-110.875375,NA,"Columbidae","Columba livia",2017,12,23,"50c9509d-22c7-4a22-a47d-8c48425ef4a7","iNaturalist research-grade observations","1802724025",NA
