"decimalLatitude","decimalLongitude","individualCount","family","species","year","month","day","datasetKey","gbifID"
32.247856,-110.86931,5,"Emberizidae","Spizella passerina",2020,12,15,"4fa7b334-ce0d-4e88-aaae-2e0c138d049e","3200922861"
32.247856,-110.86931,1,"Mimidae","Mimus polyglottos",2020,12,15,"4fa7b334-ce0d-4e88-aaae-2e0c138d049e","3196548639"
32.247856,-110.86931,1,"Accipitridae","Accipiter cooperii",2020,12,15,"4fa7b334-ce0d-4e88-aaae-2e0c138d049e","3213742842"
32.247856,-110.86931,4,"Fringillidae","Spinus psaltria",2020,12,15,"4fa7b334-ce0d-4e88-aaae-2e0c138d049e","3201525738"
32.247856,-110.86931,1,"Polioptilidae","Polioptila melanura",2020,12,15,"4fa7b334-ce0d-4e88-aaae-2e0c138d049e","3204203854"
32.247856,-110.86931,3,"Picidae","Melanerpes uropygialis",2020,12,15,"4fa7b334-ce0d-4e88-aaae-2e0c138d049e","3196312785"
32.247856,-110.86931,4,"Parulidae","Setophaga coronata",2020,12,15,"4fa7b334-ce0d-4e88-aaae-2e0c138d049e","3200809605"
32.247856,-110.86931,3,"Trochilidae","Calypte anna",2020,12,15,"4fa7b334-ce0d-4e88-aaae-2e0c138d049e","3211673757"
32.247856,-110.86931,14,"Fringillidae","Haemorhous mexicanus",2020,12,15,"4fa7b334-ce0d-4e88-aaae-2e0c138d049e","3212929681"
32.247856,-110.86931,4,"Emberizidae","Melozone aberti",2020,12,15,"4fa7b334-ce0d-4e88-aaae-2e0c138d049e","3213397821"
32.247856,-110.86931,13,"Passeridae","Passer domesticus",2020,12,15,"4fa7b334-ce0d-4e88-aaae-2e0c138d049e","3195365914"
32.247856,-110.86931,1,"Regulidae","Regulus calendula",2020,12,15,"4fa7b334-ce0d-4e88-aaae-2e0c138d049e","3211678781"
32.247856,-110.86931,2,"Cardinalidae","Cardinalis cardinalis",2020,12,15,"4fa7b334-ce0d-4e88-aaae-2e0c138d049e","3203205798"
32.247856,-110.86931,1,"Picidae","Dryobates scalaris",2020,12,15,"4fa7b334-ce0d-4e88-aaae-2e0c138d049e","3200590092"
32.247856,-110.86931,43,"Columbidae","Zenaida macroura",2020,12,15,"4fa7b334-ce0d-4e88-aaae-2e0c138d049e","3213357045"
32.247856,-110.86931,1,"Ptilogonatidae","Phainopepla nitens",2020,12,15,"4fa7b334-ce0d-4e88-aaae-2e0c138d049e","3208407976"
32.247856,-110.86931,1,"Emberizidae","Zonotrichia leucophrys",2020,12,15,"4fa7b334-ce0d-4e88-aaae-2e0c138d049e","3204323976"
32.247856,-110.86931,2,"Trochilidae","Cynanthus latirostris",2020,12,15,"4fa7b334-ce0d-4e88-aaae-2e0c138d049e","3200283706"
32.247856,-110.86931,2,"Tyrannidae","Pyrocephalus rubinus",2020,12,15,"4fa7b334-ce0d-4e88-aaae-2e0c138d049e","3201649772"
32.247856,-110.86931,3,"Remizidae","Auriparus flaviceps",2020,12,15,"4fa7b334-ce0d-4e88-aaae-2e0c138d049e","3204435999"
32.247856,-110.86931,17,"Sturnidae","Sturnus vulgaris",2020,12,15,"4fa7b334-ce0d-4e88-aaae-2e0c138d049e","3199885954"
32.247856,-110.86931,5,"Emberizidae","Spizella passerina",2020,12,15,"4fa7b334-ce0d-4e88-aaae-2e0c138d049e","3301232965"
32.247856,-110.86931,1,"Mimidae","Mimus polyglottos",2020,12,15,"4fa7b334-ce0d-4e88-aaae-2e0c138d049e","3295524194"
32.247856,-110.86931,1,"Accipitridae","Accipiter cooperii",2020,12,15,"4fa7b334-ce0d-4e88-aaae-2e0c138d049e","3295532955"
32.247856,-110.86931,4,"Fringillidae","Spinus psaltria",2020,12,15,"4fa7b334-ce0d-4e88-aaae-2e0c138d049e","3298770168"
32.247856,-110.86931,1,"Polioptilidae","Polioptila melanura",2020,12,15,"4fa7b334-ce0d-4e88-aaae-2e0c138d049e","3299495837"
32.247856,-110.86931,3,"Picidae","Melanerpes uropygialis",2020,12,15,"4fa7b334-ce0d-4e88-aaae-2e0c138d049e","3296803777"
32.247856,-110.86931,4,"Parulidae","Setophaga coronata",2020,12,15,"4fa7b334-ce0d-4e88-aaae-2e0c138d049e","3296987835"
32.247856,-110.86931,3,"Trochilidae","Calypte anna",2020,12,15,"4fa7b334-ce0d-4e88-aaae-2e0c138d049e","3293285937"
32.247856,-110.86931,14,"Fringillidae","Haemorhous mexicanus",2020,12,15,"4fa7b334-ce0d-4e88-aaae-2e0c138d049e","3212794992"
32.247856,-110.86931,4,"Emberizidae","Melozone aberti",2020,12,15,"4fa7b334-ce0d-4e88-aaae-2e0c138d049e","3200071108"
32.247856,-110.86931,13,"Passeridae","Passer domesticus",2020,12,15,"4fa7b334-ce0d-4e88-aaae-2e0c138d049e","3199380208"
32.247856,-110.86931,1,"Regulidae","Regulus calendula",2020,12,15,"4fa7b334-ce0d-4e88-aaae-2e0c138d049e","3200329176"
32.247856,-110.86931,2,"Cardinalidae","Cardinalis cardinalis",2020,12,15,"4fa7b334-ce0d-4e88-aaae-2e0c138d049e","3203115454"
32.247856,-110.86931,1,"Picidae","Dryobates scalaris",2020,12,15,"4fa7b334-ce0d-4e88-aaae-2e0c138d049e","3212782223"
32.247856,-110.86931,43,"Columbidae","Zenaida macroura",2020,12,15,"4fa7b334-ce0d-4e88-aaae-2e0c138d049e","3211346095"
32.247856,-110.86931,1,"Ptilogonatidae","Phainopepla nitens",2020,12,15,"4fa7b334-ce0d-4e88-aaae-2e0c138d049e","3203662879"
32.247856,-110.86931,1,"Emberizidae","Zonotrichia leucophrys",2020,12,15,"4fa7b334-ce0d-4e88-aaae-2e0c138d049e","3207381976"
32.247856,-110.86931,2,"Trochilidae","Cynanthus latirostris",2020,12,15,"4fa7b334-ce0d-4e88-aaae-2e0c138d049e","3213014909"
32.247856,-110.86931,2,"Tyrannidae","Pyrocephalus rubinus",2020,12,15,"4fa7b334-ce0d-4e88-aaae-2e0c138d049e","3298533691"
32.247856,-110.86931,3,"Remizidae","Auriparus flaviceps",2020,12,15,"4fa7b334-ce0d-4e88-aaae-2e0c138d049e","3297371691"
32.247856,-110.86931,17,"Sturnidae","Sturnus vulgaris",2020,12,15,"4fa7b334-ce0d-4e88-aaae-2e0c138d049e","3297187649"
