"decimalLatitude","decimalLongitude","individualCount","family","species","year","month","day","datasetKey","datasetName","gbifID"
32.20861,-110.93415,1,"Trochilidae","Calypte anna",2021,1,1,"4fa7b334-ce0d-4e88-aaae-2e0c138d049e",NA,"3504265044"
32.20861,-110.93415,1,"Trochilidae","Cynanthus latirostris",2021,1,1,"4fa7b334-ce0d-4e88-aaae-2e0c138d049e",NA,"3504230008"
32.20932,-110.938965,1,"Columbidae","Streptopelia decaocto",2021,2,13,"4fa7b334-ce0d-4e88-aaae-2e0c138d049e",NA,"3594629505"
32.20932,-110.938965,2,"Picidae","Melanerpes uropygialis",2021,2,13,"4fa7b334-ce0d-4e88-aaae-2e0c138d049e",NA,"3596582483"
32.20932,-110.938965,1,"Fringillidae","Haemorhous mexicanus",2021,2,13,"4fa7b334-ce0d-4e88-aaae-2e0c138d049e",NA,"3596077947"
32.20932,-110.938965,3,"Fringillidae","Spinus psaltria",2021,2,13,"4fa7b334-ce0d-4e88-aaae-2e0c138d049e",NA,"3596988771"
32.20861,-110.93415,8,"Fringillidae","Haemorhous mexicanus",2021,2,13,"4fa7b334-ce0d-4e88-aaae-2e0c138d049e",NA,"3506554226"
32.20861,-110.93415,1,"Accipitridae","Accipiter cooperii",2021,2,13,"4fa7b334-ce0d-4e88-aaae-2e0c138d049e",NA,"3507529758"
32.20861,-110.93415,9,"Columbidae","Columba livia",2021,2,13,"4fa7b334-ce0d-4e88-aaae-2e0c138d049e",NA,"3508459824"
32.20861,-110.93415,1,"Mimidae","Mimus polyglottos",2021,2,13,"4fa7b334-ce0d-4e88-aaae-2e0c138d049e",NA,"3510072172"
32.20861,-110.93415,2,"Trochilidae","Calypte anna",2021,2,13,"4fa7b334-ce0d-4e88-aaae-2e0c138d049e",NA,"3509804112"
32.20861,-110.93415,8,"Fringillidae","Haemorhous mexicanus",2021,2,13,"4fa7b334-ce0d-4e88-aaae-2e0c138d049e",NA,"3620209478"
32.20861,-110.93415,1,"Accipitridae","Accipiter cooperii",2021,2,13,"4fa7b334-ce0d-4e88-aaae-2e0c138d049e",NA,"3616879083"
32.20861,-110.93415,9,"Columbidae","Columba livia",2021,2,13,"4fa7b334-ce0d-4e88-aaae-2e0c138d049e",NA,"3620468215"
32.20861,-110.93415,1,"Mimidae","Mimus polyglottos",2021,2,13,"4fa7b334-ce0d-4e88-aaae-2e0c138d049e",NA,"3630124062"
32.20861,-110.93415,2,"Trochilidae","Calypte anna",2021,2,13,"4fa7b334-ce0d-4e88-aaae-2e0c138d049e",NA,"3636336316"
32.221024,-110.943535,1,"Picidae","Melanerpes uropygialis",2021,3,14,"4fa7b334-ce0d-4e88-aaae-2e0c138d049e",NA,"3511191471"
32.221024,-110.943535,1,"Remizidae","Auriparus flaviceps",2021,3,14,"4fa7b334-ce0d-4e88-aaae-2e0c138d049e",NA,"3510811555"
32.221024,-110.943535,4,"Columbidae","Columba livia",2021,3,14,"4fa7b334-ce0d-4e88-aaae-2e0c138d049e",NA,"3509531873"
32.220974,-110.94328,2,"Columbidae","Columba livia",2021,4,25,"4fa7b334-ce0d-4e88-aaae-2e0c138d049e",NA,"3611442618"
32.220974,-110.94328,1,"Mimidae","Mimus polyglottos",2021,4,25,"4fa7b334-ce0d-4e88-aaae-2e0c138d049e",NA,"3615573491"
32.220974,-110.94328,1,"Parulidae","Leiothlypis luciae",2021,4,25,"4fa7b334-ce0d-4e88-aaae-2e0c138d049e",NA,"3619415125"
32.20848,-110.930336,1,"Mimidae","Toxostoma curvirostre",2021,4,27,"4fa7b334-ce0d-4e88-aaae-2e0c138d049e",NA,"3524702464"
32.20848,-110.93039,1,"Fringillidae","Haemorhous mexicanus",2021,5,1,"4fa7b334-ce0d-4e88-aaae-2e0c138d049e",NA,"3516650501"
32.20848,-110.93039,2,"Passeridae","Passer domesticus",2021,5,1,"4fa7b334-ce0d-4e88-aaae-2e0c138d049e",NA,"3513369100"
32.20848,-110.93039,1,"Mimidae","Toxostoma curvirostre",2021,5,1,"4fa7b334-ce0d-4e88-aaae-2e0c138d049e",NA,"3514661723"
32.20848,-110.93039,1,"Mimidae","Mimus polyglottos",2021,5,1,"4fa7b334-ce0d-4e88-aaae-2e0c138d049e",NA,"3522311712"
32.20848,-110.93039,1,"Picidae","Melanerpes uropygialis",2021,5,1,"4fa7b334-ce0d-4e88-aaae-2e0c138d049e",NA,"3524596295"
32.20848,-110.93039,2,"Columbidae","Zenaida asiatica",2021,5,1,"4fa7b334-ce0d-4e88-aaae-2e0c138d049e",NA,"3527722072"
32.20848,-110.93039,1,"Trochilidae","Archilochus alexandri",2021,5,1,"4fa7b334-ce0d-4e88-aaae-2e0c138d049e",NA,"3529838347"
32.208733,-110.93294,1,"Picidae","Melanerpes uropygialis",2021,5,11,"4fa7b334-ce0d-4e88-aaae-2e0c138d049e",NA,"3570991315"
32.208733,-110.93294,5,"Columbidae","Zenaida asiatica",2021,5,11,"4fa7b334-ce0d-4e88-aaae-2e0c138d049e",NA,"3559709071"
32.208733,-110.93294,2,"Columbidae","Zenaida macroura",2021,5,11,"4fa7b334-ce0d-4e88-aaae-2e0c138d049e",NA,"3559962986"
32.208733,-110.93294,5,"Columbidae","Columba livia",2021,5,11,"4fa7b334-ce0d-4e88-aaae-2e0c138d049e",NA,"3544113194"
32.208733,-110.93294,2,"Columbidae","Streptopelia decaocto",2021,5,11,"4fa7b334-ce0d-4e88-aaae-2e0c138d049e",NA,"3525578776"
32.208733,-110.93294,1,"Fringillidae","Haemorhous mexicanus",2021,5,11,"4fa7b334-ce0d-4e88-aaae-2e0c138d049e",NA,"3532968423"
32.208733,-110.93294,1,"Passeridae","Passer domesticus",2021,5,11,"4fa7b334-ce0d-4e88-aaae-2e0c138d049e",NA,"3534997728"
32.208733,-110.93294,1,"Picidae","Melanerpes uropygialis",2021,5,11,"4fa7b334-ce0d-4e88-aaae-2e0c138d049e",NA,"3525176000"
32.208733,-110.93294,5,"Columbidae","Zenaida asiatica",2021,5,11,"4fa7b334-ce0d-4e88-aaae-2e0c138d049e",NA,"3526296283"
32.208733,-110.93294,2,"Columbidae","Zenaida macroura",2021,5,11,"4fa7b334-ce0d-4e88-aaae-2e0c138d049e",NA,"3526855770"
32.208733,-110.93294,5,"Columbidae","Columba livia",2021,5,11,"4fa7b334-ce0d-4e88-aaae-2e0c138d049e",NA,"3527849355"
32.208733,-110.93294,2,"Columbidae","Streptopelia decaocto",2021,5,11,"4fa7b334-ce0d-4e88-aaae-2e0c138d049e",NA,"3527990956"
32.208733,-110.93294,1,"Fringillidae","Haemorhous mexicanus",2021,5,11,"4fa7b334-ce0d-4e88-aaae-2e0c138d049e",NA,"3533241565"
32.208733,-110.93294,1,"Passeridae","Passer domesticus",2021,5,11,"4fa7b334-ce0d-4e88-aaae-2e0c138d049e",NA,"3533265481"
32.208733,-110.93294,1,"Trochilidae","Calypte anna",2021,5,11,"4fa7b334-ce0d-4e88-aaae-2e0c138d049e",NA,"3554399649"
32.20702,-110.92836,1,"Accipitridae","Parabuteo unicinctus",2021,8,11,"4fa7b334-ce0d-4e88-aaae-2e0c138d049e",NA,"3634471073"
32.20702,-110.92836,1,"Columbidae","Zenaida asiatica",2021,8,11,"4fa7b334-ce0d-4e88-aaae-2e0c138d049e",NA,"3564021704"
32.20702,-110.92836,1,"Accipitridae","Parabuteo unicinctus",2021,8,11,"4fa7b334-ce0d-4e88-aaae-2e0c138d049e",NA,"3646333459"
32.20702,-110.92836,1,"Columbidae","Zenaida asiatica",2021,8,11,"4fa7b334-ce0d-4e88-aaae-2e0c138d049e",NA,"3652334076"
32.207016,-110.93479,1,"Falconidae","Falco sparverius",2021,10,20,"4fa7b334-ce0d-4e88-aaae-2e0c138d049e",NA,"3620960698"
32.207016,-110.93479,1,"Columbidae","Columba livia",2021,10,20,"4fa7b334-ce0d-4e88-aaae-2e0c138d049e",NA,"3631640447"
32.215115,-110.937904,1,"Icteridae","Quiscalus mexicanus",2020,1,15,"4fa7b334-ce0d-4e88-aaae-2e0c138d049e",NA,"3132444021"
32.215115,-110.937904,10,"Icteridae","Quiscalus mexicanus",2020,8,22,"4fa7b334-ce0d-4e88-aaae-2e0c138d049e",NA,"3173805203"
32.215115,-110.937904,3,"Troglodytidae","Campylorhynchus brunneicapillus",2020,8,22,"4fa7b334-ce0d-4e88-aaae-2e0c138d049e",NA,"3183678287"
32.221016,-110.94194,1,"Icteridae","Quiscalus mexicanus",2020,9,5,"4fa7b334-ce0d-4e88-aaae-2e0c138d049e",NA,"3204489703"
32.215115,-110.937904,4,"Icteridae","Quiscalus mexicanus",2020,10,28,"4fa7b334-ce0d-4e88-aaae-2e0c138d049e",NA,"3205761914"
32.215115,-110.937904,7,"Passeridae","Passer domesticus",2020,10,28,"4fa7b334-ce0d-4e88-aaae-2e0c138d049e",NA,"3197693602"
32.215115,-110.937904,1,"Picidae","Melanerpes uropygialis",2020,10,28,"4fa7b334-ce0d-4e88-aaae-2e0c138d049e",NA,"3195321710"
32.215115,-110.937904,2,"Tyrannidae","Pyrocephalus rubinus",2020,10,28,"4fa7b334-ce0d-4e88-aaae-2e0c138d049e",NA,"3207027758"
32.215115,-110.937904,1,"Remizidae","Auriparus flaviceps",2020,10,28,"4fa7b334-ce0d-4e88-aaae-2e0c138d049e",NA,"3209151741"
32.215115,-110.937904,2,"Fringillidae","Haemorhous mexicanus",2020,10,28,"4fa7b334-ce0d-4e88-aaae-2e0c138d049e",NA,"3205175709"
32.215115,-110.937904,173,"Columbidae","Columba livia",2020,10,28,"4fa7b334-ce0d-4e88-aaae-2e0c138d049e",NA,"3210168737"
32.215115,-110.937904,30,"Columbidae","Zenaida macroura",2020,10,28,"4fa7b334-ce0d-4e88-aaae-2e0c138d049e",NA,"3209010609"
32.21693,-110.93667,1,"Trochilidae","Calypte anna",2020,10,28,"4fa7b334-ce0d-4e88-aaae-2e0c138d049e",NA,"3188295549"
32.21693,-110.93667,5,"Passeridae","Passer domesticus",2020,10,28,"4fa7b334-ce0d-4e88-aaae-2e0c138d049e",NA,"3191128572"
32.21693,-110.93667,1,"Mimidae","Mimus polyglottos",2020,10,28,"4fa7b334-ce0d-4e88-aaae-2e0c138d049e",NA,"3197009835"
32.21693,-110.93667,3,"Remizidae","Auriparus flaviceps",2020,10,28,"4fa7b334-ce0d-4e88-aaae-2e0c138d049e",NA,"3206323700"
32.21693,-110.93667,2,"Fringillidae","Haemorhous mexicanus",2020,10,28,"4fa7b334-ce0d-4e88-aaae-2e0c138d049e",NA,"3209663725"
32.21693,-110.93667,6,"Columbidae","Columba livia",2020,10,28,"4fa7b334-ce0d-4e88-aaae-2e0c138d049e",NA,"3189212597"
32.21693,-110.93667,2,"Picidae","Melanerpes uropygialis",2020,10,28,"4fa7b334-ce0d-4e88-aaae-2e0c138d049e",NA,"3195505751"
32.21693,-110.93667,1,"Emberizidae","Melozone aberti",2020,10,28,"4fa7b334-ce0d-4e88-aaae-2e0c138d049e",NA,"3204941734"
32.210648,-110.93034,1,"Parulidae","Mniotilta varia",2020,10,11,"4fa7b334-ce0d-4e88-aaae-2e0c138d049e",NA,"3207708192"
32.216988,-110.93543,2,"Parulidae","Setophaga coronata",2020,11,25,"4fa7b334-ce0d-4e88-aaae-2e0c138d049e",NA,"3269021585"
32.216988,-110.93543,1,"Mimidae","Mimus polyglottos",2020,11,25,"4fa7b334-ce0d-4e88-aaae-2e0c138d049e",NA,"3267781493"
32.216988,-110.93543,4,"Fringillidae","Spinus psaltria",2020,11,25,"4fa7b334-ce0d-4e88-aaae-2e0c138d049e",NA,"3279731526"
32.216988,-110.93543,2,"Picidae","Melanerpes uropygialis",2020,11,25,"4fa7b334-ce0d-4e88-aaae-2e0c138d049e",NA,"3281848422"
32.216988,-110.93543,6,"Sturnidae","Sturnus vulgaris",2020,11,25,"4fa7b334-ce0d-4e88-aaae-2e0c138d049e",NA,"3275309435"
32.216988,-110.93543,60,"Columbidae","Columba livia",2020,11,25,"4fa7b334-ce0d-4e88-aaae-2e0c138d049e",NA,"3274083600"
32.216988,-110.93543,1,"Trochilidae","Cynanthus latirostris",2020,11,25,"4fa7b334-ce0d-4e88-aaae-2e0c138d049e",NA,"3271106600"
32.216988,-110.93543,40,"Icteridae","Quiscalus mexicanus",2020,11,25,"4fa7b334-ce0d-4e88-aaae-2e0c138d049e",NA,"3269169551"
32.216988,-110.93543,11,"Columbidae","Zenaida macroura",2020,11,25,"4fa7b334-ce0d-4e88-aaae-2e0c138d049e",NA,"3270424489"
32.216988,-110.93543,2,"Tyrannidae","Pyrocephalus rubinus",2020,11,25,"4fa7b334-ce0d-4e88-aaae-2e0c138d049e",NA,"3281465491"
32.216988,-110.93543,20,"Passeridae","Passer domesticus",2020,11,25,"4fa7b334-ce0d-4e88-aaae-2e0c138d049e",NA,"3276646472"
32.216988,-110.93543,2,"Remizidae","Auriparus flaviceps",2020,11,25,"4fa7b334-ce0d-4e88-aaae-2e0c138d049e",NA,"3266275491"
32.216988,-110.93543,15,"Fringillidae","Haemorhous mexicanus",2020,11,25,"4fa7b334-ce0d-4e88-aaae-2e0c138d049e",NA,"3269708571"
32.216988,-110.93543,1,"Trochilidae","Calypte anna",2020,11,25,"4fa7b334-ce0d-4e88-aaae-2e0c138d049e",NA,"3268660539"
32.206978,-110.927,1,"Accipitridae","Parabuteo unicinctus",2020,12,24,"4fa7b334-ce0d-4e88-aaae-2e0c138d049e",NA,"3278658265"
32.206978,-110.927,1,"Accipitridae","Parabuteo unicinctus",2020,12,24,"4fa7b334-ce0d-4e88-aaae-2e0c138d049e",NA,"3271253618"
32.215115,-110.937904,2,"Picidae","Melanerpes uropygialis",2019,4,13,"4fa7b334-ce0d-4e88-aaae-2e0c138d049e",NA,"2667144503"
32.215115,-110.937904,2,"Accipitridae","Buteo jamaicensis",2019,4,13,"4fa7b334-ce0d-4e88-aaae-2e0c138d049e",NA,"2665752695"
32.215115,-110.937904,8,"Columbidae","Columba livia",2019,4,13,"4fa7b334-ce0d-4e88-aaae-2e0c138d049e",NA,"2676144344"
32.215115,-110.937904,1,"Trochilidae","Calypte anna",2019,4,13,"4fa7b334-ce0d-4e88-aaae-2e0c138d049e",NA,"2666727277"
32.215115,-110.937904,2,"Columbidae","Zenaida asiatica",2019,4,13,"4fa7b334-ce0d-4e88-aaae-2e0c138d049e",NA,"2668324530"
32.215115,-110.937904,4,"Columbidae","Zenaida macroura",2019,4,13,"4fa7b334-ce0d-4e88-aaae-2e0c138d049e",NA,"2667600499"
32.215115,-110.937904,4,"Passeridae","Passer domesticus",2019,4,13,"4fa7b334-ce0d-4e88-aaae-2e0c138d049e",NA,"2677371739"
32.215115,-110.937904,12,"Icteridae","Quiscalus mexicanus",2019,4,13,"4fa7b334-ce0d-4e88-aaae-2e0c138d049e",NA,"2664110680"
32.215115,-110.937904,1,"Fringillidae","Haemorhous mexicanus",2019,4,13,"4fa7b334-ce0d-4e88-aaae-2e0c138d049e",NA,"2664618605"
32.215115,-110.937904,2,"Columbidae","Streptopelia decaocto",2019,4,13,"4fa7b334-ce0d-4e88-aaae-2e0c138d049e",NA,"2740681871"
32.215115,-110.937904,1,"Mimidae","Mimus polyglottos",2019,4,13,"4fa7b334-ce0d-4e88-aaae-2e0c138d049e",NA,"2782779172"
32.221157,-110.94365,2,"Icteridae","Quiscalus mexicanus",2019,5,5,"4fa7b334-ce0d-4e88-aaae-2e0c138d049e",NA,"2675435179"
32.221157,-110.94365,2,"Passeridae","Passer domesticus",2019,5,5,"4fa7b334-ce0d-4e88-aaae-2e0c138d049e",NA,"2675110188"
32.208733,-110.93294,6,"Columbidae","Zenaida asiatica",2019,5,10,"4fa7b334-ce0d-4e88-aaae-2e0c138d049e",NA,"2676823241"
32.208733,-110.93294,1,"Picidae","Melanerpes uropygialis",2019,5,10,"4fa7b334-ce0d-4e88-aaae-2e0c138d049e",NA,"2685607229"
32.208733,-110.93294,1,"Accipitridae","Accipiter cooperii",2019,5,10,"4fa7b334-ce0d-4e88-aaae-2e0c138d049e",NA,"2674670374"
32.208733,-110.93294,2,"Columbidae","Streptopelia decaocto",2019,5,10,"4fa7b334-ce0d-4e88-aaae-2e0c138d049e",NA,"2685925313"
32.208733,-110.93294,1,"Columbidae","Zenaida macroura",2019,5,10,"4fa7b334-ce0d-4e88-aaae-2e0c138d049e",NA,"2675728128"
32.208733,-110.93294,6,"Columbidae","Zenaida asiatica",2019,5,10,"4fa7b334-ce0d-4e88-aaae-2e0c138d049e",NA,"2753079405"
32.208733,-110.93294,1,"Picidae","Melanerpes uropygialis",2019,5,10,"4fa7b334-ce0d-4e88-aaae-2e0c138d049e",NA,"2735079298"
32.208733,-110.93294,1,"Accipitridae","Accipiter cooperii",2019,5,10,"4fa7b334-ce0d-4e88-aaae-2e0c138d049e",NA,"2750429380"
32.208733,-110.93294,2,"Columbidae","Streptopelia decaocto",2019,5,10,"4fa7b334-ce0d-4e88-aaae-2e0c138d049e",NA,"2758537392"
32.208733,-110.93294,1,"Columbidae","Zenaida macroura",2019,5,10,"4fa7b334-ce0d-4e88-aaae-2e0c138d049e",NA,"2746343413"
32.21477,-110.93821,1,"Caprimulgidae","Chordeiles acutipennis",2019,5,12,"4fa7b334-ce0d-4e88-aaae-2e0c138d049e",NA,"2688891232"
32.21477,-110.93821,1,"Caprimulgidae","Chordeiles acutipennis",2019,5,12,"4fa7b334-ce0d-4e88-aaae-2e0c138d049e",NA,"2678940648"
32.22088,-110.94325,1,"Icteridae","Quiscalus mexicanus",2018,4,8,"4fa7b334-ce0d-4e88-aaae-2e0c138d049e",NA,"2130717839"
32.215115,-110.937904,1,"Sturnidae","Sturnus vulgaris",2018,6,19,"4fa7b334-ce0d-4e88-aaae-2e0c138d049e",NA,"2165068285"
32.215115,-110.937904,3,"Columbidae","Zenaida asiatica",2018,6,19,"4fa7b334-ce0d-4e88-aaae-2e0c138d049e",NA,"2175916392"
32.215115,-110.937904,2,"Columbidae","Streptopelia decaocto",2018,6,19,"4fa7b334-ce0d-4e88-aaae-2e0c138d049e",NA,"2187734689"
32.215115,-110.937904,4,"Columbidae","Zenaida macroura",2018,6,19,"4fa7b334-ce0d-4e88-aaae-2e0c138d049e",NA,"2165066544"
32.215115,-110.937904,1,"Accipitridae","Buteo jamaicensis",2018,6,19,"4fa7b334-ce0d-4e88-aaae-2e0c138d049e",NA,"2180265865"
32.215115,-110.937904,2,"Tyrannidae","Tyrannus verticalis",2018,6,19,"4fa7b334-ce0d-4e88-aaae-2e0c138d049e",NA,"2175892387"
32.215115,-110.937904,16,"Columbidae","Columba livia",2018,6,19,"4fa7b334-ce0d-4e88-aaae-2e0c138d049e",NA,"2175903314"
32.213593,-110.926956,1,"Hirundinidae","Petrochelidon pyrrhonota",2018,8,25,"4fa7b334-ce0d-4e88-aaae-2e0c138d049e",NA,"2192548638"
32.213593,-110.926956,2,"Hirundinidae","Hirundo rustica",2018,8,25,"4fa7b334-ce0d-4e88-aaae-2e0c138d049e",NA,"2192552051"
32.21326,-110.92803,2,"Tyrannidae","Pyrocephalus rubinus",2018,10,8,"4fa7b334-ce0d-4e88-aaae-2e0c138d049e",NA,"2217458189"
32.21326,-110.92803,11,"Fringillidae","Haemorhous mexicanus",2018,10,8,"4fa7b334-ce0d-4e88-aaae-2e0c138d049e",NA,"2192712512"
32.21326,-110.92803,2,"Mimidae","Toxostoma curvirostre",2018,10,8,"4fa7b334-ce0d-4e88-aaae-2e0c138d049e",NA,"2192734295"
32.21326,-110.92803,2,"Emberizidae","Melozone aberti",2018,10,8,"4fa7b334-ce0d-4e88-aaae-2e0c138d049e",NA,"2205008351"
32.21326,-110.92803,18,"Passeridae","Passer domesticus",2018,10,8,"4fa7b334-ce0d-4e88-aaae-2e0c138d049e",NA,"2217464827"
32.21326,-110.92803,4,"Columbidae","Columba livia",2018,10,8,"4fa7b334-ce0d-4e88-aaae-2e0c138d049e",NA,"2217442750"
32.21326,-110.92803,6,"Picidae","Melanerpes uropygialis",2018,10,8,"4fa7b334-ce0d-4e88-aaae-2e0c138d049e",NA,"2192698832"
32.21326,-110.92803,3,"Accipitridae","Parabuteo unicinctus",2018,10,8,"4fa7b334-ce0d-4e88-aaae-2e0c138d049e",NA,"2208337489"
32.21326,-110.92803,1,"Parulidae","Leiothlypis ruficapilla",2018,10,8,"4fa7b334-ce0d-4e88-aaae-2e0c138d049e",NA,"2217453933"
32.21326,-110.92803,3,"Columbidae","Zenaida macroura",2018,10,8,"4fa7b334-ce0d-4e88-aaae-2e0c138d049e",NA,"2205005524"
32.21326,-110.92803,1,"Mimidae","Mimus polyglottos",2018,10,8,"4fa7b334-ce0d-4e88-aaae-2e0c138d049e",NA,"2217441455"
32.206978,-110.931915,12,"Icteridae","Quiscalus mexicanus",2018,11,7,"4fa7b334-ce0d-4e88-aaae-2e0c138d049e",NA,"2217015208"
32.210564,-110.92766,1,"Accipitridae","Circus cyaneus",2018,11,24,"4fa7b334-ce0d-4e88-aaae-2e0c138d049e",NA,"2219151455"
32.20698,-110.93004,30,"Columbidae","Columba livia",2018,12,21,"4fa7b334-ce0d-4e88-aaae-2e0c138d049e",NA,"2232434652"
32.20698,-110.93004,30,"Columbidae","Columba livia",2018,12,21,"4fa7b334-ce0d-4e88-aaae-2e0c138d049e",NA,"2232556980"
32.208843,-110.93455,1,"Mimidae","Toxostoma curvirostre",2017,1,8,"4fa7b334-ce0d-4e88-aaae-2e0c138d049e",NA,"2033610690"
32.208843,-110.93455,1,"Remizidae","Auriparus flaviceps",2017,1,8,"4fa7b334-ce0d-4e88-aaae-2e0c138d049e",NA,"2029885167"
32.208843,-110.93455,1,"Mimidae","Mimus polyglottos",2017,1,8,"4fa7b334-ce0d-4e88-aaae-2e0c138d049e",NA,"2033616212"
32.211857,-110.931786,2,"Picidae","Melanerpes uropygialis",2017,7,18,"4fa7b334-ce0d-4e88-aaae-2e0c138d049e",NA,"2088120502"
32.211857,-110.931786,2,"Mimidae","Toxostoma curvirostre",2017,7,18,"4fa7b334-ce0d-4e88-aaae-2e0c138d049e",NA,"2070467501"
32.211857,-110.931786,1,"Troglodytidae","Campylorhynchus brunneicapillus",2017,7,18,"4fa7b334-ce0d-4e88-aaae-2e0c138d049e",NA,"2081931085"
32.211857,-110.931786,1,"Trochilidae","Cynanthus latirostris",2017,7,18,"4fa7b334-ce0d-4e88-aaae-2e0c138d049e",NA,"2070466838"
32.211857,-110.931786,2,"Remizidae","Auriparus flaviceps",2017,7,18,"4fa7b334-ce0d-4e88-aaae-2e0c138d049e",NA,"2081941310"
32.211857,-110.931786,4,"Columbidae","Zenaida macroura",2017,7,18,"4fa7b334-ce0d-4e88-aaae-2e0c138d049e",NA,"2070467536"
32.211857,-110.931786,12,"Passeridae","Passer domesticus",2017,7,18,"4fa7b334-ce0d-4e88-aaae-2e0c138d049e",NA,"2070467520"
32.211857,-110.931786,8,"Columbidae","Zenaida asiatica",2017,7,18,"4fa7b334-ce0d-4e88-aaae-2e0c138d049e",NA,"2081941333"
32.211857,-110.931786,20,"Columbidae","Columba livia",2017,7,18,"4fa7b334-ce0d-4e88-aaae-2e0c138d049e",NA,"2082479860"
32.211857,-110.931786,1,"Accipitridae","Buteo jamaicensis",2017,7,18,"4fa7b334-ce0d-4e88-aaae-2e0c138d049e",NA,"2082483945"
32.211857,-110.931786,2,"Fringillidae","Haemorhous mexicanus",2017,7,18,"4fa7b334-ce0d-4e88-aaae-2e0c138d049e",NA,"2088101866"
32.211857,-110.931786,2,"Trochilidae","Calypte anna",2017,7,18,"4fa7b334-ce0d-4e88-aaae-2e0c138d049e",NA,"2088110289"
32.211857,-110.931786,2,"Picidae","Melanerpes uropygialis",2017,7,18,"4fa7b334-ce0d-4e88-aaae-2e0c138d049e",NA,"2082206841"
32.211857,-110.931786,2,"Mimidae","Toxostoma curvirostre",2017,7,18,"4fa7b334-ce0d-4e88-aaae-2e0c138d049e",NA,"2082204591"
32.211857,-110.931786,1,"Troglodytidae","Campylorhynchus brunneicapillus",2017,7,18,"4fa7b334-ce0d-4e88-aaae-2e0c138d049e",NA,"2088406219"
32.211857,-110.931786,2,"Remizidae","Auriparus flaviceps",2017,7,18,"4fa7b334-ce0d-4e88-aaae-2e0c138d049e",NA,"2082203984"
32.211857,-110.931786,4,"Columbidae","Zenaida macroura",2017,7,18,"4fa7b334-ce0d-4e88-aaae-2e0c138d049e",NA,"2082722058"
32.211857,-110.931786,12,"Passeridae","Passer domesticus",2017,7,18,"4fa7b334-ce0d-4e88-aaae-2e0c138d049e",NA,"2082715589"
32.211857,-110.931786,8,"Columbidae","Zenaida asiatica",2017,7,18,"4fa7b334-ce0d-4e88-aaae-2e0c138d049e",NA,"2088410111"
32.211857,-110.931786,20,"Columbidae","Columba livia",2017,7,18,"4fa7b334-ce0d-4e88-aaae-2e0c138d049e",NA,"2070720803"
32.211857,-110.931786,2,"Fringillidae","Haemorhous mexicanus",2017,7,18,"4fa7b334-ce0d-4e88-aaae-2e0c138d049e",NA,"2088389616"
32.211857,-110.931786,2,"Trochilidae","Calypte anna",2017,7,18,"4fa7b334-ce0d-4e88-aaae-2e0c138d049e",NA,"2082216442"
32.211857,-110.931786,2,"Picidae","Melanerpes uropygialis",2017,7,18,"4fa7b334-ce0d-4e88-aaae-2e0c138d049e",NA,"2689370376"
32.211857,-110.931786,2,"Mimidae","Toxostoma curvirostre",2017,7,18,"4fa7b334-ce0d-4e88-aaae-2e0c138d049e",NA,"2691358430"
32.211857,-110.931786,1,"Troglodytidae","Campylorhynchus brunneicapillus",2017,7,18,"4fa7b334-ce0d-4e88-aaae-2e0c138d049e",NA,"2694078191"
32.211857,-110.931786,1,"Trochilidae","Cynanthus latirostris",2017,7,18,"4fa7b334-ce0d-4e88-aaae-2e0c138d049e",NA,"2689789358"
32.211857,-110.931786,2,"Remizidae","Auriparus flaviceps",2017,7,18,"4fa7b334-ce0d-4e88-aaae-2e0c138d049e",NA,"2689421218"
32.211857,-110.931786,4,"Columbidae","Zenaida macroura",2017,7,18,"4fa7b334-ce0d-4e88-aaae-2e0c138d049e",NA,"2703886264"
32.211857,-110.931786,12,"Passeridae","Passer domesticus",2017,7,18,"4fa7b334-ce0d-4e88-aaae-2e0c138d049e",NA,"2691288272"
32.211857,-110.931786,8,"Columbidae","Zenaida asiatica",2017,7,18,"4fa7b334-ce0d-4e88-aaae-2e0c138d049e",NA,"2701801313"
32.211857,-110.931786,20,"Columbidae","Columba livia",2017,7,18,"4fa7b334-ce0d-4e88-aaae-2e0c138d049e",NA,"2690848432"
32.211857,-110.931786,1,"Accipitridae","Buteo jamaicensis",2017,7,18,"4fa7b334-ce0d-4e88-aaae-2e0c138d049e",NA,"2700076389"
32.211857,-110.931786,2,"Fringillidae","Haemorhous mexicanus",2017,7,18,"4fa7b334-ce0d-4e88-aaae-2e0c138d049e",NA,"2687036453"
32.211857,-110.931786,2,"Trochilidae","Calypte anna",2017,7,18,"4fa7b334-ce0d-4e88-aaae-2e0c138d049e",NA,"2704696541"
32.207016,-110.93479,1,"Falconidae","Falco sparverius",2017,9,28,"4fa7b334-ce0d-4e88-aaae-2e0c138d049e",NA,"2101788797"
32.206894,-110.9309,1,"Accipitridae","Parabuteo unicinctus",2017,10,31,"4fa7b334-ce0d-4e88-aaae-2e0c138d049e",NA,"2090432421"
32.207016,-110.93479,1,"Accipitridae","Accipiter cooperii",2017,11,10,"4fa7b334-ce0d-4e88-aaae-2e0c138d049e",NA,"2112123825"
32.215563,-110.936505,NA,"Cuculidae","Coccyzus americanus",2021,6,26,"50c9509d-22c7-4a22-a47d-8c48425ef4a7","iNaturalist research-grade observations","3320841862"
32.209755,-110.92793,NA,"Emberizidae","Junco phaeonotus",2021,12,13,"50c9509d-22c7-4a22-a47d-8c48425ef4a7","iNaturalist research-grade observations","3455600620"
32.21727,-110.941453,NA,"Columbidae","Zenaida macroura",2017,8,9,"50c9509d-22c7-4a22-a47d-8c48425ef4a7","iNaturalist research-grade observations","1586154876"
