siteID,nativeUS,totalcount,routeID,easting,northing
101_01,Non-native,219,101,507455,3562118
101_02,Non-native,156,101,507765,3563197
101_03,Non-native,161,101,508686,3563197
101_04,Non-native,131,101,508465,3564469
101_05,Non-native,243,101,509149,3564153
101_06,Non-native,156,101,509733,3565237
101_07,Non-native,230,101,509102,3566562
101_08,Non-native,201,101,510744,3566147
101_09,Non-native,303,101,510123,3567779
101_10,Non-native,123,101,511119,3567754
101_11,Non-native,92,101,511325,3568072
101_12,Non-native,179,101,511686,3569191
102_01,Non-native,259,102,508468,3566481
102_02,Non-native,519,102,508204,3567234
102_03,Non-native,279,102,509715,3567276
102_04,Non-native,194,102,509505,3568568
102_05,Non-native,108,102,511065,3568389
102_06,Non-native,71,102,510663,3569700
102_07,Non-native,114,102,510288,3569872
102_08,Non-native,40,102,510511,3571188
102_09,Non-native,18,102,510705,3572574
102_10,Non-native,17,102,511557,3572802
102_11,Non-native,107,102,512084,3572892
103_01,Non-native,13,103,512199,3570673
103_02,Non-native,14,103,512734,3570779
103_03,Non-native,28,103,513809,3570239
103_04,Non-native,30,103,514608,3570262
103_05,Non-native,35,103,515989,3570276
103_06,Non-native,38,103,516611,3570213
103_07,Non-native,6,103,511226,3571291
103_08,Non-native,33,103,517366,3572924
103_09,Non-native,7,103,516553,3572993
103_10,Non-native,60,103,516963,3573260
103_11,Non-native,48,103,516850,3574119
103_12,Non-native,12,103,516329,3575610
104_01,Non-native,46,104,507650,3563241
104_02,Non-native,22,104,507727,3564495
104_03,Non-native,28,104,507381,3565621
104_04,Non-native,68,104,507967,3565803
104_05,Non-native,106,104,507094,3566833
104_06,Non-native,115,104,507327,3567382
104_07,Non-native,88,104,507082,3568105
104_08,Non-native,101,104,508648,3568445
104_09,Non-native,75,104,508209,3569807
104_10,Non-native,25,104,509244,3570810
104_11,Non-native,72,104,509885,3570432
105_01,Non-native,110,105,506601,3564099
105_02,Non-native,85,105,506628,3565812
105_03,Non-native,282,105,506111,3566305
105_04,Non-native,55,105,506007,3567292
105_05,Non-native,80,105,506176,3568962
105_06,Non-native,100,105,506343,3569895
105_07,Non-native,97,105,507851,3569441
105_08,Non-native,58,105,507833,3570092
105_09,Non-native,49,105,508463,3569969
105_10,Non-native,23,105,509207,3571877
105_11,Non-native,74,105,509430,3571323
105_12,Non-native,9,105,509853,3572595
105_13,Non-native,33,105,509912,3573294
106_01,Non-native,243,106,506704,3562633
106_02,Non-native,161,106,505772,3563189
106_03,Non-native,149,106,506321,3563574
106_04,Non-native,215,106,505164,3564705
106_05,Non-native,109,106,505841,3565613
106_06,Non-native,102,106,505972,3566295
106_07,Non-native,123,106,505692,3567176
106_08,Non-native,132,106,505955,3568060
106_09,Non-native,88,106,505306,3569493
106_10,Non-native,145,106,505607,3570413
106_11,Non-native,143,106,506202,3570703
106_12,Non-native,34,106,505886,3571625
107_01,Non-native,159,107,504878,3565034
107_02,Non-native,160,107,504000,3566755
107_03,Non-native,81,107,504589,3567918
107_04,Non-native,125,107,504428,3568242
107_05,Non-native,151,107,504751,3569881
107_06,Non-native,98,107,504128,3570690
107_07,Non-native,111,107,504821,3571276
107_08,Non-native,41,107,506704,3571772
107_09,Non-native,15,107,507513,3571895
107_10,Non-native,96,107,504132,3572290
107_11,Non-native,23,107,505184,3572185
107_12,Non-native,17,107,506178,3572739
108_01,Non-native,46,108,507093,3572064
108_02,Non-native,19,108,508518,3572682
108_03,Non-native,83,108,505536,3573412
108_04,Non-native,38,108,506155,3573506
108_05,Non-native,36,108,507394,3573088
108_06,Non-native,169,108,508993,3573907
108_07,Non-native,36,108,508505,3574602
108_08,Non-native,48,108,508128,3575608
108_09,Non-native,26,108,509303,3575421
108_10,Non-native,88,108,509449,3576718
108_11,Non-native,66,108,509918,3577156
108_12,Non-native,16,108,510166,3577478
109_01,Non-native,113,109,503695,3571118
109_02,Non-native,147,109,503569,3572351
109_03,Non-native,26,109,503287,3573637
109_04,Non-native,30,109,504688,3573166
109_05,Non-native,6,109,504919,3574515
109_06,Non-native,12,109,505283,3574016
109_07,Non-native,12,109,506099,3574333
109_08,Non-native,38,109,507709,3574258
109_09,Non-native,50,109,507275,3575780
109_10,Non-native,17,109,507220,3576773
109_11,Non-native,11,109,508518,3576832
109_12,Non-native,9,109,508620,3577564
110_01,Non-native,133,110,502823,3572132
110_02,Non-native,46,110,502249,3573576
110_03,Non-native,43,110,502121,3574454
110_04,Non-native,26,110,503627,3574326
110_05,Non-native,1,110,503890,3575390
110_05a,Non-native,37,110,503555,3575313
110_06,Non-native,38,110,504314,3575034
110_07,Non-native,109,110,505577,3575721
110_08,Non-native,34,110,506785,3575779
110_09,Non-native,29,110,506255,3576273
110_10,Non-native,38,110,506845,3577431
110_11,Non-native,30,110,507447,3577559
110_12,Non-native,6,110,506856,3577764
111_01,Non-native,61,111,501089,3573523
111_02,Non-native,32,111,501630,3574547
111_03,Non-native,40,111,501744,3575088
111_04,Non-native,60,111,502326,3575727
111_05,Non-native,78,111,502963,3576981
111_06,Non-native,208,111,503399,3576713
111_07,Non-native,74,111,504885,3576981
111_08,Non-native,63,111,501592,3577990
111_09,Non-native,55,111,502124,3577321
111_10,Non-native,71,111,503149,3577498
111_11,Non-native,34,111,504489,3577418
111_12,Non-native,256,111,501685,3578732
112_01,Non-native,126,112,499102,3578747
112_02,Non-native,58,112,502027,3578632
112_03,Non-native,79,112,503466,3578327
112_04,Non-native,28,112,498179,3579118
112_05,Non-native,22,112,499680,3579611
112_06,Non-native,106,112,502411,3579981
112_07,Non-native,40,112,499618,3580845
112_08,Non-native,47,112,500175,3580208
112_09,Non-native,62,112,501392,3580543
112_10,Non-native,62,112,502030,3580007
112_11,Non-native,28,112,501297,3581181
112_12,Non-native,69,112,502433,3581217
113_01,Non-native,28,113,499761,3573453
113_02,Non-native,89,113,499646,3574045
113_03,Non-native,63,113,499245,3575423
113_03a,Non-native,28,113,499911,3575207
113_04,Non-native,35,113,500553,3575169
113_05,Non-native,149,113,500842,3576973
113_06,Non-native,50,113,501948,3576073
113_07,Non-native,53,113,500627,3577639
113_08,Non-native,84,113,500812,3578715
113_09,Non-native,54,113,500651,3579865
113_10,Non-native,34,113,501204,3579845
113_10a,Non-native,19,113,501873,3579498
114_01,Non-native,36,114,498220,3570937
114_02,Non-native,65,114,499218,3570967
114_03,Non-native,118,114,496913,3571943
114_04,Non-native,43,114,497338,3571559
114_05,Non-native,52,114,498287,3571460
114_06,Non-native,96,114,499511,3571497
114_07,Non-native,189,114,500794,3571040
114_08,Non-native,171,114,501269,3571121
114_09,Non-native,155,114,502731,3570992
114_10,Non-native,226,114,495987,3572548
114_11,Non-native,27,114,496323,3572671
114_12,Non-native,53,114,495185,3573021
115_01,Non-native,142,115,498123,3572659
115_02,Non-native,199,115,499988,3572027
115_03,Non-native,225,115,500232,3572847
115_04,Non-native,158,115,501217,3572253
115_05,Non-native,181,115,498962,3573297
115_06,Non-native,149,115,500960,3573138
115_07,Non-native,85,115,498794,3574162
115_08,Non-native,93,115,500904,3574237
115_09,Non-native,177,115,498115,3575216
115_10,Non-native,104,115,498493,3576690
115_11,Non-native,53,115,499362,3576715
115_12,Non-native,19,115,499995,3577311
116_01,Non-native,1,116,491247,3575786
116_02,Non-native,44,116,491788,3576802
116_03,Non-native,12,116,491776,3577072
116_04,Non-native,12,116,492512,3577137
116_05,Non-native,65,116,493983,3577288
116_06,Non-native,37,116,494852,3577679
116_07,Non-native,110,116,495917,3577458
116_08,Non-native,144,116,496918,3577095
116_09,Non-native,61,116,497611,3577477
116_10,Non-native,107,116,498537,3577425
116_11,Non-native,20,116,497223,3578357
116_11a,Non-native,2,116,497556,3578446
116_12,Non-native,157,116,498674,3578241
117_01,Non-native,47,117,497073,3572902
117_02,Non-native,25,117,496495,3573444
117_03,Non-native,211,117,497661,3573864
117_04,Non-native,45,117,495974,3574638
117_05,Non-native,127,117,497943,3574505
117_06,Non-native,37,117,496108,3575343
117_07,Non-native,200,117,496898,3575240
117_08,Non-native,83,117,497302,3576139
117_09,Non-native,48,117,495191,3576019
117_10,Non-native,158,117,495801,3576737
117_11,Non-native,70,117,496393,3576834
117_12,Non-native,30,117,497580,3576211
118_05,Non-native,11,118,489756,3576265
118_06,Non-native,2,118,490636,3576135
118_07,Non-native,1,118,487135,3577913
118_08,Non-native,5,118,488786,3577571
118_08a,Non-native,1,118,488810,3577207
118_09,Non-native,16,118,490049,3577015
118_10,Non-native,9,118,490394,3577135
119_01,Non-native,5,119,491669,3573065
119_02,Non-native,8,119,492346,3573732
119_03,Non-native,4,119,491743,3574523
119_04,Non-native,37,119,492455,3574123
119_05,Non-native,3,119,493360,3574818
119_09,Non-native,12,119,493141,3575468
119_10,Non-native,3,119,493949,3575832
119_11,Non-native,9,119,492085,3576860
120_01,Non-native,2,120,490910,3572512
120_03,Non-native,36,120,492359,3572001
120_04,Non-native,16,120,493161,3572467
120_05,Non-native,2,120,490736,3573680
120_06,Non-native,12,120,493439,3573279
120_08,Non-native,1,120,489788,3574257
121_01,Non-native,20,121,488615,3572434
121_03,Non-native,16,121,490269,3572303
121_04,Non-native,5,121,491692,3571654
121_05,Non-native,12,121,492249,3571974
121_07,Non-native,4,121,489333,3572433
121_09,Non-native,3,121,489634,3573862
122_02,Non-native,2,122,492298,3569021
122_04,Non-native,1,122,489513,3569382
122_05,Non-native,2,122,490166,3569638
122_07a,Non-native,2,122,488832,3570738
122_08a,Non-native,2,122,489030,3570680
123_01,Non-native,5,123,492868,3569894
123_03,Non-native,6,123,492472,3570675
123_04,Non-native,15,123,494043,3571059
123_05,Non-native,9,123,494359,3570174
123_06,Non-native,82,123,493853,3571594
123_07,Non-native,68,123,494923,3571915
123_08,Non-native,29,123,494536,3572435
123_09,Non-native,13,123,494727,3573251
124_02,Non-native,10,124,493081,3568463
124_03,Non-native,7,124,494046,3568221
124_04,Non-native,3,124,493490,3569331
124_05,Non-native,4,124,494492,3569743
124_06,Non-native,55,124,495899,3569872
124_07,Non-native,56,124,495787,3570847
124_08,Non-native,6,124,496260,3570865
124_09,Non-native,33,124,497373,3570752
124_10,Non-native,17,124,495611,3571200
125_01a,Non-native,1,125,495371,3563787
125_02,Non-native,7,125,495687,3564152
125_03,Non-native,4,125,497061,3564744
125_03a,Non-native,78,125,496998,3564771
125_04b,Non-native,1,125,496105,3565827
125_05,Non-native,2,125,496536,3565502
125_06,Non-native,7,125,492365,3567313
125_08,Non-native,2,125,495741,3566345
125_09,Non-native,15,125,492570,3567733
125_10,Non-native,17,125,493456,3567334
125_10a,Non-native,1,125,493243,3567024
125_11,Non-native,1,125,494540,3567511
126_07,Non-native,7,126,493158,3565883
126_09,Non-native,3,126,493758,3567267
127_02,Non-native,1,127,494755,3562171
127_03,Non-native,2,127,493258,3560916
127_07,Non-native,23,127,492177,3562274
127_08,Non-native,2,127,493606,3562707
128_01,Non-native,12,128,495804,3562827
128_02,Non-native,1,128,496684,3562118
128_03,Non-native,49,128,497956,3562049
128_04,Non-native,71,128,498376,3562814
128_05,Non-native,53,128,499015,3562041
128_06,Non-native,204,128,500078,3562269
128_07,Non-native,125,128,501260,3562310
128_08,Non-native,247,128,502679,3562797
128_09,Non-native,92,128,496933,3563660
128_10,Non-native,101,128,497425,3563453
129_01,Non-native,100,129,497519,3567554
129_02,Non-native,112,129,498135,3567103
129_03,Non-native,29,129,497592,3568677
129_04,Non-native,71,129,498992,3568119
129_05,Non-native,119,129,499677,3568066
129_06,Non-native,82,129,499952,3568711
129_07,Non-native,627,129,499642,3569196
129_08,Non-native,108,129,500938,3569076
129_09,Non-native,400,129,500262,3571022
129_10,Non-native,208,129,501717,3570767
129_11,Non-native,223,129,502638,3570923
129_12,Non-native,195,129,503875,3570237
130_01,Non-native,5,130,497901,3565829
130_02,Non-native,51,130,496796,3566842
130_03,Non-native,44,130,497546,3566564
130_04,Non-native,3,130,498108,3565920
130_05,Non-native,39,130,495907,3567329
130_06,Non-native,54,130,496141,3566994
130_06a,Non-native,5,130,496072,3566980
130_07,Non-native,21,130,495108,3568198
130_08,Non-native,41,130,496807,3568736
130_08a,Non-native,2,130,496688,3568694
130_09,Non-native,44,130,496606,3569838
130_10,Non-native,53,130,497856,3569580
130_11,Non-native,134,130,498462,3569369
131_01,Non-native,27,131,497095,3564697
131_02,Non-native,29,131,498100,3564558
131_03,Non-native,29,131,498830,3565779
131_04,Non-native,15,131,499910,3565356
131_05,Non-native,62,131,499491,3566188
131_06,Non-native,204,131,499274,3567424
131_07,Non-native,168,131,500857,3567005
131_08,Non-native,103,131,501816,3567394
131_09,Non-native,227,131,501775,3568371
131_10,Non-native,120,131,501275,3569780
131_11,Non-native,192,131,502381,3569441
131_12,Non-native,139,131,503495,3569641
131_13,Non-native,11,131,503503,3569602
132_01,Non-native,1,132,498425,3563776
132_05,Non-native,13,132,500464,3564079
132_06,Non-native,271,132,500966,3565394
132_07,Non-native,135,132,500930,3566588
132_08,Non-native,111,132,501335,3566330
132_09,Non-native,170,132,502927,3566097
132_10,Non-native,117,132,502235,3567423
132_11,Non-native,144,132,502147,3568073
132_12,Non-native,116,132,503187,3568709
133_01,Non-native,121,133,502048,3560035
133_02,Non-native,125,133,502925,3560028
133_03,Non-native,79,133,502967,3560712
133_04,Non-native,88,133,502700,3561801
133_05,Non-native,49,133,503563,3561264
133_06,Non-native,133,133,503123,3562219
133_07,Non-native,89,133,501753,3563772
133_08,Non-native,111,133,502385,3563482
133_08a,Non-native,14,133,502250,3563209
133_09,Non-native,115,133,503122,3563106
133_10,Non-native,46,133,501390,3564401
133_11,Non-native,101,133,502315,3564491
133_12,Non-native,23,133,501637,3565379
134_01,Non-native,203,134,504408,3558210
134_02,Non-native,126,134,504237,3559722
134_03,Non-native,10,134,504127,3561267
134_04,Non-native,112,134,504520,3561995
134_05,Non-native,166,134,504204,3562326
134_06,Non-native,130,134,504233,3563945
134_07,Non-native,107,134,503398,3564758
134_08,Non-native,117,134,504505,3564668
134_09,Non-native,100,134,502523,3565609
134_10,Non-native,174,134,503435,3565395
134_11,Non-native,237,134,503234,3567842
134_12,Non-native,210,134,503058,3567202
135_01,Non-native,9,135,494680,3558305
135_02,Non-native,24,135,495091,3557951
135_03,Non-native,4,135,495876,3558476
135_04,Non-native,14,135,493314,3558510
135_05,Non-native,20,135,494433,3559616
135_06,Non-native,52,135,495642,3559515
135_07a,Non-native,1,135,496415,3559255
135_09a,Non-native,7,135,493284,3560907
135_09b,Non-native,1,135,492603,3560840
135_10,Non-native,9,135,495326,3560324
136_01,Non-native,60,136,499049,3558482
136_02,Non-native,16,136,498202,3559066
136_03,Non-native,9,136,498461,3560008
136_04,Non-native,4,136,499167,3559022
136_06,Non-native,2,136,498518,3560864
136_07,Non-native,185,136,499492,3560507
136_08,Non-native,165,136,500055,3560461
136_09,Non-native,162,136,498799,3561746
136_10,Non-native,156,136,499639,3561400
136_11,Non-native,66,136,501042,3561762
136_12,Non-native,24,136,501183,3561965
137_01,Non-native,46,137,495045,3556061
137_02,Non-native,55,137,496500,3556019
137_03,Non-native,52,137,495684,3556258
137_04,Non-native,49,137,496488,3556371
137_05,Non-native,152,137,497697,3556735
137_06,Non-native,26,137,494288,3557483
137_07,Non-native,62,137,495284,3557679
137_08,Non-native,205,137,496841,3557410
137_09,Non-native,191,137,497764,3557710
137_10,Non-native,138,137,498508,3557708
137_11,Non-native,2,137,497679,3558630
137_12,Non-native,27,137,498495,3558661
138_01,Non-native,125,138,496741,3554364
138_02,Non-native,122,138,497337,3554413
138_03,Non-native,73,138,497552,3555991
138_04,Non-native,45,138,498060,3555675
138_05,Non-native,16,138,498612,3556812
138_06,Non-native,118,138,499925,3556734
138_07,Non-native,76,138,499582,3557783
138_08,Non-native,56,138,500305,3557949
138_09,Non-native,27,138,500936,3558114
138_10,Non-native,67,138,500782,3559674
138_11,Non-native,46,138,501435,3559887
138_12,Non-native,71,138,502884,3559624
139_01,Non-native,75,139,498394,3554413
139_02,Non-native,180,139,499282,3554054
139_03,Non-native,119,139,499713,3555266
139_04,Non-native,174,139,500127,3555726
139_05,Non-native,233,139,501651,3555404
139_06,Non-native,113,139,500150,3556864
139_07,Non-native,222,139,501879,3556003
139_08,Non-native,32,139,501139,3557157
139_09,Non-native,238,139,501636,3558219
139_10,Non-native,217,139,502202,3558982
139_11,Non-native,146,139,503930,3558976
139_12,Non-native,244,139,503130,3559422
140_01,Non-native,2,140,500430,3554739
140_02,Non-native,34,140,501319,3554399
140_03,Non-native,87,140,502698,3554680
140_04,Non-native,60,140,502653,3555385
140_05,Non-native,52,140,502906,3556260
140_06,Non-native,61,140,502679,3557901
140_07,Non-native,93,140,503198,3557785
140_08,Non-native,40,140,504746,3557735
140_09,Non-native,58,140,505871,3557705
140_10,Non-native,45,140,505599,3558220
140_11,Non-native,24,140,505375,3559035
140_12,Non-native,12,140,505224,3560914
141_01,Non-native,47,141,503687,3555271
141_02,Non-native,218,141,503548,3556401
141_03,Non-native,228,141,504205,3556819
141_04,Non-native,152,141,505065,3556076
141_05,Non-native,27,141,506250,3556244
141_06,Non-native,64,141,506409,3557067
141_07,Non-native,88,141,506190,3558210
141_08,Non-native,18,141,506577,3559349
141_09,Non-native,81,141,506767,3560154
141_10,Non-native,83,141,505629,3561363
141_11,Non-native,176,141,506044,3561680
141_12,Non-native,167,141,505343,3562311
142_01,Non-native,31,142,503628,3554905
142_02,Non-native,17,142,504106,3554214
142_03,Non-native,37,142,504535,3555343
142_04,Non-native,25,142,505442,3555334
142_05,Non-native,25,142,506117,3555743
142_06,Non-native,24,142,507910,3555345
142_07,Non-native,63,142,507804,3556724
142_08,Non-native,79,142,507657,3557553
142_09,Non-native,2,142,507780,3558696
142_10,Non-native,14,142,507003,3559492
142_11,Non-native,21,142,507734,3560849
142_12,Non-native,26,142,507677,3561508
143_01,Non-native,11,143,505765,3554685
143_02,Non-native,3,143,506588,3554501
143_03,Non-native,9,143,507732,3554506
143_04,Non-native,48,143,508531,3554522
143_05,Non-native,155,143,509314,3554392
143_06,Non-native,277,143,510682,3553981
143_07,Non-native,112,143,511781,3554911
143_08,Non-native,189,143,512169,3554482
143_09,Non-native,97,143,508389,3555702
143_10,Non-native,83,143,510175,3555783
143_11,Non-native,37,143,511805,3555502
143_12,Non-native,1,143,511791,3556291
144_01,Non-native,147,144,509317,3555684
144_02,Non-native,200,144,509073,3556162
144_03,Non-native,166,144,509301,3556319
144_04,Non-native,7,144,510845,3556938
144_05,Non-native,54,144,508226,3557803
144_06,Non-native,53,144,508924,3557386
144_07,Non-native,21,144,510180,3557515
144_08,Non-native,63,144,508784,3558846
144_09,Non-native,27,144,509446,3558532
144_10,Non-native,68,144,508136,3559079
144_11,Non-native,87,144,509231,3559191
144_12,Non-native,8,144,508151,3560546
145_01,Non-native,6,145,513405,3554279
145_02,Non-native,3,145,514724,3554442
145_10,Non-native,1,145,513387,3556440
145_12,Non-native,2,145,513402,3557010
146_01,Non-native,38,146,509409,3574177
146_02,Non-native,11,146,510728,3573908
146_03,Non-native,55,146,513355,3574261
146_04,Non-native,38,146,514718,3574716
146_05,Non-native,42,146,511047,3575102
146_06,Non-native,16,146,513414,3575237
146_07,Non-native,37,146,514524,3575297
146_08,Non-native,22,146,510486,3577023
146_09,Non-native,31,146,511237,3576625
146_10,Non-native,20,146,512493,3576255
146_11,Non-native,30,146,513260,3576637
146_12,Non-native,47,146,513123,3577018
147_01,Non-native,136,147,514190,3572439
147_01a,Non-native,3,147,514059,3572397
147_02,Non-native,18,147,514736,3572409
147_03,Non-native,24,147,510544,3573197
147_04,Non-native,21,147,511159,3573970
147_05,Non-native,22,147,512393,3573319
147_06,Non-native,26,147,513126,3573951
147_07,Non-native,55,147,514307,3573844
147_08,Non-native,43,147,511742,3574521
147_09,Non-native,20,147,512979,3574160
147_10,Non-native,20,147,511186,3574940
147_11,Non-native,9,147,512879,3575246
148_01a,Non-native,28,148,512718,3571000
148_02,Non-native,52,148,513656,3571353
148_03,Non-native,43,148,514346,3571439
148_04a,Non-native,21,148,515351,3571198
148_05,Non-native,95,148,515310,3572607
148_06a,Non-native,52,148,515099,3573396
148_07,Non-native,52,148,515437,3574644
148_08,Non-native,28,148,515995,3575593
148_09,Non-native,37,148,514820,3576221
148_10,Non-native,10,148,516202,3576066
149_01,Non-native,41,149,516986,3568358
149_02,Non-native,73,149,517970,3568420
149_02a,Non-native,6,149,517924,3568467
149_03,Non-native,34,149,518925,3568236
149_04,Non-native,7,149,520238,3568850
149_05,Non-native,21,149,519336,3569822
149_05a,Non-native,3,149,519181,3569788
149_06,Non-native,73,149,519609,3570634
149_07,Non-native,28,149,519889,3571600
149_07a,Non-native,2,149,519584,3571223
149_08,Non-native,36,149,519722,3572373
149_09,Non-native,10,149,518612,3573973
149_09a,Non-native,4,149,518458,3573814
149_10,Non-native,33,149,519411,3573250
149_11,Non-native,10,149,519702,3574213
149_12a,Non-native,5,149,520134,3574501
150_01,Non-native,221,150,509593,3563820
150_02,Non-native,18,150,510442,3563628
150_03,Non-native,134,150,510469,3564102
150_04,Non-native,196,150,511650,3564004
150_05,Non-native,157,150,510131,3565156
150_06,Non-native,92,150,511844,3565845
150_07,Non-native,157,150,512164,3565908
150_08,Non-native,242,150,511629,3566810
150_09,Non-native,102,150,512520,3566779
150_10,Non-native,133,150,512372,3567780
150_11,Non-native,92,150,513131,3568090
150_12,Non-native,81,150,512223,3569454
151_01,Non-native,55,151,515611,3569943
151_02,Non-native,45,151,516993,3569438
151_03,Non-native,37,151,517594,3569326
151_04,Non-native,104,151,518008,3569405
151_05,Non-native,17,151,517798,3570698
151_06,Non-native,52,151,518516,3570269
151_07,Non-native,38,151,517697,3571395
151_08,Non-native,7,151,518331,3571849
151_09,Non-native,13,151,517343,3572702
151_09a,Non-native,12,151,517357,3572644
151_10,Non-native,6,151,518210,3572325
151_11,Non-native,38,151,517112,3573878
151_12,Non-native,27,151,517593,3574034
152_01,Non-native,217,152,512009,3563836
152_02,Non-native,245,152,512739,3564997
152_03,Non-native,174,152,513742,3564483
152_04,Non-native,85,152,513339,3565733
152_05,Non-native,35,152,513911,3566073
152_06,Non-native,130,152,514522,3566041
152_07,Non-native,103,152,515392,3566608
152_08,Non-native,61,152,513655,3567999
152_09,Non-native,87,152,514695,3567377
152_10,Non-native,77,152,513132,3568105
153_01,Non-native,172,153,517945,3563320
153_02,Non-native,69,153,517653,3564580
153_03,Non-native,14,153,515969,3565867
153_04,Non-native,43,153,516278,3565177
153_04a,Non-native,2,153,516437,3565166
153_05,Non-native,87,153,517305,3565410
153_06,Non-native,144,153,516629,3566628
153_07,Non-native,67,153,515663,3567394
153_08,Non-native,81,153,516249,3567830
153_09,Non-native,57,153,514105,3568621
153_10,Non-native,113,153,515520,3568001
153_11,Non-native,40,153,513186,3569413
153_12,Non-native,26,153,514269,3569302
154_01,Non-native,80,154,511312,3562468
154_02,Non-native,148,154,512631,3562289
154_03,Non-native,143,154,514014,3562525
154_04,Non-native,194,154,511976,3563483
154_05,Non-native,116,154,513026,3563275
154_06,Non-native,59,154,514035,3563871
154_07,Non-native,47,154,515645,3563091
154_08,Non-native,56,154,516087,3563672
154_09,Non-native,126,154,514597,3564712
154_10,Non-native,53,154,515864,3564202
154_11,Non-native,4,154,516471,3564329
154_12,Non-native,39,154,514178,3565802
155_01,Non-native,130,155,513789,3561386
155_02,Non-native,135,155,514773,3561095
155_03,Non-native,26,155,517393,3561630
155_04,Non-native,49,155,518088,3561583
155_05,Non-native,129,155,519205,3561419
155_06,Non-native,59,155,520120,3561677
155_07,Non-native,12,155,521797,3561458
155_08,Non-native,7,155,522565,3561118
155_09,Non-native,121,155,514335,3562156
155_10,Non-native,84,155,515151,3562654
155_11,Non-native,69,155,516614,3562113
155_12,Non-native,64,155,517322,3562021
156_01,Non-native,55,156,521755,3568753
156_02,Non-native,70,156,520710,3569860
156_03,Non-native,77,156,521410,3569501
156_04,Non-native,12,156,520352,3570320
156_05,Non-native,126,156,520111,3571315
156_06,Non-native,12,156,521066,3571625
156_07,Non-native,17,156,520388,3572862
156_08,Non-native,40,156,521122,3572636
156_09,Non-native,9,156,520656,3573187
156_10,Non-native,8,156,521513,3573724
157_01,Non-native,53,157,518452,3562025
157_02,Non-native,85,157,518320,3563430
157_03,Non-native,115,157,518168,3564142
157_04,Non-native,144,157,518887,3564943
157_05,Non-native,24,157,517794,3566525
157_05a,Non-native,28,157,517778,3566545
157_06,Non-native,43,157,518990,3566255
157_07,Non-native,8,157,520603,3566775
157_08,Non-native,14,157,517389,3567477
157_09,Non-native,72,157,518802,3567318
157_10,Non-native,16,157,519883,3567481
157_11,Non-native,2,157,520430,3567494
157_12,Non-native,34,157,520569,3568528
158_01,Non-native,72,158,522389,3567599
158_02,Non-native,43,158,522009,3568246
158_03,Non-native,28,158,522166,3569077
158_04,Non-native,24,158,521252,3570866
158_05,Non-native,12,158,522509,3570278
158_06,Non-native,31,158,522412,3571239
158_07,Non-native,37,158,522755,3572662
158_08,Non-native,15,158,522455,3573179
158_09,Non-native,18,158,523547,3573687
158_10,Non-native,1,158,523882,3573976
158_11,Non-native,1,158,524570,3574717
159_01,Non-native,88,159,522658,3566426
159_02,Non-native,3,159,523486,3566475
159_03,Non-native,8,159,523897,3567796
159_04,Non-native,68,159,523779,3568456
159_05,Non-native,37,159,523387,3569583
159_06,Non-native,28,159,523579,3570441
159_07,Non-native,62,159,523130,3571220
159_08,Non-native,46,159,523662,3572655
159_09,Non-native,16,159,524194,3572114
159_10,Non-native,8,159,524375,3573490
160_01a,Non-native,46,160,522563,3564784
160_02,Non-native,26,160,521882,3565745
160_03,Non-native,26,160,522203,3565763
160_04a,Non-native,16,160,523470,3564964
160_05,Non-native,35,160,524542,3565023
160_06,Non-native,138,160,521752,3566407
160_07a,Non-native,3,160,524697,3566503
160_09,Non-native,30,160,526110,3566983
160_10a,Non-native,12,160,527355,3566306
160_11a,Non-native,2,160,521339,3567663
161_01,Non-native,2,161,524918,3567731
161_02,Non-native,38,161,525475,3567513
161_03,Non-native,11,161,524775,3568498
161_04,Non-native,72,161,525314,3568123
161_05,Non-native,5,161,524280,3569165
161_05a,Non-native,4,161,524374,3569360
161_06,Non-native,68,161,524647,3570420
161_07,Non-native,2,161,524270,3571556
161_08,Non-native,11,161,525756,3571388
162_01,Non-native,4,162,526643,3567854
162_03,Non-native,13,162,526137,3568256
162_04,Non-native,1,162,527477,3568395
162_05,Non-native,1,162,525550,3569659
162_06,Non-native,2,162,526266,3569921
162_07,Non-native,4,162,527874,3569698
162_08,Non-native,3,162,525780,3570110
162_09,Non-native,2,162,526480,3570940
163_01,Non-native,22,163,523041,3559695
163_02,Non-native,60,163,523733,3560096
163_03,Non-native,33,163,523926,3561537
163_04,Non-native,149,163,520064,3562841
163_05,Non-native,81,163,520790,3562780
163_06,Non-native,86,163,521656,3562640
163_07,Non-native,74,163,522104,3562683
163_08,Non-native,29,163,523159,3562166
163_09,Non-native,45,163,519192,3563744
163_10,Non-native,86,163,519664,3564689
163_11,Non-native,86,163,519646,3565717
163_12,Non-native,45,163,519029,3566160
164_01,Non-native,269,164,520553,3563826
164_02,Non-native,76,164,521609,3563745
164_03,Non-native,90,164,522058,3563828
164_05,Non-native,127,164,520299,3564129
164_06,Non-native,211,164,521061,3564219
164_07,Non-native,4,164,523958,3564334
164_08,Non-native,10,164,524051,3564746
164_09,Non-native,1,164,525726,3564577
164_10,Non-native,69,164,520784,3565583
164_11,Non-native,7,164,525751,3565364
165_01,Non-native,33,165,525063,3555904
165_02,Non-native,12,165,524979,3556849
165_03,Non-native,4,165,524712,3558108
165_04,Non-native,4,165,526015,3558493
165_05,Non-native,3,165,524715,3558921
165_06,Non-native,8,165,525071,3558161
165_07,Non-native,39,165,524631,3559946
165_08,Non-native,25,165,524309,3560213
165_09,Non-native,1,165,525078,3560557
165_10,Non-native,29,165,524222,3561423
165_11,Non-native,3,165,525457,3561666
165_12,Non-native,48,165,524521,3562354
165_13,Non-native,28,165,524240,3563544
166_01,Non-native,115,166,515187,3558535
166_02,Non-native,69,166,517117,3558644
166_03,Non-native,183,166,515965,3559896
166_04,Non-native,82,166,516267,3559439
166_05,Non-native,27,166,518123,3559031
166_06,Non-native,137,166,515403,3559940
166_07,Non-native,177,166,516259,3560069
166_08,Non-native,79,166,517601,3560489
166_09,Non-native,74,166,518747,3560074
166_09a,Non-native,41,166,518562,3560656
166_10,Non-native,75,166,515360,3561701
166_11,Non-native,60,166,516494,3561646
167_01,Non-native,75,167,521614,3557500
167_02,Non-native,7,167,522116,3557774
167_03,Non-native,24,167,521814,3558531
167_04,Non-native,73,167,522227,3558985
167_05,Non-native,8,167,523074,3559195
167_05a,Non-native,2,167,523267,3558093
167_06,Non-native,18,167,521586,3559641
167_07,Non-native,18,167,522441,3559561
167_08,Non-native,109,167,519371,3560784
167_09,Non-native,73,167,520200,3560834
167_10,Non-native,9,167,521542,3560399
167_11,Non-native,5,167,523010,3559392
168_01,Non-native,11,168,521419,3555657
168_04,Non-native,17,168,521660,3555259
168_05,Non-native,3,168,522261,3555270
168_06,Non-native,2,168,523631,3555774
168_07,Non-native,14,168,521727,3556872
168_08,Non-native,12,168,522518,3556893
168_09,Non-native,55,168,523355,3556887
168_10,Non-native,39,168,523080,3557570
169_05,Non-native,1,169,520687,3557806
169_06,Non-native,21,169,518209,3558846
169_07,Non-native,16,169,519008,3558654
169_08,Non-native,96,169,521019,3558763
169_09,Non-native,13,169,518883,3559299
169_10,Non-native,1,169,519917,3559296
169_11,Non-native,96,169,520516,3559297
170_01,Non-native,112,170,505873,3576156
170_02,Non-native,15,170,505374,3577543
170_03,Non-native,19,170,503993,3578496
170_04,Non-native,10,170,504513,3578636
170_05,Non-native,4,170,506306,3578748
170_06,Non-native,28,170,503141,3579408
170_07,Non-native,10,170,504057,3579631
170_08,Non-native,2,170,505277,3579073
170_09,Non-native,69,170,503129,3580106
170_10,Non-native,18,170,503317,3581348
170_11,Non-native,2,170,503659,3582616
170_12,Non-native,4,170,504347,3582747
171_01,Non-native,51,171,491211,3557343
171_03,Non-native,42,171,493435,3556807
171_04,Non-native,6,171,491285,3558673
171_05,Non-native,34,171,492360,3558690
171_06,Non-native,35,171,493188,3558756
171_07,Non-native,68,171,491806,3559077
171_08,Non-native,34,171,492434,3559065
171_09,Non-native,24,171,491900,3560578
171_10,Non-native,16,171,492423,3560042
171_11,Non-native,165,171,491606,3561460
171_12,Non-native,154,171,492368,3561742
172_01,Non-native,70,172,504150,3583346
172_04,Non-native,20,172,504800,3584990
172_05,Non-native,7,172,505214,3584693
172_06,Non-native,6,172,505606,3584532
172_07,Non-native,13,172,505731,3585668
172_08,Non-native,4,172,505893,3585429
172_09,Non-native,7,172,506527,3586548
173_01,Non-native,51,173,498177,3581525
173_02,Non-native,52,173,499692,3581806
173_03,Non-native,74,173,500750,3581780
173_03a,Non-native,3,173,499851,3581130
173_04,Non-native,21,173,500163,3582864
173_05,Non-native,14,173,501597,3582621
173_06,Non-native,30,173,502200,3582666
173_07,Non-native,115,173,501246,3583284
173_08,Non-native,70,173,502358,3583918
173_09,Non-native,64,173,503136,3583154
173_10,Non-native,112,173,502598,3584219
173_11,Non-native,16,173,503054,3584697
174_01,Non-native,3,174,500604,3583229
174_02,Non-native,38,174,500561,3584699
174_03,Non-native,108,174,501740,3584708
174_04,Non-native,41,174,500461,3585811
174_05,Non-native,20,174,501618,3585445
174_05a,Non-native,2,174,501535,3585476
174_06,Non-native,9,174,502234,3585857
174_07,Non-native,25,174,502810,3585087
174_08,Non-native,6,174,504039,3585244
174_09,Non-native,4,174,503343,3586372
174_10,Non-native,1,174,504659,3586244
174_11,Non-native,53,174,505283,3586722
174_12,Non-native,7,174,504781,3587334
175_02,Non-native,23,175,492472,3578642
175_03,Non-native,34,175,493641,3578257
175_04,Non-native,70,175,494764,3578555
175_05,Non-native,66,175,495542,3578727
175_06,Non-native,59,175,496193,3578722
175_07,Non-native,49,175,496151,3579732
175_08,Non-native,17,175,497777,3579410
175_09,Non-native,29,175,497194,3580706
175_10,Non-native,10,175,498309,3580656
175_11,Non-native,32,175,497192,3581494
175_12,Non-native,6,175,497992,3582449
176_02,Non-native,2,176,488435,3578517
176_03,Non-native,16,176,489529,3578156
176_04,Non-native,16,176,490129,3578173
176_05,Non-native,11,176,488391,3579266
176_06,Non-native,22,176,489229,3579416
176_07,Non-native,25,176,490455,3579683
176_09,Non-native,29,176,488233,3580533
176_10,Non-native,49,176,489349,3580135
176_11,Non-native,75,176,491623,3580450
176_12,Non-native,57,176,492139,3580703
177_01,Non-native,100,177,492748,3579429
177_02,Non-native,74,177,493296,3579777
177_03,Non-native,123,177,494782,3579730
177_04,Non-native,225,177,495443,3579170
177_05,Non-native,1,177,493257,3580250
177_05a,Non-native,7,177,493218,3580781
177_06,Non-native,82,177,494603,3580431
177_07,Non-native,96,177,495682,3580748
177_08,Non-native,78,177,496431,3580641
177_08a,Non-native,34,177,496308,3580600
177_09,Non-native,2,177,491304,3581197
177_09a,Non-native,4,177,491386,3581632
177_10,Non-native,122,177,492598,3581865
177_11,Non-native,196,177,493625,3581616
177_12,Non-native,27,177,494106,3581127
177_12a,Non-native,26,177,494363,3581045
178_01,Non-native,19,178,490805,3580650
178_02,Non-native,18,178,489356,3581322
178_03,Non-native,6,178,490397,3581589
178_04,Non-native,50,178,495241,3581488
178_05,Non-native,45,178,496177,3581441
178_06,Non-native,1,178,490725,3582839
178_07,Non-native,12,178,491508,3582438
178_08,Non-native,20,178,492533,3582363
178_09,Non-native,40,178,493854,3582353
178_10,Non-native,10,178,494080,3582621
178_11,Non-native,38,178,495038,3581971
178_12,Non-native,57,178,496236,3582445
179_01,Non-native,4,179,486361,3578171
179_03,Non-native,1,179,487383,3579433
179_04,Non-native,9,179,486309,3580403
179_05,Non-native,26,179,487563,3580450
179_06,Non-native,11,179,486798,3581494
179_07a,Non-native,18,179,487129,3581516
179_08,Non-native,40,179,488862,3581535
179_09,Non-native,2,179,486587,3582207
179_10,Non-native,48,179,487552,3582300
179_11,Non-native,47,179,488361,3582429
179_12,Non-native,3,179,489232,3582088
180_01,Non-native,17,180,498606,3582957
180_02,Non-native,6,180,499854,3581918
180_03,Non-native,23,180,493257,3582939
180_04,Non-native,25,180,494896,3583789
180_05,Non-native,86,180,495831,3583116
180_06,Non-native,27,180,496911,3583746
180_07,Non-native,18,180,497591,3583591
180_08a,Non-native,1,180,498461,3583450
180_09,Non-native,23,180,499329,3583176
180_10,Non-native,9,180,497513,3584753
180_12,Non-native,6,180,499657,3584373
181_01,Non-native,15,181,502346,3586794
181_01a,Non-native,9,181,502544,3586772
181_02,Non-native,7,181,501681,3587344
181_02a,Non-native,2,181,501584,3587504
181_03,Non-native,4,181,502221,3587860
181_04,Non-native,3,181,503791,3587423
181_05,Non-native,5,181,501552,3588206
181_06,Non-native,22,181,502498,3588215
181_07,Non-native,64,181,501576,3589312
181_08,Non-native,98,181,502275,3589489
181_09,Non-native,6,181,501794,3590577
181_10,Non-native,15,181,502189,3590837
181_11,Non-native,33,181,501207,3591096
182_01,Non-native,15,182,498294,3586675
182_02,Non-native,64,182,499390,3586467
182_03,Non-native,47,182,500796,3586579
182_04,Non-native,6,182,501387,3586079
182_05,Non-native,33,182,499814,3587114
182_06,Non-native,59,182,500677,3587354
182_07,Non-native,13,182,500135,3587540
182_08,Non-native,3,182,500431,3589199
182_10,Non-native,4,182,500037,3591207
182_11,Non-native,29,182,501966,3590712
183_03,Non-native,6,183,493246,3584273
183_04,Non-native,8,183,494621,3584251
183_05,Non-native,16,183,495483,3584671
183_06,Non-native,36,183,496252,3584459
183_07,Non-native,6,183,495402,3585872
183_08,Non-native,12,183,496408,3585287
183_09,Non-native,4,183,497455,3585062
183_10,Non-native,29,183,498777,3585560
183_11,Non-native,87,183,499356,3585286
184_01,Non-native,38,184,490031,3557225
184_02,Non-native,67,184,490323,3557686
184_04,Non-native,24,184,490805,3558678
184_05,Non-native,63,184,489040,3559835
184_06,Non-native,48,184,490874,3559798
184_07,Non-native,1,184,489453,3561123
184_08,Non-native,2,184,490285,3560897
184_09,Non-native,10,184,489869,3561364
184_12,Non-native,31,184,491723,3562505
185_03,Non-native,2,185,496057,3561438
185_04,Non-native,1,185,496822,3561476
185_05,Non-native,19,185,497729,3561405
